"selection_order","grna_target","response_id"
1,"enh3","ENSG00000167123"
2,"enh10","ENSG00000136938"
3,"enh11","ENSG00000136938"
4,"enh10","ENSG00000197540"
5,"enh7","ENSG00000064607"
6,"enh10","ENSG00000008853"
7,"enh9","ENSG00000099625"
8,"enh9","ENSG00000147669"
9,"enh13","ENSG00000181513"
10,"enh10","ENSG00000172992"
11,"enh14","ENSG00000160447"
12,"enh11","ENSG00000136932"
13,"enh11","ENSG00000166188"
14,"enh5","ENSG00000105053"
15,"enh8","ENSG00000110046"
16,"enh9","ENSG00000213445"
17,"enh14","ENSG00000172232"
18,"enh3","ENSG00000172270"
19,"enh10","ENSG00000140848"
20,"enh12","ENSG00000136448"
21,"enh4","ENSG00000064490"
22,"enh2","ENSG00000175854"
23,"enh2","ENSG00000099864"
24,"enh11","ENSG00000198870"
25,"enh4","ENSG00000165661"
26,"enh7","ENSG00000196550"
27,"enh2","ENSG00000168061"
28,"enh3","ENSG00000148288"
29,"enh3","ENSG00000160345"
30,"enh9","ENSG00000173465"
31,"enh14","ENSG00000122482"
32,"enh9","ENSG00000183831"
33,"enh8","ENSG00000204710"
34,"enh12","ENSG00000079313"
35,"enh4","ENSG00000175294"
36,"enh7","ENSG00000125124"
37,"enh9","ENSG00000070404"
38,"enh8","ENSG00000256771"
39,"enh7","ENSG00000181513"
40,"enh12","ENSG00000138036"
41,"enh10","ENSG00000160318"
42,"enh12","ENSG00000142765"
43,"enh11","ENSG00000167468"
44,"enh6","ENSG00000105669"
45,"enh8","ENSG00000105700"
46,"enh6","ENSG00000087365"
47,"enh7","ENSG00000181781"
48,"enh9","ENSG00000167110"
49,"enh8","ENSG00000167114"
50,"enh4","ENSG00000106976"
51,"enh4","ENSG00000106799"
52,"enh3","ENSG00000138036"
53,"enh14","ENSG00000136842"
54,"enh7","ENSG00000162669"
55,"enh8","ENSG00000105472"
56,"enh13","ENSG00000039650"
57,"enh3","ENSG00000198917"
58,"enh7","ENSG00000204138"
59,"enh10","ENSG00000131097"
60,"enh9","ENSG00000071626"
61,"enh6","ENSG00000117222"
62,"enh11","ENSG00000009780"
63,"enh2","ENSG00000134308"
64,"enh9","ENSG00000174606"
65,"enh5","ENSG00000064547"
66,"enh10","ENSG00000095383"
67,"enh8","ENSG00000148288"
68,"enh7","ENSG00000143493"
69,"enh4","ENSG00000162769"
70,"enh7","ENSG00000108852"
71,"enh12","ENSG00000091947"
72,"enh9","ENSG00000142765"
73,"enh9","ENSG00000171159"
74,"enh6","ENSG00000130772"
75,"enh14","ENSG00000165689"
76,"enh6","ENSG00000107372"
77,"enh11","ENSG00000125144"
78,"enh5","ENSG00000161671"
79,"enh4","ENSG00000115970"
80,"enh6","ENSG00000117748"
81,"enh5","ENSG00000187840"
82,"enh9","ENSG00000159648"
83,"enh12","ENSG00000116017"
84,"enh7","ENSG00000174950"
85,"enh9","ENSG00000152527"
86,"enh10","ENSG00000006015"
87,"enh11","ENSG00000099804"
88,"enh4","ENSG00000228300"
89,"enh8","ENSG00000136874"
90,"enh5","ENSG00000115944"
91,"enh10","ENSG00000099622"
92,"enh1","ENSG00000138767"
93,"enh1","ENSG00000134318"
94,"enh14","ENSG00000005007"
95,"enh7","ENSG00000160447"
96,"enh8","ENSG00000165661"
97,"enh9","ENSG00000064687"
98,"enh13","ENSG00000115750"
99,"enh6","ENSG00000091947"
100,"enh8","ENSG00000160404"
101,"enh10","ENSG00000147439"
102,"enh5","ENSG00000175832"
103,"enh1","ENSG00000099821"
104,"enh12","ENSG00000213023"
105,"enh3","ENSG00000108861"
106,"enh1","ENSG00000160271"
107,"enh14","ENSG00000039650"
108,"enh14","ENSG00000196188"
109,"enh11","ENSG00000130768"
110,"enh1","ENSG00000125630"
111,"enh6","ENSG00000136936"
112,"enh11","ENSG00000115944"
113,"enh11","ENSG00000160408"
114,"enh13","ENSG00000187024"
115,"enh7","ENSG00000174516"
116,"enh10","ENSG00000120896"
117,"enh10","ENSG00000117266"
118,"enh8","ENSG00000125124"
119,"enh3","ENSG00000126705"
120,"enh12","ENSG00000160345"
121,"enh4","ENSG00000173039"
122,"enh9","ENSG00000180340"
123,"enh12","ENSG00000107290"
124,"enh1","ENSG00000171159"
125,"enh2","ENSG00000152518"
126,"enh9","ENSG00000106789"
127,"enh6","ENSG00000158161"
128,"enh5","ENSG00000122484"
129,"enh2","ENSG00000120889"
130,"enh4","ENSG00000119203"
131,"enh5","ENSG00000167487"
132,"enh8","ENSG00000250067"
133,"enh11","ENSG00000039650"
134,"enh12","ENSG00000155380"
135,"enh5","ENSG00000009780"
136,"enh7","ENSG00000104897"
137,"enh7","ENSG00000131094"
138,"enh8","ENSG00000119523"
139,"enh2","ENSG00000068976"
140,"enh3","ENSG00000102931"
141,"enh9","ENSG00000169403"
142,"enh6","ENSG00000106992"
143,"enh14","ENSG00000125637"
144,"enh12","ENSG00000189195"
145,"enh3","ENSG00000136830"
146,"enh7","ENSG00000152061"
147,"enh5","ENSG00000136874"
148,"enh9","ENSG00000068976"
149,"enh1","ENSG00000178093"
150,"enh8","ENSG00000149809"
151,"enh2","ENSG00000134317"
152,"enh9","ENSG00000105701"
153,"enh14","ENSG00000153107"
154,"enh4","ENSG00000117697"
155,"enh12","ENSG00000014138"
156,"enh14","ENSG00000136877"
157,"enh14","ENSG00000134318"
158,"enh13","ENSG00000065268"
159,"enh3","ENSG00000174842"
160,"enh11","ENSG00000196188"
161,"enh14","ENSG00000136643"
162,"enh7","ENSG00000241852"
163,"enh6","ENSG00000120656"
164,"enh2","ENSG00000138772"
165,"enh10","ENSG00000167106"
166,"enh5","ENSG00000152518"
167,"enh3","ENSG00000175467"
168,"enh3","ENSG00000099817"
169,"enh9","ENSG00000165138"
170,"enh8","ENSG00000174547"
171,"enh1","ENSG00000126709"
172,"enh9","ENSG00000136842"
173,"enh1","ENSG00000159461"
174,"enh5","ENSG00000149798"
175,"enh9","ENSG00000131097"
176,"enh1","ENSG00000196422"
177,"enh12","ENSG00000133884"
178,"enh6","ENSG00000149809"
179,"enh12","ENSG00000005194"
180,"enh2","ENSG00000162300"
181,"enh9","ENSG00000102996"
182,"enh8","ENSG00000126391"
183,"enh8","ENSG00000174996"
184,"enh9","ENSG00000175707"
185,"enh8","ENSG00000069482"
186,"enh11","ENSG00000172081"
187,"enh5","ENSG00000070404"
188,"enh6","ENSG00000162669"
189,"enh12","ENSG00000138767"
190,"enh7","ENSG00000161714"
191,"enh8","ENSG00000141933"
192,"enh13","ENSG00000196312"
193,"enh9","ENSG00000146670"
194,"enh11","ENSG00000161671"
195,"enh10","ENSG00000127540"
196,"enh4","ENSG00000009780"
197,"enh3","ENSG00000147669"
198,"enh8","ENSG00000066027"
199,"enh4","ENSG00000167470"
200,"enh13","ENSG00000130560"
201,"enh1","ENSG00000066027"
202,"enh5","ENSG00000064490"
203,"enh14","ENSG00000133065"
204,"enh5","ENSG00000105556"
205,"enh11","ENSG00000160447"
206,"enh14","ENSG00000138036"
207,"enh7","ENSG00000147454"
208,"enh13","ENSG00000175115"
209,"enh8","ENSG00000125482"
210,"enh1","ENSG00000064932"
211,"enh11","ENSG00000159461"
212,"enh1","ENSG00000175376"
213,"enh12","ENSG00000004939"
214,"enh9","ENSG00000185761"
215,"enh7","ENSG00000171219"
216,"enh1","ENSG00000162298"
217,"enh12","ENSG00000174996"
218,"enh8","ENSG00000167110"
219,"enh7","ENSG00000071655"
220,"enh14","ENSG00000115750"
221,"enh7","ENSG00000172775"
222,"enh2","ENSG00000129968"
223,"enh4","ENSG00000134330"
224,"enh9","ENSG00000100316"
225,"enh6","ENSG00000087263"
226,"enh1","ENSG00000148334"
227,"enh8","ENSG00000117748"
228,"enh2","ENSG00000180198"
229,"enh7","ENSG00000130513"
230,"enh7","ENSG00000104679"
231,"enh6","ENSG00000119125"
232,"enh14","ENSG00000181773"
233,"enh6","ENSG00000136682"
234,"enh14","ENSG00000165702"
235,"enh12","ENSG00000117751"
236,"enh8","ENSG00000184988"
237,"enh14","ENSG00000148356"
238,"enh11","ENSG00000087365"
239,"enh1","ENSG00000117593"
240,"enh5","ENSG00000099622"
241,"enh3","ENSG00000173465"
242,"enh10","ENSG00000198917"
243,"enh5","ENSG00000198492"
244,"enh4","ENSG00000105726"
245,"enh5","ENSG00000123684"
246,"enh11","ENSG00000172732"
247,"enh11","ENSG00000099817"
248,"enh10","ENSG00000119514"
249,"enh13","ENSG00000116017"
250,"enh1","ENSG00000117625"
251,"enh7","ENSG00000180098"
252,"enh4","ENSG00000102900"
253,"enh5","ENSG00000103021"
254,"enh14","ENSG00000147457"
255,"enh6","ENSG00000168067"
256,"enh2","ENSG00000064787"
257,"enh12","ENSG00000129933"
258,"enh6","ENSG00000196188"
259,"enh13","ENSG00000153208"
260,"enh10","ENSG00000160360"
261,"enh12","ENSG00000119335"
262,"enh11","ENSG00000172977"
263,"enh10","ENSG00000160563"
264,"enh1","ENSG00000090273"
265,"enh4","ENSG00000099817"
266,"enh11","ENSG00000136828"
267,"enh14","ENSG00000130005"
268,"enh13","ENSG00000197540"
269,"enh14","ENSG00000162772"
270,"enh14","ENSG00000067596"
271,"enh10","ENSG00000149798"
272,"enh5","ENSG00000175573"
273,"enh1","ENSG00000105671"
274,"enh10","ENSG00000071564"
275,"enh11","ENSG00000175906"
276,"enh8","ENSG00000184162"
277,"enh7","ENSG00000122484"
278,"enh4","ENSG00000136877"
279,"enh7","ENSG00000198786"
280,"enh11","ENSG00000162769"
281,"enh8","ENSG00000123685"
282,"enh5","ENSG00000172500"
283,"enh8","ENSG00000175832"
284,"enh5","ENSG00000117748"
285,"enh12","ENSG00000185761"
286,"enh9","ENSG00000162873"
287,"enh9","ENSG00000148411"
288,"enh6","ENSG00000099864"
289,"enh14","ENSG00000254986"
290,"enh13","ENSG00000254470"
291,"enh14","ENSG00000167491"
292,"enh12","ENSG00000142528"
293,"enh13","ENSG00000125611"
294,"enh9","ENSG00000117625"
295,"enh7","ENSG00000185761"
296,"enh13","ENSG00000175334"
297,"enh9","ENSG00000069702"
298,"enh4","ENSG00000130772"
299,"enh11","ENSG00000223802"
300,"enh4","ENSG00000117601"
301,"enh9","ENSG00000131398"
302,"enh4","ENSG00000148337"
303,"enh3","ENSG00000172732"
304,"enh10","ENSG00000105374"
305,"enh11","ENSG00000065600"
306,"enh6","ENSG00000102996"
307,"enh9","ENSG00000221983"
308,"enh7","ENSG00000182087"
309,"enh7","ENSG00000175221"
310,"enh12","ENSG00000117222"
311,"enh8","ENSG00000131097"
312,"enh11","ENSG00000105701"
313,"enh5","ENSG00000107021"
314,"enh1","ENSG00000143924"
315,"enh2","ENSG00000136895"
316,"enh11","ENSG00000148356"
317,"enh9","ENSG00000168066"
318,"enh10","ENSG00000175592"
319,"enh9","ENSG00000175294"
320,"enh4","ENSG00000186501"
321,"enh3","ENSG00000105379"
322,"enh12","ENSG00000135870"
323,"enh3","ENSG00000142528"
324,"enh2","ENSG00000254470"
325,"enh3","ENSG00000227500"
326,"enh14","ENSG00000057935"
327,"enh13","ENSG00000172081"
328,"enh2","ENSG00000148290"
329,"enh7","ENSG00000100316"
330,"enh6","ENSG00000160345"
331,"enh14","ENSG00000152527"
332,"enh3","ENSG00000105662"
333,"enh13","ENSG00000180448"
334,"enh11","ENSG00000070423"
335,"enh5","ENSG00000148288"
336,"enh5","ENSG00000130005"
337,"enh10","ENSG00000079313"
338,"enh13","ENSG00000188554"
339,"enh5","ENSG00000162873"
340,"enh12","ENSG00000105556"
341,"enh14","ENSG00000136943"
342,"enh10","ENSG00000110046"
343,"enh13","ENSG00000175550"
344,"enh3","ENSG00000104973"
345,"enh14","ENSG00000163297"
346,"enh5","ENSG00000115091"
347,"enh13","ENSG00000147439"
348,"enh14","ENSG00000159461"
349,"enh13","ENSG00000204710"
350,"enh11","ENSG00000136811"
351,"enh6","ENSG00000148291"
352,"enh13","ENSG00000118046"
353,"enh5","ENSG00000162976"
354,"enh5","ENSG00000127540"
355,"enh5","ENSG00000175115"
356,"enh4","ENSG00000117593"
357,"enh10","ENSG00000180448"
358,"enh8","ENSG00000117691"
359,"enh3","ENSG00000012048"
360,"enh2","ENSG00000167005"
361,"enh4","ENSG00000125485"
362,"enh11","ENSG00000133895"
363,"enh1","ENSG00000125319"
364,"enh13","ENSG00000064607"
365,"enh8","ENSG00000117593"
366,"enh6","ENSG00000079313"
367,"enh8","ENSG00000165702"
368,"enh8","ENSG00000174529"
369,"enh6","ENSG00000160161"
370,"enh1","ENSG00000253368"
371,"enh5","ENSG00000187024"
372,"enh1","ENSG00000087365"
373,"enh3","ENSG00000160293"
374,"enh2","ENSG00000104973"
375,"enh13","ENSG00000123685"
376,"enh8","ENSG00000213221"
377,"enh1","ENSG00000141349"
378,"enh5","ENSG00000161647"
379,"enh12","ENSG00000136877"
380,"enh12","ENSG00000069275"
381,"enh3","ENSG00000130768"
382,"enh13","ENSG00000253368"
383,"enh5","ENSG00000117592"
384,"enh7","ENSG00000135870"
385,"enh11","ENSG00000167118"
386,"enh9","ENSG00000119559"
387,"enh9","ENSG00000057935"
388,"enh9","ENSG00000105053"
389,"enh7","ENSG00000070404"
390,"enh13","ENSG00000065600"
391,"enh5","ENSG00000116014"
392,"enh13","ENSG00000105726"
393,"enh8","ENSG00000119333"
394,"enh2","ENSG00000136936"
395,"enh10","ENSG00000158711"
396,"enh14","ENSG00000105669"
397,"enh10","ENSG00000102978"
398,"enh12","ENSG00000125319"
399,"enh7","ENSG00000102934"
400,"enh2","ENSG00000175906"
401,"enh2","ENSG00000172977"
402,"enh2","ENSG00000169136"
403,"enh9","ENSG00000144161"
404,"enh7","ENSG00000175376"
405,"enh4","ENSG00000148288"
406,"enh14","ENSG00000172757"
407,"enh10","ENSG00000186566"
408,"enh7","ENSG00000116017"
409,"enh11","ENSG00000197816"
410,"enh11","ENSG00000105374"
411,"enh11","ENSG00000105472"
412,"enh8","ENSG00000162419"
413,"enh6","ENSG00000099625"
414,"enh9","ENSG00000136895"
415,"enh10","ENSG00000067596"
416,"enh6","ENSG00000014216"
417,"enh4","ENSG00000090273"
418,"enh4","ENSG00000213988"
419,"enh2","ENSG00000175592"
420,"enh11","ENSG00000133065"
421,"enh9","ENSG00000184988"
422,"enh3","ENSG00000186566"
423,"enh13","ENSG00000167118"
424,"enh9","ENSG00000196683"
425,"enh4","ENSG00000105701"
426,"enh1","ENSG00000165684"
427,"enh11","ENSG00000099624"
428,"enh3","ENSG00000130005"
429,"enh8","ENSG00000143882"
430,"enh12","ENSG00000169136"
431,"enh10","ENSG00000175906"
432,"enh5","ENSG00000106803"
433,"enh1","ENSG00000142765"
434,"enh4","ENSG00000213445"
435,"enh14","ENSG00000131094"
436,"enh3","ENSG00000134308"
437,"enh10","ENSG00000100316"
438,"enh4","ENSG00000064932"
439,"enh9","ENSG00000197958"
440,"enh2","ENSG00000144130"
441,"enh13","ENSG00000148334"
442,"enh7","ENSG00000103021"
443,"enh6","ENSG00000160445"
444,"enh11","ENSG00000161677"
445,"enh10","ENSG00000173327"
446,"enh8","ENSG00000188554"
447,"enh6","ENSG00000108849"
448,"enh5","ENSG00000160293"
449,"enh12","ENSG00000168062"
450,"enh7","ENSG00000148297"
451,"enh12","ENSG00000235034"
452,"enh13","ENSG00000095383"
453,"enh13","ENSG00000106785"
454,"enh13","ENSG00000148300"
455,"enh4","ENSG00000159461"
456,"enh5","ENSG00000010361"
457,"enh2","ENSG00000182087"
458,"enh2","ENSG00000149792"
459,"enh10","ENSG00000104946"
460,"enh4","ENSG00000213465"
461,"enh8","ENSG00000143493"
462,"enh5","ENSG00000168066"
463,"enh12","ENSG00000131408"
464,"enh13","ENSG00000134318"
465,"enh2","ENSG00000196152"
466,"enh14","ENSG00000165138"
467,"enh9","ENSG00000168591"
468,"enh8","ENSG00000162298"
469,"enh7","ENSG00000131409"
470,"enh12","ENSG00000167005"
471,"enh1","ENSG00000153107"
472,"enh5","ENSG00000008853"
473,"enh4","ENSG00000172977"
474,"enh3","ENSG00000152518"
475,"enh8","ENSG00000167468"
476,"enh3","ENSG00000163297"
477,"enh12","ENSG00000172232"
478,"enh3","ENSG00000167487"
479,"enh7","ENSG00000069275"
480,"enh3","ENSG00000136643"
481,"enh13","ENSG00000010361"
482,"enh6","ENSG00000198840"
483,"enh5","ENSG00000057935"
484,"enh5","ENSG00000196152"
485,"enh4","ENSG00000185198"
486,"enh5","ENSG00000105662"
487,"enh9","ENSG00000105669"
488,"enh1","ENSG00000148303"
489,"enh5","ENSG00000175707"
490,"enh4","ENSG00000148303"
491,"enh4","ENSG00000136811"
492,"enh3","ENSG00000186806"
493,"enh2","ENSG00000204138"
494,"enh7","ENSG00000117625"
495,"enh14","ENSG00000175707"
496,"enh1","ENSG00000168066"
497,"enh14","ENSG00000160563"
498,"enh12","ENSG00000196152"
499,"enh5","ENSG00000120334"
500,"enh8","ENSG00000171848"
501,"enh6","ENSG00000169288"
502,"enh11","ENSG00000148411"
503,"enh5","ENSG00000169288"
504,"enh5","ENSG00000129911"
505,"enh9","ENSG00000012048"
506,"enh6","ENSG00000241852"
507,"enh14","ENSG00000068831"
508,"enh10","ENSG00000198786"
509,"enh14","ENSG00000256771"
510,"enh2","ENSG00000174276"
511,"enh11","ENSG00000149809"
512,"enh3","ENSG00000168591"
513,"enh12","ENSG00000175294"
514,"enh5","ENSG00000197766"
515,"enh4","ENSG00000172232"
516,"enh11","ENSG00000170385"
517,"enh11","ENSG00000172270"
518,"enh10","ENSG00000122484"
519,"enh6","ENSG00000141934"
520,"enh4","ENSG00000198492"
521,"enh4","ENSG00000136874"
522,"enh12","ENSG00000070423"
523,"enh1","ENSG00000136937"
524,"enh6","ENSG00000174996"
525,"enh2","ENSG00000173442"
526,"enh7","ENSG00000196312"
527,"enh9","ENSG00000126709"
528,"enh11","ENSG00000117650"
529,"enh13","ENSG00000148303"
530,"enh7","ENSG00000005961"
531,"enh10","ENSG00000129946"
532,"enh5","ENSG00000196312"
533,"enh3","ENSG00000136936"
534,"enh8","ENSG00000169607"
535,"enh12","ENSG00000108861"
536,"enh7","ENSG00000172270"
537,"enh3","ENSG00000166188"
538,"enh2","ENSG00000108312"
539,"enh11","ENSG00000158711"
540,"enh2","ENSG00000181035"
541,"enh14","ENSG00000174871"
542,"enh14","ENSG00000100316"
543,"enh2","ENSG00000213465"
544,"enh10","ENSG00000066027"
545,"enh5","ENSG00000064787"
546,"enh3","ENSG00000131398"
547,"enh1","ENSG00000172081"
548,"enh10","ENSG00000172500"
549,"enh5","ENSG00000136854"
550,"enh9","ENSG00000108861"
551,"enh12","ENSG00000175550"
552,"enh3","ENSG00000099840"
553,"enh13","ENSG00000158161"
554,"enh9","ENSG00000175467"
555,"enh11","ENSG00000108852"
556,"enh8","ENSG00000105556"
557,"enh11","ENSG00000119333"
558,"enh3","ENSG00000167106"
559,"enh4","ENSG00000106803"
560,"enh5","ENSG00000170385"
561,"enh12","ENSG00000144134"
562,"enh8","ENSG00000165699"
563,"enh10","ENSG00000173465"
564,"enh14","ENSG00000131097"
565,"enh4","ENSG00000238227"
566,"enh2","ENSG00000142186"
567,"enh1","ENSG00000068831"
568,"enh3","ENSG00000105053"
569,"enh13","ENSG00000126705"
570,"enh10","ENSG00000106976"
571,"enh11","ENSG00000162300"
572,"enh6","ENSG00000005961"
573,"enh6","ENSG00000099821"
574,"enh8","ENSG00000172732"
575,"enh12","ENSG00000127540"
576,"enh7","ENSG00000160445"
577,"enh11","ENSG00000117691"
578,"enh2","ENSG00000142530"
579,"enh3","ENSG00000010361"
580,"enh12","ENSG00000187024"
581,"enh12","ENSG00000125148"
582,"enh7","ENSG00000160271"
583,"enh10","ENSG00000148296"
584,"enh7","ENSG00000125637"
585,"enh13","ENSG00000125144"
586,"enh4","ENSG00000105374"
587,"enh9","ENSG00000148300"
588,"enh3","ENSG00000130270"
589,"enh9","ENSG00000149809"
590,"enh3","ENSG00000087365"
591,"enh12","ENSG00000148291"
592,"enh13","ENSG00000062822"
593,"enh13","ENSG00000158715"
594,"enh10","ENSG00000148334"
595,"enh12","ENSG00000068831"
596,"enh14","ENSG00000148288"
597,"enh5","ENSG00000110046"
598,"enh8","ENSG00000147439"
599,"enh3","ENSG00000120913"
600,"enh1","ENSG00000172270"
601,"enh1","ENSG00000187193"
602,"enh2","ENSG00000065268"
603,"enh12","ENSG00000172500"
604,"enh12","ENSG00000123684"
605,"enh14","ENSG00000103021"
606,"enh8","ENSG00000180198"
607,"enh6","ENSG00000196116"
608,"enh11","ENSG00000147439"
609,"enh8","ENSG00000197136"
610,"enh2","ENSG00000069702"
611,"enh8","ENSG00000125637"
612,"enh6","ENSG00000158941"
613,"enh1","ENSG00000115944"
614,"enh9","ENSG00000104960"
615,"enh9","ENSG00000140859"
616,"enh12","ENSG00000158711"
617,"enh6","ENSG00000105655"
618,"enh7","ENSG00000175550"
619,"enh9","ENSG00000014138"
620,"enh7","ENSG00000057935"
621,"enh13","ENSG00000167114"
622,"enh6","ENSG00000161677"
623,"enh9","ENSG00000175573"
624,"enh3","ENSG00000114999"
625,"enh14","ENSG00000183831"
626,"enh4","ENSG00000148290"
627,"enh11","ENSG00000125637"
628,"enh3","ENSG00000105676"
629,"enh2","ENSG00000136932"
630,"enh11","ENSG00000177125"
631,"enh11","ENSG00000105696"
632,"enh7","ENSG00000115756"
633,"enh4","ENSG00000099821"
634,"enh10","ENSG00000104885"
635,"enh3","ENSG00000223802"
636,"enh7","ENSG00000167123"
637,"enh14","ENSG00000250067"
638,"enh7","ENSG00000106785"
639,"enh12","ENSG00000175906"
640,"enh2","ENSG00000178093"
641,"enh11","ENSG00000213023"
642,"enh13","ENSG00000069702"
643,"enh13","ENSG00000172775"
644,"enh7","ENSG00000172500"
645,"enh10","ENSG00000148411"
646,"enh10","ENSG00000133275"
647,"enh14","ENSG00000105656"
648,"enh14","ENSG00000165699"
649,"enh4","ENSG00000162873"
650,"enh2","ENSG00000186185"
651,"enh4","ENSG00000171159"
652,"enh5","ENSG00000174547"
653,"enh4","ENSG00000160326"
654,"enh4","ENSG00000130559"
655,"enh3","ENSG00000174903"
656,"enh8","ENSG00000130513"
657,"enh11","ENSG00000173327"
658,"enh5","ENSG00000158711"
659,"enh5","ENSG00000175906"
660,"enh12","ENSG00000110046"
661,"enh5","ENSG00000068831"
662,"enh13","ENSG00000120896"
663,"enh11","ENSG00000159579"
664,"enh11","ENSG00000126391"
665,"enh1","ENSG00000172922"
666,"enh7","ENSG00000102931"
667,"enh11","ENSG00000117697"
668,"enh7","ENSG00000167114"
669,"enh14","ENSG00000125484"
670,"enh5","ENSG00000138767"
671,"enh3","ENSG00000117266"
672,"enh14","ENSG00000158941"
673,"enh11","ENSG00000181035"
674,"enh6","ENSG00000262874"
675,"enh9","ENSG00000197217"
676,"enh8","ENSG00000172059"
677,"enh13","ENSG00000125319"
678,"enh10","ENSG00000138767"
679,"enh10","ENSG00000152527"
680,"enh1","ENSG00000168067"
681,"enh9","ENSG00000198786"
682,"enh2","ENSG00000104946"
683,"enh10","ENSG00000163291"
684,"enh11","ENSG00000014138"
685,"enh9","ENSG00000177125"
686,"enh13","ENSG00000119203"
687,"enh3","ENSG00000175854"
688,"enh7","ENSG00000136938"
689,"enh7","ENSG00000099624"
690,"enh6","ENSG00000160953"
691,"enh6","ENSG00000160326"
692,"enh10","ENSG00000057935"
693,"enh13","ENSG00000186010"
694,"enh1","ENSG00000130513"
695,"enh4","ENSG00000175854"
696,"enh3","ENSG00000115286"
697,"enh13","ENSG00000110046"
698,"enh3","ENSG00000184988"
699,"enh1","ENSG00000228300"
700,"enh14","ENSG00000184988"
701,"enh13","ENSG00000143476"
702,"enh9","ENSG00000129968"
703,"enh6","ENSG00000174950"
704,"enh14","ENSG00000004939"
705,"enh11","ENSG00000012048"
706,"enh10","ENSG00000160326"
707,"enh3","ENSG00000175602"
708,"enh2","ENSG00000107021"
709,"enh10","ENSG00000014216"
710,"enh14","ENSG00000123684"
711,"enh11","ENSG00000196550"
712,"enh9","ENSG00000167113"
713,"enh11","ENSG00000153208"
714,"enh14","ENSG00000167005"
715,"enh4","ENSG00000136856"
716,"enh11","ENSG00000099875"
717,"enh11","ENSG00000079313"
718,"enh1","ENSG00000079313"
719,"enh12","ENSG00000142751"
720,"enh8","ENSG00000095380"
721,"enh14","ENSG00000168067"
722,"enh8","ENSG00000135736"
723,"enh2","ENSG00000186806"
724,"enh8","ENSG00000106992"
725,"enh13","ENSG00000133884"
726,"enh2","ENSG00000005194"
727,"enh9","ENSG00000161647"
728,"enh2","ENSG00000110046"
729,"enh5","ENSG00000133069"
730,"enh6","ENSG00000176890"
731,"enh5","ENSG00000107290"
732,"enh13","ENSG00000223802"
733,"enh2","ENSG00000184988"
734,"enh10","ENSG00000070404"
735,"enh12","ENSG00000030582"
736,"enh13","ENSG00000177125"
737,"enh7","ENSG00000175832"
738,"enh9","ENSG00000160563"
739,"enh14","ENSG00000172922"
740,"enh1","ENSG00000167005"
741,"enh2","ENSG00000198746"
742,"enh13","ENSG00000117266"
743,"enh2","ENSG00000106803"
744,"enh9","ENSG00000174744"
745,"enh9","ENSG00000120896"
746,"enh9","ENSG00000126698"
747,"enh10","ENSG00000062822"
748,"enh13","ENSG00000204291"
749,"enh2","ENSG00000125170"
750,"enh8","ENSG00000065000"
751,"enh6","ENSG00000153208"
752,"enh10","ENSG00000213465"
753,"enh14","ENSG00000140854"
754,"enh11","ENSG00000173465"
755,"enh11","ENSG00000171219"
756,"enh2","ENSG00000005961"
757,"enh10","ENSG00000125319"
758,"enh10","ENSG00000064547"
759,"enh9","ENSG00000167136"
760,"enh7","ENSG00000142784"
761,"enh14","ENSG00000149806"
762,"enh7","ENSG00000065268"
763,"enh10","ENSG00000134308"
764,"enh3","ENSG00000117625"
765,"enh10","ENSG00000250067"
766,"enh10","ENSG00000197816"
767,"enh11","ENSG00000197958"
768,"enh2","ENSG00000162769"
769,"enh10","ENSG00000097046"
770,"enh8","ENSG00000158711"
771,"enh2","ENSG00000067596"
772,"enh9","ENSG00000186010"
773,"enh3","ENSG00000160563"
774,"enh14","ENSG00000102934"
775,"enh4","ENSG00000160408"
776,"enh6","ENSG00000142765"
777,"enh13","ENSG00000175832"
778,"enh4","ENSG00000105671"
779,"enh11","ENSG00000136682"
780,"enh3","ENSG00000125630"
781,"enh14","ENSG00000136937"
782,"enh4","ENSG00000175221"
783,"enh4","ENSG00000064687"
784,"enh2","ENSG00000030582"
785,"enh1","ENSG00000197217"
786,"enh3","ENSG00000115257"
787,"enh11","ENSG00000102931"
788,"enh4","ENSG00000197217"
789,"enh4","ENSG00000115761"
790,"enh14","ENSG00000009780"
791,"enh8","ENSG00000174516"
792,"enh3","ENSG00000115084"
793,"enh2","ENSG00000087263"
794,"enh5","ENSG00000180340"
795,"enh6","ENSG00000008853"
796,"enh10","ENSG00000136840"
797,"enh3","ENSG00000119333"
798,"enh1","ENSG00000136842"
799,"enh3","ENSG00000122140"
800,"enh8","ENSG00000104131"
801,"enh5","ENSG00000136448"
802,"enh12","ENSG00000177125"
803,"enh11","ENSG00000106799"
804,"enh14","ENSG00000108840"
805,"enh1","ENSG00000161647"
806,"enh10","ENSG00000135821"
807,"enh7","ENSG00000162769"
808,"enh12","ENSG00000149823"
809,"enh5","ENSG00000104885"
810,"enh12","ENSG00000136937"
811,"enh12","ENSG00000105708"
812,"enh9","ENSG00000136840"
813,"enh7","ENSG00000173327"
814,"enh13","ENSG00000125618"
815,"enh9","ENSG00000107372"
816,"enh14","ENSG00000064787"
817,"enh3","ENSG00000198870"
818,"enh2","ENSG00000117691"
819,"enh9","ENSG00000174851"
820,"enh14","ENSG00000070770"
821,"enh5","ENSG00000213024"
822,"enh13","ENSG00000070761"
823,"enh4","ENSG00000147439"
824,"enh4","ENSG00000130270"
825,"enh6","ENSG00000099866"
826,"enh2","ENSG00000172757"
827,"enh14","ENSG00000204138"
828,"enh10","ENSG00000130768"
829,"enh11","ENSG00000130559"
830,"enh4","ENSG00000142751"
831,"enh11","ENSG00000175592"
832,"enh6","ENSG00000147457"
833,"enh10","ENSG00000120913"
834,"enh1","ENSG00000160404"
835,"enh13","ENSG00000167748"
836,"enh6","ENSG00000148334"
837,"enh5","ENSG00000102996"
838,"enh7","ENSG00000213465"
839,"enh1","ENSG00000127540"
840,"enh2","ENSG00000165699"
841,"enh5","ENSG00000106991"
842,"enh10","ENSG00000122140"
843,"enh14","ENSG00000161682"
844,"enh10","ENSG00000070388"
845,"enh11","ENSG00000105379"
846,"enh13","ENSG00000115761"
847,"enh7","ENSG00000126709"
848,"enh4","ENSG00000117266"
849,"enh6","ENSG00000105374"
850,"enh1","ENSG00000174547"
851,"enh11","ENSG00000142765"
852,"enh11","ENSG00000130005"
853,"enh5","ENSG00000167491"
854,"enh4","ENSG00000149806"
855,"enh12","ENSG00000161682"
856,"enh4","ENSG00000006016"
857,"enh1","ENSG00000241852"
858,"enh4","ENSG00000165684"
859,"enh6","ENSG00000105383"
860,"enh11","ENSG00000136830"
861,"enh14","ENSG00000110047"
862,"enh3","ENSG00000169136"
863,"enh12","ENSG00000117280"
864,"enh4","ENSG00000120896"
865,"enh9","ENSG00000162976"
866,"enh12","ENSG00000089639"
867,"enh5","ENSG00000064666"
868,"enh4","ENSG00000133243"
869,"enh12","ENSG00000160293"
870,"enh3","ENSG00000160953"
871,"enh1","ENSG00000136643"
872,"enh1","ENSG00000183831"
873,"enh12","ENSG00000115286"
874,"enh7","ENSG00000105383"
875,"enh8","ENSG00000182087"
876,"enh2","ENSG00000051108"
877,"enh5","ENSG00000169136"
878,"enh3","ENSG00000197540"
879,"enh9","ENSG00000262874"
880,"enh1","ENSG00000175550"
881,"enh7","ENSG00000162878"
882,"enh14","ENSG00000117625"
883,"enh10","ENSG00000185761"
884,"enh13","ENSG00000099624"
885,"enh11","ENSG00000183831"
886,"enh14","ENSG00000175115"
887,"enh11","ENSG00000158161"
888,"enh5","ENSG00000148291"
889,"enh7","ENSG00000160408"
890,"enh5","ENSG00000148303"
891,"enh14","ENSG00000090020"
892,"enh13","ENSG00000186185"
893,"enh4","ENSG00000118046"
894,"enh13","ENSG00000099817"
895,"enh6","ENSG00000142784"
896,"enh14","ENSG00000161671"
897,"enh6","ENSG00000104960"
898,"enh10","ENSG00000168066"
899,"enh10","ENSG00000105671"
900,"enh11","ENSG00000160325"
901,"enh3","ENSG00000172500"
902,"enh6","ENSG00000101132"
903,"enh8","ENSG00000131398"
904,"enh11","ENSG00000120656"
905,"enh13","ENSG00000167123"
906,"enh1","ENSG00000262874"
907,"enh5","ENSG00000198840"
908,"enh10","ENSG00000158161"
909,"enh6","ENSG00000181781"
910,"enh1","ENSG00000115750"
911,"enh13","ENSG00000107021"
912,"enh10","ENSG00000071626"
913,"enh6","ENSG00000167468"
914,"enh13","ENSG00000167110"
915,"enh13","ENSG00000057935"
916,"enh9","ENSG00000172270"
917,"enh2","ENSG00000012048"
918,"enh10","ENSG00000197766"
919,"enh7","ENSG00000108861"
920,"enh6","ENSG00000142751"
921,"enh8","ENSG00000070388"
922,"enh6","ENSG00000133065"
923,"enh14","ENSG00000070404"
924,"enh13","ENSG00000117697"
925,"enh1","ENSG00000149806"
926,"enh10","ENSG00000162419"
927,"enh3","ENSG00000008853"
928,"enh5","ENSG00000103005"
929,"enh9","ENSG00000187193"
930,"enh1","ENSG00000008853"
931,"enh5","ENSG00000135046"
932,"enh2","ENSG00000119333"
933,"enh6","ENSG00000129933"
934,"enh6","ENSG00000197816"
935,"enh4","ENSG00000110046"
936,"enh5","ENSG00000088682"
937,"enh12","ENSG00000198840"
938,"enh1","ENSG00000165689"
939,"enh1","ENSG00000136938"
940,"enh10","ENSG00000143493"
941,"enh5","ENSG00000180448"
942,"enh4","ENSG00000143870"
943,"enh3","ENSG00000174851"
944,"enh14","ENSG00000104886"
945,"enh3","ENSG00000253368"
946,"enh2","ENSG00000100316"
947,"enh9","ENSG00000070388"
948,"enh10","ENSG00000131408"
949,"enh9","ENSG00000171219"
950,"enh5","ENSG00000235034"
951,"enh7","ENSG00000169136"
952,"enh8","ENSG00000174684"
953,"enh9","ENSG00000155380"
954,"enh1","ENSG00000099804"
955,"enh6","ENSG00000159579"
956,"enh2","ENSG00000129911"
957,"enh8","ENSG00000174744"
958,"enh13","ENSG00000162298"
959,"enh10","ENSG00000184988"
960,"enh11","ENSG00000204138"
961,"enh7","ENSG00000068831"
962,"enh12","ENSG00000120334"
963,"enh7","ENSG00000169288"
964,"enh14","ENSG00000204291"
965,"enh3","ENSG00000167112"
966,"enh8","ENSG00000198746"
967,"enh5","ENSG00000136842"
968,"enh7","ENSG00000162976"
969,"enh12","ENSG00000169403"
970,"enh8","ENSG00000065600"
971,"enh3","ENSG00000160445"
972,"enh11","ENSG00000148337"
973,"enh10","ENSG00000125637"
974,"enh13","ENSG00000135870"
975,"enh1","ENSG00000108309"
976,"enh10","ENSG00000148303"
977,"enh2","ENSG00000136807"
978,"enh13","ENSG00000146670"
979,"enh8","ENSG00000070761"
980,"enh5","ENSG00000162419"
981,"enh3","ENSG00000174669"
982,"enh14","ENSG00000130770"
983,"enh12","ENSG00000159461"
984,"enh1","ENSG00000196312"
985,"enh3","ENSG00000051128"
986,"enh7","ENSG00000138036"
987,"enh3","ENSG00000097046"
988,"enh6","ENSG00000076321"
989,"enh1","ENSG00000068971"
990,"enh3","ENSG00000122026"
991,"enh4","ENSG00000183831"
992,"enh2","ENSG00000065600"
993,"enh7","ENSG00000107290"
994,"enh2","ENSG00000099840"
995,"enh1","ENSG00000104886"
996,"enh8","ENSG00000108852"
997,"enh6","ENSG00000099622"
998,"enh5","ENSG00000175467"
999,"enh11","ENSG00000115084"
1000,"enh9","ENSG00000108852"
1001,"enh5","ENSG00000187193"
1002,"enh12","ENSG00000175115"
1003,"enh3","ENSG00000143882"
1004,"enh5","ENSG00000130560"
1005,"enh2","ENSG00000204710"
1006,"enh8","ENSG00000161647"
1007,"enh12","ENSG00000175573"
1008,"enh8","ENSG00000158161"
1009,"enh4","ENSG00000174547"
1010,"enh14","ENSG00000097046"
1011,"enh4","ENSG00000105700"
1012,"enh13","ENSG00000235034"
1013,"enh4","ENSG00000125484"
1014,"enh1","ENSG00000136943"
1015,"enh13","ENSG00000106991"
1016,"enh11","ENSG00000108861"
1017,"enh11","ENSG00000130772"
1018,"enh5","ENSG00000168591"
1019,"enh11","ENSG00000133243"
1020,"enh4","ENSG00000119335"
1021,"enh6","ENSG00000133275"
1022,"enh5","ENSG00000174276"
1023,"enh10","ENSG00000172922"
1024,"enh2","ENSG00000158195"
1025,"enh3","ENSG00000125148"
1026,"enh12","ENSG00000165689"
1027,"enh7","ENSG00000175906"
1028,"enh5","ENSG00000204138"
1029,"enh4","ENSG00000173442"
1030,"enh14","ENSG00000185198"
1031,"enh11","ENSG00000204291"
1032,"enh7","ENSG00000167103"
1033,"enh14","ENSG00000158711"
1034,"enh1","ENSG00000119185"
1035,"enh12","ENSG00000115750"
1036,"enh4","ENSG00000161714"
1037,"enh7","ENSG00000106976"
1038,"enh6","ENSG00000070761"
1039,"enh10","ENSG00000221983"
1040,"enh2","ENSG00000136643"
1041,"enh2","ENSG00000136929"
1042,"enh9","ENSG00000149806"
1043,"enh8","ENSG00000090273"
1044,"enh2","ENSG00000101132"
1045,"enh2","ENSG00000197136"
1046,"enh8","ENSG00000064687"
1047,"enh4","ENSG00000099804"
1048,"enh9","ENSG00000064545"
1049,"enh8","ENSG00000130560"
1050,"enh12","ENSG00000160563"
1051,"enh5","ENSG00000102900"
1052,"enh6","ENSG00000213023"
1053,"enh3","ENSG00000144134"
1054,"enh3","ENSG00000213445"
1055,"enh2","ENSG00000117266"
1056,"enh3","ENSG00000135046"
1057,"enh8","ENSG00000102934"
1058,"enh2","ENSG00000148339"
1059,"enh9","ENSG00000099624"
1060,"enh8","ENSG00000130559"
1061,"enh2","ENSG00000106976"
1062,"enh5","ENSG00000142544"
1063,"enh4","ENSG00000196683"
1064,"enh5","ENSG00000162878"
1065,"enh3","ENSG00000070770"
1066,"enh10","ENSG00000064787"
1067,"enh3","ENSG00000175294"
1068,"enh14","ENSG00000115268"
1069,"enh5","ENSG00000168067"
1070,"enh11","ENSG00000102934"
1071,"enh2","ENSG00000177125"
1072,"enh8","ENSG00000130775"
1073,"enh1","ENSG00000174529"
1074,"enh1","ENSG00000198917"
1075,"enh3","ENSG00000148291"
1076,"enh7","ENSG00000173465"
1077,"enh9","ENSG00000188554"
1078,"enh6","ENSG00000115091"
1079,"enh12","ENSG00000213445"
1080,"enh13","ENSG00000162976"
1081,"enh7","ENSG00000162419"
1082,"enh1","ENSG00000122140"
1083,"enh13","ENSG00000167113"
1084,"enh8","ENSG00000097046"
1085,"enh8","ENSG00000136938"
1086,"enh5","ENSG00000213221"
1087,"enh3","ENSG00000156269"
1088,"enh10","ENSG00000160345"
1089,"enh11","ENSG00000133275"
1090,"enh14","ENSG00000129911"
1091,"enh5","ENSG00000148300"
1092,"enh6","ENSG00000167106"
1093,"enh12","ENSG00000167118"
1094,"enh12","ENSG00000183831"
1095,"enh4","ENSG00000241852"
1096,"enh14","ENSG00000133895"
1097,"enh9","ENSG00000064607"
1098,"enh1","ENSG00000187840"
1099,"enh13","ENSG00000162241"
1100,"enh13","ENSG00000186566"
1101,"enh12","ENSG00000051108"
1102,"enh9","ENSG00000168062"
1103,"enh7","ENSG00000125482"
1104,"enh6","ENSG00000174529"
1105,"enh1","ENSG00000119392"
1106,"enh8","ENSG00000196683"
1107,"enh9","ENSG00000071655"
1108,"enh4","ENSG00000174903"
1109,"enh1","ENSG00000120656"
1110,"enh9","ENSG00000148356"
1111,"enh9","ENSG00000130766"
1112,"enh11","ENSG00000168061"
1113,"enh7","ENSG00000099817"
1114,"enh10","ENSG00000198417"
1115,"enh6","ENSG00000108840"
1116,"enh12","ENSG00000149792"
1117,"enh12","ENSG00000238227"
1118,"enh8","ENSG00000171219"
1119,"enh10","ENSG00000148300"
1120,"enh1","ENSG00000119514"
1121,"enh12","ENSG00000108309"
1122,"enh13","ENSG00000250067"
1123,"enh13","ENSG00000136874"
1124,"enh2","ENSG00000120913"
1125,"enh1","ENSG00000133069"
1126,"enh14","ENSG00000160326"
1127,"enh11","ENSG00000115970"
1128,"enh6","ENSG00000119523"
1129,"enh12","ENSG00000204673"
1130,"enh3","ENSG00000162669"
1131,"enh9","ENSG00000136937"
1132,"enh9","ENSG00000167487"
1133,"enh3","ENSG00000162298"
1134,"enh14","ENSG00000158195"
1135,"enh14","ENSG00000115761"
1136,"enh7","ENSG00000160293"
1137,"enh5","ENSG00000171219"
1138,"enh11","ENSG00000117601"
1139,"enh2","ENSG00000136938"
1140,"enh7","ENSG00000213221"
1141,"enh4","ENSG00000013306"
1142,"enh13","ENSG00000162419"
1143,"enh10","ENSG00000147457"
1144,"enh14","ENSG00000099625"
1145,"enh9","ENSG00000172232"
1146,"enh6","ENSG00000162241"
1147,"enh8","ENSG00000196312"
1148,"enh10","ENSG00000030582"
1149,"enh3","ENSG00000126391"
1150,"enh13","ENSG00000011304"
1151,"enh3","ENSG00000117751"
1152,"enh10","ENSG00000068971"
1153,"enh6","ENSG00000171219"
1154,"enh7","ENSG00000180329"
1155,"enh4","ENSG00000149809"
1156,"enh1","ENSG00000130005"
1157,"enh3","ENSG00000117758"
1158,"enh9","ENSG00000104886"
1159,"enh7","ENSG00000135821"
1160,"enh9","ENSG00000167005"
1161,"enh10","ENSG00000120334"
1162,"enh11","ENSG00000122482"
1163,"enh4","ENSG00000148291"
1164,"enh7","ENSG00000133275"
1165,"enh9","ENSG00000152518"
1166,"enh13","ENSG00000213024"
1167,"enh13","ENSG00000148356"
1168,"enh8","ENSG00000104885"
1169,"enh8","ENSG00000010361"
1170,"enh14","ENSG00000165661"
1171,"enh9","ENSG00000104679"
1172,"enh3","ENSG00000183831"
1173,"enh7","ENSG00000104973"
1174,"enh10","ENSG00000213024"
1175,"enh10","ENSG00000160447"
1176,"enh13","ENSG00000176973"
1177,"enh6","ENSG00000138772"
1178,"enh1","ENSG00000065268"
1179,"enh14","ENSG00000149809"
1180,"enh14","ENSG00000108883"
1181,"enh13","ENSG00000088682"
1182,"enh10","ENSG00000165661"
1183,"enh6","ENSG00000147669"
1184,"enh14","ENSG00000099866"
1185,"enh2","ENSG00000131398"
1186,"enh13","ENSG00000160953"
1187,"enh10","ENSG00000175115"
1188,"enh4","ENSG00000165688"
1189,"enh9","ENSG00000122026"
1190,"enh9","ENSG00000174529"
1191,"enh14","ENSG00000104960"
1192,"enh2","ENSG00000172992"
1193,"enh7","ENSG00000067596"
1194,"enh12","ENSG00000148334"
1195,"enh5","ENSG00000005194"
1196,"enh4","ENSG00000158161"
1197,"enh9","ENSG00000130559"
1198,"enh3","ENSG00000187840"
1199,"enh7","ENSG00000125484"
1200,"enh8","ENSG00000175854"
1201,"enh9","ENSG00000136932"
1202,"enh7","ENSG00000146670"
1203,"enh12","ENSG00000014216"
1204,"enh7","ENSG00000172059"
1205,"enh7","ENSG00000144161"
1206,"enh9","ENSG00000130511"
1207,"enh6","ENSG00000136874"
1208,"enh13","ENSG00000149792"
1209,"enh6","ENSG00000115970"
1210,"enh2","ENSG00000188554"
1211,"enh10","ENSG00000131094"
1212,"enh9","ENSG00000125170"
1213,"enh7","ENSG00000117751"
1214,"enh2","ENSG00000198858"
1215,"enh5","ENSG00000130772"
1216,"enh6","ENSG00000165661"
1217,"enh10","ENSG00000180329"
1218,"enh5","ENSG00000011304"
1219,"enh7","ENSG00000117650"
1220,"enh14","ENSG00000091947"
1221,"enh9","ENSG00000174669"
1222,"enh11","ENSG00000087152"
1223,"enh8","ENSG00000197217"
1224,"enh3","ENSG00000107290"
1225,"enh6","ENSG00000108883"
1226,"enh14","ENSG00000174996"
1227,"enh8","ENSG00000148296"
1228,"enh1","ENSG00000117758"
1229,"enh2","ENSG00000106992"
1230,"enh3","ENSG00000118046"
1231,"enh13","ENSG00000125630"
1232,"enh9","ENSG00000168061"
1233,"enh11","ENSG00000165689"
1234,"enh9","ENSG00000198858"
1235,"enh3","ENSG00000238227"
1236,"enh9","ENSG00000158941"
1237,"enh6","ENSG00000148308"
1238,"enh4","ENSG00000117592"
1239,"enh4","ENSG00000116017"
1240,"enh9","ENSG00000039650"
1241,"enh2","ENSG00000099622"
1242,"enh3","ENSG00000130511"
1243,"enh14","ENSG00000213221"
1244,"enh10","ENSG00000148248"
1245,"enh12","ENSG00000066027"
1246,"enh14","ENSG00000168062"
1247,"enh13","ENSG00000148411"
1248,"enh10","ENSG00000142186"
1249,"enh6","ENSG00000136643"
1250,"enh10","ENSG00000149792"
1251,"enh14","ENSG00000196415"
1252,"enh11","ENSG00000136943"
1253,"enh9","ENSG00000117266"
1254,"enh6","ENSG00000197766"
1255,"enh10","ENSG00000187840"
1256,"enh7","ENSG00000105700"
1257,"enh12","ENSG00000067596"
1258,"enh5","ENSG00000117751"
1259,"enh6","ENSG00000167491"
1260,"enh3","ENSG00000133884"
1261,"enh13","ENSG00000129933"
1262,"enh8","ENSG00000168066"
1263,"enh3","ENSG00000203705"
1264,"enh10","ENSG00000065000"
1265,"enh1","ENSG00000175602"
1266,"enh9","ENSG00000102934"
1267,"enh9","ENSG00000115944"
1268,"enh4","ENSG00000136682"
1269,"enh8","ENSG00000180098"
1270,"enh1","ENSG00000177125"
1271,"enh11","ENSG00000010361"
1272,"enh13","ENSG00000167112"
1273,"enh8","ENSG00000130511"
1274,"enh7","ENSG00000125319"
1275,"enh1","ENSG00000196961"
1276,"enh3","ENSG00000099866"
1277,"enh14","ENSG00000167123"
1278,"enh5","ENSG00000134317"
1279,"enh1","ENSG00000160563"
1280,"enh9","ENSG00000106799"
1281,"enh1","ENSG00000131408"
1282,"enh9","ENSG00000174516"
1283,"enh9","ENSG00000115257"
1284,"enh7","ENSG00000172922"
1285,"enh1","ENSG00000167110"
1286,"enh8","ENSG00000213023"
1287,"enh2","ENSG00000116017"
1288,"enh13","ENSG00000136842"
1289,"enh2","ENSG00000161682"
1290,"enh4","ENSG00000104885"
1291,"enh9","ENSG00000175854"
1292,"enh1","ENSG00000130559"
1293,"enh13","ENSG00000174276"
1294,"enh7","ENSG00000125148"
1295,"enh3","ENSG00000104960"
1296,"enh12","ENSG00000106799"
1297,"enh9","ENSG00000105717"
1298,"enh11","ENSG00000131398"
1299,"enh8","ENSG00000130770"
1300,"enh7","ENSG00000148339"
1301,"enh5","ENSG00000090020"
1302,"enh5","ENSG00000169607"
1303,"enh12","ENSG00000158195"
1304,"enh13","ENSG00000133243"
1305,"enh14","ENSG00000161647"
1306,"enh8","ENSG00000106789"
1307,"enh6","ENSG00000005007"
1308,"enh6","ENSG00000254901"
1309,"enh5","ENSG00000136943"
1310,"enh7","ENSG00000172732"
1311,"enh7","ENSG00000064666"
1312,"enh8","ENSG00000143870"
1313,"enh12","ENSG00000135736"
1314,"enh7","ENSG00000131097"
1315,"enh9","ENSG00000117650"
1316,"enh10","ENSG00000004939"
1317,"enh12","ENSG00000213024"
1318,"enh3","ENSG00000167759"
1319,"enh12","ENSG00000172977"
1320,"enh6","ENSG00000227500"
1321,"enh4","ENSG00000099622"
1322,"enh7","ENSG00000133243"
1323,"enh5","ENSG00000099875"
1324,"enh4","ENSG00000069702"
1325,"enh2","ENSG00000175550"
1326,"enh1","ENSG00000051128"
1327,"enh1","ENSG00000106992"
1328,"enh9","ENSG00000115761"
1329,"enh11","ENSG00000122026"
1330,"enh13","ENSG00000066027"
1331,"enh10","ENSG00000165699"
1332,"enh14","ENSG00000005194"
1333,"enh10","ENSG00000181588"
1334,"enh4","ENSG00000138772"
1335,"enh11","ENSG00000127540"
1336,"enh10","ENSG00000188177"
1337,"enh9","ENSG00000172757"
1338,"enh11","ENSG00000142186"
1339,"enh2","ENSG00000165661"
1340,"enh5","ENSG00000167748"
1341,"enh3","ENSG00000148296"
1342,"enh6","ENSG00000180329"
1343,"enh3","ENSG00000099625"
1344,"enh1","ENSG00000156269"
1345,"enh5","ENSG00000069275"
1346,"enh14","ENSG00000126391"
1347,"enh12","ENSG00000186806"
1348,"enh8","ENSG00000136929"
1349,"enh11","ENSG00000168067"
1350,"enh13","ENSG00000162300"
1351,"enh2","ENSG00000196188"
1352,"enh3","ENSG00000167114"
1353,"enh7","ENSG00000165702"
1354,"enh11","ENSG00000167114"
1355,"enh13","ENSG00000108861"
1356,"enh10","ENSG00000099804"
1357,"enh13","ENSG00000204673"
1358,"enh12","ENSG00000167748"
1359,"enh7","ENSG00000120896"
1360,"enh10","ENSG00000167123"
1361,"enh5","ENSG00000138036"
1362,"enh11","ENSG00000134317"
1363,"enh13","ENSG00000165689"
1364,"enh13","ENSG00000107290"
1365,"enh10","ENSG00000115758"
1366,"enh3","ENSG00000213638"
1367,"enh2","ENSG00000175573"
1368,"enh9","ENSG00000064932"
1369,"enh6","ENSG00000122026"
1370,"enh1","ENSG00000197694"
1371,"enh3","ENSG00000148356"
1372,"enh5","ENSG00000175550"
1373,"enh14","ENSG00000122484"
1374,"enh6","ENSG00000068971"
1375,"enh1","ENSG00000057935"
1376,"enh5","ENSG00000099817"
1377,"enh6","ENSG00000068976"
1378,"enh7","ENSG00000148248"
1379,"enh4","ENSG00000162669"
1380,"enh6","ENSG00000011304"
1381,"enh2","ENSG00000162419"
1382,"enh4","ENSG00000105497"
1383,"enh2","ENSG00000146670"
1384,"enh5","ENSG00000158195"
1385,"enh2","ENSG00000115286"
1386,"enh6","ENSG00000165699"
1387,"enh13","ENSG00000221983"
1388,"enh10","ENSG00000143870"
1389,"enh6","ENSG00000102931"
1390,"enh3","ENSG00000165684"
1391,"enh4","ENSG00000168061"
1392,"enh13","ENSG00000144134"
1393,"enh4","ENSG00000168056"
1394,"enh14","ENSG00000148300"
1395,"enh14","ENSG00000168061"
1396,"enh10","ENSG00000099840"
1397,"enh6","ENSG00000108312"
1398,"enh2","ENSG00000159461"
1399,"enh9","ENSG00000172992"
1400,"enh11","ENSG00000160161"
1401,"enh4","ENSG00000161682"
1402,"enh10","ENSG00000117697"
1403,"enh1","ENSG00000136925"
1404,"enh13","ENSG00000168061"
1405,"enh4","ENSG00000187193"
1406,"enh13","ENSG00000142751"
1407,"enh3","ENSG00000174744"
1408,"enh4","ENSG00000108840"
1409,"enh3","ENSG00000148411"
1410,"enh11","ENSG00000125319"
1411,"enh8","ENSG00000091947"
1412,"enh14","ENSG00000182963"
1413,"enh10","ENSG00000172757"
1414,"enh10","ENSG00000136895"
1415,"enh10","ENSG00000228300"
1416,"enh1","ENSG00000213988"
1417,"enh14","ENSG00000196550"
1418,"enh8","ENSG00000115970"
1419,"enh2","ENSG00000184162"
1420,"enh13","ENSG00000175573"
1421,"enh12","ENSG00000130559"
1422,"enh8","ENSG00000254901"
1423,"enh5","ENSG00000153208"
1424,"enh4","ENSG00000148308"
1425,"enh3","ENSG00000103021"
1426,"enh8","ENSG00000006015"
1427,"enh12","ENSG00000099817"
1428,"enh9","ENSG00000129951"
1429,"enh13","ENSG00000160325"
1430,"enh2","ENSG00000039650"
1431,"enh7","ENSG00000169607"
1432,"enh13","ENSG00000160408"
1433,"enh4","ENSG00000089639"
1434,"enh14","ENSG00000069482"
1435,"enh10","ENSG00000117691"
1436,"enh5","ENSG00000196683"
1437,"enh12","ENSG00000136682"
1438,"enh5","ENSG00000014216"
1439,"enh12","ENSG00000184162"
1440,"enh11","ENSG00000196961"
1441,"enh3","ENSG00000106976"
1442,"enh9","ENSG00000105705"
1443,"enh4","ENSG00000133895"
1444,"enh6","ENSG00000064547"
1445,"enh8","ENSG00000158195"
1446,"enh3","ENSG00000104131"
1447,"enh1","ENSG00000064607"
1448,"enh9","ENSG00000168067"
1449,"enh14","ENSG00000051128"
1450,"enh3","ENSG00000173442"
1451,"enh6","ENSG00000165702"
1452,"enh9","ENSG00000174276"
1453,"enh10","ENSG00000143476"
1454,"enh1","ENSG00000160326"
1455,"enh9","ENSG00000105662"
1456,"enh1","ENSG00000165092"
1457,"enh2","ENSG00000142765"
1458,"enh7","ENSG00000106992"
1459,"enh5","ENSG00000174950"
1460,"enh7","ENSG00000188177"
1461,"enh6","ENSG00000175376"
1462,"enh1","ENSG00000071564"
1463,"enh3","ENSG00000117697"
1464,"enh13","ENSG00000104679"
1465,"enh6","ENSG00000171169"
1466,"enh12","ENSG00000221983"
1467,"enh14","ENSG00000140859"
1468,"enh2","ENSG00000143882"
1469,"enh12","ENSG00000125170"
1470,"enh4","ENSG00000140854"
1471,"enh3","ENSG00000148308"
1472,"enh8","ENSG00000152061"
1473,"enh13","ENSG00000136938"
1474,"enh1","ENSG00000181035"
1475,"enh14","ENSG00000107021"
1476,"enh6","ENSG00000105701"
1477,"enh8","ENSG00000148356"
1478,"enh12","ENSG00000118046"
1479,"enh7","ENSG00000125485"
1480,"enh11","ENSG00000147454"
1481,"enh12","ENSG00000117697"
1482,"enh4","ENSG00000175602"
1483,"enh13","ENSG00000030582"
1484,"enh11","ENSG00000119392"
1485,"enh4","ENSG00000167468"
1486,"enh2","ENSG00000140848"
1487,"enh5","ENSG00000161654"
1488,"enh4","ENSG00000136840"
1489,"enh7","ENSG00000130770"
1490,"enh4","ENSG00000117751"
1491,"enh5","ENSG00000117593"
1492,"enh14","ENSG00000005961"
1493,"enh7","ENSG00000148308"
1494,"enh5","ENSG00000141934"
1495,"enh14","ENSG00000161677"
1496,"enh3","ENSG00000204291"
1497,"enh13","ENSG00000161654"
1498,"enh8","ENSG00000143924"
1499,"enh5","ENSG00000153214"
1500,"enh12","ENSG00000171219"
1501,"enh4","ENSG00000144130"
1502,"enh10","ENSG00000160445"
1503,"enh14","ENSG00000030582"
1504,"enh7","ENSG00000105656"
1505,"enh9","ENSG00000064490"
1506,"enh12","ENSG00000099625"
1507,"enh2","ENSG00000158711"
1508,"enh12","ENSG00000197694"
1509,"enh4","ENSG00000005194"
1510,"enh12","ENSG00000172757"
1511,"enh4","ENSG00000142765"
1512,"enh8","ENSG00000070404"
1513,"enh6","ENSG00000167110"
1514,"enh13","ENSG00000089639"
1515,"enh11","ENSG00000105717"
1516,"enh12","ENSG00000167759"
1517,"enh1","ENSG00000125144"
1518,"enh13","ENSG00000143882"
1519,"enh8","ENSG00000167470"
1520,"enh1","ENSG00000104897"
1521,"enh9","ENSG00000197694"
1522,"enh2","ENSG00000135821"
1523,"enh11","ENSG00000115286"
1524,"enh14","ENSG00000066027"
1525,"enh14","ENSG00000106976"
1526,"enh9","ENSG00000167748"
1527,"enh8","ENSG00000177125"
1528,"enh13","ENSG00000119559"
1529,"enh3","ENSG00000174606"
1530,"enh11","ENSG00000160445"
1531,"enh2","ENSG00000167113"
1532,"enh9","ENSG00000120656"
1533,"enh12","ENSG00000160318"
1534,"enh9","ENSG00000171940"
1535,"enh8","ENSG00000099625"
1536,"enh2","ENSG00000181588"
1537,"enh4","ENSG00000175592"
1538,"enh14","ENSG00000129951"
1539,"enh1","ENSG00000167487"
1540,"enh4","ENSG00000006015"
1541,"enh5","ENSG00000070770"
1542,"enh4","ENSG00000138756"
1543,"enh12","ENSG00000064787"
1544,"enh1","ENSG00000171940"
1545,"enh8","ENSG00000142733"
1546,"enh6","ENSG00000173327"
1547,"enh14","ENSG00000169403"
1548,"enh14","ENSG00000151694"
1549,"enh13","ENSG00000198786"
1550,"enh3","ENSG00000136943"
1551,"enh8","ENSG00000087152"
1552,"enh9","ENSG00000136856"
1553,"enh5","ENSG00000254470"
1554,"enh5","ENSG00000114999"
1555,"enh7","ENSG00000108840"
1556,"enh13","ENSG00000108840"
1557,"enh12","ENSG00000119514"
1558,"enh14","ENSG00000204673"
1559,"enh1","ENSG00000133243"
1560,"enh1","ENSG00000131398"
1561,"enh13","ENSG00000197694"
1562,"enh5","ENSG00000070423"
1563,"enh2","ENSG00000062822"
1564,"enh3","ENSG00000087263"
1565,"enh9","ENSG00000185278"
1566,"enh9","ENSG00000142544"
1567,"enh4","ENSG00000160446"
1568,"enh12","ENSG00000148290"
1569,"enh13","ENSG00000008853"
1570,"enh5","ENSG00000115084"
1571,"enh7","ENSG00000175334"
1572,"enh9","ENSG00000196550"
1573,"enh11","ENSG00000130513"
1574,"enh9","ENSG00000196961"
1575,"enh8","ENSG00000099804"
1576,"enh5","ENSG00000183831"
1577,"enh11","ENSG00000143870"
1578,"enh14","ENSG00000174903"
1579,"enh12","ENSG00000198786"
1580,"enh10","ENSG00000107290"
1581,"enh14","ENSG00000136925"
1582,"enh13","ENSG00000160360"
1583,"enh12","ENSG00000135821"
1584,"enh14","ENSG00000135870"
1585,"enh3","ENSG00000071655"
1586,"enh3","ENSG00000188177"
1587,"enh13","ENSG00000160447"
1588,"enh1","ENSG00000175707"
1589,"enh11","ENSG00000162976"
1590,"enh1","ENSG00000175294"
1591,"enh3","ENSG00000115761"
1592,"enh9","ENSG00000160953"
1593,"enh10","ENSG00000142528"
1594,"enh1","ENSG00000254470"
1595,"enh12","ENSG00000071564"
1596,"enh14","ENSG00000198917"
1597,"enh13","ENSG00000105379"
1598,"enh11","ENSG00000142784"
1599,"enh11","ENSG00000138036"
1600,"enh12","ENSG00000196312"
1601,"enh12","ENSG00000198870"
1602,"enh10","ENSG00000175467"
1603,"enh5","ENSG00000131094"
1604,"enh13","ENSG00000090273"
1605,"enh8","ENSG00000167123"
1606,"enh1","ENSG00000160446"
1607,"enh1","ENSG00000106976"
1608,"enh5","ENSG00000186185"
1609,"enh6","ENSG00000167112"
1610,"enh6","ENSG00000187840"
1611,"enh14","ENSG00000115084"
1612,"enh4","ENSG00000184162"
1613,"enh1","ENSG00000116017"
1614,"enh8","ENSG00000106799"
1615,"enh7","ENSG00000196961"
1616,"enh8","ENSG00000104960"
1617,"enh11","ENSG00000095380"
1618,"enh2","ENSG00000125124"
1619,"enh3","ENSG00000167118"
1620,"enh6","ENSG00000070423"
1621,"enh5","ENSG00000133884"
1622,"enh10","ENSG00000064545"
1623,"enh3","ENSG00000162241"
1624,"enh11","ENSG00000186010"
1625,"enh7","ENSG00000167470"
1626,"enh1","ENSG00000172757"
1627,"enh13","ENSG00000168056"
1628,"enh6","ENSG00000062822"
1629,"enh3","ENSG00000119335"
1630,"enh3","ENSG00000127540"
1631,"enh10","ENSG00000108849"
1632,"enh11","ENSG00000051128"
1633,"enh1","ENSG00000126698"
1634,"enh1","ENSG00000117222"
1635,"enh4","ENSG00000087365"
1636,"enh12","ENSG00000129951"
1637,"enh2","ENSG00000107372"
1638,"enh2","ENSG00000172059"
1639,"enh4","ENSG00000136938"
1640,"enh5","ENSG00000161682"
1641,"enh8","ENSG00000136856"
1642,"enh13","ENSG00000149809"
1643,"enh1","ENSG00000106789"
1644,"enh14","ENSG00000174606"
1645,"enh2","ENSG00000148411"
1646,"enh3","ENSG00000167103"
1647,"enh5","ENSG00000181896"
1648,"enh3","ENSG00000140854"
1649,"enh3","ENSG00000108312"
1650,"enh2","ENSG00000105696"
1651,"enh10","ENSG00000131400"
1652,"enh2","ENSG00000071655"
1653,"enh1","ENSG00000186185"
1654,"enh11","ENSG00000180198"
1655,"enh6","ENSG00000238227"
1656,"enh9","ENSG00000159579"
1657,"enh8","ENSG00000119559"
1658,"enh4","ENSG00000197540"
1659,"enh4","ENSG00000106785"
1660,"enh5","ENSG00000105669"
1661,"enh12","ENSG00000146670"
1662,"enh4","ENSG00000136895"
1663,"enh9","ENSG00000130513"
1664,"enh6","ENSG00000186010"
1665,"enh12","ENSG00000140848"
1666,"enh13","ENSG00000069275"
1667,"enh6","ENSG00000168591"
1668,"enh7","ENSG00000186806"
1669,"enh3","ENSG00000171169"
1670,"enh6","ENSG00000107021"
1671,"enh8","ENSG00000172977"
1672,"enh6","ENSG00000134308"
1673,"enh13","ENSG00000173327"
1674,"enh8","ENSG00000181513"
1675,"enh8","ENSG00000069275"
1676,"enh2","ENSG00000133275"
1677,"enh13","ENSG00000134308"
1678,"enh13","ENSG00000136811"
1679,"enh11","ENSG00000014216"
1680,"enh2","ENSG00000005007"
1681,"enh2","ENSG00000091947"
1682,"enh9","ENSG00000115255"
1683,"enh13","ENSG00000173825"
1684,"enh3","ENSG00000130775"
1685,"enh12","ENSG00000148339"
1686,"enh2","ENSG00000099866"
1687,"enh9","ENSG00000198492"
1688,"enh11","ENSG00000064666"
1689,"enh1","ENSG00000136830"
1690,"enh10","ENSG00000135046"
1691,"enh3","ENSG00000005194"
1692,"enh14","ENSG00000087263"
1693,"enh4","ENSG00000051108"
1694,"enh4","ENSG00000136807"
1695,"enh2","ENSG00000151694"
1696,"enh12","ENSG00000148248"
1697,"enh1","ENSG00000149823"
1698,"enh12","ENSG00000165684"
1699,"enh2","ENSG00000163297"
1700,"enh12","ENSG00000099804"
1701,"enh8","ENSG00000181773"
1702,"enh13","ENSG00000009780"
1703,"enh3","ENSG00000167113"
1704,"enh11","ENSG00000125618"
1705,"enh7","ENSG00000168067"
1706,"enh9","ENSG00000174547"
1707,"enh1","ENSG00000130270"
1708,"enh11","ENSG00000196312"
1709,"enh2","ENSG00000143870"
1710,"enh9","ENSG00000070423"
1711,"enh4","ENSG00000173465"
1712,"enh6","ENSG00000105676"
1713,"enh12","ENSG00000185278"
1714,"enh11","ENSG00000125630"
1715,"enh11","ENSG00000118046"
1716,"enh14","ENSG00000101132"
1717,"enh5","ENSG00000144130"
1718,"enh2","ENSG00000197694"
1719,"enh8","ENSG00000238227"
1720,"enh4","ENSG00000170385"
1721,"enh2","ENSG00000087365"
1722,"enh4","ENSG00000125637"
1723,"enh9","ENSG00000117748"
1724,"enh1","ENSG00000134317"
1725,"enh4","ENSG00000067596"
1726,"enh5","ENSG00000176973"
1727,"enh6","ENSG00000197217"
1728,"enh6","ENSG00000172977"
1729,"enh13","ENSG00000227500"
1730,"enh10","ENSG00000125124"
1731,"enh4","ENSG00000213024"
1732,"enh5","ENSG00000100316"
1733,"enh6","ENSG00000142528"
1734,"enh3","ENSG00000174516"
1735,"enh5","ENSG00000142186"
1736,"enh6","ENSG00000004939"
1737,"enh9","ENSG00000174842"
1738,"enh11","ENSG00000071626"
1739,"enh2","ENSG00000152061"
1740,"enh13","ENSG00000125637"
1741,"enh10","ENSG00000119203"
1742,"enh4","ENSG00000227500"
1743,"enh1","ENSG00000173465"
1744,"enh4","ENSG00000105669"
1745,"enh9","ENSG00000119203"
1746,"enh12","ENSG00000160325"
1747,"enh10","ENSG00000117650"
1748,"enh6","ENSG00000014138"
1749,"enh6","ENSG00000136828"
1750,"enh1","ENSG00000175592"
1751,"enh3","ENSG00000129951"
1752,"enh4","ENSG00000143493"
1753,"enh12","ENSG00000104689"
1754,"enh5","ENSG00000099866"
1755,"enh4","ENSG00000138036"
1756,"enh14","ENSG00000160446"
1757,"enh14","ENSG00000102978"
1758,"enh11","ENSG00000187193"
1759,"enh4","ENSG00000161647"
1760,"enh5","ENSG00000105383"
1761,"enh12","ENSG00000197816"
1762,"enh12","ENSG00000115268"
1763,"enh3","ENSG00000126709"
1764,"enh8","ENSG00000014138"
1765,"enh9","ENSG00000174903"
1766,"enh11","ENSG00000254901"
1767,"enh5","ENSG00000082512"
1768,"enh6","ENSG00000160447"
1769,"enh10","ENSG00000116014"
1770,"enh7","ENSG00000104885"
1771,"enh14","ENSG00000167112"
1772,"enh11","ENSG00000148297"
1773,"enh2","ENSG00000197766"
1774,"enh5","ENSG00000105726"
1775,"enh8","ENSG00000131409"
1776,"enh14","ENSG00000065268"
1777,"enh5","ENSG00000136840"
1778,"enh13","ENSG00000130770"
1779,"enh14","ENSG00000105696"
1780,"enh4","ENSG00000135736"
1781,"enh12","ENSG00000090273"
1782,"enh8","ENSG00000125630"
1783,"enh6","ENSG00000172500"
1784,"enh12","ENSG00000130775"
1785,"enh13","ENSG00000133275"
1786,"enh6","ENSG00000256771"
1787,"enh9","ENSG00000107021"
1788,"enh12","ENSG00000115758"
1789,"enh4","ENSG00000129951"
1790,"enh11","ENSG00000144136"
1791,"enh5","ENSG00000039650"
1792,"enh1","ENSG00000143882"
1793,"enh5","ENSG00000148337"
1794,"enh13","ENSG00000129911"
1795,"enh12","ENSG00000105655"
1796,"enh6","ENSG00000174669"
1797,"enh9","ENSG00000130775"
1798,"enh5","ENSG00000117266"
1799,"enh6","ENSG00000136929"
1800,"enh6","ENSG00000114999"
1801,"enh5","ENSG00000126391"
1802,"enh11","ENSG00000122140"
1803,"enh14","ENSG00000064932"
1804,"enh1","ENSG00000155380"
1805,"enh12","ENSG00000105374"
1806,"enh9","ENSG00000162298"
1807,"enh7","ENSG00000221983"
1808,"enh13","ENSG00000160446"
1809,"enh3","ENSG00000134318"
1810,"enh12","ENSG00000115756"
1811,"enh1","ENSG00000213465"
1812,"enh11","ENSG00000196415"
1813,"enh3","ENSG00000104946"
1814,"enh8","ENSG00000104946"
1815,"enh9","ENSG00000135046"
1816,"enh5","ENSG00000147454"
1817,"enh13","ENSG00000130768"
1818,"enh11","ENSG00000160345"
1819,"enh10","ENSG00000165092"
1820,"enh8","ENSG00000136643"
1821,"enh10","ENSG00000169136"
1822,"enh8","ENSG00000162241"
1823,"enh2","ENSG00000126391"
1824,"enh6","ENSG00000161671"
1825,"enh10","ENSG00000120889"
1826,"enh2","ENSG00000198870"
1827,"enh3","ENSG00000168067"
1828,"enh9","ENSG00000136929"
1829,"enh9","ENSG00000169136"
1830,"enh4","ENSG00000091947"
1831,"enh3","ENSG00000184162"
1832,"enh12","ENSG00000167487"
1833,"enh11","ENSG00000148296"
1834,"enh4","ENSG00000178093"
1835,"enh5","ENSG00000204673"
1836,"enh2","ENSG00000076321"
1837,"enh3","ENSG00000136925"
1838,"enh6","ENSG00000169136"
1839,"enh12","ENSG00000174851"
1840,"enh13","ENSG00000120656"
1841,"enh12","ENSG00000168066"
1842,"enh7","ENSG00000136643"
1843,"enh14","ENSG00000125611"
1844,"enh4","ENSG00000204710"
1845,"enh8","ENSG00000180329"
1846,"enh10","ENSG00000105696"
1847,"enh12","ENSG00000101132"
1848,"enh1","ENSG00000117691"
1849,"enh13","ENSG00000119523"
1850,"enh14","ENSG00000140848"
1851,"enh9","ENSG00000136807"
1852,"enh7","ENSG00000064687"
1853,"enh11","ENSG00000165698"
1854,"enh5","ENSG00000105701"
1855,"enh13","ENSG00000175294"
1856,"enh11","ENSG00000099864"
1857,"enh11","ENSG00000090020"
1858,"enh13","ENSG00000105662"
1859,"enh3","ENSG00000196422"
1860,"enh6","ENSG00000174871"
1861,"enh2","ENSG00000160404"
1862,"enh2","ENSG00000167136"
1863,"enh8","ENSG00000009780"
1864,"enh4","ENSG00000119514"
1865,"enh14","ENSG00000160445"
1866,"enh7","ENSG00000117601"
1867,"enh9","ENSG00000167747"
1868,"enh8","ENSG00000174842"
1869,"enh12","ENSG00000103005"
1870,"enh12","ENSG00000065268"
1871,"enh3","ENSG00000196188"
1872,"enh1","ENSG00000180098"
1873,"enh4","ENSG00000162241"
1874,"enh1","ENSG00000143476"
1875,"enh11","ENSG00000165688"
1876,"enh8","ENSG00000119185"
1877,"enh6","ENSG00000165092"
1878,"enh9","ENSG00000088682"
1879,"enh6","ENSG00000129951"
1880,"enh9","ENSG00000090020"
1881,"enh13","ENSG00000152518"
1882,"enh11","ENSG00000129951"
1883,"enh10","ENSG00000133069"
1884,"enh1","ENSG00000174276"
1885,"enh5","ENSG00000143924"
1886,"enh6","ENSG00000165138"
1887,"enh8","ENSG00000069702"
1888,"enh3","ENSG00000172081"
1889,"enh11","ENSG00000104973"
1890,"enh5","ENSG00000162769"
1891,"enh2","ENSG00000162878"
1892,"enh12","ENSG00000099821"
1893,"enh9","ENSG00000106976"
1894,"enh7","ENSG00000130559"
1895,"enh7","ENSG00000223802"
1896,"enh8","ENSG00000213465"
1897,"enh8","ENSG00000198858"
1898,"enh7","ENSG00000198492"
1899,"enh9","ENSG00000105556"
1900,"enh3","ENSG00000142751"
1901,"enh10","ENSG00000213638"
1902,"enh5","ENSG00000168061"
1903,"enh8","ENSG00000130766"
1904,"enh12","ENSG00000174842"
1905,"enh6","ENSG00000103021"
1906,"enh11","ENSG00000136937"
1907,"enh5","ENSG00000143476"
1908,"enh4","ENSG00000108849"
1909,"enh2","ENSG00000148297"
1910,"enh3","ENSG00000165092"
1911,"enh5","ENSG00000167005"
1912,"enh4","ENSG00000134308"
1913,"enh5","ENSG00000136932"
1914,"enh11","ENSG00000167747"
1915,"enh12","ENSG00000253368"
1916,"enh3","ENSG00000104885"
1917,"enh3","ENSG00000250067"
1918,"enh4","ENSG00000119559"
1919,"enh4","ENSG00000172922"
1920,"enh2","ENSG00000162772"
1921,"enh6","ENSG00000148290"
1922,"enh4","ENSG00000175906"
1923,"enh14","ENSG00000223802"
1924,"enh3","ENSG00000134317"
1925,"enh2","ENSG00000134318"
1926,"enh9","ENSG00000160408"
1927,"enh5","ENSG00000005007"
1928,"enh1","ENSG00000115756"
1929,"enh5","ENSG00000068971"
1930,"enh14","ENSG00000146670"
1931,"enh6","ENSG00000197540"
1932,"enh8","ENSG00000136811"
1933,"enh9","ENSG00000189195"
1934,"enh13","ENSG00000108849"
1935,"enh4","ENSG00000187840"
1936,"enh5","ENSG00000180329"
1937,"enh8","ENSG00000133895"
1938,"enh1","ENSG00000165138"
1939,"enh2","ENSG00000174842"
1940,"enh2","ENSG00000162669"
1941,"enh11","ENSG00000135736"
1942,"enh12","ENSG00000117691"
1943,"enh6","ENSG00000051128"
1944,"enh11","ENSG00000184988"
1945,"enh12","ENSG00000070761"
1946,"enh8","ENSG00000117592"
1947,"enh5","ENSG00000165689"
1948,"enh14","ENSG00000160161"
1949,"enh11","ENSG00000131400"
1950,"enh8","ENSG00000165688"
1951,"enh2","ENSG00000095380"
1952,"enh5","ENSG00000197816"
1953,"enh1","ENSG00000136840"
1954,"enh3","ENSG00000125144"
1955,"enh1","ENSG00000099866"
1956,"enh8","ENSG00000106976"
1957,"enh10","ENSG00000070770"
1958,"enh14","ENSG00000108309"
1959,"enh10","ENSG00000254901"
1960,"enh3","ENSG00000262874"
1961,"enh5","ENSG00000013306"
1962,"enh4","ENSG00000203705"
1963,"enh7","ENSG00000117593"
1964,"enh1","ENSG00000158941"
1965,"enh5","ENSG00000160953"
1966,"enh1","ENSG00000151694"
1967,"enh3","ENSG00000106803"
1968,"enh1","ENSG00000125618"
1969,"enh11","ENSG00000105676"
1970,"enh13","ENSG00000149798"
1971,"enh13","ENSG00000165698"
1972,"enh1","ENSG00000130768"
1973,"enh2","ENSG00000108861"
1974,"enh11","ENSG00000107021"
1975,"enh14","ENSG00000125485"
1976,"enh4","ENSG00000105717"
1977,"enh13","ENSG00000071655"
1978,"enh2","ENSG00000197958"
1979,"enh1","ENSG00000012048"
1980,"enh13","ENSG00000105696"
1981,"enh9","ENSG00000160345"
1982,"enh8","ENSG00000105379"
1983,"enh14","ENSG00000117601"
1984,"enh5","ENSG00000117691"
1985,"enh12","ENSG00000185198"
1986,"enh6","ENSG00000123685"
1987,"enh8","ENSG00000168067"
1988,"enh12","ENSG00000107021"
1989,"enh7","ENSG00000102900"
1990,"enh7","ENSG00000008853"
1991,"enh12","ENSG00000188554"
1992,"enh2","ENSG00000198917"
1993,"enh7","ENSG00000114999"
1994,"enh12","ENSG00000167106"
1995,"enh12","ENSG00000125630"
1996,"enh11","ENSG00000130770"
1997,"enh12","ENSG00000167470"
1998,"enh12","ENSG00000103021"
1999,"enh12","ENSG00000175602"
2000,"enh13","ENSG00000097046"
2001,"enh1","ENSG00000171219"
2002,"enh4","ENSG00000181035"
2003,"enh10","ENSG00000136854"
2004,"enh3","ENSG00000213023"
2005,"enh2","ENSG00000168062"
2006,"enh10","ENSG00000180340"
2007,"enh4","ENSG00000070423"
2008,"enh11","ENSG00000175467"
2009,"enh1","ENSG00000180340"
2010,"enh13","ENSG00000115944"
2011,"enh9","ENSG00000105656"
2012,"enh7","ENSG00000186185"
2013,"enh5","ENSG00000160161"
2014,"enh9","ENSG00000102978"
2015,"enh4","ENSG00000254470"
2016,"enh4","ENSG00000168067"
2017,"enh10","ENSG00000119392"
2018,"enh8","ENSG00000161654"
2019,"enh10","ENSG00000105701"
2020,"enh10","ENSG00000174669"
2021,"enh11","ENSG00000099821"
2022,"enh8","ENSG00000136682"
2023,"enh7","ENSG00000087263"
2024,"enh8","ENSG00000146670"
2025,"enh3","ENSG00000125484"
2026,"enh2","ENSG00000125148"
2027,"enh14","ENSG00000197217"
2028,"enh14","ENSG00000175294"
2029,"enh5","ENSG00000115756"
2030,"enh3","ENSG00000125618"
2031,"enh8","ENSG00000030582"
2032,"enh5","ENSG00000125618"
2033,"enh7","ENSG00000105472"
2034,"enh14","ENSG00000064490"
2035,"enh10","ENSG00000099864"
2036,"enh8","ENSG00000136842"
2037,"enh6","ENSG00000197694"
2038,"enh5","ENSG00000134318"
2039,"enh12","ENSG00000204710"
2040,"enh13","ENSG00000117601"
2041,"enh10","ENSG00000156269"
2042,"enh4","ENSG00000069275"
2043,"enh5","ENSG00000065600"
2044,"enh5","ENSG00000120896"
2045,"enh7","ENSG00000148290"
2046,"enh12","ENSG00000141934"
2047,"enh11","ENSG00000064547"
2048,"enh3","ENSG00000165699"
2049,"enh4","ENSG00000125319"
2050,"enh10","ENSG00000196415"
2051,"enh8","ENSG00000182963"
2052,"enh1","ENSG00000068976"
2053,"enh6","ENSG00000118046"
2054,"enh13","ENSG00000213988"
2055,"enh8","ENSG00000228300"
2056,"enh10","ENSG00000183831"
2057,"enh5","ENSG00000104960"
2058,"enh6","ENSG00000136908"
2059,"enh3","ENSG00000181035"
2060,"enh5","ENSG00000099821"
2061,"enh8","ENSG00000160345"
2062,"enh14","ENSG00000161692"
2063,"enh3","ENSG00000125482"
2064,"enh12","ENSG00000117593"
2065,"enh7","ENSG00000115761"
2066,"enh10","ENSG00000125611"
2067,"enh6","ENSG00000106991"
2068,"enh3","ENSG00000148303"
2069,"enh6","ENSG00000125484"
2070,"enh13","ENSG00000136830"
2071,"enh11","ENSG00000138772"
2072,"enh10","ENSG00000105705"
2073,"enh7","ENSG00000006016"
2074,"enh1","ENSG00000158195"
2075,"enh13","ENSG00000130511"
2076,"enh12","ENSG00000173327"
2077,"enh11","ENSG00000129946"
2078,"enh11","ENSG00000174669"
2079,"enh11","ENSG00000143493"
2080,"enh8","ENSG00000171940"
2081,"enh4","ENSG00000167114"
2082,"enh2","ENSG00000105383"
2083,"enh4","ENSG00000147669"
2084,"enh10","ENSG00000197217"
2085,"enh8","ENSG00000174950"
2086,"enh10","ENSG00000142784"
2087,"enh2","ENSG00000057935"
2088,"enh11","ENSG00000104886"
2089,"enh5","ENSG00000130775"
2090,"enh3","ENSG00000168061"
2091,"enh13","ENSG00000101132"
2092,"enh4","ENSG00000159579"
2093,"enh5","ENSG00000173465"
2094,"enh4","ENSG00000180448"
2095,"enh14","ENSG00000108312"
2096,"enh14","ENSG00000065600"
2097,"enh11","ENSG00000149792"
2098,"enh7","ENSG00000204710"
2099,"enh2","ENSG00000115944"
2100,"enh1","ENSG00000167748"
2101,"enh6","ENSG00000070770"
2102,"enh14","ENSG00000104679"
2103,"enh13","ENSG00000099864"
2104,"enh5","ENSG00000095380"
2105,"enh9","ENSG00000182963"
2106,"enh6","ENSG00000070388"
2107,"enh12","ENSG00000131398"
2108,"enh12","ENSG00000057935"
2109,"enh4","ENSG00000116014"
2110,"enh11","ENSG00000120896"
2111,"enh5","ENSG00000167468"
2112,"enh11","ENSG00000105705"
2113,"enh7","ENSG00000167759"
2114,"enh1","ENSG00000256771"
2115,"enh7","ENSG00000099625"
2116,"enh4","ENSG00000064666"
2117,"enh2","ENSG00000148356"
2118,"enh13","ENSG00000127540"
2119,"enh8","ENSG00000076321"
2120,"enh11","ENSG00000169136"
2121,"enh13","ENSG00000136877"
2122,"enh10","ENSG00000152061"
2123,"enh1","ENSG00000174744"
2124,"enh3","ENSG00000119392"
2125,"enh6","ENSG00000105497"
2126,"enh7","ENSG00000174547"
2127,"enh6","ENSG00000175854"
2128,"enh12","ENSG00000115970"
2129,"enh10","ENSG00000064490"
2130,"enh1","ENSG00000147669"
2131,"enh5","ENSG00000142751"
2132,"enh3","ENSG00000108852"
2133,"enh4","ENSG00000163291"
2134,"enh7","ENSG00000162873"
2135,"enh9","ENSG00000122484"
2136,"enh5","ENSG00000135821"
2137,"enh4","ENSG00000165138"
2138,"enh9","ENSG00000197540"
2139,"enh14","ENSG00000106991"
2140,"enh10","ENSG00000129911"
2141,"enh14","ENSG00000070423"
2142,"enh4","ENSG00000172757"
2143,"enh12","ENSG00000172992"
2144,"enh8","ENSG00000198840"
2145,"enh5","ENSG00000126698"
2146,"enh10","ENSG00000256771"
2147,"enh10","ENSG00000146670"
2148,"enh14","ENSG00000136895"
2149,"enh3","ENSG00000160325"
2150,"enh6","ENSG00000142530"
2151,"enh2","ENSG00000159579"
2152,"enh4","ENSG00000143476"
2153,"enh4","ENSG00000131097"
2154,"enh1","ENSG00000009780"
2155,"enh5","ENSG00000174684"
2156,"enh10","ENSG00000153107"
2157,"enh3","ENSG00000104679"
2158,"enh4","ENSG00000188554"
2159,"enh10","ENSG00000167759"
2160,"enh11","ENSG00000198786"
2161,"enh3","ENSG00000087152"
2162,"enh14","ENSG00000143870"
2163,"enh10","ENSG00000163297"
2164,"enh13","ENSG00000136943"
2165,"enh3","ENSG00000167747"
2166,"enh1","ENSG00000175115"
2167,"enh7","ENSG00000162298"
2168,"enh1","ENSG00000238227"
2169,"enh2","ENSG00000256771"
2170,"enh4","ENSG00000172059"
2171,"enh10","ENSG00000069702"
2172,"enh9","ENSG00000147454"
2173,"enh10","ENSG00000174516"
2174,"enh10","ENSG00000115750"
2175,"enh13","ENSG00000104885"
2176,"enh12","ENSG00000147457"
2177,"enh5","ENSG00000119559"
2178,"enh3","ENSG00000196683"
2179,"enh10","ENSG00000122026"
2180,"enh10","ENSG00000174871"
2181,"enh4","ENSG00000133884"
2182,"enh10","ENSG00000141349"
2183,"enh2","ENSG00000136830"
2184,"enh4","ENSG00000149798"
2185,"enh6","ENSG00000185198"
2186,"enh3","ENSG00000167136"
2187,"enh10","ENSG00000165138"
2188,"enh6","ENSG00000146670"
2189,"enh8","ENSG00000126709"
2190,"enh10","ENSG00000117222"
2191,"enh1","ENSG00000172775"
2192,"enh11","ENSG00000156269"
2193,"enh2","ENSG00000143476"
2194,"enh13","ENSG00000117222"
2195,"enh9","ENSG00000141933"
2196,"enh14","ENSG00000136929"
2197,"enh9","ENSG00000122482"
2198,"enh11","ENSG00000161647"
2199,"enh3","ENSG00000175376"
2200,"enh9","ENSG00000171848"
2201,"enh12","ENSG00000136895"
2202,"enh13","ENSG00000153107"
2203,"enh12","ENSG00000175467"
2204,"enh4","ENSG00000197694"
2205,"enh3","ENSG00000158711"
2206,"enh1","ENSG00000136828"
2207,"enh14","ENSG00000173039"
2208,"enh4","ENSG00000196152"
2209,"enh14","ENSG00000014138"
2210,"enh1","ENSG00000067596"
2211,"enh11","ENSG00000064607"
2212,"enh14","ENSG00000120913"
2213,"enh8","ENSG00000140859"
2214,"enh4","ENSG00000189195"
2215,"enh1","ENSG00000120896"
2216,"enh5","ENSG00000167747"
2217,"enh8","ENSG00000175573"
2218,"enh9","ENSG00000133059"
2219,"enh6","ENSG00000165698"
2220,"enh1","ENSG00000087263"
2221,"enh8","ENSG00000223802"
2222,"enh2","ENSG00000147669"
2223,"enh4","ENSG00000196188"
2224,"enh14","ENSG00000144134"
2225,"enh5","ENSG00000117625"
2226,"enh8","ENSG00000167113"
2227,"enh10","ENSG00000115286"
2228,"enh6","ENSG00000136932"
2229,"enh9","ENSG00000136938"
2230,"enh5","ENSG00000165138"
2231,"enh4","ENSG00000169136"
2232,"enh10","ENSG00000103005"
2233,"enh11","ENSG00000176890"
2234,"enh11","ENSG00000153107"
2235,"enh14","ENSG00000120656"
2236,"enh4","ENSG00000141933"
2237,"enh7","ENSG00000174529"
2238,"enh5","ENSG00000203705"
2239,"enh1","ENSG00000133059"
2240,"enh4","ENSG00000119333"
2241,"enh14","ENSG00000196312"
2242,"enh2","ENSG00000161692"
2243,"enh8","ENSG00000136877"
2244,"enh4","ENSG00000198858"
2245,"enh8","ENSG00000155380"
2246,"enh1","ENSG00000135046"
2247,"enh5","ENSG00000125630"
2248,"enh13","ENSG00000160161"
2249,"enh8","ENSG00000148300"
2250,"enh6","ENSG00000064490"
2251,"enh9","ENSG00000174950"
2252,"enh3","ENSG00000136874"
2253,"enh6","ENSG00000181896"
2254,"enh12","ENSG00000171940"
2255,"enh5","ENSG00000185761"
2256,"enh4","ENSG00000004939"
2257,"enh2","ENSG00000155380"
2258,"enh10","ENSG00000087365"
2259,"enh10","ENSG00000198840"
2260,"enh6","ENSG00000160318"
2261,"enh11","ENSG00000238227"
2262,"enh10","ENSG00000196188"
2263,"enh8","ENSG00000186185"
2264,"enh6","ENSG00000175707"
2265,"enh3","ENSG00000175906"
2266,"enh5","ENSG00000120889"
2267,"enh6","ENSG00000064687"
2268,"enh13","ENSG00000135046"
2269,"enh12","ENSG00000129911"
2270,"enh4","ENSG00000069482"
2271,"enh1","ENSG00000146670"
2272,"enh6","ENSG00000104946"
2273,"enh11","ENSG00000163291"
2274,"enh9","ENSG00000171169"
2275,"enh9","ENSG00000134330"
2276,"enh1","ENSG00000136856"
2277,"enh1","ENSG00000197816"
2278,"enh13","ENSG00000158195"
2279,"enh6","ENSG00000196312"
2280,"enh5","ENSG00000148297"
2281,"enh13","ENSG00000228300"
2282,"enh11","ENSG00000130511"
2283,"enh14","ENSG00000099624"
2284,"enh7","ENSG00000120656"
2285,"enh11","ENSG00000101132"
2286,"enh10","ENSG00000175707"
2287,"enh6","ENSG00000160360"
2288,"enh12","ENSG00000160445"
2289,"enh3","ENSG00000148339"
2290,"enh8","ENSG00000064666"
2291,"enh2","ENSG00000119185"
2292,"enh11","ENSG00000138756"
2293,"enh11","ENSG00000174903"
2294,"enh5","ENSG00000065268"
2295,"enh11","ENSG00000149798"
2296,"enh14","ENSG00000131408"
2297,"enh4","ENSG00000148300"
2298,"enh10","ENSG00000162300"
2299,"enh4","ENSG00000160293"
2300,"enh12","ENSG00000106976"
2301,"enh8","ENSG00000172775"
2302,"enh13","ENSG00000140859"
2303,"enh11","ENSG00000115756"
2304,"enh3","ENSG00000175221"
2305,"enh7","ENSG00000167491"
2306,"enh9","ENSG00000004939"
2307,"enh13","ENSG00000108852"
2308,"enh12","ENSG00000144130"
2309,"enh13","ENSG00000152061"
2310,"enh9","ENSG00000186806"
2311,"enh13","ENSG00000070770"
2312,"enh10","ENSG00000106991"
2313,"enh7","ENSG00000130560"
2314,"enh7","ENSG00000142765"
2315,"enh7","ENSG00000174996"
2316,"enh8","ENSG00000136937"
2317,"enh11","ENSG00000152061"
2318,"enh1","ENSG00000105701"
2319,"enh2","ENSG00000158941"
2320,"enh11","ENSG00000115257"
2321,"enh12","ENSG00000142544"
2322,"enh8","ENSG00000062822"
2323,"enh6","ENSG00000106799"
2324,"enh1","ENSG00000148288"
2325,"enh4","ENSG00000105655"
2326,"enh12","ENSG00000106785"
2327,"enh8","ENSG00000102900"
2328,"enh10","ENSG00000160404"
2329,"enh9","ENSG00000203705"
2330,"enh10","ENSG00000196116"
2331,"enh3","ENSG00000105383"
2332,"enh14","ENSG00000136807"
2333,"enh9","ENSG00000105383"
2334,"enh4","ENSG00000158715"
2335,"enh6","ENSG00000135736"
2336,"enh6","ENSG00000162976"
2337,"enh5","ENSG00000117280"
2338,"enh12","ENSG00000115084"
2339,"enh1","ENSG00000125482"
2340,"enh8","ENSG00000167005"
2341,"enh9","ENSG00000213221"
2342,"enh4","ENSG00000167112"
2343,"enh12","ENSG00000126705"
2344,"enh2","ENSG00000141349"
2345,"enh3","ENSG00000140859"
2346,"enh3","ENSG00000165688"
2347,"enh12","ENSG00000105726"
2348,"enh3","ENSG00000108883"
2349,"enh7","ENSG00000213023"
2350,"enh2","ENSG00000140854"
2351,"enh5","ENSG00000136682"
2352,"enh2","ENSG00000133884"
2353,"enh13","ENSG00000198417"
2354,"enh5","ENSG00000168056"
2355,"enh12","ENSG00000105701"
2356,"enh13","ENSG00000203705"
2357,"enh6","ENSG00000119559"
2358,"enh8","ENSG00000130772"
2359,"enh9","ENSG00000119333"
2360,"enh7","ENSG00000117592"
2361,"enh7","ENSG00000196422"
2362,"enh1","ENSG00000138756"
2363,"enh9","ENSG00000142528"
2364,"enh11","ENSG00000105655"
2365,"enh14","ENSG00000105053"
2366,"enh14","ENSG00000171219"
2367,"enh4","ENSG00000149792"
2368,"enh8","ENSG00000140848"
2369,"enh5","ENSG00000144136"
2370,"enh8","ENSG00000090020"
2371,"enh3","ENSG00000168062"
2372,"enh7","ENSG00000117266"
2373,"enh12","ENSG00000170385"
2374,"enh7","ENSG00000148303"
2375,"enh8","ENSG00000136936"
2376,"enh4","ENSG00000144136"
2377,"enh13","ENSG00000120889"
2378,"enh2","ENSG00000104886"
2379,"enh12","ENSG00000125611"
2380,"enh7","ENSG00000165699"
2381,"enh6","ENSG00000162873"
2382,"enh7","ENSG00000133884"
2383,"enh10","ENSG00000134318"
2384,"enh5","ENSG00000189195"
2385,"enh12","ENSG00000148288"
2386,"enh9","ENSG00000005194"
2387,"enh2","ENSG00000064666"
2388,"enh1","ENSG00000213638"
2389,"enh2","ENSG00000136943"
2390,"enh10","ENSG00000136908"
2391,"enh2","ENSG00000213221"
2392,"enh7","ENSG00000051108"
2393,"enh11","ENSG00000186185"
2394,"enh2","ENSG00000165689"
2395,"enh13","ENSG00000167005"
2396,"enh11","ENSG00000140848"
2397,"enh11","ENSG00000167110"
2398,"enh5","ENSG00000125124"
2399,"enh1","ENSG00000168591"
2400,"enh9","ENSG00000125148"
2401,"enh10","ENSG00000168062"
2402,"enh14","ENSG00000064545"
2403,"enh1","ENSG00000130560"
2404,"enh10","ENSG00000104689"
2405,"enh6","ENSG00000064932"
2406,"enh8","ENSG00000105708"
2407,"enh2","ENSG00000175115"
2408,"enh13","ENSG00000122140"
2409,"enh2","ENSG00000235034"
2410,"enh14","ENSG00000168591"
2411,"enh4","ENSG00000186010"
2412,"enh5","ENSG00000115758"
2413,"enh12","ENSG00000167114"
2414,"enh6","ENSG00000136925"
2415,"enh4","ENSG00000152527"
2416,"enh5","ENSG00000064545"
2417,"enh9","ENSG00000160293"
2418,"enh6","ENSG00000066027"
2419,"enh7","ENSG00000136448"
2420,"enh1","ENSG00000148411"
2421,"enh9","ENSG00000152061"
2422,"enh2","ENSG00000250067"
2423,"enh10","ENSG00000174529"
2424,"enh7","ENSG00000082512"
2425,"enh14","ENSG00000160325"
2426,"enh7","ENSG00000129933"
2427,"enh13","ENSG00000196422"
2428,"enh9","ENSG00000148290"
2429,"enh1","ENSG00000133065"
2430,"enh2","ENSG00000006016"
2431,"enh4","ENSG00000127540"
2432,"enh3","ENSG00000136929"
2433,"enh6","ENSG00000115286"
2434,"enh2","ENSG00000171848"
2435,"enh13","ENSG00000070404"
2436,"enh1","ENSG00000136895"
2437,"enh4","ENSG00000186185"
2438,"enh7","ENSG00000129911"
2439,"enh9","ENSG00000107290"
2440,"enh6","ENSG00000130775"
2441,"enh2","ENSG00000099875"
2442,"enh14","ENSG00000196961"
2443,"enh3","ENSG00000091947"
2444,"enh8","ENSG00000186010"
2445,"enh8","ENSG00000068831"
2446,"enh6","ENSG00000198786"
2447,"enh3","ENSG00000176890"
2448,"enh1","ENSG00000174684"
2449,"enh10","ENSG00000167110"
2450,"enh1","ENSG00000169136"
2451,"enh6","ENSG00000167118"
2452,"enh1","ENSG00000135870"
2453,"enh1","ENSG00000142186"
2454,"enh6","ENSG00000196422"
2455,"enh9","ENSG00000162241"
2456,"enh2","ENSG00000130270"
2457,"enh7","ENSG00000186566"
2458,"enh13","ENSG00000105671"
2459,"enh6","ENSG00000119514"
2460,"enh11","ENSG00000117751"
2461,"enh13","ENSG00000160271"
2462,"enh1","ENSG00000107290"
2463,"enh7","ENSG00000143476"
2464,"enh2","ENSG00000008853"
2465,"enh13","ENSG00000103005"
2466,"enh3","ENSG00000105701"
2467,"enh14","ENSG00000228300"
2468,"enh10","ENSG00000174996"
2469,"enh3","ENSG00000125637"
2470,"enh11","ENSG00000160404"
2471,"enh7","ENSG00000174744"
2472,"enh1","ENSG00000115084"
2473,"enh1","ENSG00000171169"
2474,"enh11","ENSG00000064932"
2475,"enh2","ENSG00000125485"
2476,"enh10","ENSG00000125630"
2477,"enh11","ENSG00000142751"
2478,"enh14","ENSG00000130772"
2479,"enh13","ENSG00000148339"
2480,"enh14","ENSG00000173442"
2481,"enh14","ENSG00000108852"
2482,"enh11","ENSG00000175602"
2483,"enh1","ENSG00000167747"
2484,"enh9","ENSG00000117592"
2485,"enh13","ENSG00000172059"
2486,"enh10","ENSG00000175602"
2487,"enh11","ENSG00000008853"
2488,"enh6","ENSG00000185278"
2489,"enh13","ENSG00000174529"
2490,"enh14","ENSG00000070761"
2491,"enh3","ENSG00000099804"
2492,"enh6","ENSG00000064545"
2493,"enh14","ENSG00000095383"
2494,"enh1","ENSG00000167113"
2495,"enh11","ENSG00000256771"
2496,"enh1","ENSG00000122482"
2497,"enh7","ENSG00000119523"
2498,"enh9","ENSG00000162769"
2499,"enh11","ENSG00000148300"
2500,"enh10","ENSG00000162769"
2501,"enh4","ENSG00000104689"
2502,"enh14","ENSG00000136682"
2503,"enh3","ENSG00000107021"
2504,"enh4","ENSG00000099864"
2505,"enh12","ENSG00000070404"
2506,"enh9","ENSG00000187024"
2507,"enh10","ENSG00000174950"
2508,"enh4","ENSG00000104973"
2509,"enh11","ENSG00000148290"
2510,"enh7","ENSG00000068976"
2511,"enh10","ENSG00000166188"
2512,"enh7","ENSG00000125611"
2513,"enh6","ENSG00000013306"
2514,"enh2","ENSG00000158715"
2515,"enh7","ENSG00000099622"
2516,"enh6","ENSG00000102900"
2517,"enh10","ENSG00000213988"
2518,"enh3","ENSG00000171940"
2519,"enh3","ENSG00000119514"
2520,"enh2","ENSG00000227500"
2521,"enh12","ENSG00000130511"
2522,"enh6","ENSG00000125170"
2523,"enh14","ENSG00000182087"
2524,"enh12","ENSG00000095380"
2525,"enh6","ENSG00000136856"
2526,"enh7","ENSG00000123684"
2527,"enh12","ENSG00000064932"
2528,"enh13","ENSG00000105701"
2529,"enh8","ENSG00000127540"
2530,"enh2","ENSG00000127540"
2531,"enh5","ENSG00000140848"
2532,"enh13","ENSG00000115756"
2533,"enh4","ENSG00000105053"
2534,"enh12","ENSG00000105053"
2535,"enh13","ENSG00000198746"
2536,"enh14","ENSG00000135821"
2537,"enh8","ENSG00000105717"
2538,"enh6","ENSG00000144134"
2539,"enh11","ENSG00000105708"
2540,"enh13","ENSG00000149823"
2541,"enh9","ENSG00000213023"
2542,"enh13","ENSG00000158711"
2543,"enh14","ENSG00000125170"
2544,"enh12","ENSG00000167110"
2545,"enh2","ENSG00000129951"
2546,"enh8","ENSG00000148339"
2547,"enh4","ENSG00000196415"
2548,"enh4","ENSG00000186566"
2549,"enh12","ENSG00000131400"
2550,"enh6","ENSG00000148303"
2551,"enh9","ENSG00000196116"
2552,"enh1","ENSG00000168062"
2553,"enh5","ENSG00000117222"
2554,"enh8","ENSG00000130005"
2555,"enh8","ENSG00000117601"
2556,"enh12","ENSG00000133895"
2557,"enh9","ENSG00000116014"
2558,"enh11","ENSG00000196683"
2559,"enh2","ENSG00000198840"
2560,"enh8","ENSG00000071626"
2561,"enh9","ENSG00000108849"
2562,"enh3","ENSG00000130559"
2563,"enh5","ENSG00000160404"
2564,"enh11","ENSG00000105383"
2565,"enh4","ENSG00000253368"
2566,"enh5","ENSG00000167113"
2567,"enh8","ENSG00000071655"
2568,"enh9","ENSG00000068971"
2569,"enh13","ENSG00000135821"
2570,"enh14","ENSG00000177125"
2571,"enh11","ENSG00000197217"
2572,"enh10","ENSG00000102931"
2573,"enh13","ENSG00000161677"
2574,"enh1","ENSG00000119203"
2575,"enh14","ENSG00000148291"
2576,"enh14","ENSG00000134317"
2577,"enh8","ENSG00000160325"
2578,"enh6","ENSG00000223802"
2579,"enh7","ENSG00000136932"
2580,"enh3","ENSG00000120656"
2581,"enh12","ENSG00000134317"
2582,"enh14","ENSG00000167747"
2583,"enh8","ENSG00000159648"
2584,"enh6","ENSG00000095383"
2585,"enh13","ENSG00000141933"
2586,"enh11","ENSG00000108849"
2587,"enh6","ENSG00000174903"
2588,"enh3","ENSG00000189195"
2589,"enh14","ENSG00000153214"
2590,"enh13","ENSG00000117625"
2591,"enh3","ENSG00000177125"
2592,"enh9","ENSG00000095380"
2593,"enh2","ENSG00000198417"
2594,"enh10","ENSG00000167748"
2595,"enh7","ENSG00000126391"
2596,"enh13","ENSG00000136682"
2597,"enh11","ENSG00000105556"
2598,"enh13","ENSG00000180198"
2599,"enh6","ENSG00000162878"
2600,"enh13","ENSG00000087263"
2601,"enh3","ENSG00000142784"
2602,"enh3","ENSG00000160404"
2603,"enh8","ENSG00000105383"
2604,"enh3","ENSG00000064545"
2605,"enh11","ENSG00000119514"
2606,"enh8","ENSG00000161682"
2607,"enh5","ENSG00000171940"
2608,"enh13","ENSG00000133059"
2609,"enh7","ENSG00000181588"
2610,"enh3","ENSG00000062822"
2611,"enh9","ENSG00000169607"
2612,"enh6","ENSG00000106803"
2613,"enh14","ENSG00000095380"
2614,"enh3","ENSG00000213024"
2615,"enh6","ENSG00000175467"
2616,"enh13","ENSG00000130270"
2617,"enh5","ENSG00000102931"
2618,"enh8","ENSG00000008853"
2619,"enh8","ENSG00000185278"
2620,"enh13","ENSG00000143924"
2621,"enh4","ENSG00000158941"
2622,"enh13","ENSG00000119514"
2623,"enh7","ENSG00000107021"
2624,"enh11","ENSG00000125170"
2625,"enh7","ENSG00000105497"
2626,"enh2","ENSG00000135736"
2627,"enh10","ENSG00000115944"
2628,"enh9","ENSG00000136854"
2629,"enh9","ENSG00000104689"
2630,"enh13","ENSG00000197958"
2631,"enh13","ENSG00000108312"
2632,"enh4","ENSG00000162976"
2633,"enh1","ENSG00000167470"
2634,"enh13","ENSG00000142784"
2635,"enh8","ENSG00000105676"
2636,"enh10","ENSG00000175294"
2637,"enh4","ENSG00000125170"
2638,"enh13","ENSG00000172922"
2639,"enh1","ENSG00000159579"
2640,"enh1","ENSG00000144134"
2641,"enh1","ENSG00000005961"
2642,"enh13","ENSG00000126709"
2643,"enh7","ENSG00000165661"
2644,"enh2","ENSG00000117222"
2645,"enh6","ENSG00000171159"
2646,"enh9","ENSG00000160271"
2647,"enh10","ENSG00000065268"
2648,"enh2","ENSG00000105708"
2649,"enh4","ENSG00000169607"
2650,"enh4","ENSG00000174871"
2651,"enh13","ENSG00000196152"
2652,"enh10","ENSG00000253368"
2653,"enh7","ENSG00000136908"
2654,"enh8","ENSG00000125618"
2655,"enh13","ENSG00000116014"
2656,"enh10","ENSG00000162873"
2657,"enh1","ENSG00000196188"
2658,"enh5","ENSG00000160360"
2659,"enh1","ENSG00000174669"
2660,"enh11","ENSG00000129968"
2661,"enh2","ENSG00000136925"
2662,"enh13","ENSG00000140854"
2663,"enh11","ENSG00000136895"
2664,"enh4","ENSG00000122140"
2665,"enh11","ENSG00000102900"
2666,"enh9","ENSG00000087263"
2667,"enh1","ENSG00000213221"
2668,"enh10","ENSG00000068976"
2669,"enh13","ENSG00000182963"
2670,"enh9","ENSG00000198917"
2671,"enh12","ENSG00000160953"
2672,"enh7","ENSG00000197540"
2673,"enh10","ENSG00000136874"
2674,"enh7","ENSG00000180340"
2675,"enh8","ENSG00000130768"
2676,"enh9","ENSG00000163297"
2677,"enh1","ENSG00000173039"
2678,"enh8","ENSG00000136448"
2679,"enh4","ENSG00000177125"
2680,"enh9","ENSG00000172081"
2681,"enh5","ENSG00000238227"
2682,"enh3","ENSG00000070388"
2683,"enh4","ENSG00000167747"
2684,"enh4","ENSG00000148248"
2685,"enh11","ENSG00000174871"
2686,"enh7","ENSG00000161647"
2687,"enh1","ENSG00000180329"
2688,"enh4","ENSG00000115944"
2689,"enh9","ENSG00000172775"
2690,"enh6","ENSG00000186566"
2691,"enh14","ENSG00000167118"
2692,"enh7","ENSG00000148288"
2693,"enh2","ENSG00000119392"
2694,"enh12","ENSG00000173465"
2695,"enh12","ENSG00000196415"
2696,"enh10","ENSG00000130772"
2697,"enh11","ENSG00000167748"
2698,"enh13","ENSG00000138772"
2699,"enh6","ENSG00000090273"
2700,"enh12","ENSG00000107372"
2701,"enh1","ENSG00000186806"
2702,"enh13","ENSG00000197217"
2703,"enh10","ENSG00000099624"
2704,"enh14","ENSG00000147439"
2705,"enh3","ENSG00000136932"
2706,"enh13","ENSG00000165661"
2707,"enh8","ENSG00000169403"
2708,"enh7","ENSG00000110046"
2709,"enh2","ENSG00000122026"
2710,"enh7","ENSG00000161692"
2711,"enh4","ENSG00000070404"
2712,"enh8","ENSG00000107290"
2713,"enh5","ENSG00000160318"
2714,"enh3","ENSG00000165702"
2715,"enh14","ENSG00000142186"
2716,"enh10","ENSG00000130770"
2717,"enh3","ENSG00000115268"
2718,"enh9","ENSG00000129946"
2719,"enh3","ENSG00000133243"
2720,"enh8","ENSG00000213638"
2721,"enh7","ENSG00000105379"
2722,"enh12","ENSG00000142733"
2723,"enh4","ENSG00000142733"
2724,"enh7","ENSG00000136830"
2725,"enh7","ENSG00000117748"
2726,"enh5","ENSG00000186501"
2727,"enh7","ENSG00000123685"
2728,"enh8","ENSG00000160161"
2729,"enh10","ENSG00000171159"
2730,"enh14","ENSG00000136854"
2731,"enh10","ENSG00000188554"
2732,"enh3","ENSG00000136895"
2733,"enh10","ENSG00000108852"
2734,"enh1","ENSG00000176890"
2735,"enh12","ENSG00000126709"
2736,"enh4","ENSG00000079313"
2737,"enh8","ENSG00000136807"
2738,"enh3","ENSG00000153208"
2739,"enh12","ENSG00000184988"
2740,"enh12","ENSG00000160271"
2741,"enh2","ENSG00000133065"
2742,"enh8","ENSG00000119335"
2743,"enh6","ENSG00000144130"
2744,"enh13","ENSG00000136854"
2745,"enh10","ENSG00000160161"
2746,"enh10","ENSG00000213023"
2747,"enh2","ENSG00000173465"
2748,"enh6","ENSG00000173442"
2749,"enh14","ENSG00000136830"
2750,"enh8","ENSG00000161714"
2751,"enh1","ENSG00000140859"
2752,"enh7","ENSG00000134318"
2753,"enh9","ENSG00000181773"
2754,"enh2","ENSG00000065000"
2755,"enh14","ENSG00000162300"
2756,"enh3","ENSG00000181513"
2757,"enh13","ENSG00000070388"
2758,"enh7","ENSG00000105556"
2759,"enh10","ENSG00000105717"
2760,"enh11","ENSG00000180098"
2761,"enh8","ENSG00000167118"
2762,"enh8","ENSG00000160563"
2763,"enh12","ENSG00000102978"
2764,"enh10","ENSG00000165698"
2765,"enh4","ENSG00000119523"
2766,"enh2","ENSG00000172232"
2767,"enh7","ENSG00000153107"
2768,"enh8","ENSG00000108312"
2769,"enh14","ENSG00000099821"
2770,"enh3","ENSG00000115750"
2771,"enh9","ENSG00000104946"
2772,"enh11","ENSG00000106992"
2773,"enh11","ENSG00000176973"
2774,"enh8","ENSG00000005007"
2775,"enh2","ENSG00000106991"
2776,"enh8","ENSG00000173442"
2777,"enh12","ENSG00000136874"
2778,"enh12","ENSG00000254470"
2779,"enh1","ENSG00000013306"
2780,"enh12","ENSG00000087263"
2781,"enh4","ENSG00000148296"
2782,"enh10","ENSG00000105556"
2783,"enh1","ENSG00000062822"
2784,"enh9","ENSG00000082512"
2785,"enh6","ENSG00000126705"
2786,"enh2","ENSG00000131409"
2787,"enh6","ENSG00000131400"
2788,"enh5","ENSG00000115257"
2789,"enh12","ENSG00000143924"
2790,"enh1","ENSG00000174516"
2791,"enh1","ENSG00000117751"
2792,"enh1","ENSG00000142784"
2793,"enh14","ENSG00000064687"
2794,"enh2","ENSG00000115084"
2795,"enh13","ENSG00000136929"
2796,"enh1","ENSG00000103021"
2797,"enh14","ENSG00000088682"
2798,"enh5","ENSG00000144161"
2799,"enh11","ENSG00000204673"
2800,"enh8","ENSG00000167487"
2801,"enh2","ENSG00000142751"
2802,"enh1","ENSG00000185198"
2803,"enh4","ENSG00000087263"
2804,"enh7","ENSG00000115286"
2805,"enh12","ENSG00000167468"
2806,"enh2","ENSG00000167106"
2807,"enh5","ENSG00000142765"
2808,"enh13","ENSG00000196188"
2809,"enh14","ENSG00000105708"
2810,"enh8","ENSG00000167748"
2811,"enh10","ENSG00000105708"
2812,"enh6","ENSG00000125618"
2813,"enh2","ENSG00000169288"
2814,"enh11","ENSG00000067596"
2815,"enh11","ENSG00000162669"
2816,"enh14","ENSG00000149823"
2817,"enh11","ENSG00000165684"
2818,"enh13","ENSG00000172270"
2819,"enh12","ENSG00000165138"
2820,"enh2","ENSG00000160161"
2821,"enh10","ENSG00000161692"
2822,"enh4","ENSG00000039650"
2823,"enh7","ENSG00000149806"
2824,"enh12","ENSG00000133243"
2825,"enh1","ENSG00000130766"
2826,"enh8","ENSG00000116017"
2827,"enh10","ENSG00000099875"
2828,"enh5","ENSG00000141933"
2829,"enh7","ENSG00000167118"
2830,"enh9","ENSG00000160446"
2831,"enh14","ENSG00000105705"
2832,"enh9","ENSG00000174871"
2833,"enh4","ENSG00000198417"
2834,"enh11","ENSG00000189195"
2835,"enh12","ENSG00000168067"
2836,"enh14","ENSG00000013306"
2837,"enh14","ENSG00000175832"
2838,"enh14","ENSG00000115756"
2839,"enh14","ENSG00000122140"
2840,"enh13","ENSG00000130772"
2841,"enh4","ENSG00000160445"
2842,"enh11","ENSG00000158715"
2843,"enh4","ENSG00000115286"
2844,"enh10","ENSG00000167118"
2845,"enh6","ENSG00000119333"
2846,"enh11","ENSG00000160318"
2847,"enh5","ENSG00000159579"
2848,"enh9","ENSG00000169288"
2849,"enh6","ENSG00000099804"
2850,"enh7","ENSG00000254470"
2851,"enh6","ENSG00000069482"
2852,"enh4","ENSG00000148334"
2853,"enh5","ENSG00000172775"
2854,"enh12","ENSG00000148296"
2855,"enh7","ENSG00000181035"
2856,"enh8","ENSG00000162873"
2857,"enh2","ENSG00000238227"
2858,"enh4","ENSG00000129968"
2859,"enh8","ENSG00000167747"
2860,"enh11","ENSG00000071655"
2861,"enh3","ENSG00000115944"
2862,"enh6","ENSG00000117758"
2863,"enh5","ENSG00000165092"
2864,"enh9","ENSG00000161682"
2865,"enh7","ENSG00000119125"
2866,"enh10","ENSG00000198746"
2867,"enh3","ENSG00000136448"
2868,"enh7","ENSG00000095383"
2869,"enh2","ENSG00000175294"
2870,"enh9","ENSG00000173825"
2871,"enh9","ENSG00000153214"
2872,"enh3","ENSG00000064607"
2873,"enh3","ENSG00000115091"
2874,"enh5","ENSG00000198870"
2875,"enh7","ENSG00000189195"
2876,"enh8","ENSG00000134318"
2877,"enh10","ENSG00000165689"
2878,"enh14","ENSG00000138767"
2879,"enh8","ENSG00000213988"
2880,"enh9","ENSG00000167112"
2881,"enh1","ENSG00000126705"
2882,"enh12","ENSG00000172059"
2883,"enh8","ENSG00000119125"
2884,"enh14","ENSG00000175376"
2885,"enh7","ENSG00000064787"
2886,"enh11","ENSG00000146670"
2887,"enh7","ENSG00000115944"
2888,"enh9","ENSG00000106991"
2889,"enh1","ENSG00000172992"
2890,"enh3","ENSG00000188554"
2891,"enh8","ENSG00000187840"
2892,"enh4","ENSG00000141934"
2893,"enh3","ENSG00000186501"
2894,"enh4","ENSG00000108312"
2895,"enh10","ENSG00000238227"
2896,"enh9","ENSG00000149792"
2897,"enh7","ENSG00000122026"
2898,"enh11","ENSG00000136842"
2899,"enh4","ENSG00000134318"
2900,"enh6","ENSG00000117650"
2901,"enh7","ENSG00000133895"
2902,"enh11","ENSG00000174276"
2903,"enh13","ENSG00000148308"
2904,"enh8","ENSG00000134330"
2905,"enh4","ENSG00000117222"
2906,"enh14","ENSG00000176890"
2907,"enh4","ENSG00000167491"
2908,"enh2","ENSG00000133059"
2909,"enh5","ENSG00000106789"
2910,"enh6","ENSG00000115257"
2911,"enh1","ENSG00000069482"
2912,"enh2","ENSG00000088682"
2913,"enh1","ENSG00000213023"
2914,"enh2","ENSG00000070770"
2915,"enh5","ENSG00000159648"
2916,"enh13","ENSG00000079313"
2917,"enh7","ENSG00000135046"
2918,"enh3","ENSG00000123685"
2919,"enh12","ENSG00000153208"
2920,"enh2","ENSG00000149809"
2921,"enh12","ENSG00000126698"
2922,"enh2","ENSG00000148337"
2923,"enh7","ENSG00000196188"
2924,"enh8","ENSG00000175906"
2925,"enh3","ENSG00000125319"
2926,"enh8","ENSG00000197540"
2927,"enh11","ENSG00000136929"
2928,"enh14","ENSG00000117266"
2929,"enh12","ENSG00000105669"
2930,"enh14","ENSG00000134330"
2931,"enh10","ENSG00000116017"
2932,"enh12","ENSG00000129946"
2933,"enh8","ENSG00000088682"
2934,"enh3","ENSG00000180340"
2935,"enh3","ENSG00000172232"
2936,"enh11","ENSG00000105700"
2937,"enh10","ENSG00000106789"
2938,"enh9","ENSG00000175115"
2939,"enh14","ENSG00000167748"
2940,"enh4","ENSG00000125630"
2941,"enh6","ENSG00000106785"
2942,"enh8","ENSG00000115944"
2943,"enh9","ENSG00000186566"
2944,"enh3","ENSG00000152527"
2945,"enh13","ENSG00000006015"
2946,"enh1","ENSG00000184162"
2947,"enh14","ENSG00000174842"
2948,"enh14","ENSG00000163291"
2949,"enh10","ENSG00000136877"
2950,"enh11","ENSG00000057935"
2951,"enh9","ENSG00000051108"
2952,"enh6","ENSG00000196550"
2953,"enh13","ENSG00000136828"
2954,"enh3","ENSG00000197766"
2955,"enh9","ENSG00000172977"
2956,"enh1","ENSG00000138772"
2957,"enh3","ENSG00000151694"
2958,"enh6","ENSG00000106976"
2959,"enh3","ENSG00000185761"
2960,"enh14","ENSG00000099817"
2961,"enh9","ENSG00000153107"
2962,"enh14","ENSG00000099840"
2963,"enh8","ENSG00000117697"
2964,"enh4","ENSG00000130770"
2965,"enh12","ENSG00000125618"
2966,"enh7","ENSG00000171940"
2967,"enh11","ENSG00000160326"
2968,"enh4","ENSG00000065268"
2969,"enh3","ENSG00000159579"
2970,"enh7","ENSG00000174606"
2971,"enh2","ENSG00000254901"
2972,"enh5","ENSG00000105374"
2973,"enh13","ENSG00000065000"
2974,"enh11","ENSG00000133884"
2975,"enh10","ENSG00000130775"
2976,"enh5","ENSG00000125611"
2977,"enh4","ENSG00000213023"
2978,"enh8","ENSG00000180340"
2979,"enh13","ENSG00000005007"
2980,"enh7","ENSG00000006015"
2981,"enh9","ENSG00000011304"
2982,"enh14","ENSG00000071626"
2983,"enh10","ENSG00000254986"
2984,"enh6","ENSG00000090020"
2985,"enh9","ENSG00000119125"
2986,"enh10","ENSG00000174903"
2987,"enh12","ENSG00000133065"
2988,"enh5","ENSG00000105696"
2989,"enh6","ENSG00000167113"
2990,"enh12","ENSG00000130766"
2991,"enh10","ENSG00000197958"
2992,"enh9","ENSG00000115758"
2993,"enh11","ENSG00000148288"
2994,"enh2","ENSG00000106789"
2995,"enh9","ENSG00000175906"
2996,"enh12","ENSG00000136840"
2997,"enh12","ENSG00000135046"
2998,"enh13","ENSG00000105669"
2999,"enh10","ENSG00000167487"
3000,"enh12","ENSG00000204291"
3001,"enh12","ENSG00000172775"
3002,"enh13","ENSG00000169288"
3003,"enh9","ENSG00000126391"
3004,"enh13","ENSG00000213638"
3005,"enh12","ENSG00000102931"
3006,"enh1","ENSG00000160318"
3007,"enh2","ENSG00000136828"
3008,"enh14","ENSG00000105726"
3009,"enh13","ENSG00000099875"
3010,"enh1","ENSG00000070388"
3011,"enh4","ENSG00000119125"
3012,"enh11","ENSG00000135870"
3013,"enh8","ENSG00000108861"
3014,"enh10","ENSG00000125170"
3015,"enh6","ENSG00000065000"
3016,"enh5","ENSG00000104897"
3017,"enh2","ENSG00000064490"
3018,"enh6","ENSG00000104885"
3019,"enh8","ENSG00000197694"
3020,"enh13","ENSG00000149806"
3021,"enh9","ENSG00000241852"
3022,"enh2","ENSG00000159648"
3023,"enh2","ENSG00000144161"
3024,"enh6","ENSG00000107290"
3025,"enh9","ENSG00000142186"
3026,"enh8","ENSG00000125485"
3027,"enh12","ENSG00000140859"
3028,"enh14","ENSG00000187840"
3029,"enh9","ENSG00000125630"
3030,"enh8","ENSG00000175115"
3031,"enh14","ENSG00000170385"
3032,"enh11","ENSG00000119203"
3033,"enh12","ENSG00000213988"
3034,"enh2","ENSG00000066027"
3035,"enh13","ENSG00000148297"
3036,"enh6","ENSG00000166188"
3037,"enh8","ENSG00000100316"
3038,"enh1","ENSG00000169607"
3039,"enh6","ENSG00000119185"
3040,"enh14","ENSG00000136874"
3041,"enh7","ENSG00000173442"
3042,"enh12","ENSG00000143476"
3043,"enh9","ENSG00000161671"
3044,"enh14","ENSG00000184162"
3045,"enh13","ENSG00000213465"
3046,"enh8","ENSG00000120913"
3047,"enh1","ENSG00000011304"
3048,"enh11","ENSG00000117625"
3049,"enh12","ENSG00000087152"
3050,"enh4","ENSG00000180198"
3051,"enh7","ENSG00000174669"
3052,"enh2","ENSG00000122482"
3053,"enh3","ENSG00000141933"
3054,"enh11","ENSG00000125124"
3055,"enh1","ENSG00000160408"
3056,"enh7","ENSG00000136943"
3057,"enh2","ENSG00000105656"
3058,"enh11","ENSG00000175707"
3059,"enh14","ENSG00000172500"
3060,"enh10","ENSG00000070423"
3061,"enh10","ENSG00000170385"
3062,"enh3","ENSG00000141349"
3063,"enh4","ENSG00000162300"
3064,"enh9","ENSG00000144134"
3065,"enh8","ENSG00000160445"
3066,"enh8","ENSG00000138767"
3067,"enh14","ENSG00000138756"
3068,"enh7","ENSG00000119514"
3069,"enh10","ENSG00000148337"
3070,"enh3","ENSG00000133069"
3071,"enh13","ENSG00000141349"
3072,"enh2","ENSG00000148334"
3073,"enh5","ENSG00000148248"
3074,"enh13","ENSG00000067596"
3075,"enh2","ENSG00000099821"
3076,"enh7","ENSG00000122140"
3077,"enh6","ENSG00000172081"
3078,"enh13","ENSG00000004939"
3079,"enh5","ENSG00000182087"
3080,"enh6","ENSG00000125485"
3081,"enh12","ENSG00000162873"
3082,"enh7","ENSG00000167747"
3083,"enh10","ENSG00000165684"
3084,"enh8","ENSG00000153208"
3085,"enh14","ENSG00000115286"
3086,"enh14","ENSG00000119203"
3087,"enh3","ENSG00000136840"
3088,"enh12","ENSG00000198746"
3089,"enh9","ENSG00000151694"
3090,"enh3","ENSG00000162878"
3091,"enh10","ENSG00000168061"
3092,"enh3","ENSG00000131408"
3093,"enh14","ENSG00000156269"
3094,"enh5","ENSG00000172922"
3095,"enh11","ENSG00000181588"
3096,"enh14","ENSG00000213638"
3097,"enh7","ENSG00000104131"
3098,"enh10","ENSG00000117601"
3099,"enh14","ENSG00000131400"
3100,"enh10","ENSG00000005194"
3101,"enh10","ENSG00000136925"
3102,"enh9","ENSG00000051128"
3103,"enh6","ENSG00000158715"
3104,"enh12","ENSG00000122484"
3105,"enh7","ENSG00000165688"
3106,"enh9","ENSG00000197816"
3107,"enh9","ENSG00000136943"
3108,"enh4","ENSG00000159648"
3109,"enh10","ENSG00000104897"
3110,"enh6","ENSG00000160446"
3111,"enh8","ENSG00000057935"
3112,"enh9","ENSG00000235034"
3113,"enh9","ENSG00000136874"
3114,"enh14","ENSG00000198870"
3115,"enh1","ENSG00000143493"
3116,"enh9","ENSG00000160404"
3117,"enh7","ENSG00000106789"
3118,"enh9","ENSG00000144130"
3119,"enh2","ENSG00000103005"
3120,"enh14","ENSG00000148296"
3121,"enh1","ENSG00000119559"
3122,"enh7","ENSG00000108309"
3123,"enh13","ENSG00000204138"
3124,"enh7","ENSG00000168056"
3125,"enh4","ENSG00000165689"
3126,"enh8","ENSG00000160360"
3127,"enh5","ENSG00000105497"
3128,"enh8","ENSG00000172757"
3129,"enh12","ENSG00000167747"
3130,"enh10","ENSG00000129951"
3131,"enh7","ENSG00000105669"
3132,"enh13","ENSG00000005194"
3133,"enh5","ENSG00000213445"
3134,"enh9","ENSG00000099866"
3135,"enh10","ENSG00000012048"
3136,"enh5","ENSG00000126705"
3137,"enh8","ENSG00000235034"
3138,"enh3","ENSG00000175707"
3139,"enh3","ENSG00000014216"
3140,"enh14","ENSG00000134308"
3141,"enh8","ENSG00000105669"
3142,"enh9","ENSG00000174684"
3143,"enh11","ENSG00000115255"
3144,"enh8","ENSG00000153214"
3145,"enh14","ENSG00000006015"
3146,"enh9","ENSG00000143882"
3147,"enh2","ENSG00000138036"
3148,"enh7","ENSG00000156269"
3149,"enh10","ENSG00000169288"
3150,"enh7","ENSG00000165689"
3151,"enh10","ENSG00000115756"
3152,"enh6","ENSG00000173039"
3153,"enh14","ENSG00000068971"
3154,"enh11","ENSG00000082512"
3155,"enh8","ENSG00000185198"
3156,"enh13","ENSG00000106803"
3157,"enh14","ENSG00000169288"
3158,"enh2","ENSG00000108840"
3159,"enh12","ENSG00000105700"
3160,"enh1","ENSG00000039650"
3161,"enh2","ENSG00000174851"
3162,"enh12","ENSG00000254901"
3163,"enh7","ENSG00000141349"
3164,"enh8","ENSG00000188177"
3165,"enh7","ENSG00000162772"
3166,"enh11","ENSG00000051108"
3167,"enh2","ENSG00000136448"
3168,"enh12","ENSG00000115944"
3169,"enh10","ENSG00000167468"
3170,"enh12","ENSG00000144161"
3171,"enh7","ENSG00000134308"
3172,"enh11","ENSG00000131408"
3173,"enh8","ENSG00000120889"
3174,"enh11","ENSG00000115758"
3175,"enh2","ENSG00000013306"
3176,"enh4","ENSG00000198870"
3177,"enh11","ENSG00000141933"
3178,"enh11","ENSG00000172775"
3179,"enh11","ENSG00000136643"
3180,"enh3","ENSG00000129968"
3181,"enh12","ENSG00000149809"
3182,"enh12","ENSG00000175832"
3183,"enh1","ENSG00000181781"
3184,"enh7","ENSG00000134330"
3185,"enh6","ENSG00000133059"
3186,"enh9","ENSG00000136828"
3187,"enh7","ENSG00000136877"
3188,"enh13","ENSG00000174669"
3189,"enh5","ENSG00000160326"
3190,"enh1","ENSG00000148297"
3191,"enh10","ENSG00000123685"
3192,"enh2","ENSG00000104960"
3193,"enh3","ENSG00000102934"
3194,"enh8","ENSG00000196415"
3195,"enh4","ENSG00000125482"
3196,"enh9","ENSG00000147457"
3197,"enh13","ENSG00000171169"
3198,"enh3","ENSG00000198786"
3199,"enh13","ENSG00000104689"
3200,"enh7","ENSG00000105676"
3201,"enh8","ENSG00000163297"
3202,"enh14","ENSG00000167106"
3203,"enh8","ENSG00000142186"
3204,"enh3","ENSG00000185278"
3205,"enh5","ENSG00000123685"
3206,"enh1","ENSG00000105374"
3207,"enh13","ENSG00000099866"
3208,"enh11","ENSG00000175854"
3209,"enh14","ENSG00000181035"
3210,"enh9","ENSG00000148297"
3211,"enh14","ENSG00000130766"
3212,"enh4","ENSG00000117650"
3213,"enh10","ENSG00000108840"
3214,"enh4","ENSG00000168066"
3215,"enh10","ENSG00000144136"
3216,"enh7","ENSG00000238227"
3217,"enh7","ENSG00000173039"
3218,"enh11","ENSG00000125482"
3219,"enh9","ENSG00000030582"
3220,"enh6","ENSG00000213445"
3221,"enh3","ENSG00000119203"
3222,"enh7","ENSG00000106803"
3223,"enh13","ENSG00000133069"
3224,"enh12","ENSG00000142530"
3225,"enh5","ENSG00000106799"
3226,"enh12","ENSG00000138772"
3227,"enh3","ENSG00000163291"
3228,"enh2","ENSG00000175376"
3229,"enh10","ENSG00000006016"
3230,"enh13","ENSG00000185761"
3231,"enh5","ENSG00000125148"
3232,"enh11","ENSG00000013306"
3233,"enh12","ENSG00000152061"
3234,"enh8","ENSG00000135046"
3235,"enh1","ENSG00000129951"
3236,"enh3","ENSG00000089639"
3237,"enh6","ENSG00000143924"
3238,"enh2","ENSG00000117748"
3239,"enh10","ENSG00000172977"
3240,"enh4","ENSG00000168591"
3241,"enh4","ENSG00000071626"
3242,"enh2","ENSG00000158161"
3243,"enh14","ENSG00000115255"
3244,"enh13","ENSG00000175854"
3245,"enh11","ENSG00000163297"
3246,"enh11","ENSG00000120913"
3247,"enh8","ENSG00000197816"
3248,"enh11","ENSG00000106976"
3249,"enh12","ENSG00000160447"
3250,"enh9","ENSG00000181781"
3251,"enh3","ENSG00000068971"
3252,"enh7","ENSG00000142733"
3253,"enh1","ENSG00000152518"
3254,"enh12","ENSG00000203705"
3255,"enh6","ENSG00000174547"
3256,"enh5","ENSG00000102934"
3257,"enh4","ENSG00000008853"
3258,"enh2","ENSG00000204291"
3259,"enh8","ENSG00000051128"
3260,"enh10","ENSG00000130270"
3261,"enh13","ENSG00000148288"
3262,"enh14","ENSG00000133059"
3263,"enh9","ENSG00000125482"
3264,"enh1","ENSG00000105708"
3265,"enh5","ENSG00000213988"
3266,"enh1","ENSG00000122026"
3267,"enh13","ENSG00000174684"
3268,"enh14","ENSG00000120889"
3269,"enh13","ENSG00000254901"
3270,"enh9","ENSG00000134318"
3271,"enh6","ENSG00000160271"
3272,"enh14","ENSG00000165688"
3273,"enh9","ENSG00000099622"
3274,"enh11","ENSG00000105671"
3275,"enh5","ENSG00000099840"
3276,"enh12","ENSG00000187840"
3277,"enh5","ENSG00000221983"
3278,"enh1","ENSG00000172977"
3279,"enh14","ENSG00000148339"
3280,"enh5","ENSG00000149823"
3281,"enh1","ENSG00000117601"
3282,"enh12","ENSG00000162669"
3283,"enh3","ENSG00000131409"
3284,"enh12","ENSG00000174669"
3285,"enh1","ENSG00000105379"
3286,"enh4","ENSG00000175573"
3287,"enh4","ENSG00000141349"
3288,"enh13","ENSG00000198870"
3289,"enh13","ENSG00000174851"
3290,"enh9","ENSG00000166188"
3291,"enh5","ENSG00000104973"
3292,"enh7","ENSG00000127540"
3293,"enh10","ENSG00000171219"
3294,"enh5","ENSG00000160271"
3295,"enh11","ENSG00000180340"
3296,"enh8","ENSG00000174669"
3297,"enh3","ENSG00000176973"
3298,"enh4","ENSG00000167106"
3299,"enh3","ENSG00000159461"
3300,"enh12","ENSG00000125484"
3301,"enh14","ENSG00000162873"
3302,"enh3","ENSG00000136854"
3303,"enh9","ENSG00000125144"
3304,"enh9","ENSG00000009780"
3305,"enh8","ENSG00000148308"
3306,"enh11","ENSG00000197540"
3307,"enh12","ENSG00000171848"
3308,"enh3","ENSG00000148248"
3309,"enh14","ENSG00000119333"
3310,"enh2","ENSG00000125144"
3311,"enh1","ENSG00000105705"
3312,"enh13","ENSG00000196550"
3313,"enh8","ENSG00000158715"
3314,"enh8","ENSG00000103005"
3315,"enh1","ENSG00000196415"
3316,"enh9","ENSG00000071564"
3317,"enh6","ENSG00000119203"
3318,"enh9","ENSG00000117697"
3319,"enh4","ENSG00000099875"
3320,"enh2","ENSG00000136854"
3321,"enh2","ENSG00000196550"
3322,"enh3","ENSG00000213988"
3323,"enh8","ENSG00000105701"
3324,"enh12","ENSG00000196116"
3325,"enh12","ENSG00000099875"
3326,"enh4","ENSG00000136828"
3327,"enh11","ENSG00000120889"
3328,"enh5","ENSG00000185198"
3329,"enh2","ENSG00000099804"
3330,"enh3","ENSG00000161692"
3331,"enh10","ENSG00000181035"
3332,"enh6","ENSG00000254470"
3333,"enh2","ENSG00000160293"
3334,"enh7","ENSG00000204291"
3335,"enh7","ENSG00000175115"
3336,"enh12","ENSG00000196550"
3337,"enh5","ENSG00000172270"
3338,"enh6","ENSG00000172732"
3339,"enh11","ENSG00000136874"
3340,"enh1","ENSG00000064787"
3341,"enh10","ENSG00000136811"
3342,"enh7","ENSG00000198870"
3343,"enh3","ENSG00000186185"
3344,"enh12","ENSG00000148411"
3345,"enh1","ENSG00000030582"
3346,"enh10","ENSG00000102996"
3347,"enh11","ENSG00000107372"
3348,"enh1","ENSG00000099624"
3349,"enh5","ENSG00000142733"
3350,"enh6","ENSG00000174744"
3351,"enh7","ENSG00000183831"
3352,"enh4","ENSG00000087152"
3353,"enh5","ENSG00000147669"
3354,"enh9","ENSG00000172922"
3355,"enh5","ENSG00000136936"
3356,"enh1","ENSG00000125148"
3357,"enh3","ENSG00000117222"
3358,"enh11","ENSG00000070388"
3359,"enh5","ENSG00000256771"
3360,"enh11","ENSG00000171940"
3361,"enh9","ENSG00000173327"
3362,"enh6","ENSG00000148356"
3363,"enh10","ENSG00000162772"
3364,"enh3","ENSG00000204138"
3365,"enh11","ENSG00000160953"
3366,"enh4","ENSG00000064787"
3367,"enh9","ENSG00000103005"
3368,"enh9","ENSG00000158715"
3369,"enh4","ENSG00000167113"
3370,"enh7","ENSG00000144136"
3371,"enh4","ENSG00000174744"
3372,"enh12","ENSG00000006016"
3373,"enh2","ENSG00000133069"
3374,"enh11","ENSG00000030582"
3375,"enh7","ENSG00000138767"
3376,"enh11","ENSG00000235034"
3377,"enh10","ENSG00000196550"
3378,"enh11","ENSG00000147457"
3379,"enh10","ENSG00000184162"
3380,"enh1","ENSG00000105717"
3381,"enh8","ENSG00000135821"
3382,"enh7","ENSG00000134317"
3383,"enh6","ENSG00000167123"
3384,"enh13","ENSG00000138767"
3385,"enh6","ENSG00000172922"
3386,"enh7","ENSG00000136937"
3387,"enh7","ENSG00000136929"
3388,"enh11","ENSG00000066027"
3389,"enh13","ENSG00000105700"
3390,"enh1","ENSG00000125484"
3391,"enh5","ENSG00000108840"
3392,"enh2","ENSG00000197540"
3393,"enh14","ENSG00000089639"
3394,"enh3","ENSG00000180448"
3395,"enh4","ENSG00000126705"
3396,"enh7","ENSG00000117758"
3397,"enh14","ENSG00000062822"
3398,"enh12","ENSG00000125124"
3399,"enh6","ENSG00000120896"
3400,"enh6","ENSG00000204710"
3401,"enh3","ENSG00000148297"
3402,"enh13","ENSG00000068831"
3403,"enh5","ENSG00000174744"
3404,"enh8","ENSG00000106803"
3405,"enh3","ENSG00000099624"
3406,"enh14","ENSG00000181513"
3407,"enh4","ENSG00000115084"
3408,"enh9","ENSG00000064666"
3409,"enh1","ENSG00000184988"
3410,"enh12","ENSG00000173039"
3411,"enh14","ENSG00000155380"
3412,"enh10","ENSG00000133059"
3413,"enh6","ENSG00000135821"
3414,"enh8","ENSG00000117266"
3415,"enh2","ENSG00000115255"
3416,"enh1","ENSG00000103005"
3417,"enh10","ENSG00000149806"
3418,"enh14","ENSG00000168056"
3419,"enh5","ENSG00000180198"
3420,"enh14","ENSG00000160318"
3421,"enh14","ENSG00000171848"
3422,"enh12","ENSG00000102900"
3423,"enh5","ENSG00000254986"
3424,"enh6","ENSG00000117592"
3425,"enh9","ENSG00000159461"
3426,"enh8","ENSG00000142784"
3427,"enh7","ENSG00000172757"
3428,"enh8","ENSG00000149806"
3429,"enh7","ENSG00000136807"
3430,"enh9","ENSG00000144136"
3431,"enh14","ENSG00000162241"
3432,"enh3","ENSG00000131097"
3433,"enh7","ENSG00000125144"
3434,"enh13","ENSG00000180098"
3435,"enh14","ENSG00000126709"
3436,"enh13","ENSG00000131408"
3437,"enh13","ENSG00000181781"
3438,"enh5","ENSG00000186806"
3439,"enh13","ENSG00000104946"
3440,"enh14","ENSG00000167468"
3441,"enh14","ENSG00000076321"
3442,"enh8","ENSG00000129911"
3443,"enh1","ENSG00000163291"
3444,"enh7","ENSG00000166188"
3445,"enh14","ENSG00000105717"
3446,"enh4","ENSG00000176890"
3447,"enh5","ENSG00000197958"
3448,"enh6","ENSG00000142186"
3449,"enh14","ENSG00000120334"
3450,"enh4","ENSG00000165702"
3451,"enh2","ENSG00000131094"
3452,"enh13","ENSG00000106992"
3453,"enh9","ENSG00000156269"
3454,"enh12","ENSG00000125485"
3455,"enh6","ENSG00000187193"
3456,"enh4","ENSG00000142544"
3457,"enh12","ENSG00000250067"
3458,"enh9","ENSG00000119514"
3459,"enh12","ENSG00000142784"
3460,"enh13","ENSG00000130766"
3461,"enh1","ENSG00000188554"
3462,"enh13","ENSG00000196116"
3463,"enh5","ENSG00000227500"
3464,"enh2","ENSG00000141933"
3465,"enh2","ENSG00000160345"
3466,"enh11","ENSG00000174606"
3467,"enh2","ENSG00000167470"
3468,"enh14","ENSG00000175854"
3469,"enh12","ENSG00000136929"
3470,"enh5","ENSG00000140859"
3471,"enh2","ENSG00000126698"
3472,"enh13","ENSG00000014138"
3473,"enh3","ENSG00000011304"
3474,"enh13","ENSG00000136908"
3475,"enh2","ENSG00000119335"
3476,"enh11","ENSG00000174851"
3477,"enh11","ENSG00000099625"
3478,"enh9","ENSG00000099864"
3479,"enh5","ENSG00000104679"
3480,"enh13","ENSG00000104960"
3481,"enh12","ENSG00000064687"
3482,"enh11","ENSG00000168056"
3483,"enh14","ENSG00000165684"
3484,"enh4","ENSG00000120334"
3485,"enh5","ENSG00000165684"
3486,"enh4","ENSG00000174842"
3487,"enh7","ENSG00000009780"
3488,"enh3","ENSG00000160447"
3489,"enh13","ENSG00000196961"
3490,"enh10","ENSG00000120656"
3491,"enh4","ENSG00000104886"
3492,"enh10","ENSG00000159648"
3493,"enh14","ENSG00000104885"
3494,"enh12","ENSG00000130270"
3495,"enh7","ENSG00000167487"
3496,"enh10","ENSG00000005961"
3497,"enh9","ENSG00000104885"
3498,"enh8","ENSG00000135870"
3499,"enh6","ENSG00000172232"
3500,"enh12","ENSG00000065000"
3501,"enh12","ENSG00000161677"
3502,"enh3","ENSG00000162873"
3503,"enh12","ENSG00000181773"
3504,"enh7","ENSG00000068971"
3505,"enh11","ENSG00000070404"
3506,"enh9","ENSG00000175602"
3507,"enh13","ENSG00000142530"
3508,"enh9","ENSG00000130768"
3509,"enh6","ENSG00000120334"
3510,"enh13","ENSG00000174996"
3511,"enh12","ENSG00000228300"
3512,"enh6","ENSG00000143476"
3513,"enh2","ENSG00000105717"
3514,"enh9","ENSG00000160326"
3515,"enh13","ENSG00000152527"
3516,"enh9","ENSG00000070761"
3517,"enh14","ENSG00000099622"
3518,"enh14","ENSG00000142530"
3519,"enh8","ENSG00000204673"
3520,"enh12","ENSG00000114999"
3521,"enh12","ENSG00000008853"
3522,"enh2","ENSG00000117758"
3523,"enh7","ENSG00000182963"
3524,"enh8","ENSG00000175221"
3525,"enh10","ENSG00000175854"
3526,"enh4","ENSG00000136643"
3527,"enh14","ENSG00000119514"
3528,"enh12","ENSG00000174516"
3529,"enh13","ENSG00000174516"
3530,"enh14","ENSG00000105662"
3531,"enh4","ENSG00000174516"
3532,"enh1","ENSG00000119335"
3533,"enh2","ENSG00000165138"
3534,"enh5","ENSG00000181035"
3535,"enh1","ENSG00000101132"
3536,"enh12","ENSG00000180340"
3537,"enh1","ENSG00000152527"
3538,"enh2","ENSG00000262874"
3539,"enh8","ENSG00000115286"
3540,"enh14","ENSG00000143882"
3541,"enh9","ENSG00000167114"
3542,"enh3","ENSG00000149823"
3543,"enh4","ENSG00000185278"
3544,"enh2","ENSG00000173825"
3545,"enh8","ENSG00000148291"
3546,"enh3","ENSG00000064687"
3547,"enh2","ENSG00000115750"
3548,"enh12","ENSG00000099622"
3549,"enh2","ENSG00000167748"
3550,"enh3","ENSG00000067596"
3551,"enh4","ENSG00000126391"
3552,"enh14","ENSG00000241852"
3553,"enh3","ENSG00000221983"
3554,"enh11","ENSG00000160446"
3555,"enh9","ENSG00000134317"
3556,"enh7","ENSG00000119185"
3557,"enh14","ENSG00000105374"
3558,"enh7","ENSG00000176890"
3559,"enh12","ENSG00000149806"
3560,"enh3","ENSG00000136877"
3561,"enh1","ENSG00000162873"
3562,"enh4","ENSG00000011304"
3563,"enh6","ENSG00000105671"
3564,"enh5","ENSG00000196188"
3565,"enh13","ENSG00000122484"
3566,"enh7","ENSG00000181773"
3567,"enh13","ENSG00000125485"
3568,"enh12","ENSG00000158161"
3569,"enh5","ENSG00000173825"
3570,"enh13","ENSG00000148248"
3571,"enh12","ENSG00000223802"
3572,"enh3","ENSG00000110046"
3573,"enh10","ENSG00000101132"
3574,"enh11","ENSG00000136807"
3575,"enh11","ENSG00000142528"
3576,"enh3","ENSG00000136811"
3577,"enh8","ENSG00000213024"
3578,"enh8","ENSG00000068976"
3579,"enh2","ENSG00000181773"
3580,"enh2","ENSG00000141934"
3581,"enh11","ENSG00000174950"
3582,"enh14","ENSG00000117691"
3583,"enh4","ENSG00000181896"
3584,"enh2","ENSG00000123684"
3585,"enh6","ENSG00000213465"
3586,"enh12","ENSG00000012048"
3587,"enh4","ENSG00000105676"
3588,"enh13","ENSG00000105383"
3589,"enh1","ENSG00000174903"
3590,"enh7","ENSG00000133065"
3591,"enh7","ENSG00000175602"
3592,"enh7","ENSG00000115970"
3593,"enh12","ENSG00000163297"
3594,"enh12","ENSG00000087365"
3595,"enh9","ENSG00000187840"
3596,"enh6","ENSG00000160325"
3597,"enh7","ENSG00000184988"
3598,"enh7","ENSG00000106991"
3599,"enh1","ENSG00000153208"
3600,"enh3","ENSG00000108840"
3601,"enh13","ENSG00000167491"
3602,"enh4","ENSG00000130513"
3603,"enh14","ENSG00000186566"
3604,"enh14","ENSG00000118046"
3605,"enh12","ENSG00000181896"
3606,"enh4","ENSG00000005007"
3607,"enh7","ENSG00000103005"
3608,"enh8","ENSG00000168591"
3609,"enh14","ENSG00000136448"
3610,"enh2","ENSG00000133243"
3611,"enh9","ENSG00000105655"
3612,"enh10","ENSG00000126698"
3613,"enh5","ENSG00000223802"
3614,"enh8","ENSG00000148303"
3615,"enh8","ENSG00000181588"
3616,"enh8","ENSG00000171159"
3617,"enh4","ENSG00000187024"
3618,"enh3","ENSG00000117280"
3619,"enh5","ENSG00000196961"
3620,"enh2","ENSG00000099625"
3621,"enh7","ENSG00000181896"
3622,"enh13","ENSG00000115091"
3623,"enh1","ENSG00000167106"
3624,"enh8","ENSG00000148290"
3625,"enh2","ENSG00000161677"
3626,"enh9","ENSG00000117593"
3627,"enh9","ENSG00000196152"
3628,"enh7","ENSG00000160161"
3629,"enh5","ENSG00000115286"
3630,"enh10","ENSG00000087263"
3631,"enh13","ENSG00000144136"
3632,"enh1","ENSG00000148300"
3633,"enh7","ENSG00000143882"
3634,"enh8","ENSG00000162878"
3635,"enh14","ENSG00000051108"
3636,"enh13","ENSG00000168067"
3637,"enh14","ENSG00000129946"
3638,"enh14","ENSG00000160271"
3639,"enh12","ENSG00000160446"
3640,"enh8","ENSG00000115255"
3641,"enh11","ENSG00000182963"
3642,"enh7","ENSG00000198917"
3643,"enh5","ENSG00000180098"
3644,"enh8","ENSG00000068971"
3645,"enh11","ENSG00000114999"
3646,"enh9","ENSG00000108309"
3647,"enh5","ENSG00000105655"
3648,"enh11","ENSG00000148308"
3649,"enh10","ENSG00000136856"
3650,"enh4","ENSG00000120889"
3651,"enh13","ENSG00000159648"
3652,"enh6","ENSG00000134318"
3653,"enh8","ENSG00000174871"
3654,"enh9","ENSG00000125485"
3655,"enh1","ENSG00000185278"
3656,"enh13","ENSG00000172992"
3657,"enh1","ENSG00000069275"
3658,"enh7","ENSG00000198840"
3659,"enh9","ENSG00000122140"
3660,"enh5","ENSG00000175592"
3661,"enh10","ENSG00000187193"
3662,"enh13","ENSG00000130775"
3663,"enh3","ENSG00000125170"
3664,"enh1","ENSG00000175573"
3665,"enh8","ENSG00000241852"
3666,"enh6","ENSG00000213221"
3667,"enh10","ENSG00000173442"
3668,"enh1","ENSG00000136908"
3669,"enh1","ENSG00000099864"
3670,"enh3","ENSG00000099622"
3671,"enh3","ENSG00000174871"
3672,"enh12","ENSG00000088682"
3673,"enh1","ENSG00000119125"
3674,"enh14","ENSG00000174684"
3675,"enh4","ENSG00000142784"
3676,"enh9","ENSG00000133069"
3677,"enh7","ENSG00000167748"
3678,"enh11","ENSG00000133069"
3679,"enh10","ENSG00000161654"
3680,"enh7","ENSG00000115084"
3681,"enh13","ENSG00000167470"
3682,"enh7","ENSG00000116014"
3683,"enh13","ENSG00000108883"
3684,"enh12","ENSG00000136932"
3685,"enh1","ENSG00000125611"
3686,"enh14","ENSG00000171169"
3687,"enh7","ENSG00000142751"
3688,"enh4","ENSG00000068976"
3689,"enh13","ENSG00000162878"
3690,"enh12","ENSG00000136842"
3691,"enh10","ENSG00000181773"
3692,"enh11","ENSG00000186501"
3693,"enh13","ENSG00000172500"
3694,"enh10","ENSG00000064607"
3695,"enh13","ENSG00000174903"
3696,"enh7","ENSG00000005194"
3697,"enh13","ENSG00000102934"
3698,"enh8","ENSG00000172922"
3699,"enh12","ENSG00000153214"
3700,"enh5","ENSG00000160325"
3701,"enh8","ENSG00000173039"
3702,"enh8","ENSG00000123684"
3703,"enh3","ENSG00000105374"
3704,"enh7","ENSG00000196683"
3705,"enh12","ENSG00000148308"
3706,"enh12","ENSG00000136908"
3707,"enh5","ENSG00000156269"
3708,"enh1","ENSG00000147457"
3709,"enh13","ENSG00000213221"
3710,"enh13","ENSG00000104973"
3711,"enh8","ENSG00000125144"
3712,"enh4","ENSG00000167005"
3713,"enh13","ENSG00000173442"
3714,"enh5","ENSG00000138756"
3715,"enh6","ENSG00000170385"
3716,"enh10","ENSG00000140854"
3717,"enh3","ENSG00000134330"
3718,"enh6","ENSG00000152527"
3719,"enh3","ENSG00000133895"
3720,"enh10","ENSG00000171848"
3721,"enh10","ENSG00000064932"
3722,"enh3","ENSG00000168066"
3723,"enh2","ENSG00000162976"
3724,"enh11","ENSG00000136936"
3725,"enh10","ENSG00000102934"
3726,"enh1","ENSG00000204291"
3727,"enh8","ENSG00000136925"
3728,"enh5","ENSG00000148339"
3729,"enh8","ENSG00000102931"
3730,"enh13","ENSG00000171848"
3731,"enh7","ENSG00000172977"
3732,"enh14","ENSG00000213024"
3733,"enh10","ENSG00000115970"
3734,"enh11","ENSG00000119125"
3735,"enh4","ENSG00000115750"
3736,"enh8","ENSG00000168061"
3737,"enh7","ENSG00000105671"
3738,"enh4","ENSG00000130768"
3739,"enh1","ENSG00000163297"
3740,"enh12","ENSG00000104679"
3741,"enh4","ENSG00000125144"
3742,"enh1","ENSG00000117266"
3743,"enh2","ENSG00000147454"
3744,"enh2","ENSG00000173039"
3745,"enh14","ENSG00000180340"
3746,"enh14","ENSG00000148290"
3747,"enh6","ENSG00000196961"
3748,"enh3","ENSG00000009780"
3749,"enh5","ENSG00000105717"
3750,"enh14","ENSG00000006016"
3751,"enh2","ENSG00000087152"
3752,"enh12","ENSG00000136938"
3753,"enh6","ENSG00000133884"
3754,"enh4","ENSG00000123685"
3755,"enh14","ENSG00000162769"
3756,"enh3","ENSG00000162769"
3757,"enh4","ENSG00000136929"
3758,"enh14","ENSG00000142733"
3759,"enh13","ENSG00000122482"
3760,"enh1","ENSG00000010361"
3761,"enh13","ENSG00000182087"
3762,"enh8","ENSG00000175334"
3763,"enh2","ENSG00000131400"
3764,"enh7","ENSG00000115091"
3765,"enh10","ENSG00000125144"
3766,"enh6","ENSG00000141349"
3767,"enh2","ENSG00000148296"
3768,"enh1","ENSG00000204673"
3769,"enh13","ENSG00000172732"
3770,"enh11","ENSG00000172922"
3771,"enh13","ENSG00000166188"
3772,"enh7","ENSG00000115257"
3773,"enh3","ENSG00000160271"
3774,"enh11","ENSG00000254470"
3775,"enh8","ENSG00000115091"
3776,"enh6","ENSG00000138036"
3777,"enh4","ENSG00000120913"
3778,"enh10","ENSG00000204673"
3779,"enh5","ENSG00000108883"
3780,"enh1","ENSG00000168061"
3781,"enh11","ENSG00000088682"
3782,"enh5","ENSG00000143870"
3783,"enh13","ENSG00000198858"
3784,"enh1","ENSG00000152061"
3785,"enh8","ENSG00000161671"
3786,"enh14","ENSG00000108861"
3787,"enh11","ENSG00000167113"
3788,"enh9","ENSG00000014216"
3789,"enh7","ENSG00000161677"
3790,"enh2","ENSG00000115091"
3791,"enh3","ENSG00000142765"
3792,"enh5","ENSG00000104886"
3793,"enh6","ENSG00000176973"
3794,"enh10","ENSG00000148356"
3795,"enh1","ENSG00000134330"
3796,"enh14","ENSG00000107372"
3797,"enh5","ENSG00000213465"
3798,"enh11","ENSG00000153214"
3799,"enh1","ENSG00000100316"
3800,"enh3","ENSG00000099875"
3801,"enh12","ENSG00000167491"
3802,"enh13","ENSG00000105705"
3803,"enh4","ENSG00000151694"
3804,"enh11","ENSG00000125485"
3805,"enh6","ENSG00000158711"
3806,"enh1","ENSG00000174606"
3807,"enh8","ENSG00000006016"
3808,"enh7","ENSG00000138772"
3809,"enh4","ENSG00000097046"
3810,"enh2","ENSG00000165698"
3811,"enh3","ENSG00000106785"
3812,"enh3","ENSG00000142733"
3813,"enh2","ENSG00000130766"
3814,"enh13","ENSG00000160563"
3815,"enh5","ENSG00000181588"
3816,"enh2","ENSG00000131097"
3817,"enh9","ENSG00000162669"
3818,"enh6","ENSG00000181588"
3819,"enh11","ENSG00000173825"
3820,"enh9","ENSG00000141349"
3821,"enh14","ENSG00000172732"
3822,"enh13","ENSG00000159579"
3823,"enh2","ENSG00000108849"
3824,"enh14","ENSG00000174851"
3825,"enh13","ENSG00000167468"
3826,"enh10","ENSG00000160408"
3827,"enh6","ENSG00000148288"
3828,"enh5","ENSG00000160446"
3829,"enh12","ENSG00000130005"
3830,"enh6","ENSG00000140859"
3831,"enh10","ENSG00000203705"
3832,"enh12","ENSG00000104946"
3833,"enh5","ENSG00000198417"
3834,"enh13","ENSG00000136643"
3835,"enh8","ENSG00000178093"
3836,"enh14","ENSG00000102900"
3837,"enh11","ENSG00000169403"
3838,"enh2","ENSG00000130768"
3839,"enh1","ENSG00000136929"
3840,"enh14","ENSG00000160345"
3841,"enh6","ENSG00000188177"
3842,"enh8","ENSG00000064932"
3843,"enh10","ENSG00000138772"
3844,"enh9","ENSG00000158195"
3845,"enh9","ENSG00000099817"
3846,"enh12","ENSG00000108852"
3847,"enh10","ENSG00000105669"
3848,"enh1","ENSG00000091947"
3849,"enh3","ENSG00000181588"
3850,"enh2","ENSG00000169403"
3851,"enh3","ENSG00000133059"
3852,"enh2","ENSG00000102900"
3853,"enh12","ENSG00000174547"
3854,"enh1","ENSG00000172500"
3855,"enh2","ENSG00000125630"
3856,"enh3","ENSG00000103005"
3857,"enh13","ENSG00000129968"
3858,"enh13","ENSG00000160445"
3859,"enh13","ENSG00000119335"
3860,"enh13","ENSG00000119125"
3861,"enh9","ENSG00000125611"
3862,"enh2","ENSG00000097046"
3863,"enh9","ENSG00000180448"
3864,"enh4","ENSG00000213221"
3865,"enh11","ENSG00000198492"
3866,"enh10","ENSG00000160325"
3867,"enh11","ENSG00000213024"
3868,"enh5","ENSG00000006016"
3869,"enh1","ENSG00000105662"
3870,"enh10","ENSG00000165688"
3871,"enh3","ENSG00000136828"
3872,"enh9","ENSG00000133243"
3873,"enh5","ENSG00000169403"
3874,"enh1","ENSG00000174842"
3875,"enh5","ENSG00000125637"
3876,"enh6","ENSG00000130005"
3877,"enh8","ENSG00000011304"
3878,"enh9","ENSG00000062822"
3879,"enh7","ENSG00000030582"
3880,"enh7","ENSG00000174842"
3881,"enh12","ENSG00000196961"
3882,"enh1","ENSG00000065000"
3883,"enh13","ENSG00000175376"
3884,"enh7","ENSG00000131398"
3885,"enh3","ENSG00000167468"
3886,"enh5","ENSG00000163291"
3887,"enh5","ENSG00000172977"
3888,"enh12","ENSG00000136936"
3889,"enh9","ENSG00000135736"
3890,"enh11","ENSG00000119185"
3891,"enh11","ENSG00000136856"
3892,"enh7","ENSG00000196152"
3893,"enh3","ENSG00000167005"
3894,"enh3","ENSG00000116014"
3895,"enh11","ENSG00000099866"
3896,"enh9","ENSG00000136908"
3897,"enh8","ENSG00000173465"
3898,"enh9","ENSG00000069275"
3899,"enh14","ENSG00000065000"
3900,"enh2","ENSG00000104689"
3901,"enh4","ENSG00000136932"
3902,"enh7","ENSG00000180448"
3903,"enh5","ENSG00000148290"
3904,"enh1","ENSG00000070761"
3905,"enh4","ENSG00000197136"
3906,"enh14","ENSG00000173465"
3907,"enh10","ENSG00000175832"
3908,"enh8","ENSG00000147454"
3909,"enh1","ENSG00000148290"
3910,"enh1","ENSG00000104689"
3911,"enh6","ENSG00000117691"
3912,"enh5","ENSG00000104946"
3913,"enh9","ENSG00000089639"
3914,"enh12","ENSG00000102996"
3915,"enh9","ENSG00000153208"
3916,"enh6","ENSG00000117266"
3917,"enh4","ENSG00000175115"
3918,"enh3","ENSG00000071626"
3919,"enh10","ENSG00000158715"
3920,"enh11","ENSG00000181773"
3921,"enh8","ENSG00000108840"
3922,"enh12","ENSG00000147454"
3923,"enh11","ENSG00000105497"
3924,"enh1","ENSG00000160445"
3925,"enh2","ENSG00000142544"
3926,"enh1","ENSG00000076321"
3927,"enh11","ENSG00000147669"
3928,"enh12","ENSG00000161654"
3929,"enh7","ENSG00000148296"
3930,"enh2","ENSG00000167747"
3931,"enh4","ENSG00000131408"
3932,"enh3","ENSG00000065600"
3933,"enh1","ENSG00000160447"
3934,"enh12","ENSG00000105676"
3935,"enh12","ENSG00000097046"
3936,"enh11","ENSG00000213988"
3937,"enh11","ENSG00000213221"
3938,"enh8","ENSG00000151694"
3939,"enh5","ENSG00000115750"
3940,"enh7","ENSG00000172992"
3941,"enh9","ENSG00000165699"
3942,"enh4","ENSG00000221983"
3943,"enh6","ENSG00000161647"
3944,"enh8","ENSG00000148248"
3945,"enh12","ENSG00000161692"
3946,"enh12","ENSG00000130560"
3947,"enh8","ENSG00000105696"
3948,"enh3","ENSG00000140848"
3949,"enh4","ENSG00000130005"
3950,"enh3","ENSG00000198840"
3951,"enh13","ENSG00000129951"
3952,"enh2","ENSG00000068831"
3953,"enh4","ENSG00000105379"
3954,"enh12","ENSG00000241852"
3955,"enh3","ENSG00000173825"
3956,"enh12","ENSG00000147669"
3957,"enh11","ENSG00000162873"
3958,"enh8","ENSG00000160953"
3959,"enh14","ENSG00000197540"
3960,"enh3","ENSG00000143493"
3961,"enh8","ENSG00000117751"
3962,"enh11","ENSG00000108840"
3963,"enh6","ENSG00000161714"
3964,"enh6","ENSG00000162300"
3965,"enh3","ENSG00000175573"
3966,"enh8","ENSG00000136830"
3967,"enh14","ENSG00000117758"
3968,"enh4","ENSG00000148339"
3969,"enh6","ENSG00000106789"
3970,"enh5","ENSG00000115970"
3971,"enh13","ENSG00000148290"
3972,"enh9","ENSG00000065268"
3973,"enh4","ENSG00000171169"
3974,"enh8","ENSG00000107021"
3975,"enh2","ENSG00000090273"
3976,"enh7","ENSG00000136895"
3977,"enh10","ENSG00000153208"
3978,"enh7","ENSG00000136811"
3979,"enh1","ENSG00000162300"
3980,"enh5","ENSG00000254901"
3981,"enh13","ENSG00000130005"
3982,"enh5","ENSG00000131409"
3983,"enh8","ENSG00000262874"
3984,"enh2","ENSG00000135046"
3985,"enh12","ENSG00000149798"
3986,"enh2","ENSG00000136682"
3987,"enh10","ENSG00000099817"
3988,"enh12","ENSG00000136854"
3989,"enh9","ENSG00000181588"
3990,"enh3","ENSG00000178093"
3991,"enh11","ENSG00000097046"
3992,"enh1","ENSG00000175334"
3993,"enh1","ENSG00000115091"
3994,"enh11","ENSG00000172059"
3995,"enh5","ENSG00000136937"
3996,"enh13","ENSG00000142528"
3997,"enh13","ENSG00000155380"
3998,"enh13","ENSG00000172757"
3999,"enh11","ENSG00000131409"
4000,"enh3","ENSG00000065268"
4001,"enh12","ENSG00000198917"
4002,"enh3","ENSG00000144130"
4003,"enh2","ENSG00000120656"
4004,"enh1","ENSG00000175854"
4005,"enh5","ENSG00000133275"
4006,"enh14","ENSG00000127540"
4007,"enh5","ENSG00000125170"
4008,"enh1","ENSG00000138036"
4009,"enh3","ENSG00000213465"
4010,"enh14","ENSG00000136908"
4011,"enh4","ENSG00000114999"
4012,"enh13","ENSG00000165688"
4013,"enh11","ENSG00000182087"
4014,"enh12","ENSG00000104960"
4015,"enh7","ENSG00000011304"
4016,"enh4","ENSG00000174851"
4017,"enh10","ENSG00000171940"
4018,"enh6","ENSG00000165684"
4019,"enh8","ENSG00000105662"
4020,"enh4","ENSG00000099866"
4021,"enh1","ENSG00000144130"
4022,"enh11","ENSG00000171159"
4023,"enh13","ENSG00000172977"
4024,"enh13","ENSG00000051108"
4025,"enh1","ENSG00000104679"
4026,"enh5","ENSG00000204291"
4027,"enh13","ENSG00000117748"
4028,"enh1","ENSG00000141934"
4029,"enh12","ENSG00000125637"
4030,"enh2","ENSG00000110047"
4031,"enh11","ENSG00000175334"
4032,"enh7","ENSG00000160446"
4033,"enh12","ENSG00000174529"
4034,"enh13","ENSG00000115084"
4035,"enh4","ENSG00000136842"
4036,"enh1","ENSG00000120889"
4037,"enh1","ENSG00000165702"
4038,"enh13","ENSG00000175602"
4039,"enh3","ENSG00000167470"
4040,"enh14","ENSG00000099864"
4041,"enh9","ENSG00000161677"
4042,"enh3","ENSG00000064666"
4043,"enh10","ENSG00000204291"
4044,"enh7","ENSG00000162241"
4045,"enh5","ENSG00000174606"
4046,"enh3","ENSG00000160408"
4047,"enh10","ENSG00000186010"
4048,"enh5","ENSG00000166188"
4049,"enh4","ENSG00000198746"
4050,"enh7","ENSG00000170385"
4051,"enh4","ENSG00000103021"
4052,"enh5","ENSG00000160345"
4053,"enh2","ENSG00000117751"
4054,"enh5","ENSG00000065000"
4055,"enh7","ENSG00000136856"
4056,"enh2","ENSG00000117697"
4057,"enh1","ENSG00000161692"
4058,"enh1","ENSG00000186501"
4059,"enh10","ENSG00000130513"
4060,"enh10","ENSG00000105383"
4061,"enh3","ENSG00000167748"
4062,"enh12","ENSG00000165702"
4063,"enh4","ENSG00000204138"
4064,"enh7","ENSG00000144134"
4065,"enh11","ENSG00000168591"
4066,"enh11","ENSG00000148291"
4067,"enh1","ENSG00000106991"
4068,"enh10","ENSG00000174684"
4069,"enh8","ENSG00000196188"
4070,"enh12","ENSG00000174684"
4071,"enh9","ENSG00000008853"
4072,"enh11","ENSG00000148334"
4073,"enh4","ENSG00000102978"
4074,"enh14","ENSG00000136936"
4075,"enh10","ENSG00000105656"
4076,"enh1","ENSG00000170385"
4077,"enh11","ENSG00000174996"
4078,"enh4","ENSG00000129933"
4079,"enh3","ENSG00000039650"
4080,"enh11","ENSG00000125611"
4081,"enh10","ENSG00000140859"
4082,"enh10","ENSG00000131398"
4083,"enh1","ENSG00000182087"
4084,"enh13","ENSG00000136936"
4085,"enh6","ENSG00000122482"
4086,"enh5","ENSG00000167110"
4087,"enh10","ENSG00000189195"
4088,"enh4","ENSG00000174669"
4089,"enh3","ENSG00000254901"
4090,"enh2","ENSG00000102931"
4091,"enh6","ENSG00000136840"
4092,"enh2","ENSG00000105669"
4093,"enh4","ENSG00000123684"
4094,"enh14","ENSG00000213445"
4095,"enh1","ENSG00000119333"
4096,"enh1","ENSG00000166188"
4097,"enh2","ENSG00000120896"
4098,"enh3","ENSG00000006015"
4099,"enh8","ENSG00000140854"
4100,"enh13","ENSG00000168591"
4101,"enh2","ENSG00000006015"
4102,"enh1","ENSG00000223802"
4103,"enh8","ENSG00000131094"
4104,"enh10","ENSG00000136943"
4105,"enh6","ENSG00000143882"
4106,"enh3","ENSG00000115970"
4107,"enh1","ENSG00000149798"
4108,"enh3","ENSG00000196116"
4109,"enh7","ENSG00000119335"
4110,"enh13","ENSG00000064490"
4111,"enh4","ENSG00000160563"
4112,"enh11","ENSG00000065268"
4113,"enh1","ENSG00000135736"
4114,"enh2","ENSG00000228300"
4115,"enh10","ENSG00000161671"
4116,"enh5","ENSG00000162298"
4117,"enh3","ENSG00000171159"
4118,"enh8","ENSG00000162769"
4119,"enh14","ENSG00000196116"
4120,"enh12","ENSG00000105671"
4121,"enh13","ENSG00000173039"
4122,"enh4","ENSG00000142530"
4123,"enh1","ENSG00000165698"
4124,"enh11","ENSG00000187840"
4125,"enh12","ENSG00000151694"
4126,"enh10","ENSG00000162241"
4127,"enh11","ENSG00000108883"
4128,"enh8","ENSG00000152527"
4129,"enh2","ENSG00000171159"
4130,"enh2","ENSG00000125637"
4131,"enh11","ENSG00000174842"
4132,"enh3","ENSG00000175115"
4133,"enh2","ENSG00000142733"
4134,"enh12","ENSG00000082512"
4135,"enh3","ENSG00000144136"
4136,"enh6","ENSG00000131408"
4137,"enh4","ENSG00000057935"
4138,"enh12","ENSG00000106991"
4139,"enh11","ENSG00000198840"
4140,"enh2","ENSG00000162241"
4141,"enh6","ENSG00000070404"
4142,"enh10","ENSG00000130766"
4143,"enh13","ENSG00000140848"
4144,"enh6","ENSG00000174684"
4145,"enh5","ENSG00000070388"
4146,"enh1","ENSG00000097046"
4147,"enh7","ENSG00000142186"
4148,"enh5","ENSG00000120913"
4149,"enh2","ENSG00000180098"
4150,"enh10","ENSG00000197136"
4151,"enh14","ENSG00000197958"
4152,"enh5","ENSG00000142784"
4153,"enh3","ENSG00000161677"
4154,"enh1","ENSG00000070404"
4155,"enh5","ENSG00000062822"
4156,"enh13","ENSG00000115970"
4157,"enh11","ENSG00000185761"
4158,"enh9","ENSG00000010361"
4159,"enh3","ENSG00000013306"
4160,"enh13","ENSG00000175221"
4161,"enh5","ENSG00000160447"
4162,"enh1","ENSG00000133895"
4163,"enh12","ENSG00000181588"
4164,"enh9","ENSG00000162772"
4165,"enh11","ENSG00000122484"
4166,"enh2","ENSG00000138767"
4167,"enh2","ENSG00000160271"
4168,"enh1","ENSG00000069702"
4169,"enh11","ENSG00000160563"
4170,"enh11","ENSG00000141934"
4171,"enh7","ENSG00000160563"
4172,"enh2","ENSG00000116014"
4173,"enh2","ENSG00000108852"
4174,"enh12","ENSG00000122482"
4175,"enh5","ENSG00000175854"
4176,"enh3","ENSG00000172757"
4177,"enh9","ENSG00000123684"
4178,"enh3","ENSG00000141934"
4179,"enh7","ENSG00000161682"
4180,"enh14","ENSG00000136840"
4181,"enh11","ENSG00000119559"
4182,"enh11","ENSG00000160293"
4183,"enh11","ENSG00000171169"
4184,"enh12","ENSG00000105379"
4185,"enh9","ENSG00000148308"
4186,"enh1","ENSG00000162769"
4187,"enh1","ENSG00000173442"
4188,"enh9","ENSG00000148337"
4189,"enh9","ENSG00000105374"
4190,"enh10","ENSG00000106785"
4191,"enh9","ENSG00000087152"
4192,"enh10","ENSG00000134330"
4193,"enh13","ENSG00000115286"
4194,"enh11","ENSG00000117593"
4195,"enh1","ENSG00000104885"
4196,"enh7","ENSG00000196116"
4197,"enh14","ENSG00000175602"
4198,"enh4","ENSG00000167103"
4199,"enh3","ENSG00000069702"
4200,"enh14","ENSG00000064666"
4201,"enh10","ENSG00000142530"
4202,"enh13","ENSG00000064787"
4203,"enh3","ENSG00000136856"
4204,"enh6","ENSG00000105696"
4205,"enh6","ENSG00000130511"
4206,"enh13","ENSG00000117691"
4207,"enh14","ENSG00000104946"
4208,"enh11","ENSG00000129911"
4209,"enh6","ENSG00000136943"
4210,"enh9","ENSG00000133884"
4211,"enh3","ENSG00000142530"
4212,"enh6","ENSG00000147454"
4213,"enh13","ENSG00000163297"
4214,"enh5","ENSG00000105676"
4215,"enh4","ENSG00000135870"
4216,"enh1","ENSG00000108840"
4217,"enh5","ENSG00000196116"
4218,"enh7","ENSG00000187193"
4219,"enh1","ENSG00000167118"
4220,"enh7","ENSG00000115750"
4221,"enh12","ENSG00000198858"
4222,"enh14","ENSG00000069702"
4223,"enh6","ENSG00000148411"
4224,"enh4","ENSG00000196116"
4225,"enh13","ENSG00000105708"
4226,"enh2","ENSG00000176973"
4227,"enh10","ENSG00000119335"
4228,"enh8","ENSG00000129933"
4229,"enh3","ENSG00000254986"
4230,"enh6","ENSG00000115758"
4231,"enh8","ENSG00000070770"
4232,"enh11","ENSG00000100316"
4233,"enh14","ENSG00000130775"
4234,"enh1","ENSG00000142528"
4235,"enh14","ENSG00000106992"
4236,"enh4","ENSG00000125618"
4237,"enh12","ENSG00000119333"
4238,"enh10","ENSG00000013306"
4239,"enh14","ENSG00000159579"
4240,"enh8","ENSG00000141349"
4241,"enh7","ENSG00000135736"
4242,"enh4","ENSG00000198840"
4243,"enh13","ENSG00000119333"
4244,"enh10","ENSG00000171169"
4245,"enh9","ENSG00000138772"
4246,"enh12","ENSG00000148297"
4247,"enh2","ENSG00000106785"
4248,"enh9","ENSG00000148339"
4249,"enh5","ENSG00000131408"
4250,"enh14","ENSG00000185278"
4251,"enh7","ENSG00000174851"
4252,"enh8","ENSG00000136840"
4253,"enh13","ENSG00000180340"
4254,"enh3","ENSG00000051108"
4255,"enh3","ENSG00000181773"
4256,"enh4","ENSG00000172500"
4257,"enh11","ENSG00000174684"
4258,"enh3","ENSG00000130772"
4259,"enh5","ENSG00000122140"
4260,"enh14","ENSG00000125124"
4261,"enh3","ENSG00000213221"
4262,"enh10","ENSG00000136937"
4263,"enh9","ENSG00000102931"
4264,"enh10","ENSG00000148288"
4265,"enh5","ENSG00000071564"
4266,"enh5","ENSG00000160445"
4267,"enh12","ENSG00000005007"
4268,"enh10","ENSG00000104131"
4269,"enh6","ENSG00000012048"
4270,"enh14","ENSG00000011304"
4271,"enh7","ENSG00000142530"
4272,"enh5","ENSG00000171159"
4273,"enh5","ENSG00000117758"
4274,"enh6","ENSG00000130560"
4275,"enh10","ENSG00000102900"
4276,"enh12","ENSG00000175376"
4277,"enh2","ENSG00000172922"
4278,"enh5","ENSG00000119514"
4279,"enh3","ENSG00000004939"
4280,"enh2","ENSG00000126705"
4281,"enh2","ENSG00000160325"
4282,"enh13","ENSG00000125148"
4283,"enh13","ENSG00000120913"
4284,"enh3","ENSG00000101132"
4285,"enh13","ENSG00000013306"
4286,"enh10","ENSG00000235034"
4287,"enh9","ENSG00000198746"
4288,"enh3","ENSG00000235034"
4289,"enh10","ENSG00000117625"
4290,"enh11","ENSG00000106785"
4291,"enh14","ENSG00000148297"
4292,"enh7","ENSG00000160318"
4293,"enh12","ENSG00000133059"
4294,"enh8","ENSG00000012048"
4295,"enh7","ENSG00000071626"
4296,"enh11","ENSG00000105662"
4297,"enh14","ENSG00000213023"
4298,"enh1","ENSG00000114999"
4299,"enh7","ENSG00000172232"
4300,"enh6","ENSG00000165689"
4301,"enh9","ENSG00000136643"
4302,"enh12","ENSG00000168061"
4303,"enh12","ENSG00000090020"
4304,"enh5","ENSG00000125319"
4305,"enh1","ENSG00000125170"
4306,"enh14","ENSG00000135736"
4307,"enh9","ENSG00000117222"
4308,"enh10","ENSG00000160446"
4309,"enh3","ENSG00000174950"
4310,"enh12","ENSG00000166188"
4311,"enh2","ENSG00000130511"
4312,"enh6","ENSG00000105705"
4313,"enh5","ENSG00000159461"
4314,"enh5","ENSG00000149806"
4315,"enh11","ENSG00000126698"
4316,"enh14","ENSG00000189195"
4317,"enh7","ENSG00000130005"
4318,"enh11","ENSG00000087263"
4319,"enh13","ENSG00000174547"
4320,"enh4","ENSG00000129911"
4321,"enh14","ENSG00000105701"
4322,"enh9","ENSG00000196312"
4323,"enh9","ENSG00000173039"
4324,"enh6","ENSG00000104689"
4325,"enh1","ENSG00000089639"
4326,"enh6","ENSG00000174276"
4327,"enh12","ENSG00000152518"
4328,"enh1","ENSG00000142530"
4329,"enh4","ENSG00000162298"
4330,"enh8","ENSG00000174903"
4331,"enh4","ENSG00000165698"
4332,"enh6","ENSG00000148297"
4333,"enh13","ENSG00000160326"
4334,"enh5","ENSG00000149809"
4335,"enh12","ENSG00000136943"
4336,"enh10","ENSG00000117758"
4337,"enh5","ENSG00000173442"
4338,"enh11","ENSG00000134318"
4339,"enh13","ENSG00000178093"
4340,"enh1","ENSG00000129911"
4341,"enh13","ENSG00000117592"
4342,"enh4","ENSG00000133275"
4343,"enh2","ENSG00000169607"
4344,"enh9","ENSG00000079313"
4345,"enh9","ENSG00000256771"
4346,"enh8","ENSG00000159579"
4347,"enh12","ENSG00000120889"
4348,"enh12","ENSG00000144136"
4349,"enh6","ENSG00000181035"
4350,"enh13","ENSG00000070423"
4351,"enh7","ENSG00000187024"
4352,"enh10","ENSG00000186806"
4353,"enh9","ENSG00000227500"
4354,"enh8","ENSG00000115758"
4355,"enh3","ENSG00000115758"
4356,"enh4","ENSG00000254986"
4357,"enh4","ENSG00000105708"
4358,"enh13","ENSG00000136840"
4359,"enh6","ENSG00000147439"
4360,"enh12","ENSG00000141349"
4361,"enh11","ENSG00000068971"
4362,"enh1","ENSG00000148339"
4363,"enh14","ENSG00000253368"
4364,"enh10","ENSG00000155380"
4365,"enh4","ENSG00000140859"
4366,"enh11","ENSG00000136854"
4367,"enh11","ENSG00000165092"
4368,"enh9","ENSG00000167103"
4369,"enh1","ENSG00000099817"
4370,"enh5","ENSG00000185278"
4371,"enh4","ENSG00000108883"
4372,"enh11","ENSG00000136925"
4373,"enh14","ENSG00000186501"
4374,"enh14","ENSG00000158161"
4375,"enh13","ENSG00000006016"
4376,"enh9","ENSG00000180098"
4377,"enh8","ENSG00000175592"
4378,"enh1","ENSG00000227500"
4379,"enh1","ENSG00000181896"
4380,"enh3","ENSG00000175592"
4381,"enh6","ENSG00000175294"
4382,"enh14","ENSG00000110046"
4383,"enh14","ENSG00000116017"
4384,"enh11","ENSG00000106991"
4385,"enh5","ENSG00000213638"
4386,"enh2","ENSG00000115970"
4387,"enh2","ENSG00000125611"
4388,"enh10","ENSG00000167491"
4389,"enh7","ENSG00000173825"
4390,"enh3","ENSG00000126698"
4391,"enh9","ENSG00000005007"
4392,"enh7","ENSG00000105726"
4393,"enh7","ENSG00000147439"
4394,"enh14","ENSG00000227500"
4395,"enh13","ENSG00000148296"
4396,"enh13","ENSG00000100316"
4397,"enh6","ENSG00000105656"
4398,"enh2","ENSG00000168067"
4399,"enh10","ENSG00000115255"
4400,"enh3","ENSG00000161647"
4401,"enh10","ENSG00000136830"
4402,"enh2","ENSG00000161654"
4403,"enh7","ENSG00000091947"
4404,"enh7","ENSG00000108883"
4405,"enh1","ENSG00000105669"
4406,"enh14","ENSG00000172775"
4407,"enh3","ENSG00000136937"
4408,"enh11","ENSG00000142544"
4409,"enh4","ENSG00000102996"
4410,"enh3","ENSG00000079313"
4411,"enh3","ENSG00000120889"
4412,"enh10","ENSG00000175376"
4413,"enh2","ENSG00000253368"
4414,"enh3","ENSG00000105556"
4415,"enh11","ENSG00000165702"
4416,"enh14","ENSG00000120896"
4417,"enh8","ENSG00000221983"
4418,"enh7","ENSG00000143924"
4419,"enh11","ENSG00000116014"
4420,"enh12","ENSG00000196422"
4421,"enh2","ENSG00000104131"
4422,"enh3","ENSG00000144161"
4423,"enh10","ENSG00000135870"
4424,"enh1","ENSG00000189195"
4425,"enh8","ENSG00000198417"
4426,"enh13","ENSG00000117758"
4427,"enh2","ENSG00000187024"
4428,"enh6","ENSG00000136877"
4429,"enh3","ENSG00000090273"
4430,"enh10","ENSG00000167103"
4431,"enh5","ENSG00000197136"
4432,"enh11","ENSG00000105053"
4433,"enh11","ENSG00000142530"
4434,"enh11","ENSG00000172232"
4435,"enh4","ENSG00000188177"
4436,"enh3","ENSG00000105726"
4437,"enh9","ENSG00000095383"
4438,"enh7","ENSG00000130772"
4439,"enh12","ENSG00000178093"
4440,"enh5","ENSG00000148356"
4441,"enh13","ENSG00000184162"
4442,"enh12","ENSG00000160360"
4443,"enh2","ENSG00000126709"
4444,"enh6","ENSG00000174851"
4445,"enh8","ENSG00000125611"
4446,"enh10","ENSG00000136807"
4447,"enh14","ENSG00000144136"
4448,"enh13","ENSG00000115758"
4449,"enh3","ENSG00000172992"
4450,"enh1","ENSG00000064666"
4451,"enh9","ENSG00000186501"
4452,"enh13","ENSG00000142765"
4453,"enh1","ENSG00000254986"
4454,"enh5","ENSG00000087365"
4455,"enh5","ENSG00000174851"
4456,"enh11","ENSG00000155380"
4457,"enh4","ENSG00000064607"
4458,"enh4","ENSG00000250067"
4459,"enh1","ENSG00000105383"
4460,"enh14","ENSG00000103005"
4461,"enh11","ENSG00000117222"
4462,"enh8","ENSG00000005961"
4463,"enh2","ENSG00000125319"
4464,"enh9","ENSG00000162878"
4465,"enh5","ENSG00000175376"
4466,"enh6","ENSG00000204291"
4467,"enh10","ENSG00000182087"
4468,"enh2","ENSG00000186501"
4469,"enh12","ENSG00000051128"
4470,"enh8","ENSG00000102978"
4471,"enh6","ENSG00000108852"
4472,"enh1","ENSG00000006015"
4473,"enh2","ENSG00000095383"
4474,"enh6","ENSG00000143493"
4475,"enh8","ENSG00000134317"
4476,"enh9","ENSG00000130005"
4477,"enh4","ENSG00000176973"
4478,"enh1","ENSG00000122484"
4479,"enh11","ENSG00000117758"
4480,"enh9","ENSG00000140854"
4481,"enh9","ENSG00000165661"
4482,"enh2","ENSG00000071564"
4483,"enh12","ENSG00000180329"
4484,"enh3","ENSG00000158941"
4485,"enh3","ENSG00000148334"
4486,"enh9","ENSG00000174996"
4487,"enh1","ENSG00000174996"
4488,"enh1","ENSG00000105676"
4489,"enh6","ENSG00000129946"
4490,"enh1","ENSG00000162772"
4491,"enh4","ENSG00000122484"
4492,"enh2","ENSG00000160446"
4493,"enh7","ENSG00000133069"
4494,"enh12","ENSG00000181035"
4495,"enh7","ENSG00000158195"
4496,"enh5","ENSG00000107372"
4497,"enh2","ENSG00000204673"
4498,"enh11","ENSG00000175221"
4499,"enh3","ENSG00000175832"
4500,"enh2","ENSG00000144136"
4501,"enh1","ENSG00000125637"
4502,"enh11","ENSG00000162241"
4503,"enh7","ENSG00000165138"
4504,"enh12","ENSG00000117625"
4505,"enh11","ENSG00000076321"
4506,"enh6","ENSG00000167005"
4507,"enh9","ENSG00000115750"
4508,"enh5","ENSG00000136828"
4509,"enh8","ENSG00000103021"
4510,"enh13","ENSG00000105053"
4511,"enh2","ENSG00000172500"
4512,"enh8","ENSG00000110047"
4513,"enh11","ENSG00000104960"
4514,"enh13","ENSG00000091947"
4515,"enh1","ENSG00000185761"
4516,"enh3","ENSG00000197958"
4517,"enh9","ENSG00000125618"
4518,"enh4","ENSG00000105472"
4519,"enh5","ENSG00000116017"
4520,"enh12","ENSG00000198492"
4521,"enh10","ENSG00000144134"
4522,"enh10","ENSG00000117592"
4523,"enh1","ENSG00000099840"
4524,"enh3","ENSG00000069482"
4525,"enh1","ENSG00000006016"
4526,"enh4","ENSG00000197816"
4527,"enh11","ENSG00000090273"
4528,"enh4","ENSG00000131094"
4529,"enh12","ENSG00000099624"
4530,"enh4","ENSG00000256771"
4531,"enh12","ENSG00000005961"
4532,"enh5","ENSG00000106992"
4533,"enh14","ENSG00000141933"
4534,"enh2","ENSG00000161647"
4535,"enh5","ENSG00000135870"
4536,"enh3","ENSG00000102900"
4537,"enh4","ENSG00000099840"
4538,"enh5","ENSG00000181773"
4539,"enh11","ENSG00000099840"
4540,"enh8","ENSG00000144134"
4541,"enh10","ENSG00000172732"
4542,"enh10","ENSG00000009780"
4543,"enh13","ENSG00000181035"
4544,"enh10","ENSG00000153214"
4545,"enh9","ENSG00000127540"
4546,"enh10","ENSG00000142765"
4547,"enh7","ENSG00000175467"
4548,"enh8","ENSG00000160326"
4549,"enh9","ENSG00000149823"
4550,"enh8","ENSG00000125170"
4551,"enh2","ENSG00000102996"
4552,"enh1","ENSG00000172232"
4553,"enh13","ENSG00000169136"
4554,"enh13","ENSG00000183831"
4555,"enh10","ENSG00000103021"
4556,"enh12","ENSG00000136807"
4557,"enh14","ENSG00000119523"
4558,"enh14","ENSG00000014216"
4559,"enh9","ENSG00000087365"
4560,"enh9","ENSG00000130770"
4561,"enh6","ENSG00000095380"
4562,"enh1","ENSG00000167112"
4563,"enh12","ENSG00000182087"
4564,"enh5","ENSG00000129951"
4565,"enh10","ENSG00000142733"
4566,"enh9","ENSG00000162300"
4567,"enh12","ENSG00000115255"
4568,"enh7","ENSG00000168066"
4569,"enh10","ENSG00000141934"
4570,"enh9","ENSG00000136936"
4571,"enh7","ENSG00000062822"
4572,"enh5","ENSG00000142530"
4573,"enh11","ENSG00000198746"
4574,"enh8","ENSG00000082512"
4575,"enh5","ENSG00000148411"
4576,"enh10","ENSG00000147669"
4577,"enh3","ENSG00000131094"
4578,"enh3","ENSG00000116017"
4579,"enh9","ENSG00000167118"
4580,"enh14","ENSG00000262874"
4581,"enh12","ENSG00000071626"
4582,"enh11","ENSG00000174744"
4583,"enh10","ENSG00000162976"
4584,"enh6","ENSG00000125482"
4585,"enh2","ENSG00000174871"
4586,"enh14","ENSG00000197694"
4587,"enh14","ENSG00000175550"
4588,"enh7","ENSG00000180198"
4589,"enh2","ENSG00000125482"
4590,"enh14","ENSG00000133069"
4591,"enh4","ENSG00000158195"
4592,"enh13","ENSG00000064545"
4593,"enh12","ENSG00000108849"
4594,"enh6","ENSG00000117625"
4595,"enh1","ENSG00000104131"
4596,"enh12","ENSG00000133275"
4597,"enh2","ENSG00000105497"
4598,"enh7","ENSG00000228300"
4599,"enh6","ENSG00000167103"
4600,"enh7","ENSG00000197766"
4601,"enh9","ENSG00000136877"
4602,"enh5","ENSG00000136877"
4603,"enh10","ENSG00000162878"
4604,"enh6","ENSG00000009780"
4605,"enh7","ENSG00000079313"
4606,"enh11","ENSG00000196422"
4607,"enh7","ENSG00000104689"
4608,"enh10","ENSG00000196683"
4609,"enh4","ENSG00000196961"
4610,"enh7","ENSG00000188554"
4611,"enh8","ENSG00000162300"
4612,"enh1","ENSG00000158711"
4613,"enh12","ENSG00000138756"
4614,"enh1","ENSG00000108861"
4615,"enh6","ENSG00000162419"
4616,"enh1","ENSG00000174851"
4617,"enh10","ENSG00000065600"
4618,"enh14","ENSG00000180329"
4619,"enh3","ENSG00000196961"
4620,"enh2","ENSG00000171169"
4621,"enh1","ENSG00000117592"
4622,"enh6","ENSG00000163291"
4623,"enh2","ENSG00000070388"
4624,"enh11","ENSG00000105726"
4625,"enh13","ENSG00000198840"
4626,"enh13","ENSG00000082512"
4627,"enh6","ENSG00000180098"
4628,"enh7","ENSG00000071564"
4629,"enh10","ENSG00000175221"
4630,"enh14","ENSG00000175573"
4631,"enh3","ENSG00000198858"
4632,"enh6","ENSG00000069702"
4633,"enh1","ENSG00000167114"
4634,"enh8","ENSG00000198492"
4635,"enh6","ENSG00000097046"
4636,"enh5","ENSG00000147439"
4637,"enh9","ENSG00000136682"
4638,"enh9","ENSG00000181513"
4639,"enh8","ENSG00000196422"
4640,"enh7","ENSG00000167106"
4641,"enh9","ENSG00000066027"
4642,"enh14","ENSG00000203705"
4643,"enh5","ENSG00000122482"
4644,"enh12","ENSG00000011304"
4645,"enh14","ENSG00000213988"
4646,"enh4","ENSG00000108852"
4647,"enh1","ENSG00000118046"
4648,"enh9","ENSG00000161654"
4649,"enh9","ENSG00000117691"
4650,"enh1","ENSG00000198492"
4651,"enh7","ENSG00000105662"
4652,"enh11","ENSG00000068831"
4653,"enh2","ENSG00000172732"
4654,"enh8","ENSG00000133884"
4655,"enh12","ENSG00000174950"
4656,"enh11","ENSG00000213465"
4657,"enh5","ENSG00000160408"
4658,"enh5","ENSG00000125485"
4659,"enh1","ENSG00000167759"
4660,"enh10","ENSG00000095380"
4661,"enh11","ENSG00000165138"
4662,"enh8","ENSG00000160293"
4663,"enh1","ENSG00000136854"
4664,"enh13","ENSG00000147457"
4665,"enh11","ENSG00000138767"
4666,"enh10","ENSG00000115257"
4667,"enh12","ENSG00000254986"
4668,"enh3","ENSG00000136908"
4669,"enh14","ENSG00000221983"
4670,"enh4","ENSG00000181781"
4671,"enh11","ENSG00000152518"
4672,"enh11","ENSG00000168066"
4673,"enh2","ENSG00000221983"
4674,"enh6","ENSG00000115268"
4675,"enh7","ENSG00000148356"
4676,"enh6","ENSG00000082512"
4677,"enh7","ENSG00000064490"
4678,"enh10","ENSG00000122482"
4679,"enh2","ENSG00000105662"
4680,"enh6","ENSG00000172059"
4681,"enh13","ENSG00000142733"
4682,"enh12","ENSG00000161714"
4683,"enh13","ENSG00000115268"
4684,"enh9","ENSG00000090273"
4685,"enh14","ENSG00000064547"
4686,"enh13","ENSG00000120334"
4687,"enh4","ENSG00000117748"
4688,"enh3","ENSG00000136842"
4689,"enh11","ENSG00000213445"
4690,"enh14","ENSG00000196152"
4691,"enh5","ENSG00000125484"
4692,"enh4","ENSG00000147454"
4693,"enh4","ENSG00000105383"
4694,"enh13","ENSG00000174744"
4695,"enh6","ENSG00000142733"
4696,"enh3","ENSG00000172977"
4697,"enh10","ENSG00000174744"
4698,"enh9","ENSG00000105497"
4699,"enh10","ENSG00000119559"
4700,"enh13","ENSG00000131400"
4701,"enh5","ENSG00000130513"
4702,"enh2","ENSG00000196116"
4703,"enh2","ENSG00000064607"
4704,"enh1","ENSG00000173327"
4705,"enh7","ENSG00000097046"
4706,"enh10","ENSG00000196312"
4707,"enh12","ENSG00000174903"
4708,"enh3","ENSG00000066027"
4709,"enh6","ENSG00000198870"
4710,"enh7","ENSG00000130768"
4711,"enh1","ENSG00000115257"
4712,"enh14","ENSG00000165698"
4713,"enh8","ENSG00000172232"
4714,"enh5","ENSG00000171848"
4715,"enh3","ENSG00000005007"
4716,"enh3","ENSG00000069275"
4717,"enh3","ENSG00000174547"
4718,"enh14","ENSG00000130513"
4719,"enh5","ENSG00000178093"
4720,"enh7","ENSG00000168062"
4721,"enh1","ENSG00000153214"
4722,"enh12","ENSG00000136925"
4723,"enh7","ENSG00000185198"
4724,"enh1","ENSG00000105497"
4725,"enh13","ENSG00000123684"
4726,"enh14","ENSG00000172992"
4727,"enh4","ENSG00000155380"
4728,"enh3","ENSG00000115255"
4729,"enh10","ENSG00000125484"
4730,"enh4","ENSG00000262874"
4731,"enh8","ENSG00000162772"
4732,"enh12","ENSG00000105662"
4733,"enh12","ENSG00000006015"
4734,"enh6","ENSG00000204673"
4735,"enh13","ENSG00000125484"
4736,"enh5","ENSG00000198917"
4737,"enh3","ENSG00000180329"
4738,"enh4","ENSG00000117691"
4739,"enh9","ENSG00000198840"
4740,"enh11","ENSG00000180329"
4741,"enh13","ENSG00000168066"
4742,"enh10","ENSG00000158195"
4743,"enh10","ENSG00000108861"
4744,"enh9","ENSG00000131094"
4745,"enh7","ENSG00000125170"
4746,"enh11","ENSG00000106789"
4747,"enh9","ENSG00000117758"
4748,"enh11","ENSG00000125484"
4749,"enh12","ENSG00000176973"
4750,"enh8","ENSG00000198786"
4751,"enh2","ENSG00000136840"
4752,"enh5","ENSG00000172992"
4753,"enh5","ENSG00000130511"
4754,"enh6","ENSG00000175592"
4755,"enh2","ENSG00000160563"
4756,"enh4","ENSG00000161692"
4757,"enh4","ENSG00000125148"
4758,"enh1","ENSG00000187024"
4759,"enh12","ENSG00000197136"
4760,"enh2","ENSG00000090020"
4761,"enh1","ENSG00000160953"
4762,"enh14","ENSG00000105655"
4763,"enh2","ENSG00000119125"
4764,"enh6","ENSG00000126709"
4765,"enh8","ENSG00000185761"
4766,"enh4","ENSG00000174606"
4767,"enh12","ENSG00000204138"
4768,"enh13","ENSG00000161671"
4769,"enh7","ENSG00000160404"
4770,"enh10","ENSG00000167113"
4771,"enh14","ENSG00000090273"
4772,"enh12","ENSG00000180098"
4773,"enh12","ENSG00000133069"
4774,"enh2","ENSG00000161671"
4775,"enh13","ENSG00000143493"
4776,"enh3","ENSG00000204673"
4777,"enh6","ENSG00000174516"
4778,"enh13","ENSG00000162769"
4779,"enh13","ENSG00000095380"
4780,"enh11","ENSG00000131097"
4781,"enh12","ENSG00000162300"
4782,"enh9","ENSG00000213638"
4783,"enh9","ENSG00000165684"
4784,"enh7","ENSG00000197958"
4785,"enh5","ENSG00000162669"
4786,"enh3","ENSG00000105669"
4787,"enh5","ENSG00000167118"
4788,"enh8","ENSG00000149798"
4789,"enh14","ENSG00000129968"
4790,"enh13","ENSG00000198492"
4791,"enh12","ENSG00000068971"
4792,"enh3","ENSG00000108309"
4793,"enh3","ENSG00000105708"
4794,"enh10","ENSG00000185198"
4795,"enh10","ENSG00000172270"
4796,"enh5","ENSG00000184988"
4797,"enh5","ENSG00000138772"
4798,"enh13","ENSG00000173465"
4799,"enh1","ENSG00000107372"
4800,"enh14","ENSG00000114999"
4801,"enh4","ENSG00000172270"
4802,"enh2","ENSG00000174669"
4803,"enh10","ENSG00000176890"
4804,"enh6","ENSG00000115944"
4805,"enh13","ENSG00000130559"
4806,"enh11","ENSG00000115761"
4807,"enh7","ENSG00000119392"
4808,"enh2","ENSG00000153208"
4809,"enh6","ENSG00000102978"
4810,"enh12","ENSG00000182963"
4811,"enh5","ENSG00000175602"
4812,"enh6","ENSG00000167748"
4813,"enh10","ENSG00000143924"
4814,"enh7","ENSG00000120334"
4815,"enh11","ENSG00000064490"
4816,"enh1","ENSG00000130772"
4817,"enh9","ENSG00000129911"
4818,"enh4","ENSG00000066027"
4819,"enh1","ENSG00000130511"
4820,"enh1","ENSG00000133884"
4821,"enh2","ENSG00000105701"
4822,"enh11","ENSG00000104679"
4823,"enh8","ENSG00000104886"
4824,"enh9","ENSG00000099804"
4825,"enh11","ENSG00000175115"
4826,"enh2","ENSG00000105671"
4827,"enh14","ENSG00000117697"
4828,"enh1","ENSG00000120334"
4829,"enh1","ENSG00000167491"
4830,"enh14","ENSG00000010361"
4831,"enh3","ENSG00000135736"
4832,"enh9","ENSG00000105676"
4833,"enh12","ENSG00000167113"
4834,"enh10","ENSG00000159461"
4835,"enh4","ENSG00000131409"
4836,"enh7","ENSG00000106799"
4837,"enh12","ENSG00000068976"
4838,"enh12","ENSG00000262874"
4839,"enh10","ENSG00000143882"
4840,"enh10","ENSG00000068831"
4841,"enh5","ENSG00000115761"
4842,"enh5","ENSG00000119392"
4843,"enh7","ENSG00000014138"
4844,"enh7","ENSG00000126698"
4845,"enh8","ENSG00000014216"
4846,"enh6","ENSG00000125611"
4847,"enh12","ENSG00000165661"
4848,"enh3","ENSG00000160446"
4849,"enh2","ENSG00000130005"
4850,"enh14","ENSG00000204710"
4851,"enh2","ENSG00000105556"
4852,"enh3","ENSG00000146670"
4853,"enh8","ENSG00000087365"
4854,"enh11","ENSG00000103021"
4855,"enh7","ENSG00000099875"
4856,"enh9","ENSG00000165702"
4857,"enh1","ENSG00000082512"
4858,"enh5","ENSG00000161692"
4859,"enh5","ENSG00000115255"
4860,"enh12","ENSG00000120896"
4861,"enh3","ENSG00000161714"
4862,"enh9","ENSG00000097046"
4863,"enh1","ENSG00000064547"
4864,"enh2","ENSG00000105705"
4865,"enh2","ENSG00000203705"
4866,"enh8","ENSG00000227500"
4867,"enh11","ENSG00000134330"
4868,"enh8","ENSG00000142528"
4869,"enh13","ENSG00000198917"
4870,"enh4","ENSG00000167748"
4871,"enh7","ENSG00000175854"
4872,"enh14","ENSG00000125319"
4873,"enh6","ENSG00000203705"
4874,"enh3","ENSG00000104897"
4875,"enh9","ENSG00000158711"
4876,"enh9","ENSG00000114999"
4877,"enh5","ENSG00000130768"
4878,"enh11","ENSG00000107290"
4879,"enh4","ENSG00000144161"
4880,"enh9","ENSG00000254470"
4881,"enh13","ENSG00000069482"
4882,"enh13","ENSG00000135736"
4883,"enh10","ENSG00000136842"
4884,"enh5","ENSG00000099864"
4885,"enh1","ENSG00000110047"
4886,"enh7","ENSG00000064545"
4887,"enh3","ENSG00000169403"
4888,"enh4","ENSG00000169403"
4889,"enh3","ENSG00000133065"
4890,"enh9","ENSG00000133065"
4891,"enh10","ENSG00000117751"
4892,"enh6","ENSG00000071655"
4893,"enh1","ENSG00000140848"
4894,"enh4","ENSG00000106992"
4895,"enh13","ENSG00000148291"
4896,"enh1","ENSG00000105556"
4897,"enh3","ENSG00000181781"
4898,"enh8","ENSG00000122482"
4899,"enh10","ENSG00000064666"
4900,"enh6","ENSG00000165688"
4901,"enh2","ENSG00000105374"
4902,"enh1","ENSG00000186566"
4903,"enh14","ENSG00000130511"
4904,"enh12","ENSG00000117601"
4905,"enh6","ENSG00000135046"
4906,"enh5","ENSG00000198858"
4907,"enh10","ENSG00000108309"
4908,"enh8","ENSG00000105726"
4909,"enh4","ENSG00000223802"
4910,"enh2","ENSG00000160408"
4911,"enh3","ENSG00000005961"
4912,"enh6","ENSG00000167470"
4913,"enh4","ENSG00000160953"
4914,"enh14","ENSG00000175334"
4915,"enh9","ENSG00000168056"
4916,"enh7","ENSG00000158711"
4917,"enh12","ENSG00000167136"
4918,"enh5","ENSG00000197694"
4919,"enh8","ENSG00000170385"
4920,"enh4","ENSG00000135046"
4921,"enh10","ENSG00000148339"
4922,"enh2","ENSG00000138756"
4923,"enh7","ENSG00000120889"
4924,"enh8","ENSG00000175376"
4925,"enh13","ENSG00000136932"
4926,"enh4","ENSG00000163297"
4927,"enh7","ENSG00000163297"
4928,"enh2","ENSG00000174684"
4929,"enh7","ENSG00000197816"
4930,"enh8","ENSG00000106991"
4931,"enh5","ENSG00000171169"
4932,"enh9","ENSG00000160360"
4933,"enh2","ENSG00000136908"
4934,"enh1","ENSG00000107021"
4935,"enh9","ENSG00000125319"
4936,"enh10","ENSG00000167005"
4937,"enh10","ENSG00000178093"
4938,"enh8","ENSG00000147669"
4939,"enh3","ENSG00000160326"
4940,"enh14","ENSG00000181781"
4941,"enh3","ENSG00000143476"
4942,"enh7","ENSG00000102996"
4943,"enh10","ENSG00000082512"
4944,"enh13","ENSG00000171940"
4945,"enh8","ENSG00000115257"
4946,"enh2","ENSG00000149823"
4947,"enh11","ENSG00000143924"
4948,"enh10","ENSG00000133065"
4949,"enh4","ENSG00000088682"
4950,"enh8","ENSG00000169288"
4951,"enh10","ENSG00000011304"
4952,"enh4","ENSG00000115255"
4953,"enh14","ENSG00000174547"
4954,"enh1","ENSG00000167103"
4955,"enh9","ENSG00000198870"
4956,"enh2","ENSG00000198786"
4957,"enh11","ENSG00000102978"
4958,"enh6","ENSG00000142544"
4959,"enh7","ENSG00000175294"
4960,"enh13","ENSG00000107372"
4961,"enh11","ENSG00000006016"
4962,"enh8","ENSG00000144130"
4963,"enh9","ENSG00000160325"
4964,"enh10","ENSG00000148297"
4965,"enh5","ENSG00000066027"
4966,"enh10","ENSG00000167470"
4967,"enh14","ENSG00000167110"
4968,"enh7","ENSG00000087365"
4969,"enh5","ENSG00000130766"
4970,"enh12","ENSG00000125482"
4971,"enh3","ENSG00000143870"
4972,"enh14","ENSG00000105556"
4973,"enh10","ENSG00000119125"
4974,"enh2","ENSG00000165092"
4975,"enh8","ENSG00000160446"
4976,"enh14","ENSG00000082512"
4977,"enh12","ENSG00000120656"
4978,"enh8","ENSG00000122026"
4979,"enh12","ENSG00000126391"
4980,"enh9","ENSG00000131400"
4981,"enh14","ENSG00000130560"
4982,"enh1","ENSG00000119523"
4983,"enh8","ENSG00000105053"
4984,"enh3","ENSG00000129946"
4985,"enh12","ENSG00000168056"
4986,"enh8","ENSG00000162976"
4987,"enh9","ENSG00000130270"
4988,"enh4","ENSG00000162419"
4989,"enh12","ENSG00000106789"
4990,"enh7","ENSG00000159579"
4991,"enh1","ENSG00000105655"
4992,"enh11","ENSG00000099622"
4993,"enh13","ENSG00000159461"
4994,"enh9","ENSG00000167470"
4995,"enh1","ENSG00000136448"
4996,"enh13","ENSG00000115257"
4997,"enh5","ENSG00000161714"
4998,"enh6","ENSG00000117280"
4999,"enh10","ENSG00000088682"
5000,"enh2","ENSG00000172081"
5001,"enh12","ENSG00000119125"
5002,"enh5","ENSG00000174516"
5003,"enh3","ENSG00000117650"
5004,"enh2","ENSG00000010361"
5005,"enh5","ENSG00000136830"
5006,"enh8","ENSG00000131400"
5007,"enh6","ENSG00000160408"
5008,"enh10","ENSG00000115091"
5009,"enh8","ENSG00000156269"
5010,"enh11","ENSG00000196116"
5011,"enh11","ENSG00000130775"
5012,"enh10","ENSG00000176973"
5013,"enh13","ENSG00000099821"
5014,"enh4","ENSG00000136937"
5015,"enh6","ENSG00000169403"
5016,"enh5","ENSG00000108852"
5017,"enh1","ENSG00000095380"
5018,"enh1","ENSG00000173825"
5019,"enh2","ENSG00000104897"
5020,"enh9","ENSG00000148248"
5021,"enh10","ENSG00000151694"
5022,"enh3","ENSG00000152061"
5023,"enh12","ENSG00000169607"
5024,"enh4","ENSG00000172732"
5025,"enh10","ENSG00000198858"
5026,"enh9","ENSG00000196422"
5027,"enh5","ENSG00000122026"
5028,"enh3","ENSG00000130560"
5029,"enh3","ENSG00000162772"
5030,"enh6","ENSG00000198417"
5031,"enh2","ENSG00000064687"
5032,"enh5","ENSG00000108849"
5033,"enh7","ENSG00000070770"
5034,"enh11","ENSG00000130766"
5035,"enh5","ENSG00000148296"
5036,"enh10","ENSG00000108312"
5037,"enh14","ENSG00000104973"
5038,"enh4","ENSG00000161677"
5039,"enh10","ENSG00000173825"
5040,"enh7","ENSG00000153214"
5041,"enh1","ENSG00000108852"
5042,"enh3","ENSG00000064787"
5043,"enh8","ENSG00000165092"
5044,"enh10","ENSG00000177125"
5045,"enh14","ENSG00000238227"
5046,"enh7","ENSG00000138756"
5047,"enh13","ENSG00000115255"
5048,"enh3","ENSG00000149809"
5049,"enh4","ENSG00000103005"
5050,"enh3","ENSG00000068976"
5051,"enh14","ENSG00000254901"
5052,"enh2","ENSG00000107290"
5053,"enh2","ENSG00000105472"
5054,"enh13","ENSG00000141934"
5055,"enh7","ENSG00000174871"
5056,"enh14","ENSG00000172081"
5057,"enh3","ENSG00000180098"
5058,"enh4","ENSG00000149823"
5059,"enh2","ENSG00000136874"
5060,"enh13","ENSG00000167747"
5061,"enh9","ENSG00000116017"
5062,"enh14","ENSG00000166188"
5063,"enh4","ENSG00000126698"
5064,"enh7","ENSG00000120913"
5065,"enh13","ENSG00000102978"
5066,"enh2","ENSG00000148300"
5067,"enh5","ENSG00000106785"
5068,"enh1","ENSG00000064545"
5069,"enh6","ENSG00000174606"
5070,"enh4","ENSG00000126709"
5071,"enh14","ENSG00000174744"
5072,"enh9","ENSG00000161692"
5073,"enh6","ENSG00000051108"
5074,"enh1","ENSG00000167136"
5075,"enh11","ENSG00000136908"
5076,"enh7","ENSG00000129946"
5077,"enh11","ENSG00000105656"
5078,"enh5","ENSG00000158941"
5079,"enh8","ENSG00000175602"
5080,"enh13","ENSG00000117280"
5081,"enh14","ENSG00000125630"
5082,"enh14","ENSG00000148334"
5083,"enh7","ENSG00000161671"
5084,"enh3","ENSG00000196550"
5085,"enh5","ENSG00000097046"
5086,"enh2","ENSG00000142784"
5087,"enh13","ENSG00000175467"
5088,"enh5","ENSG00000136856"
5089,"enh7","ENSG00000069482"
5090,"enh1","ENSG00000106803"
5091,"enh3","ENSG00000122484"
5092,"enh12","ENSG00000076321"
5093,"enh6","ENSG00000115084"
5094,"enh14","ENSG00000168066"
5095,"enh3","ENSG00000172059"
5096,"enh11","ENSG00000250067"
5097,"enh11","ENSG00000130270"
5098,"enh13","ENSG00000064932"
5099,"enh8","ENSG00000173327"
5100,"enh6","ENSG00000235034"
5101,"enh7","ENSG00000069702"
5102,"enh11","ENSG00000198417"
5103,"enh9","ENSG00000006015"
5104,"enh4","ENSG00000090020"
5105,"enh11","ENSG00000167487"
5106,"enh14","ENSG00000198492"
5107,"enh14","ENSG00000107290"
5108,"enh6","ENSG00000152518"
5109,"enh2","ENSG00000185278"
5110,"enh2","ENSG00000213638"
5111,"enh13","ENSG00000162873"
5112,"enh12","ENSG00000099866"
5113,"enh11","ENSG00000172757"
5114,"enh11","ENSG00000174529"
5115,"enh11","ENSG00000221983"
5116,"enh11","ENSG00000253368"
5117,"enh1","ENSG00000117280"
5118,"enh1","ENSG00000148291"
5119,"enh8","ENSG00000187193"
5120,"enh6","ENSG00000175334"
5121,"enh8","ENSG00000167759"
5122,"enh5","ENSG00000136925"
5123,"enh1","ENSG00000105472"
5124,"enh10","ENSG00000105053"
5125,"enh3","ENSG00000165689"
5126,"enh5","ENSG00000136938"
5127,"enh9","ENSG00000143870"
5128,"enh10","ENSG00000115084"
5129,"enh14","ENSG00000125618"
5130,"enh14","ENSG00000129933"
5131,"enh5","ENSG00000064687"
5132,"enh1","ENSG00000136811"
5133,"enh10","ENSG00000161677"
5134,"enh8","ENSG00000198917"
5135,"enh8","ENSG00000181896"
5136,"enh10","ENSG00000161647"
5137,"enh1","ENSG00000115970"
5138,"enh7","ENSG00000186010"
5139,"enh6","ENSG00000167487"
5140,"enh6","ENSG00000180448"
5141,"enh12","ENSG00000197958"
5142,"enh6","ENSG00000172992"
5143,"enh1","ENSG00000197958"
5144,"enh11","ENSG00000143882"
5145,"enh6","ENSG00000168062"
5146,"enh2","ENSG00000105379"
5147,"enh8","ENSG00000203705"
5148,"enh1","ENSG00000198858"
5149,"enh4","ENSG00000175334"
5150,"enh2","ENSG00000185198"
5151,"enh2","ENSG00000175707"
5152,"enh11","ENSG00000204710"
5153,"enh8","ENSG00000165698"
5154,"enh9","ENSG00000167468"
5155,"enh13","ENSG00000142186"
5156,"enh2","ENSG00000142528"
5157,"enh2","ENSG00000167114"
5158,"enh1","ENSG00000149792"
5159,"enh1","ENSG00000105696"
5160,"enh13","ENSG00000125482"
5161,"enh11","ENSG00000185278"
5162,"enh3","ENSG00000088682"
5163,"enh7","ENSG00000160325"
5164,"enh10","ENSG00000174851"
5165,"enh14","ENSG00000174529"
5166,"enh5","ENSG00000118046"
5167,"enh2","ENSG00000130772"
5168,"enh5","ENSG00000152061"
5169,"enh14","ENSG00000115944"
5170,"enh12","ENSG00000106803"
5171,"enh8","ENSG00000104679"
5172,"enh1","ENSG00000160293"
5173,"enh1","ENSG00000148337"
5174,"enh9","ENSG00000099821"
5175,"enh5","ENSG00000130770"
5176,"enh1","ENSG00000131094"
5177,"enh2","ENSG00000104679"
5178,"enh9","ENSG00000135821"
5179,"enh3","ENSG00000014138"
5180,"enh8","ENSG00000142765"
5181,"enh9","ENSG00000076321"
5182,"enh10","ENSG00000108883"
5183,"enh2","ENSG00000144134"
5184,"enh2","ENSG00000196312"
5185,"enh3","ENSG00000105472"
5186,"enh13","ENSG00000174871"
5187,"enh4","ENSG00000129946"
5188,"enh3","ENSG00000106789"
5189,"enh4","ENSG00000136854"
5190,"enh8","ENSG00000186566"
5191,"enh8","ENSG00000108883"
5192,"enh9","ENSG00000148303"
5193,"enh6","ENSG00000134330"
5194,"enh8","ENSG00000133065"
5195,"enh5","ENSG00000241852"
5196,"enh1","ENSG00000071626"
5197,"enh9","ENSG00000160318"
5198,"enh12","ENSG00000105497"
5199,"enh12","ENSG00000165092"
5200,"enh10","ENSG00000175573"
5201,"enh10","ENSG00000131409"
5202,"enh4","ENSG00000160345"
5203,"enh6","ENSG00000175832"
5204,"enh13","ENSG00000161682"
5205,"enh2","ENSG00000136811"
5206,"enh7","ENSG00000160326"
5207,"enh8","ENSG00000176973"
5208,"enh1","ENSG00000136874"
5209,"enh8","ENSG00000104973"
5210,"enh4","ENSG00000104679"
5211,"enh5","ENSG00000051128"
5212,"enh2","ENSG00000115761"
5213,"enh10","ENSG00000119523"
5214,"enh1","ENSG00000213445"
5215,"enh5","ENSG00000162300"
5216,"enh6","ENSG00000175550"
5217,"enh1","ENSG00000142544"
5218,"enh2","ENSG00000051128"
5219,"enh5","ENSG00000105705"
5220,"enh7","ENSG00000254986"
5221,"enh2","ENSG00000108883"
5222,"enh5","ENSG00000181781"
5223,"enh8","ENSG00000125148"
5224,"enh3","ENSG00000105655"
5225,"enh13","ENSG00000126391"
5226,"enh7","ENSG00000136828"
5227,"enh6","ENSG00000089639"
5228,"enh3","ENSG00000108849"
5229,"enh5","ENSG00000119523"
5230,"enh13","ENSG00000165092"
5231,"enh4","ENSG00000171219"
5232,"enh14","ENSG00000167759"
5233,"enh10","ENSG00000159579"
5234,"enh2","ENSG00000118046"
5235,"enh2","ENSG00000115756"
5236,"enh9","ENSG00000105696"
5237,"enh4","ENSG00000122482"
5238,"enh12","ENSG00000160161"
5239,"enh12","ENSG00000064545"
5240,"enh3","ENSG00000095380"
5241,"enh6","ENSG00000006015"
5242,"enh6","ENSG00000186185"
5243,"enh2","ENSG00000175602"
5244,"enh12","ENSG00000099864"
5245,"enh4","ENSG00000119392"
5246,"enh5","ENSG00000173039"
5247,"enh3","ENSG00000153214"
5248,"enh12","ENSG00000158941"
5249,"enh14","ENSG00000196422"
5250,"enh9","ENSG00000172500"
5251,"enh2","ENSG00000064545"
5252,"enh12","ENSG00000165699"
5253,"enh7","ENSG00000140848"
5254,"enh13","ENSG00000188177"
5255,"enh8","ENSG00000105374"
5256,"enh8","ENSG00000196152"
5257,"enh3","ENSG00000160318"
5258,"enh2","ENSG00000125484"
5259,"enh8","ENSG00000172270"
5260,"enh10","ENSG00000142544"
5261,"enh1","ENSG00000106799"
5262,"enh11","ENSG00000241852"
5263,"enh10","ENSG00000125618"
5264,"enh14","ENSG00000161654"
5265,"enh7","ENSG00000213024"
5266,"enh2","ENSG00000136937"
5267,"enh14","ENSG00000143476"
5268,"enh3","ENSG00000165138"
5269,"enh9","ENSG00000175832"
5270,"enh10","ENSG00000126391"
5271,"enh12","ENSG00000159579"
5272,"enh5","ENSG00000108861"
5273,"enh3","ENSG00000095383"
5274,"enh1","ENSG00000108883"
5275,"enh14","ENSG00000125148"
5276,"enh8","ENSG00000071564"
5277,"enh5","ENSG00000129933"
5278,"enh3","ENSG00000161682"
5279,"enh2","ENSG00000174903"
5280,"enh7","ENSG00000175573"
5281,"enh6","ENSG00000134317"
5282,"enh4","ENSG00000174529"
5283,"enh8","ENSG00000158941"
5284,"enh3","ENSG00000129911"
5285,"enh10","ENSG00000172232"
5286,"enh3","ENSG00000196415"
5287,"enh4","ENSG00000108861"
5288,"enh4","ENSG00000107290"
5289,"enh14","ENSG00000175592"
5290,"enh3","ENSG00000064547"
5291,"enh13","ENSG00000005961"
5292,"enh10","ENSG00000197694"
5293,"enh10","ENSG00000117280"
5294,"enh1","ENSG00000117748"
5295,"enh4","ENSG00000136936"
5296,"enh2","ENSG00000171940"
5297,"enh11","ENSG00000089639"
5298,"enh6","ENSG00000138767"
5299,"enh3","ENSG00000148290"
5300,"enh5","ENSG00000095383"
5301,"enh10","ENSG00000167136"
5302,"enh2","ENSG00000149798"
5303,"enh2","ENSG00000186566"
5304,"enh14","ENSG00000125144"
5305,"enh7","ENSG00000136925"
5306,"enh7","ENSG00000130775"
5307,"enh5","ENSG00000141349"
5308,"enh10","ENSG00000138036"
5309,"enh4","ENSG00000115756"
5310,"enh2","ENSG00000241852"
5311,"enh1","ENSG00000129968"
5312,"enh8","ENSG00000148334"
5313,"enh10","ENSG00000174606"
5314,"enh2","ENSG00000197816"
5315,"enh1","ENSG00000105053"
5316,"enh11","ENSG00000158195"
5317,"enh13","ENSG00000131097"
5318,"enh7","ENSG00000185278"
5319,"enh11","ENSG00000196152"
5320,"enh14","ENSG00000162976"
5321,"enh9","ENSG00000158161"
5322,"enh12","ENSG00000162419"
5323,"enh11","ENSG00000125148"
5324,"enh6","ENSG00000125148"
5325,"enh6","ENSG00000153214"
5326,"enh8","ENSG00000125484"
5327,"enh12","ENSG00000064490"
5328,"enh8","ENSG00000136895"
5329,"enh5","ENSG00000117697"
5330,"enh7","ENSG00000159461"
5331,"enh6","ENSG00000071564"
5332,"enh4","ENSG00000105556"
5333,"enh2","ENSG00000122484"
5334,"enh11","ENSG00000108309"
5335,"enh13","ENSG00000105655"
5336,"enh4","ENSG00000065600"
5337,"enh9","ENSG00000115286"
5338,"enh4","ENSG00000136943"
5339,"enh3","ENSG00000228300"
5340,"enh9","ENSG00000115084"
5341,"enh14","ENSG00000133884"
5342,"enh5","ENSG00000105656"
5343,"enh2","ENSG00000071626"
5344,"enh2","ENSG00000181896"
5345,"enh7","ENSG00000104946"
5346,"enh7","ENSG00000136682"
5347,"enh9","ENSG00000165092"
5348,"enh3","ENSG00000119185"
5349,"enh12","ENSG00000100316"
5350,"enh3","ENSG00000106991"
5351,"enh4","ENSG00000115257"
5352,"enh8","ENSG00000105705"
5353,"enh2","ENSG00000105676"
5354,"enh1","ENSG00000175906"
5355,"enh10","ENSG00000175334"
5356,"enh10","ENSG00000135736"
5357,"enh11","ENSG00000180448"
5358,"enh6","ENSG00000152061"
5359,"enh10","ENSG00000115268"
5360,"enh10","ENSG00000136936"
5361,"enh14","ENSG00000106799"
5362,"enh4","ENSG00000099625"
5363,"enh7","ENSG00000105053"
5364,"enh5","ENSG00000067596"
5365,"enh1","ENSG00000131097"
5366,"enh14","ENSG00000153208"
5367,"enh2","ENSG00000105655"
5368,"enh1","ENSG00000131409"
5369,"enh14","ENSG00000143924"
5370,"enh6","ENSG00000131097"
5371,"enh2","ENSG00000187840"
5372,"enh9","ENSG00000103021"
5373,"enh1","ENSG00000167468"
5374,"enh9","ENSG00000204291"
5375,"enh8","ENSG00000161692"
5376,"enh5","ENSG00000129968"
5377,"enh6","ENSG00000115756"
5378,"enh7","ENSG00000168591"
5379,"enh5","ENSG00000133243"
5380,"enh9","ENSG00000115268"
5381,"enh1","ENSG00000149809"
5382,"enh2","ENSG00000170385"
5383,"enh5","ENSG00000173327"
5384,"enh3","ENSG00000149798"
5385,"enh5","ENSG00000197217"
5386,"enh5","ENSG00000147457"
5387,"enh2","ENSG00000014216"
5388,"enh1","ENSG00000169403"
5389,"enh8","ENSG00000175294"
5390,"enh13","ENSG00000105717"
5391,"enh6","ENSG00000133895"
5392,"enh7","ENSG00000130766"
5393,"enh12","ENSG00000175854"
5394,"enh7","ENSG00000148337"
5395,"enh9","ENSG00000108883"
5396,"enh6","ENSG00000067596"
5397,"enh10","ENSG00000147454"
5398,"enh8","ENSG00000141934"
5399,"enh1","ENSG00000204710"
5400,"enh5","ENSG00000165698"
5401,"enh8","ENSG00000189195"
5402,"enh11","ENSG00000135046"
5403,"enh14","ENSG00000181588"
5404,"enh11","ENSG00000106803"
5405,"enh7","ENSG00000136936"
5406,"enh3","ENSG00000254470"
5407,"enh2","ENSG00000134330"
5408,"enh10","ENSG00000168056"
5409,"enh8","ENSG00000172500"
5410,"enh13","ENSG00000171159"
5411,"enh1","ENSG00000070423"
5412,"enh12","ENSG00000119392"
5413,"enh3","ENSG00000196152"
5414,"enh13","ENSG00000106789"
5415,"enh3","ENSG00000136807"
5416,"enh9","ENSG00000197136"
5417,"enh12","ENSG00000160404"
5418,"enh11","ENSG00000071564"
5419,"enh10","ENSG00000105726"
5420,"enh13","ENSG00000165702"
5421,"enh4","ENSG00000182087"
5422,"enh14","ENSG00000069275"
5423,"enh9","ENSG00000126705"
5424,"enh11","ENSG00000160360"
5425,"enh4","ENSG00000119185"
5426,"enh2","ENSG00000069482"
5427,"enh4","ENSG00000172775"
5428,"enh4","ENSG00000162772"
5429,"enh4","ENSG00000140848"
5430,"enh14","ENSG00000167103"
5431,"enh3","ENSG00000105696"
5432,"enh3","ENSG00000168056"
5433,"enh5","ENSG00000006015"
5434,"enh13","ENSG00000106799"
5435,"enh11","ENSG00000228300"
5436,"enh6","ENSG00000156269"
5437,"enh1","ENSG00000071655"
5438,"enh8","ENSG00000099875"
5439,"enh4","ENSG00000173327"
5440,"enh3","ENSG00000105705"
5441,"enh13","ENSG00000147454"
5442,"enh6","ENSG00000148339"
5443,"enh7","ENSG00000110047"
5444,"enh7","ENSG00000117691"
5445,"enh6","ENSG00000104973"
5446,"enh13","ENSG00000117593"
5447,"enh9","ENSG00000172732"
5448,"enh10","ENSG00000119185"
5449,"enh13","ENSG00000153214"
5450,"enh5","ENSG00000140854"
5451,"enh7","ENSG00000204673"
5452,"enh1","ENSG00000160345"
5453,"enh12","ENSG00000105717"
5454,"enh10","ENSG00000105700"
5455,"enh10","ENSG00000148291"
5456,"enh14","ENSG00000198417"
5457,"enh10","ENSG00000076321"
5458,"enh11","ENSG00000126705"
5459,"enh2","ENSG00000115268"
5460,"enh12","ENSG00000162298"
5461,"enh9","ENSG00000133895"
5462,"enh13","ENSG00000197136"
5463,"enh14","ENSG00000172059"
5464,"enh7","ENSG00000119559"
5465,"enh6","ENSG00000065600"
5466,"enh9","ENSG00000204138"
5467,"enh7","ENSG00000115255"
5468,"enh10","ENSG00000114999"
5469,"enh8","ENSG00000004939"
5470,"enh4","ENSG00000051128"
5471,"enh12","ENSG00000104973"
5472,"enh5","ENSG00000172732"
5473,"enh4","ENSG00000076321"
5474,"enh10","ENSG00000125148"
5475,"enh14","ENSG00000117222"
5476,"enh4","ENSG00000167487"
5477,"enh14","ENSG00000131398"
5478,"enh4","ENSG00000160404"
5479,"enh1","ENSG00000196550"
5480,"enh1","ENSG00000102978"
5481,"enh5","ENSG00000165699"
5482,"enh11","ENSG00000140859"
5483,"enh2","ENSG00000196415"
5484,"enh13","ENSG00000071564"
5485,"enh6","ENSG00000105662"
5486,"enh12","ENSG00000095383"
5487,"enh8","ENSG00000104689"
5488,"enh8","ENSG00000119392"
5489,"enh4","ENSG00000135821"
5490,"enh11","ENSG00000104885"
5491,"enh9","ENSG00000148296"
5492,"enh10","ENSG00000136682"
5493,"enh9","ENSG00000167106"
5494,"enh13","ENSG00000014216"
5495,"enh11","ENSG00000117266"
5496,"enh14","ENSG00000180098"
5497,"enh6","ENSG00000188554"
5498,"enh6","ENSG00000136854"
5499,"enh14","ENSG00000147454"
5500,"enh10","ENSG00000126709"
5501,"enh14","ENSG00000119559"
5502,"enh14","ENSG00000167113"
5503,"enh4","ENSG00000174276"
5504,"enh3","ENSG00000115756"
5505,"enh12","ENSG00000161671"
5506,"enh8","ENSG00000138036"
5507,"enh11","ENSG00000167005"
5508,"enh1","ENSG00000065600"
5509,"enh3","ENSG00000125485"
5510,"enh8","ENSG00000213445"
5511,"enh14","ENSG00000105671"
5512,"enh1","ENSG00000108849"
5513,"enh7","ENSG00000012048"
5514,"enh10","ENSG00000158941"
5515,"enh6","ENSG00000163297"
5516,"enh7","ENSG00000197217"
5517,"enh1","ENSG00000117650"
5518,"enh14","ENSG00000186185"
5519,"enh3","ENSG00000162419"
5520,"enh6","ENSG00000143870"
5521,"enh10","ENSG00000104960"
5522,"enh14","ENSG00000167487"
5523,"enh10","ENSG00000196152"
5524,"enh4","ENSG00000156269"
5525,"enh9","ENSG00000181035"
5526,"enh7","ENSG00000117222"
5527,"enh5","ENSG00000101132"
5528,"enh4","ENSG00000133059"
5529,"enh1","ENSG00000161654"
5530,"enh3","ENSG00000171848"
5531,"enh12","ENSG00000163291"
5532,"enh6","ENSG00000104897"
5533,"enh14","ENSG00000008853"
5534,"enh5","ENSG00000120656"
5535,"enh7","ENSG00000198746"
5536,"enh4","ENSG00000136448"
5537,"enh11","ENSG00000102996"
5538,"enh1","ENSG00000198870"
5539,"enh5","ENSG00000012048"
5540,"enh11","ENSG00000110047"
5541,"enh5","ENSG00000262874"
5542,"enh4","ENSG00000065000"
5543,"enh9","ENSG00000129933"
5544,"enh3","ENSG00000138772"
5545,"enh10","ENSG00000136828"
5546,"enh9","ENSG00000136830"
5547,"enh10","ENSG00000187024"
5548,"enh7","ENSG00000119333"
5549,"enh9","ENSG00000213465"
5550,"enh8","ENSG00000171169"
5551,"enh9","ENSG00000104897"
5552,"enh9","ENSG00000105671"
5553,"enh1","ENSG00000198786"
5554,"enh11","ENSG00000161682"
5555,"enh8","ENSG00000196550"
5556,"enh4","ENSG00000100316"
5557,"enh8","ENSG00000122484"
5558,"enh11","ENSG00000186806"
5559,"enh14","ENSG00000198746"
5560,"enh5","ENSG00000134308"
5561,"enh13","ENSG00000213445"
5562,"enh13","ENSG00000099804"
5563,"enh6","ENSG00000136895"
5564,"enh1","ENSG00000136682"
5565,"enh9","ENSG00000188177"
5566,"enh11","ENSG00000143476"
5567,"enh14","ENSG00000087365"
5568,"enh6","ENSG00000122140"
5569,"enh10","ENSG00000223802"
5570,"enh8","ENSG00000138772"
5571,"enh1","ENSG00000162878"
5572,"enh12","ENSG00000213221"
5573,"enh6","ENSG00000213024"
5574,"enh4","ENSG00000204673"
5575,"enh12","ENSG00000168591"
5576,"enh4","ENSG00000182963"
5577,"enh8","ENSG00000064607"
5578,"enh12","ENSG00000105705"
5579,"enh13","ENSG00000160345"
5580,"enh11","ENSG00000197694"
5581,"enh9","ENSG00000091947"
5582,"enh6","ENSG00000162769"
5583,"enh7","ENSG00000186501"
5584,"enh5","ENSG00000099624"
5585,"enh10","ENSG00000087152"
5586,"enh4","ENSG00000107372"
5587,"enh9","ENSG00000106785"
5588,"enh7","ENSG00000203705"
5589,"enh4","ENSG00000162878"
5590,"enh12","ENSG00000064547"
5591,"enh8","ENSG00000172081"
5592,"enh14","ENSG00000133275"
5593,"enh12","ENSG00000172732"
5594,"enh11","ENSG00000119335"
5595,"enh7","ENSG00000235034"
5596,"enh2","ENSG00000117625"
5597,"enh7","ENSG00000227500"
5598,"enh6","ENSG00000105708"
5599,"enh4","ENSG00000104946"
5600,"enh6","ENSG00000119392"
5601,"enh4","ENSG00000082512"
5602,"enh5","ENSG00000119203"
5603,"enh7","ENSG00000130511"
5604,"enh14","ENSG00000187024"
5605,"enh8","ENSG00000175707"
5606,"enh12","ENSG00000110047"
5607,"enh9","ENSG00000142530"
5608,"enh3","ENSG00000142544"
5609,"enh5","ENSG00000197540"
5610,"enh13","ENSG00000241852"
5611,"enh14","ENSG00000064607"
5612,"enh8","ENSG00000095383"
5613,"enh5","ENSG00000014138"
5614,"enh13","ENSG00000117751"
5615,"enh4","ENSG00000235034"
5616,"enh3","ENSG00000256771"
5617,"enh2","ENSG00000186010"
5618,"enh9","ENSG00000175334"
5619,"enh7","ENSG00000142528"
5620,"enh1","ENSG00000147454"
5621,"enh8","ENSG00000168056"
5622,"enh3","ENSG00000149806"
5623,"enh7","ENSG00000160360"
5624,"enh4","ENSG00000148411"
5625,"enh6","ENSG00000182963"
5626,"enh7","ENSG00000141934"
5627,"enh4","ENSG00000110047"
5628,"enh3","ENSG00000182087"
5629,"enh10","ENSG00000130511"
5630,"enh4","ENSG00000196312"
5631,"enh2","ENSG00000223802"
5632,"enh6","ENSG00000117601"
5633,"enh13","ENSG00000175906"
5634,"enh11","ENSG00000144161"
5635,"enh2","ENSG00000130513"
5636,"enh6","ENSG00000187024"
5637,"enh6","ENSG00000071626"
5638,"enh14","ENSG00000181896"
5639,"enh14","ENSG00000070388"
5640,"enh5","ENSG00000136807"
5641,"enh2","ENSG00000160326"
5642,"enh11","ENSG00000167136"
5643,"enh9","ENSG00000138767"
5644,"enh9","ENSG00000115756"
5645,"enh7","ENSG00000171169"
5646,"enh13","ENSG00000162772"
5647,"enh3","ENSG00000143924"
5648,"enh7","ENSG00000115268"
5649,"enh5","ENSG00000151694"
5650,"enh10","ENSG00000130005"
5651,"enh6","ENSG00000175221"
5652,"enh4","ENSG00000181588"
5653,"enh14","ENSG00000087152"
5654,"enh12","ENSG00000130770"
5655,"enh6","ENSG00000064787"
5656,"enh10","ENSG00000014138"
5657,"enh2","ENSG00000069275"
5658,"enh13","ENSG00000187193"
5659,"enh12","ENSG00000069482"
5660,"enh14","ENSG00000099875"
5661,"enh7","ENSG00000013306"
5662,"enh2","ENSG00000130559"
5663,"enh12","ENSG00000147439"
5664,"enh13","ENSG00000147669"
5665,"enh12","ENSG00000176890"
5666,"enh12","ENSG00000174606"
5667,"enh11","ENSG00000142733"
5668,"enh2","ENSG00000180340"
5669,"enh11","ENSG00000167470"
5670,"enh12","ENSG00000134308"
5671,"enh5","ENSG00000090273"
5672,"enh8","ENSG00000131408"
5673,"enh5","ENSG00000204710"
5674,"enh12","ENSG00000174871"
5675,"enh14","ENSG00000185761"
5676,"enh8","ENSG00000120896"
5677,"enh1","ENSG00000161677"
5678,"enh4","ENSG00000166188"
5679,"enh10","ENSG00000130560"
5680,"enh1","ENSG00000142751"
5681,"enh13","ENSG00000126698"
5682,"enh14","ENSG00000198786"
5683,"enh14","ENSG00000105472"
5684,"enh5","ENSG00000181513"
5685,"enh6","ENSG00000117593"
5686,"enh6","ENSG00000110047"
5687,"enh12","ENSG00000186185"
5688,"enh14","ENSG00000136938"
5689,"enh6","ENSG00000174842"
5690,"enh5","ENSG00000142528"
5691,"enh2","ENSG00000197217"
5692,"enh1","ENSG00000144136"
5693,"enh6","ENSG00000064607"
5694,"enh6","ENSG00000133243"
5695,"enh13","ENSG00000171219"
5696,"enh3","ENSG00000065000"
5697,"enh10","ENSG00000196961"
5698,"enh11","ENSG00000123684"
5699,"enh1","ENSG00000181773"
5700,"enh6","ENSG00000126698"
5701,"enh2","ENSG00000119514"
5702,"enh5","ENSG00000167759"
5703,"enh13","ENSG00000105497"
5704,"enh11","ENSG00000144134"
5705,"enh6","ENSG00000180198"
5706,"enh1","ENSG00000197136"
5707,"enh1","ENSG00000180198"
5708,"enh1","ENSG00000162669"
5709,"enh12","ENSG00000180198"
5710,"enh3","ENSG00000130770"
5711,"enh1","ENSG00000235034"
5712,"enh14","ENSG00000158715"
5713,"enh14","ENSG00000165092"
5714,"enh6","ENSG00000162298"
5715,"enh9","ENSG00000064547"
5716,"enh11","ENSG00000115091"
5717,"enh9","ENSG00000133275"
5718,"enh10","ENSG00000213445"
5719,"enh6","ENSG00000140848"
5720,"enh6","ENSG00000184162"
5721,"enh7","ENSG00000125618"
5722,"enh14","ENSG00000105700"
5723,"enh8","ENSG00000160408"
5724,"enh7","ENSG00000108849"
5725,"enh5","ENSG00000167106"
5726,"enh2","ENSG00000174950"
5727,"enh10","ENSG00000130559"
5728,"enh14","ENSG00000119392"
5729,"enh9","ENSG00000138036"
5730,"enh5","ENSG00000115268"
5731,"enh13","ENSG00000110047"
5732,"enh6","ENSG00000126391"
5733,"enh10","ENSG00000160293"
5734,"enh13","ENSG00000181773"
5735,"enh5","ENSG00000161677"
5736,"enh11","ENSG00000172500"
5737,"enh12","ENSG00000196188"
5738,"enh6","ENSG00000180340"
5739,"enh4","ENSG00000104897"
5740,"enh12","ENSG00000141933"
5741,"enh9","ENSG00000163291"
5742,"enh7","ENSG00000090020"
5743,"enh6","ENSG00000213988"
5744,"enh12","ENSG00000130768"
5745,"enh6","ENSG00000116014"
5746,"enh14","ENSG00000173327"
5747,"enh5","ENSG00000158715"
5748,"enh5","ENSG00000136908"
5749,"enh5","ENSG00000104689"
5750,"enh2","ENSG00000160360"
5751,"enh11","ENSG00000123685"
5752,"enh6","ENSG00000064666"
5753,"enh8","ENSG00000165689"
5754,"enh10","ENSG00000105676"
5755,"enh3","ENSG00000076321"
5756,"enh8","ENSG00000129946"
5757,"enh9","ENSG00000119392"
5758,"enh11","ENSG00000134308"
5759,"enh9","ENSG00000101132"
5760,"enh10","ENSG00000136929"
5761,"enh6","ENSG00000105717"
5762,"enh1","ENSG00000181588"
5763,"enh2","ENSG00000064932"
5764,"enh9","ENSG00000131409"
5765,"enh11","ENSG00000070770"
5766,"enh6","ENSG00000130559"
5767,"enh7","ENSG00000099821"
5768,"enh10","ENSG00000262874"
5769,"enh1","ENSG00000174950"
5770,"enh7","ENSG00000115758"
5771,"enh6","ENSG00000151694"
5772,"enh9","ENSG00000213988"
5773,"enh4","ENSG00000062822"
5774,"enh7","ENSG00000147669"
5775,"enh5","ENSG00000134330"
5776,"enh1","ENSG00000051108"
5777,"enh4","ENSG00000014216"
5778,"enh6","ENSG00000171940"
5779,"enh9","ENSG00000105700"
5780,"enh13","ENSG00000167136"
5781,"enh14","ENSG00000142751"
5782,"enh1","ENSG00000104960"
5783,"enh12","ENSG00000175707"
5784,"enh6","ENSG00000117751"
5785,"enh2","ENSG00000136842"
5786,"enh10","ENSG00000126705"
5787,"enh2","ENSG00000130560"
5788,"enh2","ENSG00000152527"
5789,"enh11","ENSG00000181513"
5790,"enh3","ENSG00000117601"
5791,"enh1","ENSG00000197766"
5792,"enh13","ENSG00000174842"
5793,"enh2","ENSG00000153107"
5794,"enh13","ENSG00000131409"
5795,"enh7","ENSG00000171159"
5796,"enh10","ENSG00000167114"
5797,"enh1","ENSG00000095383"
5798,"enh6","ENSG00000167136"
5799,"enh13","ENSG00000151694"
5800,"enh9","ENSG00000148291"
5801,"enh1","ENSG00000102900"
5802,"enh7","ENSG00000076321"
5803,"enh1","ENSG00000130770"
5804,"enh7","ENSG00000136840"
5805,"enh6","ENSG00000181513"
5806,"enh11","ENSG00000171848"
5807,"enh8","ENSG00000117758"
5808,"enh1","ENSG00000161682"
5809,"enh3","ENSG00000181896"
5810,"enh10","ENSG00000172081"
5811,"enh14","ENSG00000174950"
5812,"enh10","ENSG00000110047"
5813,"enh5","ENSG00000099625"
5814,"enh14","ENSG00000115091"
5815,"enh7","ENSG00000213988"
5816,"enh11","ENSG00000005194"
5817,"enh7","ENSG00000065600"
5818,"enh12","ENSG00000136828"
5819,"enh12","ENSG00000115257"
5820,"enh13","ENSG00000105374"
5821,"enh14","ENSG00000117592"
5822,"enh10","ENSG00000165702"
5823,"enh5","ENSG00000167470"
5824,"enh7","ENSG00000039650"
5825,"enh14","ENSG00000147669"
5826,"enh5","ENSG00000125482"
5827,"enh4","ENSG00000133069"
5828,"enh6","ENSG00000149806"
5829,"enh8","ENSG00000196961"
5830,"enh8","ENSG00000102996"
5831,"enh7","ENSG00000167110"
5832,"enh6","ENSG00000125630"
5833,"enh10","ENSG00000069275"
5834,"enh7","ENSG00000099866"
5835,"enh8","ENSG00000104897"
5836,"enh7","ENSG00000105705"
5837,"enh10","ENSG00000104679"
5838,"enh11","ENSG00000162878"
5839,"enh10","ENSG00000162669"
5840,"enh9","ENSG00000119185"
5841,"enh8","ENSG00000159461"
5842,"enh4","ENSG00000106789"
5843,"enh3","ENSG00000119523"
5844,"enh11","ENSG00000159648"
5845,"enh9","ENSG00000065600"
5846,"enh6","ENSG00000136937"
5847,"enh8","ENSG00000108309"
5848,"enh1","ENSG00000123684"
5849,"enh9","ENSG00000138756"
5850,"enh5","ENSG00000130559"
5851,"enh2","ENSG00000117280"
5852,"enh14","ENSG00000130270"
5853,"enh10","ENSG00000051128"
5854,"enh9","ENSG00000119523"
5855,"enh6","ENSG00000130270"
5856,"enh5","ENSG00000135736"
5857,"enh9","ENSG00000099840"
5858,"enh9","ENSG00000160447"
5859,"enh14","ENSG00000160408"
5860,"enh3","ENSG00000119559"
5861,"enh6","ENSG00000099624"
5862,"enh9","ENSG00000196415"
5863,"enh1","ENSG00000099625"
5864,"enh4","ENSG00000181773"
5865,"enh6","ENSG00000198858"
5866,"enh13","ENSG00000156269"
5867,"enh13","ENSG00000262874"
5868,"enh6","ENSG00000161654"
5869,"enh10","ENSG00000196422"
5870,"enh14","ENSG00000117748"
5871,"enh3","ENSG00000006016"
5872,"enh11","ENSG00000175294"
5873,"enh4","ENSG00000148356"
5874,"enh6","ENSG00000173465"
5875,"enh14","ENSG00000071564"
5876,"enh2","ENSG00000213024"
5877,"enh11","ENSG00000148339"
5878,"enh13","ENSG00000105556"
5879,"enh2","ENSG00000136877"
5880,"enh10","ENSG00000180098"
5881,"enh13","ENSG00000162669"
5882,"enh4","ENSG00000160161"
5883,"enh13","ENSG00000165138"
5884,"enh4","ENSG00000175707"
5885,"enh9","ENSG00000238227"
5886,"enh2","ENSG00000105053"
5887,"enh12","ENSG00000131094"
5888,"enh2","ENSG00000117593"
5889,"enh8","ENSG00000253368"
5890,"enh1","ENSG00000005007"
5891,"enh7","ENSG00000119203"
5892,"enh8","ENSG00000167112"
5893,"enh9","ENSG00000170385"
5894,"enh5","ENSG00000184162"
5895,"enh14","ENSG00000162419"
5896,"enh10","ENSG00000105655"
5897,"enh3","ENSG00000105497"
5898,"enh9","ENSG00000069482"
5899,"enh2","ENSG00000168056"
5900,"enh11","ENSG00000069702"
5901,"enh4","ENSG00000175550"
5902,"enh6","ENSG00000148248"
5903,"enh13","ENSG00000169403"
5904,"enh14","ENSG00000117280"
5905,"enh3","ENSG00000057935"
5906,"enh13","ENSG00000102931"
5907,"enh14","ENSG00000105676"
5908,"enh9","ENSG00000108840"
5909,"enh4","ENSG00000196550"
5910,"enh8","ENSG00000165138"
5911,"enh2","ENSG00000143493"
5912,"enh10","ENSG00000161682"
5913,"enh9","ENSG00000180198"
5914,"enh12","ENSG00000104885"
5915,"enh10","ENSG00000105497"
5916,"enh5","ENSG00000105379"
5917,"enh9","ENSG00000104973"
5918,"enh5","ENSG00000167114"
5919,"enh12","ENSG00000171169"
5920,"enh2","ENSG00000119523"
5921,"enh2","ENSG00000119203"
5922,"enh10","ENSG00000173039"
5923,"enh5","ENSG00000165661"
5924,"enh14","ENSG00000148248"
5925,"enh3","ENSG00000117593"
5926,"enh12","ENSG00000159648"
5927,"enh9","ENSG00000125484"
5928,"enh14","ENSG00000116014"
5929,"enh12","ENSG00000142186"
5930,"enh2","ENSG00000160953"
5931,"enh4","ENSG00000180340"
5932,"enh11","ENSG00000004939"
5933,"enh1","ENSG00000160360"
5934,"enh6","ENSG00000148296"
5935,"enh7","ENSG00000130270"
5936,"enh4","ENSG00000172081"
5937,"enh12","ENSG00000010361"
5938,"enh10","ENSG00000117748"
5939,"enh8","ENSG00000174276"
5940,"enh8","ENSG00000105655"
5941,"enh11","ENSG00000133059"
5942,"enh2","ENSG00000165688"
5943,"enh4","ENSG00000030582"
5944,"enh11","ENSG00000181781"
5945,"enh1","ENSG00000174871"
5946,"enh14","ENSG00000172270"
5947,"enh1","ENSG00000213024"
5948,"enh2","ENSG00000174744"
5949,"enh13","ENSG00000125170"
5950,"enh14","ENSG00000161714"
5951,"enh13","ENSG00000144130"
5952,"enh12","ENSG00000115091"
5953,"enh9","ENSG00000161714"
5954,"enh2","ENSG00000117592"
5955,"enh10","ENSG00000182963"
5956,"enh2","ENSG00000187193"
5957,"enh14","ENSG00000162878"
5958,"enh14","ENSG00000160360"
5959,"enh10","ENSG00000039650"
5960,"enh10","ENSG00000162298"
5961,"enh13","ENSG00000136856"
5962,"enh6","ENSG00000105379"
5963,"enh8","ENSG00000115268"
5964,"enh13","ENSG00000187840"
5965,"enh7","ENSG00000148411"
5966,"enh4","ENSG00000167136"
5967,"enh14","ENSG00000012048"
5968,"enh12","ENSG00000156269"
5969,"enh9","ENSG00000119335"
5970,"enh7","ENSG00000167005"
5971,"enh11","ENSG00000136840"
5972,"enh2","ENSG00000120334"
5973,"enh5","ENSG00000176890"
5974,"enh12","ENSG00000173442"
5975,"enh12","ENSG00000105696"
5976,"enh8","ENSG00000196116"
5977,"enh4","ENSG00000158711"
5978,"enh4","ENSG00000136830"
5979,"enh4","ENSG00000068831"
5980,"enh7","ENSG00000133059"
5981,"enh10","ENSG00000180198"
5982,"enh2","ENSG00000165702"
5983,"enh4","ENSG00000197958"
5984,"enh1","ENSG00000198840"
5985,"enh4","ENSG00000138767"
5986,"enh3","ENSG00000104689"
5987,"enh12","ENSG00000105383"
5988,"enh4","ENSG00000115091"
5989,"enh6","ENSG00000127540"
5990,"enh13","ENSG00000186806"
5991,"enh11","ENSG00000104897"
5992,"enh10","ENSG00000099625"
5993,"enh6","ENSG00000177125"
5994,"enh2","ENSG00000174516"
5995,"enh14","ENSG00000187193"
5996,"enh4","ENSG00000107021"
5997,"enh8","ENSG00000136908"
5998,"enh12","ENSG00000123685"
5999,"enh9","ENSG00000120334"
6000,"enh7","ENSG00000070388"
6001,"enh3","ENSG00000173039"
6002,"enh14","ENSG00000130768"
6003,"enh6","ENSG00000099875"
6004,"enh5","ENSG00000174871"
6005,"enh6","ENSG00000110046"
6006,"enh7","ENSG00000149809"
6007,"enh3","ENSG00000105671"
6008,"enh10","ENSG00000106992"
6009,"enh14","ENSG00000148411"
6010,"enh13","ENSG00000125124"
6011,"enh12","ENSG00000180448"
6012,"enh11","ENSG00000161714"
6013,"enh2","ENSG00000176890"
6014,"enh9","ENSG00000204710"
6015,"enh14","ENSG00000119125"
6016,"enh13","ENSG00000256771"
6017,"enh1","ENSG00000196152"
6018,"enh14","ENSG00000136932"
6019,"enh7","ENSG00000101132"
6020,"enh5","ENSG00000108309"
6021,"enh5","ENSG00000051108"
6022,"enh13","ENSG00000076321"
6023,"enh12","ENSG00000136856"
6024,"enh8","ENSG00000107372"
6025,"enh8","ENSG00000117280"
6026,"enh1","ENSG00000167123"
6027,"enh7","ENSG00000197136"
6028,"enh11","ENSG00000115750"
6029,"enh11","ENSG00000174516"
6030,"enh1","ENSG00000136936"
6031,"enh2","ENSG00000165684"
6032,"enh9","ENSG00000186185"
6033,"enh8","ENSG00000051108"
6034,"enh6","ENSG00000068831"
6035,"enh10","ENSG00000106799"
6036,"enh9","ENSG00000180329"
6037,"enh9","ENSG00000181896"
6038,"enh4","ENSG00000071564"
6039,"enh8","ENSG00000122140"
6040,"enh11","ENSG00000187024"
6041,"enh7","ENSG00000131400"
6042,"enh11","ENSG00000129933"
6043,"enh10","ENSG00000169403"
6044,"enh7","ENSG00000160345"
6045,"enh5","ENSG00000174996"
6046,"enh13","ENSG00000119185"
6047,"enh13","ENSG00000068976"
6048,"enh7","ENSG00000064547"
6049,"enh7","ENSG00000070423"
6050,"enh12","ENSG00000136643"
6051,"enh10","ENSG00000104886"
6052,"enh11","ENSG00000065000"
6053,"enh12","ENSG00000117758"
6054,"enh5","ENSG00000136811"
6055,"enh5","ENSG00000087152"
6056,"enh8","ENSG00000101132"
6057,"enh11","ENSG00000140854"
6058,"enh12","ENSG00000175592"
6059,"enh9","ENSG00000148288"
6060,"enh3","ENSG00000172775"
6061,"enh12","ENSG00000131409"
6062,"enh6","ENSG00000104131"
6063,"enh6","ENSG00000213638"
6064,"enh5","ENSG00000175221"
6065,"enh6","ENSG00000160293"
6066,"enh7","ENSG00000099804"
6067,"enh8","ENSG00000079313"
6068,"enh11","ENSG00000262874"
6069,"enh3","ENSG00000120334"
6070,"enh8","ENSG00000142530"
6071,"enh10","ENSG00000005007"
6072,"enh6","ENSG00000087152"
6073,"enh4","ENSG00000153107"
6074,"enh5","ENSG00000172059"
6075,"enh13","ENSG00000105676"
6076,"enh2","ENSG00000160318"
6077,"enh12","ENSG00000136830"
6078,"enh1","ENSG00000115268"
6079,"enh9","ENSG00000106803"
6080,"enh5","ENSG00000119185"
6081,"enh2","ENSG00000174529"
6082,"enh3","ENSG00000147454"
6083,"enh3","ENSG00000197136"
6084,"enh2","ENSG00000009780"
6085,"enh6","ENSG00000125144"
6086,"enh13","ENSG00000160318"
6087,"enh3","ENSG00000173327"
6088,"enh12","ENSG00000105656"
6089,"enh4","ENSG00000180329"
6090,"enh2","ENSG00000167491"
6091,"enh14","ENSG00000175221"
6092,"enh10","ENSG00000142751"
6093,"enh8","ENSG00000254470"
6094,"enh3","ENSG00000082512"
6095,"enh3","ENSG00000197217"
6096,"enh8","ENSG00000160318"
6097,"enh2","ENSG00000133895"
6098,"enh11","ENSG00000120334"
6099,"enh8","ENSG00000147457"
6100,"enh4","ENSG00000198786"
6101,"enh7","ENSG00000184162"
6102,"enh13","ENSG00000186501"
6103,"enh1","ENSG00000102931"
6104,"enh12","ENSG00000070770"
6105,"enh4","ENSG00000171848"
6106,"enh5","ENSG00000105472"
6107,"enh5","ENSG00000091947"
6108,"enh8","ENSG00000005194"
6109,"enh2","ENSG00000196683"
6110,"enh8","ENSG00000087263"
6111,"enh1","ENSG00000129933"
6112,"enh2","ENSG00000105700"
6113,"enh11","ENSG00000161692"
6114,"enh5","ENSG00000071655"
6115,"enh7","ENSG00000122482"
6116,"enh4","ENSG00000160318"
6117,"enh13","ENSG00000184988"
6118,"enh8","ENSG00000105671"
6119,"enh3","ENSG00000117748"
6120,"enh3","ENSG00000161671"
6121,"enh8","ENSG00000129968"
6122,"enh11","ENSG00000117748"
6123,"enh12","ENSG00000167103"
6124,"enh14","ENSG00000167470"
6125,"enh13","ENSG00000064687"
6126,"enh7","ENSG00000104960"
6127,"enh2","ENSG00000070404"
6128,"enh8","ENSG00000099622"
6129,"enh14","ENSG00000172977"
6130,"enh1","ENSG00000165688"
6131,"enh2","ENSG00000117650"
6132,"enh12","ENSG00000198417"
6133,"enh11","ENSG00000197766"
6134,"enh7","ENSG00000089639"
6135,"enh12","ENSG00000165688"
6136,"enh4","ENSG00000125611"
6137,"enh9","ENSG00000125124"
6138,"enh9","ENSG00000196188"
6139,"enh1","ENSG00000136807"
6140,"enh3","ENSG00000174529"
6141,"enh1","ENSG00000130775"
6142,"enh9","ENSG00000115091"
6143,"enh7","ENSG00000129951"
6144,"enh2","ENSG00000213445"
6145,"enh14","ENSG00000126705"
6146,"enh2","ENSG00000167103"
6147,"enh12","ENSG00000162241"
6148,"enh10","ENSG00000148308"
6149,"enh10","ENSG00000148290"
6150,"enh13","ENSG00000133065"
6151,"enh6","ENSG00000153107"
6152,"enh7","ENSG00000142544"
6153,"enh8","ENSG00000165684"
6154,"enh12","ENSG00000130772"
6155,"enh10","ENSG00000172059"
6156,"enh1","ENSG00000147439"
6157,"enh14","ENSG00000160953"
6158,"enh8","ENSG00000162669"
6159,"enh14","ENSG00000235034"
6160,"enh10","ENSG00000010361"
6161,"enh2","ENSG00000105726"
6162,"enh9","ENSG00000120913"
6163,"enh8","ENSG00000149792"
6164,"enh3","ENSG00000160360"
6165,"enh2","ENSG00000172270"
6166,"enh12","ENSG00000181513"
6167,"enh8","ENSG00000120656"
6168,"enh11","ENSG00000105669"
6169,"enh14","ENSG00000186806"
6170,"enh14","ENSG00000197816"
6171,"enh13","ENSG00000104897"
6172,"enh1","ENSG00000250067"
6173,"enh5","ENSG00000172232"
6174,"enh1","ENSG00000172732"
6175,"enh9","ENSG00000068831"
6176,"enh10","ENSG00000175550"
6177,"enh13","ENSG00000108309"
6178,"enh9","ENSG00000117280"
6179,"enh1","ENSG00000162419"
6180,"enh3","ENSG00000107372"
6181,"enh2","ENSG00000102978"
6182,"enh5","ENSG00000196550"
6183,"enh12","ENSG00000136811"
6184,"enh1","ENSG00000102996"
6185,"enh3","ENSG00000187024"
6186,"enh12","ENSG00000167112"
6187,"enh11","ENSG00000005007"
6188,"enh14","ENSG00000176973"
6189,"enh1","ENSG00000175467"
6190,"enh10","ENSG00000136932"
6191,"enh3","ENSG00000138767"
6192,"enh6","ENSG00000125637"
6193,"enh2","ENSG00000181781"
6194,"enh5","ENSG00000167112"
6195,"enh11","ENSG00000198858"
6196,"enh11","ENSG00000136448"
6197,"enh5","ENSG00000167103"
6198,"enh7","ENSG00000198417"
6199,"enh14","ENSG00000167136"
6200,"enh7","ENSG00000105701"
6201,"enh6","ENSG00000104679"
6202,"enh6","ENSG00000198492"
6203,"enh1","ENSG00000090020"
6204,"enh2","ENSG00000182963"
6205,"enh2","ENSG00000188177"
6206,"enh1","ENSG00000197540"
6207,"enh1","ENSG00000108312"
6208,"enh4","ENSG00000014138"
6209,"enh5","ENSG00000104131"
6210,"enh14","ENSG00000144130"
6211,"enh3","ENSG00000165698"
6212,"enh10","ENSG00000174547"
6213,"enh14","ENSG00000141349"
6214,"enh11","ENSG00000069482"
6215,"enh3","ENSG00000162300"
6216,"enh7","ENSG00000158715"
6217,"enh4","ENSG00000012048"
6218,"enh10","ENSG00000136643"
6219,"enh14","ENSG00000171940"
6220,"enh14","ENSG00000149792"
6221,"enh9","ENSG00000160445"
6222,"enh5","ENSG00000175334"
6223,"enh12","ENSG00000009780"
6224,"enh11","ENSG00000160271"
6225,"enh3","ENSG00000175334"
6226,"enh1","ENSG00000064490"
6227,"enh5","ENSG00000099804"
6228,"enh6","ENSG00000198746"
6229,"enh3","ENSG00000155380"
6230,"enh1","ENSG00000148356"
6231,"enh5","ENSG00000087263"
6232,"enh7","ENSG00000141933"
6233,"enh1","ENSG00000115255"
6234,"enh3","ENSG00000104886"
6235,"enh4","ENSG00000254901"
6236,"enh9","ENSG00000173442"
6237,"enh11","ENSG00000103005"
6238,"enh14","ENSG00000117751"
6239,"enh8","ENSG00000254986"
6240,"enh3","ENSG00000175550"
6241,"enh2","ENSG00000014138"
6242,"enh1","ENSG00000165661"
6243,"enh7","ENSG00000105708"
6244,"enh5","ENSG00000250067"
6245,"enh7","ENSG00000148334"
6246,"enh4","ENSG00000165699"
6247,"enh1","ENSG00000104973"
6248,"enh9","ENSG00000125637"
6249,"enh2","ENSG00000129946"
6250,"enh12","ENSG00000143882"
6251,"enh1","ENSG00000014138"
6252,"enh14","ENSG00000133243"
6253,"enh8","ENSG00000116014"
6254,"enh7","ENSG00000143870"
6255,"enh14","ENSG00000104131"
6256,"enh7","ENSG00000213638"
6257,"enh9","ENSG00000134308"
6258,"enh11","ENSG00000149806"
6259,"enh2","ENSG00000168591"
6260,"enh6","ENSG00000120889"
6261,"enh11","ENSG00000148303"
6262,"enh12","ENSG00000175334"
6263,"enh6","ENSG00000175115"
6264,"enh11","ENSG00000174547"
6265,"enh8","ENSG00000136828"
6266,"enh2","ENSG00000181513"
6267,"enh10","ENSG00000123684"
6268,"enh8","ENSG00000118046"
6269,"enh6","ENSG00000160404"
6270,"enh5","ENSG00000069482"
6271,"enh4","ENSG00000204291"
6272,"enh7","ENSG00000167112"
6273,"enh9","ENSG00000172059"
6274,"enh10","ENSG00000064687"
6275,"enh4","ENSG00000131400"
6276,"enh2","ENSG00000175832"
6277,"enh2","ENSG00000167759"
6278,"enh4","ENSG00000130560"
6279,"enh14","ENSG00000169607"
6280,"enh1","ENSG00000123685"
6281,"enh7","ENSG00000140854"
6282,"enh2","ENSG00000174606"
6283,"enh6","ENSG00000105556"
6284,"enh14","ENSG00000159648"
6285,"enh10","ENSG00000227500"
6286,"enh13","ENSG00000176890"
6287,"enh11","ENSG00000169288"
6288,"enh6","ENSG00000116017"
6289,"enh7","ENSG00000099840"
6290,"enh5","ENSG00000196422"
6291,"enh1","ENSG00000129946"
6292,"enh11","ENSG00000062822"
6293,"enh2","ENSG00000167123"
6294,"enh2","ENSG00000196961"
6295,"enh1","ENSG00000099622"
6296,"enh13","ENSG00000130513"
6297,"enh6","ENSG00000039650"
6298,"enh12","ENSG00000106992"
6299,"enh8","ENSG00000064545"
6300,"enh8","ENSG00000130270"
6301,"enh13","ENSG00000167106"
6302,"enh10","ENSG00000136448"
6303,"enh14","ENSG00000175906"
6304,"enh4","ENSG00000181513"
6305,"enh12","ENSG00000115761"
6306,"enh6","ENSG00000171848"
6307,"enh8","ENSG00000117650"
6308,"enh4","ENSG00000160360"
6309,"enh11","ENSG00000186566"
6310,"enh11","ENSG00000162419"
6311,"enh10","ENSG00000070761"
6312,"enh6","ENSG00000010361"
6313,"enh3","ENSG00000162976"
6314,"enh14","ENSG00000117593"
6315,"enh6","ENSG00000148337"
6316,"enh2","ENSG00000104885"
6317,"enh3","ENSG00000198746"
6318,"enh10","ENSG00000181513"
6319,"enh3","ENSG00000138756"
6320,"enh11","ENSG00000149823"
6321,"enh9","ENSG00000135870"
6322,"enh10","ENSG00000125485"
6323,"enh11","ENSG00000227500"
6324,"enh1","ENSG00000162976"
6325,"enh9","ENSG00000105708"
6326,"enh3","ENSG00000125124"
6327,"enh13","ENSG00000117650"
6328,"enh10","ENSG00000107021"
6329,"enh6","ENSG00000162772"
6330,"enh12","ENSG00000119185"
6331,"enh2","ENSG00000163291"
6332,"enh6","ENSG00000129911"
6333,"enh6","ENSG00000135870"
6334,"enh12","ENSG00000120913"
6335,"enh14","ENSG00000115758"
6336,"enh7","ENSG00000171848"
6337,"enh14","ENSG00000174516"
6338,"enh14","ENSG00000180198"
6339,"enh11","ENSG00000254986"
6340,"enh3","ENSG00000196312"
6341,"enh6","ENSG00000102934"
6342,"enh9","ENSG00000006016"
6343,"enh1","ENSG00000088682"
6344,"enh9","ENSG00000254901"
6345,"enh10","ENSG00000071655"
6346,"enh11","ENSG00000116017"
6347,"enh10","ENSG00000106803"
6348,"enh6","ENSG00000108309"
6349,"enh9","ENSG00000175221"
6350,"enh8","ENSG00000115750"
6351,"enh1","ENSG00000176973"
6352,"enh5","ENSG00000174842"
6353,"enh14","ENSG00000171159"
6354,"enh10","ENSG00000125482"
6355,"enh9","ENSG00000115970"
6356,"enh3","ENSG00000120896"
6357,"enh5","ENSG00000167136"
6358,"enh4","ENSG00000142528"
6359,"enh1","ENSG00000165699"
6360,"enh10","ENSG00000174276"
6361,"enh8","ENSG00000198870"
6362,"enh8","ENSG00000197958"
6363,"enh14","ENSG00000152061"
6364,"enh7","ENSG00000176973"
6365,"enh13","ENSG00000168062"
6366,"enh12","ENSG00000122140"
6367,"enh13","ENSG00000197766"
6368,"enh3","ENSG00000180198"
6369,"enh4","ENSG00000101132"
6370,"enh9","ENSG00000197766"
6371,"enh8","ENSG00000160271"
6372,"enh11","ENSG00000158941"
6373,"enh14","ENSG00000186010"
6374,"enh8","ENSG00000099817"
6375,"enh6","ENSG00000196152"
6376,"enh6","ENSG00000088682"
6377,"enh8","ENSG00000105497"
6378,"enh6","ENSG00000130768"
6379,"enh14","ENSG00000106803"
6380,"enh3","ENSG00000158715"
6381,"enh3","ENSG00000204710"
6382,"enh13","ENSG00000175592"
6383,"enh13","ENSG00000087152"
6384,"enh10","ENSG00000089639"
6385,"enh5","ENSG00000117650"
6386,"enh8","ENSG00000167136"
6387,"enh7","ENSG00000088682"
6388,"enh2","ENSG00000070423"
6389,"enh4","ENSG00000172992"
6390,"enh11","ENSG00000119523"
6391,"enh2","ENSG00000174547"
6392,"enh4","ENSG00000173825"
6393,"enh9","ENSG00000204673"
6394,"enh11","ENSG00000091947"
6395,"enh3","ENSG00000102978"
6396,"enh12","ENSG00000065600"
6397,"enh10","ENSG00000160953"
6398,"enh12","ENSG00000102934"
6399,"enh3","ENSG00000171219"
6400,"enh5","ENSG00000105671"
6401,"enh11","ENSG00000173442"
6402,"enh8","ENSG00000108849"
6403,"enh14","ENSG00000148303"
6404,"enh5","ENSG00000105708"
6405,"enh6","ENSG00000181773"
6406,"enh11","ENSG00000167103"
6407,"enh1","ENSG00000125485"
6408,"enh9","ENSG00000064787"
6409,"enh8","ENSG00000175467"
6410,"enh11","ENSG00000165661"
6411,"enh10","ENSG00000107372"
6412,"enh14","ENSG00000106785"
6413,"enh14","ENSG00000136811"
6414,"enh6","ENSG00000167759"
6415,"enh3","ENSG00000119125"
6416,"enh5","ENSG00000198786"
6417,"enh10","ENSG00000167112"
6418,"enh12","ENSG00000069702"
6419,"enh2","ENSG00000175221"
6420,"enh10","ENSG00000149823"
6421,"enh6","ENSG00000108861"
6422,"enh9","ENSG00000065000"
6423,"enh10","ENSG00000186185"
6424,"enh3","ENSG00000130766"
6425,"enh13","ENSG00000238227"
6426,"enh1","ENSG00000142733"
6427,"enh13","ENSG00000138756"
6428,"enh10","ENSG00000186501"
6429,"enh1","ENSG00000159648"
6430,"enh2","ENSG00000149806"
6431,"enh12","ENSG00000104886"
6432,"enh2","ENSG00000185761"
6433,"enh6","ENSG00000175906"
6434,"enh7","ENSG00000131408"
6435,"enh13","ENSG00000104886"
6436,"enh13","ENSG00000103021"
6437,"enh9","ENSG00000167759"
6438,"enh11","ENSG00000175550"
6439,"enh11","ENSG00000175376"
6440,"enh8","ENSG00000172992"
6441,"enh12","ENSG00000117748"
6442,"enh10","ENSG00000185278"
6443,"enh9","ENSG00000223802"
6444,"enh14","ENSG00000213465"
6445,"enh11","ENSG00000161654"
6446,"enh8","ENSG00000160447"
6447,"enh7","ENSG00000144130"
6448,"enh4","ENSG00000165092"
6449,"enh12","ENSG00000158715"
6450,"enh9","ENSG00000141934"
6451,"enh10","ENSG00000213221"
6452,"enh2","ENSG00000082512"
6453,"enh7","ENSG00000149823"
6454,"enh3","ENSG00000125611"
6455,"enh4","ENSG00000115268"
6456,"enh4","ENSG00000105662"
6457,"enh13","ENSG00000122026"
6458,"enh11","ENSG00000104131"
6459,"enh8","ENSG00000197766"
6460,"enh12","ENSG00000186566"
6461,"enh6","ENSG00000173825"
6462,"enh5","ENSG00000172081"
6463,"enh9","ENSG00000143493"
6464,"enh11","ENSG00000068976"
6465,"enh1","ENSG00000105700"
6466,"enh2","ENSG00000167112"
6467,"enh6","ENSG00000136807"
6468,"enh13","ENSG00000144161"
6469,"enh3","ENSG00000147457"
6470,"enh7","ENSG00000187840"
6471,"enh14","ENSG00000160404"
6472,"enh8","ENSG00000168062"
6473,"enh9","ENSG00000067596"
6474,"enh4","ENSG00000161671"
6475,"enh13","ENSG00000161714"
6476,"enh6","ENSG00000115750"
6477,"enh10","ENSG00000254470"
6478,"enh4","ENSG00000130511"
6479,"enh1","ENSG00000106785"
6480,"enh8","ENSG00000181035"
6481,"enh12","ENSG00000064607"
6482,"enh5","ENSG00000133895"
6483,"enh5","ENSG00000136643"
6484,"enh13","ENSG00000051128"
6485,"enh10","ENSG00000129968"
6486,"enh11","ENSG00000136877"
6487,"enh10","ENSG00000161714"
6488,"enh3","ENSG00000030582"
6489,"enh11","ENSG00000135821"
6490,"enh4","ENSG00000152061"
6491,"enh7","ENSG00000172081"
6492,"enh2","ENSG00000140859"
6493,"enh2","ENSG00000183831"
6494,"enh11","ENSG00000069275"
6495,"enh10","ENSG00000133243"
6496,"enh10","ENSG00000090020"
6497,"enh11","ENSG00000148248"
6498,"enh8","ENSG00000204138"
6499,"enh8","ENSG00000117222"
6500,"enh4","ENSG00000175376"
6501,"enh9","ENSG00000182087"
6502,"enh11","ENSG00000188554"
6503,"enh3","ENSG00000105700"
6504,"enh8","ENSG00000089639"
6505,"enh8","ENSG00000148411"
6506,"enh8","ENSG00000106785"
6507,"enh6","ENSG00000172775"
6508,"enh8","ENSG00000136943"
6509,"enh4","ENSG00000105656"
6510,"enh14","ENSG00000174276"
6511,"enh7","ENSG00000158941"
6512,"enh13","ENSG00000181896"
6513,"enh2","ENSG00000198492"
6514,"enh13","ENSG00000131398"
6515,"enh6","ENSG00000149792"
6516,"enh12","ENSG00000131097"
6517,"enh2","ENSG00000115257"
6518,"enh5","ENSG00000144134"
6519,"enh8","ENSG00000115761"
6520,"enh6","ENSG00000228300"
6521,"enh14","ENSG00000152518"
6522,"enh6","ENSG00000168066"
6523,"enh3","ENSG00000136938"
6524,"enh8","ENSG00000064490"
6525,"enh7","ENSG00000160953"
6526,"enh3","ENSG00000169288"
6527,"enh5","ENSG00000163297"
6528,"enh10","ENSG00000181781"
6529,"enh6","ENSG00000120913"
6530,"enh14","ENSG00000167114"
6531,"enh6","ENSG00000006016"
6532,"enh12","ENSG00000104897"
6533,"enh12","ENSG00000140854"
6534,"enh9","ENSG00000160161"
6535,"enh9","ENSG00000175376"
6536,"enh1","ENSG00000148248"
6537,"enh14","ENSG00000136856"
6538,"enh3","ENSG00000117691"
6539,"enh8","ENSG00000142544"
6540,"enh6","ENSG00000168056"
6541,"enh1","ENSG00000115761"
6542,"enh14","ENSG00000104689"
6543,"enh8","ENSG00000186806"
6544,"enh7","ENSG00000105696"
6545,"enh11","ENSG00000213638"
6546,"enh11","ENSG00000162772"
6547,"enh1","ENSG00000070770"
6548,"enh11","ENSG00000175573"
6549,"enh6","ENSG00000140854"
6550,"enh7","ENSG00000153208"
6551,"enh2","ENSG00000011304"
6552,"enh9","ENSG00000143924"
6553,"enh2","ENSG00000117601"
6554,"enh14","ENSG00000135046"
6555,"enh3","ENSG00000185198"
6556,"enh5","ENSG00000153107"
6557,"enh1","ENSG00000203705"
6558,"enh14","ENSG00000105497"
6559,"enh2","ENSG00000171219"
6560,"enh8","ENSG00000105656"
6561,"enh2","ENSG00000161714"
6562,"enh7","ENSG00000165684"
6563,"enh7","ENSG00000051128"
6564,"enh7","ENSG00000262874"
6565,"enh5","ENSG00000108312"
6566,"enh2","ENSG00000129933"
6567,"enh6","ENSG00000172270"
6568,"enh11","ENSG00000095383"
6569,"enh4","ENSG00000160447"
6570,"enh5","ENSG00000148334"
6571,"enh13","ENSG00000105656"
6572,"enh8","ENSG00000144161"
6573,"enh1","ENSG00000105726"
6574,"enh3","ENSG00000241852"
6575,"enh8","ENSG00000148297"
6576,"enh7","ENSG00000004939"
6577,"enh5","ENSG00000136895"
6578,"enh2","ENSG00000135870"
6579,"enh7","ENSG00000102978"
6580,"enh7","ENSG00000064932"
6581,"enh14","ENSG00000188554"
6582,"enh7","ENSG00000010361"
6583,"enh13","ENSG00000163291"
6584,"enh11","ENSG00000167123"
6585,"enh6","ENSG00000125319"
6586,"enh3","ENSG00000070404"
6587,"enh2","ENSG00000180448"
6588,"enh8","ENSG00000064547"
6589,"enh2","ENSG00000119559"
6590,"enh14","ENSG00000122026"
6591,"enh6","ENSG00000136842"
6592,"enh11","ENSG00000167112"
6593,"enh4","ENSG00000198917"
6594,"enh5","ENSG00000228300"
6595,"enh3","ENSG00000100316"
6596,"enh4","ENSG00000148297"
6597,"enh11","ENSG00000203705"
6598,"enh3","ENSG00000153107"
6599,"enh4","ENSG00000115758"
6600,"enh13","ENSG00000071626"
6601,"enh13","ENSG00000136895"
6602,"enh14","ENSG00000102996"
6603,"enh3","ENSG00000131400"
6604,"enh2","ENSG00000148288"
6605,"enh7","ENSG00000149798"
6606,"enh4","ENSG00000117280"
6607,"enh13","ENSG00000167759"
6608,"enh2","ENSG00000125618"
6609,"enh3","ENSG00000186010"
6610,"enh6","ENSG00000186806"
6611,"enh8","ENSG00000136932"
6612,"enh4","ENSG00000117625"
6613,"enh12","ENSG00000161647"
6614,"enh3","ENSG00000197694"
6615,"enh6","ENSG00000136811"
6616,"enh2","ENSG00000174996"
6617,"enh2","ENSG00000136856"
6618,"enh7","ENSG00000197694"
6619,"enh8","ENSG00000067596"
6620,"enh3","ENSG00000142186"
6621,"enh10","ENSG00000141933"
6622,"enh13","ENSG00000136807"
6623,"enh6","ENSG00000148300"
6624,"enh12","ENSG00000013306"
6625,"enh6","ENSG00000136938"
6626,"enh11","ENSG00000167106"
6627,"enh13","ENSG00000167487"
6628,"enh11","ENSG00000005961"
6629,"enh10","ENSG00000152518"
6630,"enh5","ENSG00000119333"
6631,"enh3","ENSG00000136682"
6632,"enh4","ENSG00000160325"
6633,"enh6","ENSG00000104886"
6634,"enh1","ENSG00000175221"
6635,"enh4","ENSG00000153208"
6636,"enh9","ENSG00000184162"
6637,"enh6","ENSG00000133069"
6638,"enh1","ENSG00000125124"
6639,"enh6","ENSG00000129968"
6640,"enh7","ENSG00000151694"
6641,"enh3","ENSG00000182963"
6642,"enh8","ENSG00000133059"
6643,"enh13","ENSG00000064666"
6644,"enh3","ENSG00000130513"
6645,"enh1","ENSG00000120913"
6646,"enh4","ENSG00000167118"
6647,"enh11","ENSG00000167759"
6648,"enh12","ENSG00000122026"
6649,"enh7","ENSG00000104886"
6650,"enh13","ENSG00000169607"
6651,"enh11","ENSG00000064545"
6652,"enh6","ENSG00000221983"
6653,"enh6","ENSG00000198917"
6654,"enh13","ENSG00000161647"
6655,"enh10","ENSG00000144161"
6656,"enh9","ENSG00000167123"
6657,"enh12","ENSG00000099840"
6658,"enh5","ENSG00000079313"
6659,"enh9","ENSG00000149798"
6660,"enh4","ENSG00000070388"
6661,"enh14","ENSG00000115257"
6662,"enh8","ENSG00000099840"
6663,"enh8","ENSG00000013306"
6664,"enh6","ENSG00000160563"
6665,"enh13","ENSG00000185278"
6666,"enh5","ENSG00000155380"
6667,"enh4","ENSG00000102931"
6668,"enh4","ENSG00000064545"
6669,"enh11","ENSG00000117592"
6670,"enh14","ENSG00000198858"
6671,"enh12","ENSG00000148303"
6672,"enh12","ENSG00000197540"
6673,"enh2","ENSG00000147439"
6674,"enh3","ENSG00000161654"
6675,"enh2","ENSG00000167118"
6676,"enh6","ENSG00000057935"
6677,"enh5","ENSG00000130270"
6678,"enh4","ENSG00000213638"
6679,"enh14","ENSG00000178093"
6680,"enh4","ENSG00000167759"
6681,"enh7","ENSG00000174684"
6682,"enh4","ENSG00000005961"
6683,"enh3","ENSG00000068831"
6684,"enh6","ENSG00000175602"
6685,"enh10","ENSG00000129933"
6686,"enh4","ENSG00000136925"
6687,"enh4","ENSG00000108309"
6688,"enh1","ENSG00000134308"
6689,"enh1","ENSG00000204138"
6690,"enh5","ENSG00000129946"
6691,"enh4","ENSG00000131398"
6692,"enh11","ENSG00000185198"
6693,"enh14","ENSG00000197766"
6694,"enh9","ENSG00000148334"
6695,"enh12","ENSG00000108840"
6696,"enh2","ENSG00000122140"
6697,"enh3","ENSG00000147439"
6698,"enh13","ENSG00000174606"
6699,"enh13","ENSG00000196415"
6700,"enh5","ENSG00000110047"
6701,"enh1","ENSG00000158715"
6702,"enh10","ENSG00000090273"
6703,"enh7","ENSG00000070761"
6704,"enh7","ENSG00000066027"
6705,"enh7","ENSG00000087152"
6706,"enh4","ENSG00000152518"
6707,"enh5","ENSG00000070761"
6708,"enh10","ENSG00000117593"
6709,"enh4","ENSG00000070761"
6710,"enh8","ENSG00000129951"
6711,"enh3","ENSG00000198492"
6712,"enh13","ENSG00000136937"
6713,"enh10","ENSG00000105472"
6714,"enh8","ENSG00000099864"
6715,"enh1","ENSG00000171848"
6716,"enh14","ENSG00000254470"
6717,"enh2","ENSG00000213023"
6718,"enh8","ENSG00000115084"
6719,"enh12","ENSG00000148356"
6720,"enh4","ENSG00000169288"
6721,"enh9","ENSG00000165688"
6722,"enh14","ENSG00000142528"
6723,"enh8","ENSG00000119514"
6724,"enh6","ENSG00000167747"
6725,"enh2","ENSG00000160445"
6726,"enh11","ENSG00000167491"
6727,"enh7","ENSG00000159648"
6728,"enh4","ENSG00000117758"
6729,"enh9","ENSG00000185198"
6730,"enh9","ENSG00000070770"
6731,"enh11","ENSG00000197136"
6732,"enh2","ENSG00000130770"
6733,"enh7","ENSG00000118046"
6734,"enh1","ENSG00000161714"
6735,"enh6","ENSG00000155380"
6736,"enh3","ENSG00000174996"
6737,"enh7","ENSG00000169403"
6738,"enh14","ENSG00000079313"
6739,"enh5","ENSG00000152527"
6740,"enh2","ENSG00000180329"
6741,"enh8","ENSG00000152518"
6742,"enh11","ENSG00000126709"
6743,"enh6","ENSG00000105700"
6744,"enh2","ENSG00000103021"
6745,"enh6","ENSG00000069275"
6746,"enh13","ENSG00000160293"
6747,"enh2","ENSG00000114999"
6748,"enh5","ENSG00000131398"
6749,"enh12","ENSG00000160408"
6750,"enh3","ENSG00000160161"
6751,"enh5","ENSG00000175294"
6752,"enh3","ENSG00000099821"
6753,"enh9","ENSG00000118046"
6754,"enh12","ENSG00000129968"
6755,"enh1","ENSG00000133275"
6756,"enh13","ENSG00000114999"
6757,"enh10","ENSG00000119333"
6758,"enh14","ENSG00000123685"
6759,"enh11","ENSG00000070761"
6760,"enh7","ENSG00000162300"
6761,"enh13","ENSG00000099625"
6762,"enh12","ENSG00000165698"
6763,"enh14","ENSG00000105379"
6764,"enh7","ENSG00000155380"
6765,"enh4","ENSG00000180098"
6766,"enh12","ENSG00000171159"
6767,"enh13","ENSG00000196683"
6768,"enh4","ENSG00000064547"
6769,"enh2","ENSG00000143924"
6770,"enh8","ENSG00000136854"
6771,"enh13","ENSG00000099622"
6772,"enh2","ENSG00000131408"
6773,"enh7","ENSG00000175707"
6774,"enh12","ENSG00000143870"
6775,"enh1","ENSG00000136877"
6776,"enh9","ENSG00000117601"
6777,"enh9","ENSG00000099875"
6778,"enh6","ENSG00000178093"
6779,"enh12","ENSG00000213465"
6780,"enh12","ENSG00000119559"
6781,"enh2","ENSG00000173327"
6782,"enh12","ENSG00000153107"
6783,"enh1","ENSG00000105656"
6784,"enh8","ENSG00000167103"
6785,"enh11","ENSG00000064687"
6786,"enh9","ENSG00000102900"
6787,"enh5","ENSG00000213023"
6788,"enh12","ENSG00000181781"
6789,"enh6","ENSG00000196415"
6790,"enh4","ENSG00000175467"
6791,"enh2","ENSG00000167487"
6792,"enh6","ENSG00000005194"
6793,"enh2","ENSG00000099817"
6794,"enh8","ENSG00000204291"
6795,"enh10","ENSG00000134317"
6796,"enh9","ENSG00000136925"
6797,"enh14","ENSG00000142544"
6798,"enh1","ENSG00000196116"
6799,"enh2","ENSG00000070761"
6800,"enh3","ENSG00000158195"
6801,"enh11","ENSG00000198917"
6802,"enh3","ENSG00000198417"
6803,"enh8","ENSG00000161677"
6804,"enh4","ENSG00000167123"
6805,"enh6","ENSG00000115761"
6806,"enh3","ENSG00000165661"
6807,"enh3","ENSG00000129933"
6808,"enh10","ENSG00000105379"
6809,"enh5","ENSG00000158161"
6810,"enh11","ENSG00000184162"
6811,"enh11","ENSG00000130560"
6812,"enh9","ENSG00000165698"
6813,"enh13","ENSG00000131094"
6814,"enh4","ENSG00000106991"
6815,"enh3","ENSG00000170385"
6816,"enh4","ENSG00000133065"
6817,"enh3","ENSG00000148300"
6818,"enh12","ENSG00000148300"
6819,"enh8","ENSG00000163291"
6820,"enh13","ENSG00000158941"
6821,"enh12","ENSG00000119203"
6822,"enh9","ENSG00000142733"
6823,"enh3","ENSG00000187193"
6824,"enh13","ENSG00000064547"
6825,"enh1","ENSG00000175832"
6826,"enh7","ENSG00000014216"
6827,"enh3","ENSG00000122482"
6828,"enh13","ENSG00000180329"
6829,"enh8","ENSG00000175550"
6830,"enh14","ENSG00000141934"
6831,"enh7","ENSG00000165092"
6832,"enh2","ENSG00000167110"
6833,"enh4","ENSG00000099624"
6834,"enh2","ENSG00000167468"
6835,"enh6","ENSG00000158195"
6836,"enh6","ENSG00000130766"
6837,"enh6","ENSG00000159461"
6838,"enh12","ENSG00000108312"
6839,"enh11","ENSG00000173039"
6840,"enh1","ENSG00000116014"
6841,"enh13","ENSG00000104131"
6842,"enh3","ENSG00000102996"
6843,"enh4","ENSG00000105696"
6844,"enh9","ENSG00000117751"
6845,"enh13","ENSG00000174950"
6846,"enh1","ENSG00000141933"
6847,"enh13","ENSG00000138036"
6848,"enh8","ENSG00000115756"
6849,"enh7","ENSG00000250067"
6850,"enh10","ENSG00000241852"
6851,"enh14","ENSG00000138772"
6852,"enh2","ENSG00000175467"
6853,"enh5","ENSG00000182963"
6854,"enh3","ENSG00000167110"
6855,"enh7","ENSG00000065000"
6856,"enh9","ENSG00000213024"
6857,"enh7","ENSG00000196415"
6858,"enh11","ENSG00000151694"
6859,"enh8","ENSG00000186501"
6860,"enh13","ENSG00000197816"
6861,"enh8","ENSG00000099821"
6862,"enh7","ENSG00000105717"
6863,"enh12","ENSG00000117592"
6864,"enh14","ENSG00000099804"
6865,"enh1","ENSG00000117697"
6866,"enh9","ENSG00000005961"
6867,"enh7","ENSG00000125630"
6868,"enh2","ENSG00000108309"
6869,"enh7","ENSG00000152527"
6870,"enh14","ENSG00000115970"
6871,"enh3","ENSG00000123684"
6872,"enh2","ENSG00000099624"
6873,"enh1","ENSG00000135821"
6874,"enh14","ENSG00000175467"
6875,"enh10","ENSG00000168067"
6876,"enh8","ENSG00000166188"
6877,"enh1","ENSG00000148296"
6878,"enh11","ENSG00000172992"
6879,"enh1","ENSG00000099875"
6880,"enh7","ENSG00000168061"
6881,"enh2","ENSG00000148248"
6882,"enh11","ENSG00000104946"
6883,"enh9","ENSG00000178093"
6884,"enh10","ENSG00000167747"
6885,"enh4","ENSG00000196422"
6886,"enh3","ENSG00000158161"
6887,"enh13","ENSG00000213023"
6888,"enh4","ENSG00000171940"
6889,"enh4","ENSG00000068971"
6890,"enh4","ENSG00000143882"
6891,"enh11","ENSG00000131094"
6892,"enh6","ENSG00000254986"
6893,"enh1","ENSG00000131400"
6894,"enh10","ENSG00000172775"
6895,"enh2","ENSG00000123685"
6896,"enh5","ENSG00000160563"
6897,"enh11","ENSG00000175832"
6898,"enh7","ENSG00000175592"
6899,"enh4","ENSG00000095383"
6900,"enh3","ENSG00000174276"
6901,"enh4","ENSG00000174684"
6902,"enh14","ENSG00000143493"
6903,"enh1","ENSG00000102934"
6904,"enh6","ENSG00000149823"
6905,"enh10","ENSG00000051108"
6906,"enh7","ENSG00000136874"
6907,"enh6","ENSG00000136448"
6908,"enh3","ENSG00000106799"
6909,"enh1","ENSG00000196683"
6910,"enh8","ENSG00000133275"
6911,"enh8","ENSG00000117625"
6912,"enh5","ENSG00000172757"
6913,"enh9","ENSG00000130772"
6914,"enh3","ENSG00000148337"
6915,"enh4","ENSG00000010361"
6916,"enh4","ENSG00000167110"
6917,"enh5","ENSG00000102978"
6918,"enh14","ENSG00000162298"
6919,"enh1","ENSG00000004939"
6920,"enh12","ENSG00000104131"
6921,"enh14","ENSG00000174669"
6922,"enh6","ENSG00000161692"
6923,"enh14","ENSG00000068976"
6924,"enh6","ENSG00000099817"
6925,"enh9","ENSG00000136448"
6926,"enh4","ENSG00000134317"
6927,"enh14","ENSG00000117650"
6928,"enh1","ENSG00000126391"
6929,"enh1","ENSG00000186010"
6930,"enh4","ENSG00000125124"
6931,"enh6","ENSG00000131398"
6932,"enh11","ENSG00000110046"
6933,"enh12","ENSG00000162878"
6934,"enh13","ENSG00000165684"
6935,"enh6","ENSG00000138756"
6936,"enh9","ENSG00000176890"
6937,"enh7","ENSG00000165698"
6938,"enh8","ENSG00000133069"
6939,"enh3","ENSG00000064932"
6940,"enh10","ENSG00000115761"
6941,"enh6","ENSG00000100316"
6942,"enh2","ENSG00000189195"
6943,"enh5","ENSG00000148308"
6944,"enh6","ENSG00000159648"
6945,"enh7","ENSG00000107372"
6946,"enh10","ENSG00000099821"
6947,"enh11","ENSG00000168062"
6948,"enh1","ENSG00000198417"
6949,"enh14","ENSG00000197136"
6950,"enh8","ENSG00000148337"
6951,"enh12","ENSG00000152527"
6952,"enh2","ENSG00000147457"
6953,"enh10","ENSG00000169607"
6954,"enh1","ENSG00000104946"
6955,"enh9","ENSG00000142751"
6956,"enh7","ENSG00000158161"
6957,"enh12","ENSG00000134318"
6958,"enh5","ENSG00000106976"
6959,"enh4","ENSG00000147457"
6960,"enh4","ENSG00000130775"
6961,"enh4","ENSG00000143924"
6962,"enh13","ENSG00000181588"
6963,"enh8","ENSG00000181781"
6964,"enh8","ENSG00000065268"
6965,"enh9","ENSG00000143476"
6966,"enh11","ENSG00000178093"
6967,"enh11","ENSG00000006015"
6968,"enh5","ENSG00000136929"
6969,"enh6","ENSG00000136830"
6970,"enh6","ENSG00000172757"
6971,"enh12","ENSG00000116014"
6972,"enh12","ENSG00000256771"
6973,"enh10","ENSG00000104973"
6974,"enh6","ENSG00000196683"
6975,"enh11","ENSG00000181896"
6976,"enh5","ENSG00000133065"
6977,"enh9","ENSG00000104131"
6978,"enh2","ENSG00000172775"
6979,"enh12","ENSG00000162769"
6980,"enh10","ENSG00000198870"
6981,"enh14","ENSG00000173825"
6982,"enh5","ENSG00000174669"
6983,"enh5","ENSG00000188177"
6984,"enh6","ENSG00000030582"
6985,"enh7","ENSG00000161654"
6986,"enh7","ENSG00000108312"
6987,"enh12","ENSG00000197217"
6988,"enh6","ENSG00000183831"
6989,"enh14","ENSG00000105383"
6990,"enh13","ENSG00000148337"
6991,"enh6","ENSG00000117697"
6992,"enh12","ENSG00000070388"
6993,"enh8","ENSG00000114999"
6994,"enh10","ENSG00000204710"
6995,"enh12","ENSG00000108883"
6996,"enh14","ENSG00000102931"
6997,"enh11","ENSG00000152527"
6998,"enh12","ENSG00000071655"
6999,"enh7","ENSG00000148291"
7000,"enh4","ENSG00000136908"
7001,"enh10","ENSG00000133895"
7002,"enh11","ENSG00000104689"
7003,"enh13","ENSG00000106976"
7004,"enh10","ENSG00000181896"
7005,"enh2","ENSG00000166188"
7006,"enh7","ENSG00000095380"
7007,"enh5","ENSG00000177125"
7008,"enh11","ENSG00000162298"
7009,"enh14","ENSG00000160293"
7010,"enh1","ENSG00000115286"
7011,"enh1","ENSG00000064687"
7012,"enh7","ENSG00000167136"
7013,"enh1","ENSG00000168056"
7014,"enh14","ENSG00000188177"
7015,"enh3","ENSG00000149792"
7016,"enh8","ENSG00000169136"
7017,"enh1","ENSG00000160325"
7018,"enh1","ENSG00000181513"
7019,"enh6","ENSG00000131409"
7020,"enh2","ENSG00000175334"
7021,"enh1","ENSG00000158161"
7022,"enh3","ENSG00000105717"
7023,"enh14","ENSG00000119185"
7024,"enh10","ENSG00000091947"
7025,"enh1","ENSG00000136932"
7026,"enh5","ENSG00000253368"
7027,"enh1","ENSG00000169288"
7028,"enh1","ENSG00000087152"
7029,"enh8","ENSG00000167106"
7030,"enh12","ENSG00000175221"
7031,"enh13","ENSG00000170385"
7032,"enh6","ENSG00000144136"
7033,"enh11","ENSG00000144130"
7034,"enh2","ENSG00000148308"
7035,"enh8","ENSG00000149823"
7036,"enh8","ENSG00000133243"
7037,"enh2","ENSG00000156269"
7038,"enh11","ENSG00000115268"
7039,"enh13","ENSG00000160404"
7040,"enh6","ENSG00000186501"
7041,"enh2","ENSG00000102934"
7042,"enh7","ENSG00000105655"
7043,"enh2","ENSG00000089639"
7044,"enh4","ENSG00000102934"
7045,"enh1","ENSG00000005194"
7046,"enh9","ENSG00000105379"
7047,"enh2","ENSG00000130775"
7048,"enh4","ENSG00000071655"
7049,"enh12","ENSG00000172081"
7050,"enh12","ENSG00000172270"
7051,"enh12","ENSG00000130513"
7052,"enh11","ENSG00000188177"
7053,"enh2","ENSG00000254986"
7054,"enh12","ENSG00000196683"
7055,"enh2","ENSG00000106799"
7056,"enh8","ENSG00000099624"
7057,"enh3","ENSG00000159648"
7058,"enh5","ENSG00000133059"
7059,"enh4","ENSG00000174996"
7060,"enh4","ENSG00000144134"
7061,"enh5","ENSG00000004939"
7062,"enh5","ENSG00000119125"
7063,"enh3","ENSG00000070761"
7064,"enh7","ENSG00000090273"
7065,"enh13","ENSG00000172232"
7066,"enh13","ENSG00000143870"
7067,"enh6","ENSG00000065268"
7068,"enh4","ENSG00000184988"
7069,"enh6","ENSG00000149798"
7070,"enh8","ENSG00000180448"
7071,"enh11","ENSG00000064787"
7072,"enh13","ENSG00000012048"
7073,"enh5","ENSG00000030582"
7074,"enh7","ENSG00000167113"
7075,"enh3","ENSG00000169607"
7076,"enh1","ENSG00000014216"
7077,"enh5","ENSG00000198746"
7078,"enh13","ENSG00000165699"
7079,"enh5","ENSG00000168062"
7080,"enh2","ENSG00000064547"
7081,"enh14","ENSG00000198840"
7082,"enh5","ENSG00000068976"
7083,"enh3","ENSG00000117592"
7084,"enh14","ENSG00000104897"
7085,"enh14","ENSG00000180448"
7086,"enh13","ENSG00000087365"
7087,"enh8","ENSG00000167491"
7088,"enh13","ENSG00000099840"
7089,"enh4","ENSG00000142186"
7090,"enh9","ENSG00000254986"
7091,"enh12","ENSG00000125144"
7092,"enh7","ENSG00000253368"
7093,"enh9","ENSG00000013306"
7094,"enh8","ENSG00000142751"
7095,"enh9","ENSG00000253368"
7096,"enh5","ENSG00000186010"
7097,"enh2","ENSG00000148303"
7098,"enh4","ENSG00000105705"
7099,"enh9","ENSG00000165689"
7100,"enh7","ENSG00000147457"
7101,"enh8","ENSG00000119203"
7102,"enh8","ENSG00000125319"
7103,"enh5","ENSG00000162241"
7104,"enh9","ENSG00000250067"
7105,"enh4","ENSG00000095380"
7106,"enh7","ENSG00000148300"
7107,"enh5","ENSG00000167123"
7108,"enh14","ENSG00000071655"
7109,"enh8","ENSG00000120334"
7110,"enh14","ENSG00000106789"
7111,"enh13","ENSG00000136925"
7112,"enh9","ENSG00000142784"
7113,"enh2","ENSG00000004939"
7114,"enh8","ENSG00000176890"
7115,"enh1","ENSG00000188177"
7116,"enh5","ENSG00000089639"
7117,"enh6","ENSG00000189195"
7118,"enh9","ENSG00000136811"
7119,"enh4","ENSG00000186806"
7120,"enh6","ENSG00000169607"
7121,"enh3","ENSG00000105656"
7122,"enh7","ENSG00000256771"
7123,"enh3","ENSG00000197816"
7124,"enh9","ENSG00000176973"
7125,"enh6","ENSG00000184988"
7126,"enh1","ENSG00000198746"
7127,"enh13","ENSG00000189195"
7128,"enh8","ENSG00000070423"
7129,"enh7","ENSG00000149792"
7130,"enh5","ENSG00000117601"
7131,"enh9","ENSG00000167491"
7132,"enh3","ENSG00000090020"
7133,"enh4","ENSG00000175832"
7134,"enh12","ENSG00000162772"
7135,"enh14","ENSG00000148337"
7136,"enh9","ENSG00000130560"
7137,"enh6","ENSG00000103005"
7138,"enh6","ENSG00000130770"
7139,"enh5","ENSG00000126709"
7140,"enh8","ENSG00000173825"
7141,"enh10","ENSG00000118046"
7142,"enh3","ENSG00000135870"
7143,"enh10","ENSG00000069482"
7144,"enh8","ENSG00000064787"
7145,"enh9","ENSG00000108312"
7146,"enh10","ENSG00000160271"
7147,"enh6","ENSG00000105472"
7148,"enh5","ENSG00000143493"
7149,"enh7","ENSG00000174276"
7150,"enh7","ENSG00000117697"
7151,"enh14","ENSG00000108849"
7152,"enh6","ENSG00000182087"
7153,"enh7","ENSG00000117280"
7154,"enh8","ENSG00000039650"
7155,"enh4","ENSG00000104131"
7156,"enh6","ENSG00000105726"
7157,"enh1","ENSG00000172059"
7158,"enh1","ENSG00000140854"
7159,"enh4","ENSG00000197766"
7160,"enh14","ENSG00000131409"
7161,"enh8","ENSG00000183831"
7162,"enh6","ENSG00000253368"
7163,"enh1","ENSG00000110046"
7164,"enh13","ENSG00000175707"
7165,"enh6","ENSG00000168061"
7166,"enh11","ENSG00000141349"
7167,"enh2","ENSG00000153214"
7168,"enh14","ENSG00000125482"
7169,"enh10","ENSG00000105662"
7170,"enh3","ENSG00000133275"
7171,"enh13","ENSG00000136448"
7172,"enh9","ENSG00000175550"
7173,"enh9","ENSG00000110046"
7174,"enh12","ENSG00000188177"
7175,"enh13","ENSG00000134317"
7176,"enh5","ENSG00000174529"
7177,"enh8","ENSG00000126705"
7178,"enh2","ENSG00000115758"
7179,"enh6","ENSG00000099840"
7180,"enh2","ENSG00000160447"
7181,"enh6","ENSG00000185761"
7182,"enh13","ENSG00000254986"
7183,"enh14","ENSG00000144161"
7184,"enh3","ENSG00000070423"
7185,"enh8","ENSG00000143476"
7186,"enh5","ENSG00000119335"
7187,"enh12","ENSG00000105472"
7188,"enh12","ENSG00000134330"
7189,"enh14","ENSG00000119335"
7190,"enh14","ENSG00000148308"
7191,"enh6","ENSG00000125124"
7192,"enh12","ENSG00000117266"
7193,"enh4","ENSG00000160271"
7194,"enh10","ENSG00000144130"
7195,"enh7","ENSG00000213445"
7196,"enh5","ENSG00000174903"
7197,"enh12","ENSG00000187193"
7198,"enh3","ENSG00000174684"
7199,"enh2","ENSG00000079313"
7200,"enh13","ENSG00000090020"
7201,"enh6","ENSG00000123684"
7202,"enh9","ENSG00000162419"
7203,"enh7","ENSG00000126705"
7204,"enh6","ENSG00000119335"
7205,"enh3","ENSG00000172922"
7206,"enh1","ENSG00000115758"
7207,"enh5","ENSG00000165688"
7208,"enh10","ENSG00000149809"
7209,"enh1","ENSG00000182963"
7210,"enh4","ENSG00000146670"
7211,"enh2","ENSG00000068971"
7212,"enh1","ENSG00000221983"
7213,"enh1","ENSG00000161671"
7214,"enh7","ENSG00000177125"
7215,"enh4","ENSG00000130766"
7216,"enh9","ENSG00000131408"
7217,"enh9","ENSG00000105726"
7218,"enh6","ENSG00000115255"
7219,"enh9","ENSG00000175592"
7220,"enh10","ENSG00000204138"
7221,"enh6","ENSG00000161682"
7222,"enh13","ENSG00000133895"
7223,"enh1","ENSG00000180448"
7224,"enh1","ENSG00000143870"
7225,"enh5","ENSG00000165702"
7226,"enh7","ENSG00000140859"
7227,"enh8","ENSG00000138756"
7228,"enh2","ENSG00000162298"
7229,"enh12","ENSG00000197766"
7230,"enh9","ENSG00000120889"
7231,"enh13","ENSG00000068971"
7232,"enh4","ENSG00000185761"
7233,"enh5","ENSG00000005961"
7234,"enh2","ENSG00000168066"
7235,"enh5","ENSG00000076321"
7236,"enh6","ENSG00000131094"
7237,"enh5","ENSG00000064932"
7238,"enh6","ENSG00000130513"
7239,"enh13","ENSG00000102900"
7240,"enh1","ENSG00000144161"
7241,"enh14","ENSG00000142784"
7242,"enh7","ENSG00000136854"
7243,"enh3","ENSG00000167491"
7244,"enh5","ENSG00000149792"
7245,"enh7","ENSG00000198858"
7246,"enh6","ENSG00000175573"
7247,"enh7","ENSG00000152518"
7248,"enh7","ENSG00000178093"
7249,"enh9","ENSG00000140848"
7250,"enh7","ENSG00000163291"
7251,"enh3","ENSG00000135821"
7252,"enh12","ENSG00000167123"
7253,"enh5","ENSG00000186566"
7254,"enh6","ENSG00000197958"
7255,"enh8","ENSG00000153107"
7256,"enh12","ENSG00000148337"
7257,"enh2","ENSG00000148291"
7258,"enh6","ENSG00000105053"
7259,"enh12","ENSG00000186501"
7260,"enh6","ENSG00000167114"
7261,"enh4","ENSG00000161654"
7262,"enh5","ENSG00000143882"
7263,"enh9","ENSG00000198417"
7264,"enh1","ENSG00000160161"
7265,"enh5","ENSG00000105700"
7266,"enh13","ENSG00000134330"
7267,"enh12","ENSG00000062822"
7268,"enh12","ENSG00000174744"
7269,"enh14","ENSG00000162669"
7270,"enh9","ENSG00000110047"
7271,"enh14","ENSG00000169136"
7272,"enh9","ENSG00000123685"
7273,"enh3","ENSG00000110047"
7274,"enh4","ENSG00000120656"
7275,"enh10","ENSG00000099866"
7276,"enh14","ENSG00000130559"
7277,"enh5","ENSG00000125144"
7278,"enh5","ENSG00000069702"
7279,"enh7","ENSG00000254901"
7280,"enh12","ENSG00000143493"
7281,"enh2","ENSG00000213988"
7282,"enh13","ENSG00000161692"
7283,"enh11","ENSG00000108312"
7284,"enh9","ENSG00000105472"
7285,"enh12","ENSG00000227500"
7286,"enh12","ENSG00000213638"
7287,"enh12","ENSG00000174276"
7288,"enh1","ENSG00000148308"
7289,"enh4","ENSG00000122026"
7290,"enh14","ENSG00000142765"
7291,"enh3","ENSG00000064490"
7292,"enh14","ENSG00000196683"
7293,"enh5","ENSG00000131097"
7294,"enh12","ENSG00000162976"
7295,"enh7","ENSG00000105374"
7296,"enh12","ENSG00000186010"
7297,"enh11","ENSG00000169607"
7298,"enh13","ENSG00000105472"
7299,"enh4","ENSG00000153214"
7300,"enh11","ENSG00000011304"
7301,"enh5","ENSG00000071626"
7302,"enh5","ENSG00000131400"
7303,"enh11","ENSG00000165699"
7304,"enh12","ENSG00000173825"
7305,"enh10","ENSG00000138756"
7306,"enh7","ENSG00000136842"
7307,"enh3","ENSG00000106992"
7308,"enh12","ENSG00000064666"
7309,"enh8","ENSG00000174606"
7310,"enh3","ENSG00000071564"
7311,"enh4","ENSG00000174950"
7312,"enh14","ENSG00000136828"
7313,"enh12","ENSG00000119523"
7314,"enh2","ENSG00000196422"
7315,"enh12","ENSG00000160326"
7316,"enh13","ENSG00000129946"
7317,"enh7","ENSG00000005007"
7318,"enh13","ENSG00000167103"
7319,"enh12","ENSG00000172922"
7320,"enh10","ENSG00000133884"
7321,"enh8","ENSG00000174851"
7322,"enh4","ENSG00000070770"
7323,"enh9","ENSG00000228300"
7324,"enh7","ENSG00000167468"
7325,"enh6","ENSG00000197136"
7326,"enh11","ENSG00000117280"
7327,"enh6","ENSG00000204138"
7328,"enh5","ENSG00000188554"
7329,"enh4","ENSG00000104960"
7330,"enh8","ENSG00000099866"
7331,"enh13","ENSG00000102996"
7332,"enh10","ENSG00000198492"
7333,"enh6","ENSG00000122484"
7334,"enh14","ENSG00000149798"
7335,"enh6","ENSG00000250067"
7336,"enh8","ENSG00000144136"
7337,"enh6","ENSG00000141933"
7338,"enh1","ENSG00000254901"
7339,"enh12","ENSG00000169288"
7340,"enh8","ENSG00000126698"
7341,"enh5","ENSG00000196415"
7342,"enh9","ENSG00000106992"
7343,"enh10","ENSG00000174842"
7344,"enh13","ENSG00000185198"
7345,"enh1","ENSG00000162241"
7346,"enh12","ENSG00000117650"
7347,"enh5","ENSG00000064607"
7348,"enh3","ENSG00000099864"
7349,"enh2","ENSG00000162873"
7350,"enh7","ENSG00000174903"
7351,"enh8","ENSG00000134308"
7352,"enh7","ENSG00000129968"
7353,"enh7","ENSG00000099864"
7354,"enh13","ENSG00000142544"
7355,"enh13","ENSG00000119392"
7356,"enh8","ENSG00000187024"
7357,"enh9","ENSG00000147439"
7358,"enh14","ENSG00000126698"
7359,"enh12","ENSG00000039650"
7360,"enh6","ENSG00000144161"
7361,"enh4","ENSG00000168062"
7362,"enh5","ENSG00000146670"
7363,"enh5","ENSG00000162772"
7364,"enh10","ENSG00000168591"
