"selection_order","grna_target","response_id"
1,"enh2","ENSG00000126709"
2,"enh4","ENSG00000196683"
3,"enh5","ENSG00000196683"
4,"enh10","ENSG00000162241"
5,"enh6","ENSG00000148296"
6,"enh11","ENSG00000160445"
7,"enh9","ENSG00000125144"
8,"enh3","ENSG00000116017"
9,"enh7","ENSG00000136932"
10,"enh4","ENSG00000171940"
11,"enh8","ENSG00000148288"
12,"enh5","ENSG00000185761"
13,"enh12","ENSG00000262874"
14,"enh3","ENSG00000133275"
15,"enh6","ENSG00000148339"
16,"enh14","ENSG00000204138"
17,"enh2","ENSG00000174516"
18,"enh14","ENSG00000127540"
19,"enh7","ENSG00000185198"
20,"enh4","ENSG00000227500"
21,"enh5","ENSG00000088682"
22,"enh9","ENSG00000101132"
23,"enh14","ENSG00000105556"
24,"enh13","ENSG00000130775"
25,"enh12","ENSG00000136925"
26,"enh11","ENSG00000161671"
27,"enh3","ENSG00000119559"
28,"enh11","ENSG00000136830"
29,"enh9","ENSG00000174684"
30,"enh10","ENSG00000117748"
31,"enh10","ENSG00000174669"
32,"enh9","ENSG00000196152"
33,"enh2","ENSG00000125485"
34,"enh2","ENSG00000173039"
35,"enh5","ENSG00000136943"
36,"enh7","ENSG00000172232"
37,"enh5","ENSG00000213638"
38,"enh8","ENSG00000125485"
39,"enh5","ENSG00000197136"
40,"enh8","ENSG00000162976"
41,"enh5","ENSG00000130775"
42,"enh13","ENSG00000180340"
43,"enh7","ENSG00000198840"
44,"enh1","ENSG00000147669"
45,"enh12","ENSG00000172775"
46,"enh1","ENSG00000069275"
47,"enh8","ENSG00000108849"
48,"enh1","ENSG00000142186"
49,"enh3","ENSG00000103021"
50,"enh11","ENSG00000076321"
51,"enh3","ENSG00000147457"
52,"enh11","ENSG00000108861"
53,"enh11","ENSG00000148308"
54,"enh7","ENSG00000253368"
55,"enh3","ENSG00000140859"
56,"enh9","ENSG00000172977"
57,"enh8","ENSG00000108840"
58,"enh4","ENSG00000099821"
59,"enh11","ENSG00000196116"
60,"enh12","ENSG00000172500"
61,"enh9","ENSG00000136842"
62,"enh6","ENSG00000099864"
63,"enh12","ENSG00000105379"
64,"enh2","ENSG00000107290"
65,"enh5","ENSG00000167759"
66,"enh11","ENSG00000167103"
67,"enh9","ENSG00000165661"
68,"enh8","ENSG00000105705"
69,"enh6","ENSG00000136807"
70,"enh7","ENSG00000167103"
71,"enh9","ENSG00000167136"
72,"enh9","ENSG00000162669"
73,"enh10","ENSG00000175602"
74,"enh4","ENSG00000130772"
75,"enh11","ENSG00000213445"
76,"enh7","ENSG00000115756"
77,"enh12","ENSG00000171219"
78,"enh6","ENSG00000104973"
79,"enh6","ENSG00000069702"
80,"enh5","ENSG00000144161"
81,"enh8","ENSG00000175602"
82,"enh9","ENSG00000165699"
83,"enh9","ENSG00000174547"
84,"enh8","ENSG00000105374"
85,"enh8","ENSG00000173442"
86,"enh5","ENSG00000176890"
87,"enh6","ENSG00000174903"
88,"enh2","ENSG00000172270"
89,"enh9","ENSG00000173442"
90,"enh3","ENSG00000115944"
91,"enh12","ENSG00000175854"
92,"enh12","ENSG00000159461"
93,"enh11","ENSG00000122482"
94,"enh11","ENSG00000125148"
95,"enh11","ENSG00000186806"
96,"enh10","ENSG00000148288"
97,"enh14","ENSG00000070404"
98,"enh8","ENSG00000130766"
99,"enh1","ENSG00000117751"
100,"enh12","ENSG00000117222"
101,"enh5","ENSG00000118046"
102,"enh12","ENSG00000126391"
103,"enh9","ENSG00000118046"
104,"enh14","ENSG00000117266"
105,"enh9","ENSG00000123684"
106,"enh10","ENSG00000134330"
107,"enh10","ENSG00000151694"
108,"enh2","ENSG00000196152"
109,"enh8","ENSG00000161714"
110,"enh8","ENSG00000175832"
111,"enh5","ENSG00000142751"
112,"enh12","ENSG00000013306"
113,"enh5","ENSG00000196312"
114,"enh10","ENSG00000070770"
115,"enh8","ENSG00000099866"
116,"enh10","ENSG00000095383"
117,"enh11","ENSG00000175294"
118,"enh8","ENSG00000162873"
119,"enh6","ENSG00000125319"
120,"enh7","ENSG00000068831"
121,"enh3","ENSG00000099875"
122,"enh9","ENSG00000184988"
123,"enh4","ENSG00000196550"
124,"enh11","ENSG00000013306"
125,"enh8","ENSG00000172922"
126,"enh4","ENSG00000142528"
127,"enh11","ENSG00000158941"
128,"enh8","ENSG00000169607"
129,"enh5","ENSG00000125170"
130,"enh3","ENSG00000066027"
131,"enh1","ENSG00000174871"
132,"enh6","ENSG00000136925"
133,"enh1","ENSG00000138036"
134,"enh1","ENSG00000148300"
135,"enh13","ENSG00000148297"
136,"enh7","ENSG00000104131"
137,"enh7","ENSG00000177125"
138,"enh9","ENSG00000140859"
139,"enh3","ENSG00000005961"
140,"enh13","ENSG00000099804"
141,"enh9","ENSG00000178093"
142,"enh9","ENSG00000143870"
143,"enh13","ENSG00000185198"
144,"enh14","ENSG00000105374"
145,"enh12","ENSG00000167759"
146,"enh5","ENSG00000171169"
147,"enh13","ENSG00000169607"
148,"enh9","ENSG00000125124"
149,"enh4","ENSG00000174684"
150,"enh14","ENSG00000238227"
151,"enh11","ENSG00000167487"
152,"enh10","ENSG00000130560"
153,"enh1","ENSG00000138756"
154,"enh1","ENSG00000148291"
155,"enh1","ENSG00000213445"
156,"enh6","ENSG00000163297"
157,"enh7","ENSG00000152527"
158,"enh7","ENSG00000144161"
159,"enh5","ENSG00000076321"
160,"enh13","ENSG00000125124"
161,"enh3","ENSG00000159461"
162,"enh8","ENSG00000131409"
163,"enh9","ENSG00000158195"
164,"enh5","ENSG00000160318"
165,"enh10","ENSG00000125319"
166,"enh10","ENSG00000197766"
167,"enh12","ENSG00000136448"
168,"enh5","ENSG00000105700"
169,"enh5","ENSG00000105472"
170,"enh1","ENSG00000099817"
171,"enh10","ENSG00000196415"
172,"enh9","ENSG00000005194"
173,"enh5","ENSG00000125148"
174,"enh12","ENSG00000185198"
175,"enh9","ENSG00000142765"
176,"enh7","ENSG00000131398"
177,"enh2","ENSG00000107372"
178,"enh2","ENSG00000147439"
179,"enh11","ENSG00000204673"
180,"enh12","ENSG00000186566"
181,"enh10","ENSG00000159648"
182,"enh14","ENSG00000105726"
183,"enh3","ENSG00000213988"
184,"enh7","ENSG00000136925"
185,"enh1","ENSG00000115091"
186,"enh13","ENSG00000130559"
187,"enh14","ENSG00000070388"
188,"enh7","ENSG00000068976"
189,"enh9","ENSG00000159461"
190,"enh10","ENSG00000102934"
191,"enh5","ENSG00000196961"
192,"enh4","ENSG00000160360"
193,"enh9","ENSG00000115255"
194,"enh4","ENSG00000165138"
195,"enh7","ENSG00000099622"
196,"enh4","ENSG00000135870"
197,"enh6","ENSG00000013306"
198,"enh7","ENSG00000165688"
199,"enh12","ENSG00000172732"
200,"enh14","ENSG00000117592"
201,"enh1","ENSG00000186566"
202,"enh14","ENSG00000167118"
203,"enh11","ENSG00000254470"
204,"enh6","ENSG00000004939"
205,"enh11","ENSG00000119125"
206,"enh7","ENSG00000136840"
207,"enh3","ENSG00000090273"
208,"enh4","ENSG00000153214"
209,"enh3","ENSG00000175592"
210,"enh1","ENSG00000175707"
211,"enh10","ENSG00000135870"
212,"enh8","ENSG00000169288"
213,"enh13","ENSG00000141934"
214,"enh4","ENSG00000062822"
215,"enh8","ENSG00000099625"
216,"enh13","ENSG00000172081"
217,"enh7","ENSG00000204710"
218,"enh3","ENSG00000115761"
219,"enh9","ENSG00000196961"
220,"enh8","ENSG00000169136"
221,"enh10","ENSG00000106992"
222,"enh10","ENSG00000148334"
223,"enh3","ENSG00000105497"
224,"enh8","ENSG00000175550"
225,"enh6","ENSG00000152527"
226,"enh3","ENSG00000147454"
227,"enh2","ENSG00000148337"
228,"enh12","ENSG00000014216"
229,"enh7","ENSG00000173442"
230,"enh13","ENSG00000142186"
231,"enh8","ENSG00000149798"
232,"enh13","ENSG00000250067"
233,"enh6","ENSG00000140859"
234,"enh7","ENSG00000213024"
235,"enh12","ENSG00000099875"
236,"enh9","ENSG00000082512"
237,"enh10","ENSG00000174684"
238,"enh14","ENSG00000119185"
239,"enh14","ENSG00000161671"
240,"enh3","ENSG00000099622"
241,"enh5","ENSG00000175854"
242,"enh4","ENSG00000175592"
243,"enh7","ENSG00000198492"
244,"enh6","ENSG00000174842"
245,"enh8","ENSG00000174276"
246,"enh1","ENSG00000172977"
247,"enh8","ENSG00000160446"
248,"enh9","ENSG00000174606"
249,"enh4","ENSG00000105700"
250,"enh12","ENSG00000119203"
251,"enh13","ENSG00000176973"
252,"enh3","ENSG00000123684"
253,"enh9","ENSG00000172059"
254,"enh12","ENSG00000174996"
255,"enh1","ENSG00000213023"
256,"enh2","ENSG00000262874"
257,"enh4","ENSG00000198746"
258,"enh7","ENSG00000136828"
259,"enh14","ENSG00000167487"
260,"enh14","ENSG00000167759"
261,"enh6","ENSG00000228300"
262,"enh7","ENSG00000070770"
263,"enh7","ENSG00000187193"
264,"enh10","ENSG00000143870"
265,"enh11","ENSG00000167113"
266,"enh6","ENSG00000160318"
267,"enh11","ENSG00000197766"
268,"enh13","ENSG00000095383"
269,"enh11","ENSG00000116014"
270,"enh2","ENSG00000185278"
271,"enh5","ENSG00000068831"
272,"enh3","ENSG00000173442"
273,"enh5","ENSG00000130511"
274,"enh9","ENSG00000064666"
275,"enh13","ENSG00000102934"
276,"enh3","ENSG00000148334"
277,"enh1","ENSG00000133895"
278,"enh12","ENSG00000110047"
279,"enh12","ENSG00000106803"
280,"enh2","ENSG00000130766"
281,"enh3","ENSG00000090020"
282,"enh7","ENSG00000180198"
283,"enh14","ENSG00000160563"
284,"enh2","ENSG00000106992"
285,"enh6","ENSG00000185761"
286,"enh9","ENSG00000173825"
287,"enh4","ENSG00000172081"
288,"enh10","ENSG00000160271"
289,"enh14","ENSG00000254986"
290,"enh11","ENSG00000172081"
291,"enh12","ENSG00000120334"
292,"enh9","ENSG00000125637"
293,"enh11","ENSG00000117748"
294,"enh6","ENSG00000175573"
295,"enh9","ENSG00000185761"
296,"enh14","ENSG00000221983"
297,"enh8","ENSG00000162298"
298,"enh1","ENSG00000160345"
299,"enh13","ENSG00000131398"
300,"enh4","ENSG00000213221"
301,"enh10","ENSG00000160326"
302,"enh7","ENSG00000174744"
303,"enh5","ENSG00000172732"
304,"enh11","ENSG00000172232"
305,"enh11","ENSG00000185761"
306,"enh1","ENSG00000181781"
307,"enh14","ENSG00000136938"
308,"enh11","ENSG00000012048"
309,"enh11","ENSG00000143493"
310,"enh2","ENSG00000162300"
311,"enh8","ENSG00000167487"
312,"enh7","ENSG00000168066"
313,"enh10","ENSG00000125637"
314,"enh4","ENSG00000091947"
315,"enh3","ENSG00000131097"
316,"enh6","ENSG00000167106"
317,"enh9","ENSG00000099622"
318,"enh10","ENSG00000136936"
319,"enh9","ENSG00000182963"
320,"enh12","ENSG00000079313"
321,"enh9","ENSG00000127540"
322,"enh13","ENSG00000105556"
323,"enh5","ENSG00000051128"
324,"enh3","ENSG00000125630"
325,"enh11","ENSG00000180098"
326,"enh3","ENSG00000165689"
327,"enh11","ENSG00000148339"
328,"enh13","ENSG00000129968"
329,"enh10","ENSG00000187840"
330,"enh4","ENSG00000175707"
331,"enh6","ENSG00000141349"
332,"enh1","ENSG00000115257"
333,"enh9","ENSG00000105717"
334,"enh8","ENSG00000088682"
335,"enh7","ENSG00000104689"
336,"enh10","ENSG00000069482"
337,"enh1","ENSG00000136936"
338,"enh10","ENSG00000115750"
339,"enh6","ENSG00000102934"
340,"enh12","ENSG00000062822"
341,"enh2","ENSG00000143882"
342,"enh12","ENSG00000051128"
343,"enh9","ENSG00000172757"
344,"enh10","ENSG00000169607"
345,"enh4","ENSG00000117758"
346,"enh4","ENSG00000099817"
347,"enh4","ENSG00000173442"
348,"enh4","ENSG00000136682"
349,"enh4","ENSG00000172992"
350,"enh2","ENSG00000125482"
351,"enh9","ENSG00000187840"
352,"enh9","ENSG00000175592"
353,"enh5","ENSG00000138036"
354,"enh4","ENSG00000127540"
355,"enh7","ENSG00000004939"
356,"enh7","ENSG00000136807"
357,"enh8","ENSG00000099864"
358,"enh6","ENSG00000186010"
359,"enh10","ENSG00000174903"
360,"enh10","ENSG00000065268"
361,"enh10","ENSG00000165699"
362,"enh14","ENSG00000117593"
363,"enh13","ENSG00000197217"
364,"enh13","ENSG00000146670"
365,"enh12","ENSG00000130766"
366,"enh6","ENSG00000173442"
367,"enh10","ENSG00000196961"
368,"enh10","ENSG00000142530"
369,"enh2","ENSG00000006016"
370,"enh11","ENSG00000160161"
371,"enh13","ENSG00000175376"
372,"enh14","ENSG00000198786"
373,"enh1","ENSG00000125144"
374,"enh8","ENSG00000165138"
375,"enh7","ENSG00000105497"
376,"enh10","ENSG00000143882"
377,"enh1","ENSG00000105053"
378,"enh14","ENSG00000123685"
379,"enh1","ENSG00000143476"
380,"enh2","ENSG00000127540"
381,"enh4","ENSG00000099840"
382,"enh2","ENSG00000090020"
383,"enh7","ENSG00000198786"
384,"enh1","ENSG00000152061"
385,"enh7","ENSG00000135046"
386,"enh14","ENSG00000119559"
387,"enh2","ENSG00000136936"
388,"enh14","ENSG00000051108"
389,"enh8","ENSG00000171169"
390,"enh7","ENSG00000104946"
391,"enh7","ENSG00000167123"
392,"enh13","ENSG00000125148"
393,"enh6","ENSG00000119203"
394,"enh6","ENSG00000165138"
395,"enh2","ENSG00000136807"
396,"enh1","ENSG00000134308"
397,"enh13","ENSG00000120656"
398,"enh9","ENSG00000158715"
399,"enh7","ENSG00000161682"
400,"enh1","ENSG00000105696"
401,"enh3","ENSG00000180329"
402,"enh5","ENSG00000169607"
403,"enh13","ENSG00000115761"
404,"enh13","ENSG00000172732"
405,"enh12","ENSG00000250067"
406,"enh3","ENSG00000130560"
407,"enh9","ENSG00000254901"
408,"enh8","ENSG00000115944"
409,"enh7","ENSG00000161647"
410,"enh12","ENSG00000161682"
411,"enh9","ENSG00000174842"
412,"enh3","ENSG00000172081"
413,"enh6","ENSG00000171219"
414,"enh9","ENSG00000160161"
415,"enh13","ENSG00000106799"
416,"enh11","ENSG00000071564"
417,"enh6","ENSG00000106992"
418,"enh14","ENSG00000062822"
419,"enh13","ENSG00000120334"
420,"enh7","ENSG00000147457"
421,"enh9","ENSG00000196188"
422,"enh14","ENSG00000066027"
423,"enh3","ENSG00000144161"
424,"enh3","ENSG00000174851"
425,"enh6","ENSG00000135821"
426,"enh7","ENSG00000105717"
427,"enh12","ENSG00000143870"
428,"enh5","ENSG00000014216"
429,"enh8","ENSG00000174950"
430,"enh5","ENSG00000107290"
431,"enh5","ENSG00000174516"
432,"enh7","ENSG00000174851"
433,"enh11","ENSG00000008853"
434,"enh11","ENSG00000115750"
435,"enh2","ENSG00000134317"
436,"enh14","ENSG00000106803"
437,"enh11","ENSG00000115944"
438,"enh11","ENSG00000165699"
439,"enh4","ENSG00000104886"
440,"enh3","ENSG00000136943"
441,"enh5","ENSG00000167118"
442,"enh2","ENSG00000130775"
443,"enh7","ENSG00000064547"
444,"enh13","ENSG00000105676"
445,"enh4","ENSG00000148308"
446,"enh2","ENSG00000165689"
447,"enh6","ENSG00000178093"
448,"enh1","ENSG00000172232"
449,"enh8","ENSG00000006016"
450,"enh12","ENSG00000156269"
451,"enh11","ENSG00000117593"
452,"enh8","ENSG00000134317"
453,"enh10","ENSG00000125148"
454,"enh9","ENSG00000136929"
455,"enh1","ENSG00000135870"
456,"enh7","ENSG00000140848"
457,"enh13","ENSG00000148334"
458,"enh1","ENSG00000167110"
459,"enh14","ENSG00000162241"
460,"enh6","ENSG00000102931"
461,"enh1","ENSG00000105726"
462,"enh8","ENSG00000122026"
463,"enh14","ENSG00000064607"
464,"enh7","ENSG00000071655"
465,"enh3","ENSG00000173825"
466,"enh5","ENSG00000161671"
467,"enh2","ENSG00000087263"
468,"enh12","ENSG00000136856"
469,"enh7","ENSG00000181781"
470,"enh14","ENSG00000161654"
471,"enh9","ENSG00000174903"
472,"enh5","ENSG00000167106"
473,"enh5","ENSG00000173327"
474,"enh3","ENSG00000105655"
475,"enh8","ENSG00000106803"
476,"enh5","ENSG00000175573"
477,"enh13","ENSG00000241852"
478,"enh1","ENSG00000131400"
479,"enh10","ENSG00000148303"
480,"enh8","ENSG00000136682"
481,"enh9","ENSG00000167123"
482,"enh10","ENSG00000135821"
483,"enh4","ENSG00000057935"
484,"enh6","ENSG00000142733"
485,"enh12","ENSG00000148339"
486,"enh5","ENSG00000175906"
487,"enh9","ENSG00000115944"
488,"enh10","ENSG00000197958"
489,"enh4","ENSG00000136830"
490,"enh7","ENSG00000115268"
491,"enh11","ENSG00000117758"
492,"enh2","ENSG00000135736"
493,"enh14","ENSG00000188554"
494,"enh2","ENSG00000144136"
495,"enh11","ENSG00000105717"
496,"enh6","ENSG00000104886"
497,"enh1","ENSG00000115750"
498,"enh14","ENSG00000105696"
499,"enh2","ENSG00000171848"
500,"enh2","ENSG00000176973"
501,"enh13","ENSG00000070761"
502,"enh12","ENSG00000162298"
503,"enh11","ENSG00000203705"
504,"enh14","ENSG00000162769"
505,"enh7","ENSG00000167470"
506,"enh4","ENSG00000138772"
507,"enh8","ENSG00000106789"
508,"enh12","ENSG00000130770"
509,"enh12","ENSG00000125484"
510,"enh12","ENSG00000117280"
511,"enh3","ENSG00000158161"
512,"enh14","ENSG00000174669"
513,"enh14","ENSG00000064547"
514,"enh8","ENSG00000122140"
515,"enh5","ENSG00000133069"
516,"enh1","ENSG00000172081"
517,"enh4","ENSG00000167747"
518,"enh1","ENSG00000165689"
519,"enh6","ENSG00000152061"
520,"enh2","ENSG00000006015"
521,"enh6","ENSG00000136643"
522,"enh6","ENSG00000197766"
523,"enh12","ENSG00000125148"
524,"enh2","ENSG00000004939"
525,"enh1","ENSG00000254986"
526,"enh9","ENSG00000196422"
527,"enh3","ENSG00000161647"
528,"enh14","ENSG00000142751"
529,"enh14","ENSG00000149806"
530,"enh7","ENSG00000158715"
531,"enh11","ENSG00000183831"
532,"enh6","ENSG00000143882"
533,"enh2","ENSG00000181035"
534,"enh4","ENSG00000005007"
535,"enh3","ENSG00000141349"
536,"enh11","ENSG00000119185"
537,"enh4","ENSG00000142765"
538,"enh14","ENSG00000102931"
539,"enh8","ENSG00000187193"
540,"enh3","ENSG00000117650"
541,"enh2","ENSG00000174950"
542,"enh3","ENSG00000115268"
543,"enh4","ENSG00000198786"
544,"enh10","ENSG00000227500"
545,"enh5","ENSG00000169403"
546,"enh6","ENSG00000125637"
547,"enh12","ENSG00000170385"
548,"enh4","ENSG00000125611"
549,"enh7","ENSG00000126705"
550,"enh14","ENSG00000167748"
551,"enh12","ENSG00000167468"
552,"enh3","ENSG00000197816"
553,"enh2","ENSG00000162769"
554,"enh11","ENSG00000181035"
555,"enh6","ENSG00000105662"
556,"enh13","ENSG00000064687"
557,"enh11","ENSG00000172977"
558,"enh1","ENSG00000131097"
559,"enh6","ENSG00000143870"
560,"enh1","ENSG00000238227"
561,"enh13","ENSG00000182963"
562,"enh2","ENSG00000197136"
563,"enh5","ENSG00000103005"
564,"enh2","ENSG00000136828"
565,"enh7","ENSG00000125148"
566,"enh12","ENSG00000064666"
567,"enh13","ENSG00000142528"
568,"enh4","ENSG00000136811"
569,"enh7","ENSG00000116014"
570,"enh7","ENSG00000196550"
571,"enh9","ENSG00000136448"
572,"enh6","ENSG00000162669"
573,"enh3","ENSG00000235034"
574,"enh14","ENSG00000144136"
575,"enh8","ENSG00000105700"
576,"enh7","ENSG00000213638"
577,"enh12","ENSG00000147669"
578,"enh3","ENSG00000131409"
579,"enh11","ENSG00000129933"
580,"enh2","ENSG00000165688"
581,"enh11","ENSG00000125630"
582,"enh2","ENSG00000099864"
583,"enh13","ENSG00000136448"
584,"enh5","ENSG00000160271"
585,"enh14","ENSG00000148356"
586,"enh4","ENSG00000196188"
587,"enh14","ENSG00000186566"
588,"enh4","ENSG00000099625"
589,"enh5","ENSG00000140859"
590,"enh6","ENSG00000100316"
591,"enh3","ENSG00000014216"
592,"enh10","ENSG00000185198"
593,"enh7","ENSG00000120896"
594,"enh5","ENSG00000169288"
595,"enh6","ENSG00000185198"
596,"enh13","ENSG00000197136"
597,"enh7","ENSG00000103021"
598,"enh11","ENSG00000147439"
599,"enh12","ENSG00000167106"
600,"enh2","ENSG00000221983"
601,"enh6","ENSG00000115084"
602,"enh12","ENSG00000102978"
603,"enh2","ENSG00000099817"
604,"enh7","ENSG00000162976"
605,"enh13","ENSG00000126709"
606,"enh11","ENSG00000167470"
607,"enh7","ENSG00000133069"
608,"enh11","ENSG00000104973"
609,"enh9","ENSG00000175115"
610,"enh13","ENSG00000133065"
611,"enh2","ENSG00000130772"
612,"enh8","ENSG00000133065"
613,"enh1","ENSG00000221983"
614,"enh1","ENSG00000169288"
615,"enh6","ENSG00000136937"
616,"enh4","ENSG00000105726"
617,"enh3","ENSG00000148337"
618,"enh6","ENSG00000119335"
619,"enh9","ENSG00000149809"
620,"enh11","ENSG00000130513"
621,"enh7","ENSG00000129933"
622,"enh1","ENSG00000119333"
623,"enh10","ENSG00000117758"
624,"enh1","ENSG00000162772"
625,"enh2","ENSG00000182963"
626,"enh14","ENSG00000141933"
627,"enh8","ENSG00000144134"
628,"enh2","ENSG00000104679"
629,"enh10","ENSG00000068971"
630,"enh7","ENSG00000130775"
631,"enh12","ENSG00000161714"
632,"enh7","ENSG00000104679"
633,"enh2","ENSG00000141349"
634,"enh2","ENSG00000159461"
635,"enh4","ENSG00000171219"
636,"enh4","ENSG00000181773"
637,"enh8","ENSG00000162419"
638,"enh3","ENSG00000107290"
639,"enh8","ENSG00000070388"
640,"enh3","ENSG00000162878"
641,"enh13","ENSG00000131097"
642,"enh10","ENSG00000172992"
643,"enh12","ENSG00000106992"
644,"enh4","ENSG00000011304"
645,"enh4","ENSG00000156269"
646,"enh9","ENSG00000070770"
647,"enh7","ENSG00000133059"
648,"enh5","ENSG00000105662"
649,"enh5","ENSG00000125124"
650,"enh2","ENSG00000136854"
651,"enh7","ENSG00000104886"
652,"enh8","ENSG00000198840"
653,"enh5","ENSG00000108852"
654,"enh6","ENSG00000181773"
655,"enh4","ENSG00000070761"
656,"enh7","ENSG00000136874"
657,"enh2","ENSG00000173327"
658,"enh4","ENSG00000159461"
659,"enh14","ENSG00000161714"
660,"enh8","ENSG00000250067"
661,"enh3","ENSG00000148411"
662,"enh4","ENSG00000120889"
663,"enh10","ENSG00000162769"
664,"enh1","ENSG00000185278"
665,"enh11","ENSG00000167005"
666,"enh14","ENSG00000071626"
667,"enh5","ENSG00000122140"
668,"enh5","ENSG00000185198"
669,"enh9","ENSG00000141934"
670,"enh4","ENSG00000158941"
671,"enh3","ENSG00000262874"
672,"enh2","ENSG00000158941"
673,"enh7","ENSG00000057935"
674,"enh7","ENSG00000153208"
675,"enh6","ENSG00000175294"
676,"enh4","ENSG00000185278"
677,"enh7","ENSG00000130772"
678,"enh1","ENSG00000136643"
679,"enh11","ENSG00000143476"
680,"enh3","ENSG00000149798"
681,"enh9","ENSG00000115286"
682,"enh5","ENSG00000120896"
683,"enh2","ENSG00000104885"
684,"enh4","ENSG00000174842"
685,"enh4","ENSG00000070388"
686,"enh10","ENSG00000204673"
687,"enh5","ENSG00000104897"
688,"enh11","ENSG00000167468"
689,"enh10","ENSG00000167468"
690,"enh4","ENSG00000167110"
691,"enh7","ENSG00000008853"
692,"enh7","ENSG00000163297"
693,"enh6","ENSG00000167113"
694,"enh11","ENSG00000057935"
695,"enh9","ENSG00000213465"
696,"enh5","ENSG00000127540"
697,"enh8","ENSG00000156269"
698,"enh4","ENSG00000165092"
699,"enh3","ENSG00000196683"
700,"enh2","ENSG00000183831"
701,"enh3","ENSG00000057935"
702,"enh7","ENSG00000064666"
703,"enh7","ENSG00000119125"
704,"enh2","ENSG00000115970"
705,"enh13","ENSG00000172977"
706,"enh12","ENSG00000068976"
707,"enh4","ENSG00000187840"
708,"enh8","ENSG00000136925"
709,"enh4","ENSG00000122140"
710,"enh12","ENSG00000117625"
711,"enh12","ENSG00000076321"
712,"enh13","ENSG00000136908"
713,"enh12","ENSG00000196152"
714,"enh5","ENSG00000069275"
715,"enh10","ENSG00000064687"
716,"enh5","ENSG00000162300"
717,"enh10","ENSG00000235034"
718,"enh14","ENSG00000122482"
719,"enh5","ENSG00000130513"
720,"enh9","ENSG00000069482"
721,"enh11","ENSG00000102996"
722,"enh9","ENSG00000163291"
723,"enh12","ENSG00000102996"
724,"enh11","ENSG00000168061"
725,"enh1","ENSG00000115756"
726,"enh12","ENSG00000167112"
727,"enh10","ENSG00000160445"
728,"enh6","ENSG00000129933"
729,"enh5","ENSG00000198870"
730,"enh13","ENSG00000168061"
731,"enh12","ENSG00000105726"
732,"enh2","ENSG00000089639"
733,"enh3","ENSG00000169403"
734,"enh14","ENSG00000125319"
735,"enh10","ENSG00000133884"
736,"enh9","ENSG00000102996"
737,"enh13","ENSG00000213445"
738,"enh14","ENSG00000187193"
739,"enh7","ENSG00000104897"
740,"enh11","ENSG00000102978"
741,"enh6","ENSG00000153214"
742,"enh14","ENSG00000142765"
743,"enh12","ENSG00000069275"
744,"enh3","ENSG00000071626"
745,"enh6","ENSG00000162241"
746,"enh2","ENSG00000069275"
747,"enh11","ENSG00000136932"
748,"enh2","ENSG00000068976"
749,"enh8","ENSG00000160408"
750,"enh9","ENSG00000152518"
751,"enh7","ENSG00000005961"
752,"enh14","ENSG00000104131"
753,"enh1","ENSG00000140859"
754,"enh13","ENSG00000071626"
755,"enh13","ENSG00000064787"
756,"enh2","ENSG00000213023"
757,"enh10","ENSG00000103021"
758,"enh11","ENSG00000161682"
759,"enh1","ENSG00000155380"
760,"enh1","ENSG00000172059"
761,"enh3","ENSG00000221983"
762,"enh3","ENSG00000117697"
763,"enh7","ENSG00000099624"
764,"enh10","ENSG00000136840"
765,"enh13","ENSG00000051128"
766,"enh12","ENSG00000133069"
767,"enh6","ENSG00000115286"
768,"enh14","ENSG00000175573"
769,"enh13","ENSG00000114999"
770,"enh3","ENSG00000143493"
771,"enh9","ENSG00000115750"
772,"enh13","ENSG00000103005"
773,"enh6","ENSG00000105726"
774,"enh2","ENSG00000108852"
775,"enh12","ENSG00000126709"
776,"enh6","ENSG00000213221"
777,"enh3","ENSG00000196550"
778,"enh14","ENSG00000149792"
779,"enh9","ENSG00000105705"
780,"enh12","ENSG00000067596"
781,"enh11","ENSG00000105726"
782,"enh12","ENSG00000187193"
783,"enh3","ENSG00000104689"
784,"enh5","ENSG00000167110"
785,"enh11","ENSG00000185198"
786,"enh9","ENSG00000160271"
787,"enh10","ENSG00000065000"
788,"enh1","ENSG00000160360"
789,"enh14","ENSG00000070761"
790,"enh4","ENSG00000174996"
791,"enh8","ENSG00000223802"
792,"enh8","ENSG00000009780"
793,"enh8","ENSG00000087263"
794,"enh6","ENSG00000131097"
795,"enh6","ENSG00000162873"
796,"enh14","ENSG00000136811"
797,"enh14","ENSG00000108883"
798,"enh3","ENSG00000174903"
799,"enh9","ENSG00000176890"
800,"enh12","ENSG00000160446"
801,"enh2","ENSG00000136842"
802,"enh3","ENSG00000167759"
803,"enh10","ENSG00000097046"
804,"enh6","ENSG00000105705"
805,"enh4","ENSG00000160325"
806,"enh7","ENSG00000198858"
807,"enh1","ENSG00000108840"
808,"enh10","ENSG00000066027"
809,"enh13","ENSG00000158161"
810,"enh7","ENSG00000125630"
811,"enh11","ENSG00000180448"
812,"enh2","ENSG00000079313"
813,"enh4","ENSG00000165688"
814,"enh1","ENSG00000131398"
815,"enh12","ENSG00000171848"
816,"enh2","ENSG00000105497"
817,"enh4","ENSG00000167759"
818,"enh4","ENSG00000087365"
819,"enh13","ENSG00000130511"
820,"enh4","ENSG00000105383"
821,"enh3","ENSG00000005194"
822,"enh10","ENSG00000131408"
823,"enh6","ENSG00000175221"
824,"enh13","ENSG00000160293"
825,"enh12","ENSG00000213638"
826,"enh13","ENSG00000013306"
827,"enh12","ENSG00000107290"
828,"enh5","ENSG00000105708"
829,"enh8","ENSG00000068831"
830,"enh6","ENSG00000005007"
831,"enh11","ENSG00000169136"
832,"enh11","ENSG00000114999"
833,"enh5","ENSG00000105497"
834,"enh2","ENSG00000203705"
835,"enh3","ENSG00000117222"
836,"enh5","ENSG00000148334"
837,"enh1","ENSG00000167487"
838,"enh9","ENSG00000136938"
839,"enh2","ENSG00000149806"
840,"enh10","ENSG00000167114"
841,"enh5","ENSG00000180340"
842,"enh3","ENSG00000198858"
843,"enh2","ENSG00000162873"
844,"enh11","ENSG00000162878"
845,"enh14","ENSG00000136908"
846,"enh6","ENSG00000160953"
847,"enh11","ENSG00000168067"
848,"enh4","ENSG00000213023"
849,"enh6","ENSG00000174516"
850,"enh10","ENSG00000115286"
851,"enh12","ENSG00000184988"
852,"enh5","ENSG00000135046"
853,"enh6","ENSG00000115756"
854,"enh7","ENSG00000117592"
855,"enh13","ENSG00000196415"
856,"enh13","ENSG00000125170"
857,"enh4","ENSG00000197540"
858,"enh2","ENSG00000174684"
859,"enh14","ENSG00000117280"
860,"enh8","ENSG00000185761"
861,"enh13","ENSG00000175592"
862,"enh3","ENSG00000129911"
863,"enh9","ENSG00000173327"
864,"enh1","ENSG00000180448"
865,"enh1","ENSG00000136877"
866,"enh13","ENSG00000142733"
867,"enh1","ENSG00000180198"
868,"enh13","ENSG00000172059"
869,"enh13","ENSG00000196116"
870,"enh12","ENSG00000104679"
871,"enh4","ENSG00000143493"
872,"enh11","ENSG00000134317"
873,"enh2","ENSG00000130770"
874,"enh6","ENSG00000120334"
875,"enh11","ENSG00000146670"
876,"enh7","ENSG00000181035"
877,"enh1","ENSG00000140854"
878,"enh13","ENSG00000105717"
879,"enh9","ENSG00000262874"
880,"enh11","ENSG00000105669"
881,"enh8","ENSG00000005961"
882,"enh1","ENSG00000180098"
883,"enh2","ENSG00000105708"
884,"enh13","ENSG00000115268"
885,"enh13","ENSG00000108849"
886,"enh8","ENSG00000148339"
887,"enh4","ENSG00000161692"
888,"enh4","ENSG00000102931"
889,"enh10","ENSG00000110046"
890,"enh8","ENSG00000115268"
891,"enh2","ENSG00000108309"
892,"enh5","ENSG00000162298"
893,"enh10","ENSG00000147439"
894,"enh9","ENSG00000148303"
895,"enh12","ENSG00000134330"
896,"enh1","ENSG00000014138"
897,"enh12","ENSG00000149792"
898,"enh14","ENSG00000167747"
899,"enh4","ENSG00000065268"
900,"enh6","ENSG00000173825"
901,"enh6","ENSG00000148291"
902,"enh7","ENSG00000175854"
903,"enh10","ENSG00000129946"
904,"enh9","ENSG00000119559"
905,"enh13","ENSG00000064932"
906,"enh11","ENSG00000160318"
907,"enh4","ENSG00000105669"
908,"enh1","ENSG00000133059"
909,"enh7","ENSG00000130768"
910,"enh2","ENSG00000163297"
911,"enh1","ENSG00000051128"
912,"enh3","ENSG00000186010"
913,"enh5","ENSG00000099624"
914,"enh10","ENSG00000142186"
915,"enh5","ENSG00000168591"
916,"enh14","ENSG00000187840"
917,"enh12","ENSG00000254901"
918,"enh2","ENSG00000117748"
919,"enh9","ENSG00000064545"
920,"enh9","ENSG00000051108"
921,"enh3","ENSG00000006016"
922,"enh12","ENSG00000136937"
923,"enh13","ENSG00000120896"
924,"enh8","ENSG00000120656"
925,"enh10","ENSG00000198786"
926,"enh12","ENSG00000126705"
927,"enh3","ENSG00000184988"
928,"enh9","ENSG00000104131"
929,"enh4","ENSG00000138767"
930,"enh10","ENSG00000171219"
931,"enh10","ENSG00000167136"
932,"enh7","ENSG00000182087"
933,"enh8","ENSG00000160447"
934,"enh7","ENSG00000136943"
935,"enh3","ENSG00000119514"
936,"enh2","ENSG00000105655"
937,"enh12","ENSG00000174547"
938,"enh7","ENSG00000133895"
939,"enh10","ENSG00000172270"
940,"enh10","ENSG00000158941"
941,"enh14","ENSG00000165684"
942,"enh1","ENSG00000175854"
943,"enh13","ENSG00000119335"
944,"enh2","ENSG00000136938"
945,"enh4","ENSG00000172232"
946,"enh4","ENSG00000171159"
947,"enh1","ENSG00000140848"
948,"enh13","ENSG00000138756"
949,"enh9","ENSG00000180340"
950,"enh11","ENSG00000162769"
951,"enh14","ENSG00000107290"
952,"enh3","ENSG00000119125"
953,"enh9","ENSG00000167118"
954,"enh10","ENSG00000172922"
955,"enh5","ENSG00000133895"
956,"enh1","ENSG00000162769"
957,"enh1","ENSG00000117697"
958,"enh5","ENSG00000142784"
959,"enh12","ENSG00000130270"
960,"enh7","ENSG00000169136"
961,"enh8","ENSG00000165661"
962,"enh10","ENSG00000123684"
963,"enh8","ENSG00000148290"
964,"enh2","ENSG00000197694"
965,"enh9","ENSG00000099804"
966,"enh9","ENSG00000133065"
967,"enh5","ENSG00000148296"
968,"enh10","ENSG00000254986"
969,"enh13","ENSG00000213221"
970,"enh14","ENSG00000165698"
971,"enh4","ENSG00000131409"
972,"enh12","ENSG00000198492"
973,"enh12","ENSG00000105556"
974,"enh14","ENSG00000136937"
975,"enh10","ENSG00000181781"
976,"enh11","ENSG00000130770"
977,"enh5","ENSG00000170385"
978,"enh11","ENSG00000136448"
979,"enh8","ENSG00000070761"
980,"enh7","ENSG00000068971"
981,"enh10","ENSG00000142751"
982,"enh10","ENSG00000127540"
983,"enh14","ENSG00000119392"
984,"enh14","ENSG00000099866"
985,"enh4","ENSG00000136856"
986,"enh4","ENSG00000134318"
987,"enh3","ENSG00000141934"
988,"enh6","ENSG00000143493"
989,"enh7","ENSG00000165661"
990,"enh14","ENSG00000099624"
991,"enh5","ENSG00000159648"
992,"enh8","ENSG00000125319"
993,"enh4","ENSG00000213445"
994,"enh11","ENSG00000138772"
995,"enh5","ENSG00000105379"
996,"enh10","ENSG00000117601"
997,"enh1","ENSG00000106803"
998,"enh4","ENSG00000141933"
999,"enh2","ENSG00000198746"
1000,"enh9","ENSG00000131409"
1001,"enh12","ENSG00000174606"
1002,"enh8","ENSG00000087152"
1003,"enh4","ENSG00000129946"
1004,"enh7","ENSG00000221983"
1005,"enh1","ENSG00000119514"
1006,"enh10","ENSG00000133069"
1007,"enh11","ENSG00000142544"
1008,"enh12","ENSG00000114999"
1009,"enh2","ENSG00000147669"
1010,"enh5","ENSG00000162419"
1011,"enh7","ENSG00000119559"
1012,"enh13","ENSG00000138036"
1013,"enh10","ENSG00000152061"
1014,"enh10","ENSG00000253368"
1015,"enh14","ENSG00000136895"
1016,"enh10","ENSG00000057935"
1017,"enh6","ENSG00000107021"
1018,"enh4","ENSG00000123684"
1019,"enh8","ENSG00000148297"
1020,"enh6","ENSG00000175602"
1021,"enh1","ENSG00000175376"
1022,"enh9","ENSG00000148296"
1023,"enh2","ENSG00000158195"
1024,"enh1","ENSG00000228300"
1025,"enh11","ENSG00000135870"
1026,"enh10","ENSG00000122484"
1027,"enh8","ENSG00000105708"
1028,"enh4","ENSG00000159579"
1029,"enh3","ENSG00000162976"
1030,"enh14","ENSG00000136925"
1031,"enh13","ENSG00000131094"
1032,"enh8","ENSG00000064787"
1033,"enh11","ENSG00000106799"
1034,"enh10","ENSG00000087365"
1035,"enh5","ENSG00000187193"
1036,"enh13","ENSG00000175906"
1037,"enh2","ENSG00000133895"
1038,"enh12","ENSG00000030582"
1039,"enh11","ENSG00000175334"
1040,"enh1","ENSG00000143493"
1041,"enh2","ENSG00000069482"
1042,"enh14","ENSG00000115268"
1043,"enh1","ENSG00000119559"
1044,"enh3","ENSG00000171159"
1045,"enh9","ENSG00000097046"
1046,"enh11","ENSG00000250067"
1047,"enh7","ENSG00000167747"
1048,"enh2","ENSG00000161677"
1049,"enh7","ENSG00000172757"
1050,"enh9","ENSG00000175221"
1051,"enh11","ENSG00000152527"
1052,"enh7","ENSG00000142765"
1053,"enh5","ENSG00000148288"
1054,"enh3","ENSG00000005007"
1055,"enh3","ENSG00000106991"
1056,"enh13","ENSG00000117748"
1057,"enh8","ENSG00000144130"
1058,"enh2","ENSG00000129933"
1059,"enh8","ENSG00000174547"
1060,"enh10","ENSG00000130772"
1061,"enh6","ENSG00000136682"
1062,"enh12","ENSG00000149809"
1063,"enh7","ENSG00000127540"
1064,"enh6","ENSG00000102996"
1065,"enh6","ENSG00000108861"
1066,"enh11","ENSG00000162669"
1067,"enh12","ENSG00000174684"
1068,"enh3","ENSG00000149806"
1069,"enh3","ENSG00000160447"
1070,"enh12","ENSG00000160326"
1071,"enh1","ENSG00000105708"
1072,"enh8","ENSG00000167103"
1073,"enh4","ENSG00000168067"
1074,"enh11","ENSG00000235034"
1075,"enh6","ENSG00000108312"
1076,"enh12","ENSG00000116017"
1077,"enh2","ENSG00000117758"
1078,"enh5","ENSG00000174851"
1079,"enh1","ENSG00000175221"
1080,"enh1","ENSG00000108861"
1081,"enh12","ENSG00000160345"
1082,"enh1","ENSG00000108312"
1083,"enh11","ENSG00000176890"
1084,"enh7","ENSG00000115970"
1085,"enh7","ENSG00000175550"
1086,"enh6","ENSG00000160445"
1087,"enh13","ENSG00000160345"
1088,"enh11","ENSG00000165661"
1089,"enh9","ENSG00000099875"
1090,"enh10","ENSG00000175832"
1091,"enh10","ENSG00000119333"
1092,"enh7","ENSG00000105374"
1093,"enh8","ENSG00000115255"
1094,"enh14","ENSG00000102934"
1095,"enh1","ENSG00000162873"
1096,"enh8","ENSG00000129911"
1097,"enh12","ENSG00000167491"
1098,"enh3","ENSG00000122026"
1099,"enh14","ENSG00000174950"
1100,"enh5","ENSG00000174903"
1101,"enh14","ENSG00000147439"
1102,"enh10","ENSG00000162669"
1103,"enh4","ENSG00000117222"
1104,"enh7","ENSG00000117266"
1105,"enh4","ENSG00000136937"
1106,"enh12","ENSG00000196683"
1107,"enh13","ENSG00000143476"
1108,"enh1","ENSG00000167470"
1109,"enh5","ENSG00000147454"
1110,"enh10","ENSG00000160360"
1111,"enh13","ENSG00000117758"
1112,"enh2","ENSG00000135046"
1113,"enh10","ENSG00000174851"
1114,"enh12","ENSG00000134317"
1115,"enh7","ENSG00000099821"
1116,"enh9","ENSG00000144161"
1117,"enh2","ENSG00000204138"
1118,"enh8","ENSG00000204291"
1119,"enh11","ENSG00000107372"
1120,"enh10","ENSG00000104689"
1121,"enh13","ENSG00000160318"
1122,"enh10","ENSG00000168056"
1123,"enh2","ENSG00000186501"
1124,"enh5","ENSG00000131398"
1125,"enh10","ENSG00000213023"
1126,"enh2","ENSG00000161682"
1127,"enh9","ENSG00000147457"
1128,"enh9","ENSG00000119392"
1129,"enh1","ENSG00000213024"
1130,"enh4","ENSG00000136828"
1131,"enh13","ENSG00000126391"
1132,"enh3","ENSG00000180448"
1133,"enh9","ENSG00000171940"
1134,"enh9","ENSG00000105701"
1135,"enh12","ENSG00000117751"
1136,"enh2","ENSG00000168067"
1137,"enh6","ENSG00000108852"
1138,"enh12","ENSG00000168062"
1139,"enh5","ENSG00000148303"
1140,"enh8","ENSG00000131400"
1141,"enh14","ENSG00000175550"
1142,"enh3","ENSG00000097046"
1143,"enh14","ENSG00000163291"
1144,"enh2","ENSG00000108849"
1145,"enh9","ENSG00000180448"
1146,"enh4","ENSG00000126705"
1147,"enh2","ENSG00000144134"
1148,"enh4","ENSG00000167136"
1149,"enh12","ENSG00000158161"
1150,"enh9","ENSG00000130770"
1151,"enh10","ENSG00000070761"
1152,"enh1","ENSG00000198417"
1153,"enh1","ENSG00000223802"
1154,"enh14","ENSG00000180329"
1155,"enh11","ENSG00000130766"
1156,"enh14","ENSG00000173465"
1157,"enh13","ENSG00000125482"
1158,"enh13","ENSG00000198786"
1159,"enh6","ENSG00000130511"
1160,"enh5","ENSG00000071626"
1161,"enh2","ENSG00000120334"
1162,"enh10","ENSG00000168591"
1163,"enh2","ENSG00000104897"
1164,"enh1","ENSG00000176973"
1165,"enh13","ENSG00000135046"
1166,"enh2","ENSG00000167136"
1167,"enh14","ENSG00000167106"
1168,"enh1","ENSG00000174606"
1169,"enh1","ENSG00000099866"
1170,"enh13","ENSG00000181588"
1171,"enh8","ENSG00000131408"
1172,"enh4","ENSG00000162878"
1173,"enh6","ENSG00000161671"
1174,"enh5","ENSG00000227500"
1175,"enh5","ENSG00000125618"
1176,"enh6","ENSG00000136842"
1177,"enh1","ENSG00000196415"
1178,"enh1","ENSG00000102931"
1179,"enh13","ENSG00000165689"
1180,"enh10","ENSG00000146670"
1181,"enh12","ENSG00000105671"
1182,"enh5","ENSG00000126705"
1183,"enh9","ENSG00000099817"
1184,"enh10","ENSG00000158715"
1185,"enh3","ENSG00000125144"
1186,"enh13","ENSG00000091947"
1187,"enh11","ENSG00000125484"
1188,"enh3","ENSG00000105383"
1189,"enh14","ENSG00000099817"
1190,"enh10","ENSG00000162878"
1191,"enh9","ENSG00000173465"
1192,"enh7","ENSG00000009780"
1193,"enh4","ENSG00000133059"
1194,"enh4","ENSG00000117751"
1195,"enh13","ENSG00000005194"
1196,"enh5","ENSG00000136643"
1197,"enh1","ENSG00000136856"
1198,"enh13","ENSG00000130560"
1199,"enh4","ENSG00000125630"
1200,"enh4","ENSG00000158195"
1201,"enh13","ENSG00000010361"
1202,"enh3","ENSG00000103005"
1203,"enh14","ENSG00000142186"
1204,"enh10","ENSG00000105656"
1205,"enh13","ENSG00000148291"
1206,"enh9","ENSG00000175602"
1207,"enh11","ENSG00000129911"
1208,"enh7","ENSG00000091947"
1209,"enh5","ENSG00000171940"
1210,"enh12","ENSG00000104973"
1211,"enh11","ENSG00000189195"
1212,"enh6","ENSG00000165684"
1213,"enh9","ENSG00000104897"
1214,"enh3","ENSG00000095380"
1215,"enh9","ENSG00000256771"
1216,"enh13","ENSG00000104946"
1217,"enh4","ENSG00000099875"
1218,"enh6","ENSG00000198492"
1219,"enh8","ENSG00000071655"
1220,"enh7","ENSG00000204673"
1221,"enh6","ENSG00000106976"
1222,"enh11","ENSG00000162419"
1223,"enh5","ENSG00000165698"
1224,"enh2","ENSG00000130513"
1225,"enh2","ENSG00000065000"
1226,"enh2","ENSG00000133065"
1227,"enh5","ENSG00000070770"
1228,"enh13","ENSG00000141349"
1229,"enh1","ENSG00000105379"
1230,"enh4","ENSG00000136840"
1231,"enh3","ENSG00000119523"
1232,"enh2","ENSG00000197766"
1233,"enh7","ENSG00000162769"
1234,"enh13","ENSG00000115255"
1235,"enh1","ENSG00000105472"
1236,"enh12","ENSG00000147457"
1237,"enh1","ENSG00000165688"
1238,"enh6","ENSG00000160446"
1239,"enh6","ENSG00000117748"
1240,"enh1","ENSG00000122482"
1241,"enh4","ENSG00000149806"
1242,"enh14","ENSG00000198858"
1243,"enh11","ENSG00000115257"
1244,"enh5","ENSG00000184162"
1245,"enh7","ENSG00000144136"
1246,"enh9","ENSG00000175906"
1247,"enh9","ENSG00000105656"
1248,"enh8","ENSG00000148248"
1249,"enh8","ENSG00000119523"
1250,"enh6","ENSG00000131408"
1251,"enh1","ENSG00000005961"
1252,"enh12","ENSG00000181781"
1253,"enh9","ENSG00000133069"
1254,"enh1","ENSG00000104897"
1255,"enh13","ENSG00000168066"
1256,"enh5","ENSG00000134308"
1257,"enh6","ENSG00000162298"
1258,"enh2","ENSG00000149792"
1259,"enh1","ENSG00000149823"
1260,"enh14","ENSG00000196961"
1261,"enh5","ENSG00000134330"
1262,"enh12","ENSG00000167113"
1263,"enh3","ENSG00000070761"
1264,"enh11","ENSG00000186566"
1265,"enh10","ENSG00000134308"
1266,"enh9","ENSG00000130270"
1267,"enh9","ENSG00000221983"
1268,"enh11","ENSG00000174842"
1269,"enh14","ENSG00000102900"
1270,"enh4","ENSG00000174516"
1271,"enh10","ENSG00000167759"
1272,"enh14","ENSG00000115758"
1273,"enh1","ENSG00000172500"
1274,"enh8","ENSG00000172992"
1275,"enh10","ENSG00000186566"
1276,"enh12","ENSG00000131398"
1277,"enh11","ENSG00000064932"
1278,"enh5","ENSG00000204291"
1279,"enh5","ENSG00000130766"
1280,"enh5","ENSG00000148297"
1281,"enh5","ENSG00000155380"
1282,"enh6","ENSG00000160360"
1283,"enh3","ENSG00000160408"
1284,"enh10","ENSG00000175854"
1285,"enh12","ENSG00000115255"
1286,"enh9","ENSG00000105662"
1287,"enh1","ENSG00000174851"
1288,"enh7","ENSG00000176973"
1289,"enh3","ENSG00000148356"
1290,"enh11","ENSG00000136807"
1291,"enh10","ENSG00000147454"
1292,"enh7","ENSG00000148288"
1293,"enh7","ENSG00000105383"
1294,"enh6","ENSG00000159461"
1295,"enh1","ENSG00000184162"
1296,"enh1","ENSG00000097046"
1297,"enh12","ENSG00000165684"
1298,"enh6","ENSG00000158715"
1299,"enh7","ENSG00000174547"
1300,"enh8","ENSG00000197136"
1301,"enh1","ENSG00000166188"
1302,"enh2","ENSG00000235034"
1303,"enh3","ENSG00000104131"
1304,"enh5","ENSG00000136854"
1305,"enh10","ENSG00000196422"
1306,"enh12","ENSG00000004939"
1307,"enh6","ENSG00000149809"
1308,"enh5","ENSG00000138756"
1309,"enh5","ENSG00000241852"
1310,"enh8","ENSG00000174903"
1311,"enh6","ENSG00000119333"
1312,"enh7","ENSG00000130560"
1313,"enh14","ENSG00000099864"
1314,"enh7","ENSG00000178093"
1315,"enh13","ENSG00000122482"
1316,"enh14","ENSG00000142784"
1317,"enh6","ENSG00000102900"
1318,"enh4","ENSG00000144130"
1319,"enh11","ENSG00000117625"
1320,"enh8","ENSG00000070770"
1321,"enh6","ENSG00000130560"
1322,"enh2","ENSG00000068831"
1323,"enh5","ENSG00000203705"
1324,"enh7","ENSG00000254470"
1325,"enh13","ENSG00000100316"
1326,"enh4","ENSG00000099864"
1327,"enh1","ENSG00000196683"
1328,"enh8","ENSG00000005194"
1329,"enh5","ENSG00000175334"
1330,"enh1","ENSG00000161677"
1331,"enh14","ENSG00000213638"
1332,"enh12","ENSG00000071564"
1333,"enh8","ENSG00000102996"
1334,"enh13","ENSG00000167123"
1335,"enh14","ENSG00000158195"
1336,"enh4","ENSG00000106785"
1337,"enh14","ENSG00000117691"
1338,"enh7","ENSG00000186566"
1339,"enh12","ENSG00000070404"
1340,"enh3","ENSG00000122482"
1341,"enh12","ENSG00000204673"
1342,"enh8","ENSG00000186566"
1343,"enh3","ENSG00000197694"
1344,"enh7","ENSG00000162772"
1345,"enh2","ENSG00000174547"
1346,"enh10","ENSG00000143493"
1347,"enh3","ENSG00000177125"
1348,"enh8","ENSG00000071626"
1349,"enh2","ENSG00000148339"
1350,"enh12","ENSG00000066027"
1351,"enh3","ENSG00000174516"
1352,"enh6","ENSG00000065600"
1353,"enh10","ENSG00000175467"
1354,"enh6","ENSG00000241852"
1355,"enh12","ENSG00000125482"
1356,"enh7","ENSG00000115255"
1357,"enh13","ENSG00000148308"
1358,"enh11","ENSG00000108840"
1359,"enh9","ENSG00000107021"
1360,"enh5","ENSG00000161714"
1361,"enh5","ENSG00000163297"
1362,"enh12","ENSG00000178093"
1363,"enh1","ENSG00000118046"
1364,"enh5","ENSG00000136874"
1365,"enh10","ENSG00000144161"
1366,"enh13","ENSG00000123685"
1367,"enh2","ENSG00000105053"
1368,"enh5","ENSG00000167487"
1369,"enh1","ENSG00000171159"
1370,"enh11","ENSG00000142765"
1371,"enh1","ENSG00000117601"
1372,"enh9","ENSG00000013306"
1373,"enh9","ENSG00000165138"
1374,"enh8","ENSG00000142528"
1375,"enh7","ENSG00000136811"
1376,"enh2","ENSG00000198840"
1377,"enh6","ENSG00000166188"
1378,"enh14","ENSG00000014216"
1379,"enh5","ENSG00000120889"
1380,"enh5","ENSG00000119185"
1381,"enh7","ENSG00000175707"
1382,"enh1","ENSG00000142733"
1383,"enh3","ENSG00000155380"
1384,"enh4","ENSG00000175550"
1385,"enh3","ENSG00000198840"
1386,"enh4","ENSG00000186185"
1387,"enh3","ENSG00000105669"
1388,"enh11","ENSG00000175550"
1389,"enh11","ENSG00000167112"
1390,"enh4","ENSG00000142733"
1391,"enh14","ENSG00000108312"
1392,"enh1","ENSG00000104946"
1393,"enh2","ENSG00000256771"
1394,"enh14","ENSG00000091947"
1395,"enh12","ENSG00000064490"
1396,"enh11","ENSG00000169403"
1397,"enh12","ENSG00000115761"
1398,"enh14","ENSG00000149809"
1399,"enh3","ENSG00000062822"
1400,"enh12","ENSG00000196422"
1401,"enh5","ENSG00000117601"
1402,"enh4","ENSG00000014216"
1403,"enh11","ENSG00000136856"
1404,"enh4","ENSG00000069482"
1405,"enh11","ENSG00000133059"
1406,"enh12","ENSG00000147439"
1407,"enh5","ENSG00000173465"
1408,"enh9","ENSG00000108840"
1409,"enh2","ENSG00000119514"
1410,"enh8","ENSG00000130775"
1411,"enh8","ENSG00000160953"
1412,"enh2","ENSG00000181781"
1413,"enh13","ENSG00000167747"
1414,"enh11","ENSG00000198870"
1415,"enh7","ENSG00000126698"
1416,"enh13","ENSG00000174996"
1417,"enh13","ENSG00000122484"
1418,"enh10","ENSG00000133059"
1419,"enh13","ENSG00000104960"
1420,"enh14","ENSG00000130513"
1421,"enh14","ENSG00000065600"
1422,"enh14","ENSG00000149823"
1423,"enh6","ENSG00000064547"
1424,"enh10","ENSG00000173039"
1425,"enh12","ENSG00000144134"
1426,"enh9","ENSG00000198840"
1427,"enh8","ENSG00000158195"
1428,"enh4","ENSG00000172059"
1429,"enh8","ENSG00000175906"
1430,"enh12","ENSG00000123684"
1431,"enh14","ENSG00000163297"
1432,"enh4","ENSG00000134330"
1433,"enh4","ENSG00000181781"
1434,"enh13","ENSG00000069275"
1435,"enh4","ENSG00000172757"
1436,"enh9","ENSG00000175334"
1437,"enh6","ENSG00000170385"
1438,"enh3","ENSG00000065268"
1439,"enh5","ENSG00000030582"
1440,"enh4","ENSG00000144136"
1441,"enh14","ENSG00000165138"
1442,"enh9","ENSG00000136877"
1443,"enh9","ENSG00000142751"
1444,"enh6","ENSG00000162878"
1445,"enh7","ENSG00000135821"
1446,"enh10","ENSG00000119185"
1447,"enh10","ENSG00000148300"
1448,"enh3","ENSG00000196422"
1449,"enh1","ENSG00000160447"
1450,"enh6","ENSG00000117758"
1451,"enh4","ENSG00000115756"
1452,"enh11","ENSG00000134318"
1453,"enh10","ENSG00000125482"
1454,"enh11","ENSG00000099840"
1455,"enh10","ENSG00000160293"
1456,"enh11","ENSG00000108849"
1457,"enh3","ENSG00000136828"
1458,"enh10","ENSG00000104897"
1459,"enh6","ENSG00000129946"
1460,"enh14","ENSG00000140854"
1461,"enh8","ENSG00000165688"
1462,"enh3","ENSG00000169288"
1463,"enh5","ENSG00000136929"
1464,"enh11","ENSG00000138756"
1465,"enh7","ENSG00000160345"
1466,"enh12","ENSG00000198786"
1467,"enh9","ENSG00000133895"
1468,"enh3","ENSG00000136895"
1469,"enh9","ENSG00000153214"
1470,"enh5","ENSG00000159461"
1471,"enh14","ENSG00000133275"
1472,"enh13","ENSG00000136854"
1473,"enh14","ENSG00000130770"
1474,"enh13","ENSG00000087263"
1475,"enh3","ENSG00000174996"
1476,"enh4","ENSG00000115944"
1477,"enh8","ENSG00000178093"
1478,"enh8","ENSG00000161671"
1479,"enh5","ENSG00000087152"
1480,"enh5","ENSG00000148290"
1481,"enh11","ENSG00000142186"
1482,"enh1","ENSG00000125611"
1483,"enh7","ENSG00000167136"
1484,"enh3","ENSG00000087152"
1485,"enh7","ENSG00000117691"
1486,"enh14","ENSG00000185761"
1487,"enh10","ENSG00000095380"
1488,"enh10","ENSG00000196550"
1489,"enh11","ENSG00000136938"
1490,"enh4","ENSG00000184162"
1491,"enh12","ENSG00000125630"
1492,"enh2","ENSG00000099840"
1493,"enh13","ENSG00000162300"
1494,"enh6","ENSG00000129951"
1495,"enh12","ENSG00000138756"
1496,"enh4","ENSG00000168062"
1497,"enh7","ENSG00000095380"
1498,"enh2","ENSG00000141933"
1499,"enh4","ENSG00000097046"
1500,"enh13","ENSG00000223802"
1501,"enh5","ENSG00000105696"
1502,"enh12","ENSG00000070388"
1503,"enh12","ENSG00000119333"
1504,"enh1","ENSG00000067596"
1505,"enh9","ENSG00000119185"
1506,"enh13","ENSG00000144130"
1507,"enh11","ENSG00000115970"
1508,"enh1","ENSG00000090020"
1509,"enh4","ENSG00000148248"
1510,"enh7","ENSG00000115944"
1511,"enh5","ENSG00000102996"
1512,"enh5","ENSG00000103021"
1513,"enh6","ENSG00000005194"
1514,"enh14","ENSG00000131097"
1515,"enh5","ENSG00000213221"
1516,"enh11","ENSG00000241852"
1517,"enh10","ENSG00000196188"
1518,"enh14","ENSG00000166188"
1519,"enh11","ENSG00000172732"
1520,"enh14","ENSG00000148337"
1521,"enh10","ENSG00000166188"
1522,"enh7","ENSG00000175602"
1523,"enh7","ENSG00000187840"
1524,"enh3","ENSG00000091947"
1525,"enh8","ENSG00000163297"
1526,"enh14","ENSG00000235034"
1527,"enh10","ENSG00000142733"
1528,"enh11","ENSG00000106992"
1529,"enh4","ENSG00000087152"
1530,"enh12","ENSG00000197816"
1531,"enh13","ENSG00000104897"
1532,"enh11","ENSG00000065268"
1533,"enh9","ENSG00000160447"
1534,"enh10","ENSG00000125170"
1535,"enh8","ENSG00000143882"
1536,"enh5","ENSG00000181588"
1537,"enh2","ENSG00000168591"
1538,"enh7","ENSG00000135870"
1539,"enh14","ENSG00000051128"
1540,"enh7","ENSG00000116017"
1541,"enh13","ENSG00000039650"
1542,"enh4","ENSG00000107372"
1543,"enh13","ENSG00000136895"
1544,"enh9","ENSG00000158941"
1545,"enh8","ENSG00000174516"
1546,"enh1","ENSG00000175467"
1547,"enh2","ENSG00000171219"
1548,"enh3","ENSG00000136811"
1549,"enh1","ENSG00000013306"
1550,"enh4","ENSG00000117601"
1551,"enh3","ENSG00000158941"
1552,"enh2","ENSG00000160271"
1553,"enh5","ENSG00000004939"
1554,"enh6","ENSG00000174606"
1555,"enh13","ENSG00000175573"
1556,"enh7","ENSG00000198917"
1557,"enh11","ENSG00000133065"
1558,"enh4","ENSG00000138756"
1559,"enh14","ENSG00000172081"
1560,"enh1","ENSG00000185198"
1561,"enh9","ENSG00000115257"
1562,"enh1","ENSG00000167113"
1563,"enh12","ENSG00000129933"
1564,"enh1","ENSG00000105383"
1565,"enh5","ENSG00000135870"
1566,"enh3","ENSG00000170385"
1567,"enh8","ENSG00000101132"
1568,"enh9","ENSG00000115761"
1569,"enh14","ENSG00000129946"
1570,"enh3","ENSG00000067596"
1571,"enh12","ENSG00000099624"
1572,"enh14","ENSG00000115750"
1573,"enh13","ENSG00000051108"
1574,"enh3","ENSG00000148296"
1575,"enh3","ENSG00000136929"
1576,"enh6","ENSG00000136828"
1577,"enh3","ENSG00000101132"
1578,"enh13","ENSG00000030582"
1579,"enh8","ENSG00000174851"
1580,"enh4","ENSG00000119523"
1581,"enh13","ENSG00000185761"
1582,"enh1","ENSG00000175906"
1583,"enh1","ENSG00000071626"
1584,"enh1","ENSG00000147457"
1585,"enh2","ENSG00000180098"
1586,"enh1","ENSG00000126391"
1587,"enh7","ENSG00000120913"
1588,"enh10","ENSG00000185761"
1589,"enh11","ENSG00000106785"
1590,"enh7","ENSG00000125319"
1591,"enh14","ENSG00000148334"
1592,"enh10","ENSG00000141933"
1593,"enh11","ENSG00000160345"
1594,"enh1","ENSG00000004939"
1595,"enh11","ENSG00000180329"
1596,"enh14","ENSG00000118046"
1597,"enh9","ENSG00000171159"
1598,"enh10","ENSG00000062822"
1599,"enh5","ENSG00000106976"
1600,"enh12","ENSG00000160325"
1601,"enh14","ENSG00000108849"
1602,"enh11","ENSG00000174276"
1603,"enh5","ENSG00000196415"
1604,"enh5","ENSG00000136908"
1605,"enh10","ENSG00000136895"
1606,"enh11","ENSG00000130511"
1607,"enh13","ENSG00000118046"
1608,"enh12","ENSG00000185761"
1609,"enh8","ENSG00000136929"
1610,"enh11","ENSG00000064490"
1611,"enh1","ENSG00000133065"
1612,"enh5","ENSG00000160953"
1613,"enh10","ENSG00000100316"
1614,"enh12","ENSG00000069702"
1615,"enh4","ENSG00000160953"
1616,"enh2","ENSG00000071626"
1617,"enh6","ENSG00000030582"
1618,"enh3","ENSG00000108849"
1619,"enh13","ENSG00000102931"
1620,"enh7","ENSG00000069482"
1621,"enh6","ENSG00000136448"
1622,"enh9","ENSG00000175467"
1623,"enh4","ENSG00000134317"
1624,"enh11","ENSG00000064666"
1625,"enh2","ENSG00000088682"
1626,"enh11","ENSG00000087365"
1627,"enh14","ENSG00000172059"
1628,"enh14","ENSG00000148288"
1629,"enh13","ENSG00000105701"
1630,"enh5","ENSG00000213465"
1631,"enh11","ENSG00000174871"
1632,"enh13","ENSG00000099864"
1633,"enh5","ENSG00000115091"
1634,"enh1","ENSG00000117280"
1635,"enh6","ENSG00000221983"
1636,"enh5","ENSG00000168056"
1637,"enh13","ENSG00000167136"
1638,"enh3","ENSG00000161692"
1639,"enh7","ENSG00000099817"
1640,"enh6","ENSG00000099625"
1641,"enh1","ENSG00000126705"
1642,"enh9","ENSG00000165689"
1643,"enh5","ENSG00000254470"
1644,"enh2","ENSG00000141934"
1645,"enh7","ENSG00000136856"
1646,"enh4","ENSG00000143882"
1647,"enh14","ENSG00000144134"
1648,"enh11","ENSG00000175221"
1649,"enh3","ENSG00000152518"
1650,"enh3","ENSG00000099840"
1651,"enh11","ENSG00000196152"
1652,"enh12","ENSG00000136877"
1653,"enh9","ENSG00000142784"
1654,"enh13","ENSG00000254901"
1655,"enh7","ENSG00000136937"
1656,"enh1","ENSG00000175592"
1657,"enh10","ENSG00000115758"
1658,"enh12","ENSG00000165698"
1659,"enh10","ENSG00000104885"
1660,"enh3","ENSG00000104886"
1661,"enh14","ENSG00000071564"
1662,"enh5","ENSG00000089639"
1663,"enh12","ENSG00000213445"
1664,"enh1","ENSG00000102978"
1665,"enh9","ENSG00000160360"
1666,"enh14","ENSG00000104886"
1667,"enh1","ENSG00000167748"
1668,"enh4","ENSG00000196312"
1669,"enh10","ENSG00000068831"
1670,"enh4","ENSG00000167114"
1671,"enh2","ENSG00000119333"
1672,"enh4","ENSG00000119335"
1673,"enh1","ENSG00000204673"
1674,"enh3","ENSG00000106789"
1675,"enh12","ENSG00000104131"
1676,"enh5","ENSG00000173039"
1677,"enh14","ENSG00000122026"
1678,"enh6","ENSG00000117625"
1679,"enh4","ENSG00000135046"
1680,"enh2","ENSG00000051108"
1681,"enh9","ENSG00000105671"
1682,"enh11","ENSG00000065000"
1683,"enh9","ENSG00000064932"
1684,"enh1","ENSG00000117266"
1685,"enh6","ENSG00000140848"
1686,"enh14","ENSG00000160408"
1687,"enh7","ENSG00000014216"
1688,"enh12","ENSG00000131408"
1689,"enh10","ENSG00000123685"
1690,"enh7","ENSG00000117751"
1691,"enh1","ENSG00000182087"
1692,"enh8","ENSG00000165702"
1693,"enh7","ENSG00000174669"
1694,"enh8","ENSG00000149809"
1695,"enh14","ENSG00000136840"
1696,"enh1","ENSG00000091947"
1697,"enh6","ENSG00000176973"
1698,"enh9","ENSG00000186185"
1699,"enh14","ENSG00000213445"
1700,"enh7","ENSG00000099804"
1701,"enh12","ENSG00000130775"
1702,"enh14","ENSG00000129951"
1703,"enh6","ENSG00000069275"
1704,"enh6","ENSG00000138772"
1705,"enh9","ENSG00000181896"
1706,"enh3","ENSG00000147669"
1707,"enh10","ENSG00000197694"
1708,"enh7","ENSG00000138772"
1709,"enh12","ENSG00000130560"
1710,"enh8","ENSG00000167118"
1711,"enh6","ENSG00000173465"
1712,"enh8","ENSG00000066027"
1713,"enh14","ENSG00000213988"
1714,"enh6","ENSG00000115970"
1715,"enh4","ENSG00000204138"
1716,"enh12","ENSG00000011304"
1717,"enh6","ENSG00000008853"
1718,"enh3","ENSG00000174684"
1719,"enh9","ENSG00000136874"
1720,"enh4","ENSG00000254470"
1721,"enh11","ENSG00000175602"
1722,"enh12","ENSG00000103021"
1723,"enh6","ENSG00000148334"
1724,"enh10","ENSG00000213221"
1725,"enh10","ENSG00000067596"
1726,"enh5","ENSG00000175376"
1727,"enh8","ENSG00000186806"
1728,"enh3","ENSG00000102900"
1729,"enh11","ENSG00000087263"
1730,"enh11","ENSG00000180340"
1731,"enh8","ENSG00000105676"
1732,"enh7","ENSG00000167468"
1733,"enh14","ENSG00000162419"
1734,"enh1","ENSG00000133069"
1735,"enh13","ENSG00000169288"
1736,"enh14","ENSG00000152061"
1737,"enh2","ENSG00000099821"
1738,"enh3","ENSG00000172775"
1739,"enh3","ENSG00000136643"
1740,"enh3","ENSG00000134330"
1741,"enh7","ENSG00000119203"
1742,"enh13","ENSG00000105383"
1743,"enh5","ENSG00000167747"
1744,"enh14","ENSG00000069275"
1745,"enh2","ENSG00000213024"
1746,"enh9","ENSG00000161647"
1747,"enh11","ENSG00000151694"
1748,"enh13","ENSG00000161671"
1749,"enh1","ENSG00000196188"
1750,"enh10","ENSG00000173442"
1751,"enh4","ENSG00000067596"
1752,"enh9","ENSG00000107290"
1753,"enh13","ENSG00000119514"
1754,"enh1","ENSG00000167123"
1755,"enh4","ENSG00000152527"
1756,"enh6","ENSG00000167005"
1757,"enh2","ENSG00000105379"
1758,"enh14","ENSG00000158941"
1759,"enh13","ENSG00000168067"
1760,"enh4","ENSG00000136842"
1761,"enh14","ENSG00000108309"
1762,"enh12","ENSG00000117691"
1763,"enh12","ENSG00000167487"
1764,"enh12","ENSG00000005007"
1765,"enh4","ENSG00000005194"
1766,"enh13","ENSG00000107372"
1767,"enh7","ENSG00000160408"
1768,"enh11","ENSG00000051128"
1769,"enh5","ENSG00000099866"
1770,"enh10","ENSG00000174842"
1771,"enh13","ENSG00000174744"
1772,"enh10","ENSG00000129933"
1773,"enh2","ENSG00000175854"
1774,"enh4","ENSG00000175221"
1775,"enh8","ENSG00000168062"
1776,"enh2","ENSG00000101132"
1777,"enh4","ENSG00000117625"
1778,"enh14","ENSG00000175334"
1779,"enh2","ENSG00000119125"
1780,"enh1","ENSG00000197217"
1781,"enh8","ENSG00000069482"
1782,"enh10","ENSG00000105556"
1783,"enh5","ENSG00000105655"
1784,"enh3","ENSG00000115257"
1785,"enh12","ENSG00000064545"
1786,"enh8","ENSG00000136856"
1787,"enh2","ENSG00000149798"
1788,"enh8","ENSG00000115761"
1789,"enh6","ENSG00000105656"
1790,"enh8","ENSG00000039650"
1791,"enh13","ENSG00000123684"
1792,"enh11","ENSG00000064547"
1793,"enh10","ENSG00000070423"
1794,"enh9","ENSG00000163297"
1795,"enh14","ENSG00000122140"
1796,"enh14","ENSG00000125482"
1797,"enh3","ENSG00000165698"
1798,"enh5","ENSG00000184988"
1799,"enh12","ENSG00000065000"
1800,"enh5","ENSG00000115084"
1801,"enh2","ENSG00000108840"
1802,"enh9","ENSG00000088682"
1803,"enh13","ENSG00000116014"
1804,"enh5","ENSG00000065268"
1805,"enh13","ENSG00000153208"
1806,"enh12","ENSG00000148411"
1807,"enh12","ENSG00000119335"
1808,"enh3","ENSG00000158195"
1809,"enh8","ENSG00000133275"
1810,"enh10","ENSG00000153107"
1811,"enh12","ENSG00000099817"
1812,"enh9","ENSG00000064687"
1813,"enh9","ENSG00000136932"
1814,"enh3","ENSG00000082512"
1815,"enh2","ENSG00000180198"
1816,"enh5","ENSG00000120656"
1817,"enh8","ENSG00000160360"
1818,"enh3","ENSG00000105656"
1819,"enh12","ENSG00000099840"
1820,"enh7","ENSG00000170385"
1821,"enh4","ENSG00000149809"
1822,"enh2","ENSG00000116014"
1823,"enh1","ENSG00000149809"
1824,"enh12","ENSG00000165138"
1825,"enh14","ENSG00000165661"
1826,"enh3","ENSG00000174950"
1827,"enh6","ENSG00000175707"
1828,"enh3","ENSG00000105671"
1829,"enh3","ENSG00000162769"
1830,"enh3","ENSG00000136842"
1831,"enh10","ENSG00000254901"
1832,"enh7","ENSG00000241852"
1833,"enh4","ENSG00000162300"
1834,"enh5","ENSG00000142733"
1835,"enh4","ENSG00000167491"
1836,"enh5","ENSG00000174842"
1837,"enh6","ENSG00000149798"
1838,"enh8","ENSG00000175221"
1839,"enh8","ENSG00000127540"
1840,"enh8","ENSG00000161654"
1841,"enh1","ENSG00000116017"
1842,"enh3","ENSG00000174842"
1843,"enh9","ENSG00000135821"
1844,"enh5","ENSG00000256771"
1845,"enh1","ENSG00000160953"
1846,"enh11","ENSG00000173825"
1847,"enh8","ENSG00000172775"
1848,"enh1","ENSG00000197958"
1849,"enh9","ENSG00000005007"
1850,"enh9","ENSG00000167106"
1851,"enh2","ENSG00000105726"
1852,"enh11","ENSG00000099864"
1853,"enh8","ENSG00000181588"
1854,"enh7","ENSG00000171159"
1855,"enh14","ENSG00000197816"
1856,"enh12","ENSG00000010361"
1857,"enh8","ENSG00000115257"
1858,"enh12","ENSG00000186806"
1859,"enh13","ENSG00000105662"
1860,"enh7","ENSG00000117601"
1861,"enh10","ENSG00000174276"
1862,"enh12","ENSG00000169288"
1863,"enh10","ENSG00000009780"
1864,"enh4","ENSG00000126391"
1865,"enh2","ENSG00000162669"
1866,"enh7","ENSG00000171219"
1867,"enh13","ENSG00000104131"
1868,"enh8","ENSG00000188554"
1869,"enh7","ENSG00000148290"
1870,"enh9","ENSG00000070423"
1871,"enh4","ENSG00000167123"
1872,"enh9","ENSG00000184162"
1873,"enh3","ENSG00000135736"
1874,"enh12","ENSG00000175592"
1875,"enh4","ENSG00000172977"
1876,"enh7","ENSG00000011304"
1877,"enh7","ENSG00000099840"
1878,"enh2","ENSG00000108312"
1879,"enh8","ENSG00000138767"
1880,"enh3","ENSG00000160360"
1881,"enh3","ENSG00000197766"
1882,"enh5","ENSG00000165661"
1883,"enh11","ENSG00000197694"
1884,"enh5","ENSG00000105676"
1885,"enh4","ENSG00000180329"
1886,"enh3","ENSG00000149809"
1887,"enh6","ENSG00000148288"
1888,"enh10","ENSG00000130559"
1889,"enh12","ENSG00000175221"
1890,"enh9","ENSG00000143476"
1891,"enh3","ENSG00000159648"
1892,"enh7","ENSG00000051108"
1893,"enh4","ENSG00000140854"
1894,"enh12","ENSG00000148297"
1895,"enh10","ENSG00000106991"
1896,"enh13","ENSG00000126698"
1897,"enh12","ENSG00000148291"
1898,"enh8","ENSG00000213465"
1899,"enh8","ENSG00000162772"
1900,"enh13","ENSG00000168591"
1901,"enh8","ENSG00000104689"
1902,"enh10","ENSG00000198492"
1903,"enh12","ENSG00000169607"
1904,"enh11","ENSG00000067596"
1905,"enh8","ENSG00000051128"
1906,"enh11","ENSG00000171940"
1907,"enh3","ENSG00000079313"
1908,"enh4","ENSG00000198870"
1909,"enh14","ENSG00000172992"
1910,"enh4","ENSG00000142530"
1911,"enh6","ENSG00000065268"
1912,"enh7","ENSG00000006015"
1913,"enh14","ENSG00000134330"
1914,"enh7","ENSG00000213465"
1915,"enh14","ENSG00000125124"
1916,"enh14","ENSG00000104885"
1917,"enh3","ENSG00000099864"
1918,"enh12","ENSG00000174744"
1919,"enh8","ENSG00000167113"
1920,"enh9","ENSG00000168056"
1921,"enh7","ENSG00000088682"
1922,"enh5","ENSG00000142530"
1923,"enh2","ENSG00000198417"
1924,"enh4","ENSG00000108849"
1925,"enh10","ENSG00000136877"
1926,"enh1","ENSG00000165698"
1927,"enh9","ENSG00000136936"
1928,"enh10","ENSG00000161677"
1929,"enh2","ENSG00000213638"
1930,"enh10","ENSG00000091947"
1931,"enh13","ENSG00000136856"
1932,"enh5","ENSG00000254986"
1933,"enh9","ENSG00000197694"
1934,"enh14","ENSG00000142530"
1935,"enh2","ENSG00000105669"
1936,"enh8","ENSG00000196961"
1937,"enh8","ENSG00000165689"
1938,"enh1","ENSG00000051108"
1939,"enh5","ENSG00000136807"
1940,"enh3","ENSG00000153208"
1941,"enh8","ENSG00000186185"
1942,"enh6","ENSG00000213465"
1943,"enh10","ENSG00000144134"
1944,"enh13","ENSG00000108852"
1945,"enh10","ENSG00000104960"
1946,"enh12","ENSG00000134308"
1947,"enh6","ENSG00000014138"
1948,"enh9","ENSG00000167114"
1949,"enh12","ENSG00000174950"
1950,"enh11","ENSG00000102900"
1951,"enh8","ENSG00000106992"
1952,"enh6","ENSG00000153208"
1953,"enh6","ENSG00000151694"
1954,"enh4","ENSG00000064787"
1955,"enh13","ENSG00000160408"
1956,"enh7","ENSG00000005007"
1957,"enh13","ENSG00000144136"
1958,"enh2","ENSG00000125144"
1959,"enh6","ENSG00000167470"
1960,"enh4","ENSG00000174529"
1961,"enh11","ENSG00000187840"
1962,"enh14","ENSG00000167491"
1963,"enh14","ENSG00000136682"
1964,"enh9","ENSG00000143493"
1965,"enh8","ENSG00000148300"
1966,"enh9","ENSG00000136811"
1967,"enh13","ENSG00000130770"
1968,"enh4","ENSG00000126709"
1969,"enh6","ENSG00000071655"
1970,"enh1","ENSG00000107021"
1971,"enh4","ENSG00000136925"
1972,"enh4","ENSG00000130270"
1973,"enh10","ENSG00000141349"
1974,"enh8","ENSG00000136932"
1975,"enh11","ENSG00000148411"
1976,"enh1","ENSG00000144130"
1977,"enh12","ENSG00000071655"
1978,"enh5","ENSG00000198840"
1979,"enh4","ENSG00000148290"
1980,"enh14","ENSG00000134317"
1981,"enh3","ENSG00000148288"
1982,"enh10","ENSG00000136908"
1983,"enh2","ENSG00000131094"
1984,"enh4","ENSG00000117691"
1985,"enh7","ENSG00000125637"
1986,"enh4","ENSG00000099866"
1987,"enh10","ENSG00000138772"
1988,"enh9","ENSG00000106789"
1989,"enh13","ENSG00000165688"
1990,"enh7","ENSG00000159648"
1991,"enh8","ENSG00000104973"
1992,"enh2","ENSG00000123684"
1993,"enh4","ENSG00000152061"
1994,"enh11","ENSG00000213638"
1995,"enh3","ENSG00000158711"
1996,"enh5","ENSG00000175550"
1997,"enh1","ENSG00000066027"
1998,"enh6","ENSG00000105497"
1999,"enh2","ENSG00000198786"
2000,"enh11","ENSG00000175115"
2001,"enh11","ENSG00000125124"
2002,"enh5","ENSG00000134318"
2003,"enh4","ENSG00000125484"
2004,"enh4","ENSG00000169403"
2005,"enh5","ENSG00000160408"
2006,"enh12","ENSG00000117601"
2007,"enh9","ENSG00000130560"
2008,"enh13","ENSG00000173039"
2009,"enh11","ENSG00000131097"
2010,"enh13","ENSG00000221983"
2011,"enh9","ENSG00000136854"
2012,"enh6","ENSG00000068971"
2013,"enh6","ENSG00000068976"
2014,"enh13","ENSG00000117697"
2015,"enh4","ENSG00000136807"
2016,"enh7","ENSG00000064932"
2017,"enh12","ENSG00000141934"
2018,"enh3","ENSG00000120656"
2019,"enh11","ENSG00000134308"
2020,"enh1","ENSG00000147439"
2021,"enh6","ENSG00000107290"
2022,"enh7","ENSG00000105472"
2023,"enh5","ENSG00000160404"
2024,"enh5","ENSG00000167470"
2025,"enh1","ENSG00000156269"
2026,"enh1","ENSG00000130766"
2027,"enh1","ENSG00000008853"
2028,"enh2","ENSG00000175906"
2029,"enh2","ENSG00000184162"
2030,"enh4","ENSG00000068976"
2031,"enh7","ENSG00000160953"
2032,"enh3","ENSG00000120913"
2033,"enh11","ENSG00000188177"
2034,"enh2","ENSG00000090273"
2035,"enh7","ENSG00000181896"
2036,"enh13","ENSG00000203705"
2037,"enh7","ENSG00000136895"
2038,"enh14","ENSG00000160404"
2039,"enh3","ENSG00000148297"
2040,"enh14","ENSG00000143882"
2041,"enh5","ENSG00000204710"
2042,"enh6","ENSG00000197958"
2043,"enh3","ENSG00000181513"
2044,"enh7","ENSG00000180448"
2045,"enh6","ENSG00000182087"
2046,"enh12","ENSG00000204710"
2047,"enh5","ENSG00000196422"
2048,"enh1","ENSG00000065600"
2049,"enh2","ENSG00000148297"
2050,"enh5","ENSG00000174684"
2051,"enh9","ENSG00000068976"
2052,"enh10","ENSG00000173825"
2053,"enh9","ENSG00000105053"
2054,"enh1","ENSG00000125630"
2055,"enh13","ENSG00000143870"
2056,"enh12","ENSG00000129946"
2057,"enh5","ENSG00000167112"
2058,"enh5","ENSG00000104886"
2059,"enh3","ENSG00000134318"
2060,"enh3","ENSG00000118046"
2061,"enh7","ENSG00000064687"
2062,"enh13","ENSG00000087152"
2063,"enh8","ENSG00000174669"
2064,"enh13","ENSG00000105472"
2065,"enh7","ENSG00000155380"
2066,"enh12","ENSG00000117697"
2067,"enh6","ENSG00000174950"
2068,"enh6","ENSG00000148303"
2069,"enh10","ENSG00000181896"
2070,"enh4","ENSG00000120896"
2071,"enh6","ENSG00000160325"
2072,"enh8","ENSG00000107290"
2073,"enh2","ENSG00000120913"
2074,"enh2","ENSG00000167468"
2075,"enh9","ENSG00000198786"
2076,"enh6","ENSG00000087263"
2077,"enh12","ENSG00000172232"
2078,"enh4","ENSG00000142751"
2079,"enh10","ENSG00000136807"
2080,"enh6","ENSG00000156269"
2081,"enh3","ENSG00000152061"
2082,"enh12","ENSG00000133275"
2083,"enh14","ENSG00000228300"
2084,"enh5","ENSG00000165699"
2085,"enh8","ENSG00000253368"
2086,"enh1","ENSG00000136925"
2087,"enh5","ENSG00000051108"
2088,"enh14","ENSG00000115091"
2089,"enh3","ENSG00000130772"
2090,"enh11","ENSG00000108312"
2091,"enh8","ENSG00000095380"
2092,"enh3","ENSG00000130513"
2093,"enh6","ENSG00000168061"
2094,"enh5","ENSG00000143882"
2095,"enh9","ENSG00000126698"
2096,"enh10","ENSG00000099866"
2097,"enh1","ENSG00000070761"
2098,"enh7","ENSG00000069702"
2099,"enh5","ENSG00000100316"
2100,"enh1","ENSG00000186501"
2101,"enh14","ENSG00000173039"
2102,"enh10","ENSG00000162300"
2103,"enh8","ENSG00000125484"
2104,"enh4","ENSG00000106992"
2105,"enh9","ENSG00000196116"
2106,"enh1","ENSG00000180340"
2107,"enh13","ENSG00000169403"
2108,"enh12","ENSG00000142751"
2109,"enh6","ENSG00000160408"
2110,"enh5","ENSG00000148339"
2111,"enh8","ENSG00000196683"
2112,"enh1","ENSG00000107290"
2113,"enh2","ENSG00000173825"
2114,"enh13","ENSG00000175115"
2115,"enh7","ENSG00000160445"
2116,"enh11","ENSG00000117751"
2117,"enh1","ENSG00000089639"
2118,"enh14","ENSG00000130560"
2119,"enh14","ENSG00000136643"
2120,"enh12","ENSG00000185278"
2121,"enh1","ENSG00000134318"
2122,"enh11","ENSG00000185278"
2123,"enh2","ENSG00000064490"
2124,"enh7","ENSG00000104885"
2125,"enh1","ENSG00000182963"
2126,"enh6","ENSG00000119185"
2127,"enh2","ENSG00000172922"
2128,"enh7","ENSG00000158161"
2129,"enh3","ENSG00000115255"
2130,"enh10","ENSG00000196683"
2131,"enh3","ENSG00000133895"
2132,"enh3","ENSG00000253368"
2133,"enh2","ENSG00000204710"
2134,"enh7","ENSG00000262874"
2135,"enh2","ENSG00000118046"
2136,"enh13","ENSG00000172922"
2137,"enh7","ENSG00000188554"
2138,"enh2","ENSG00000186185"
2139,"enh2","ENSG00000125124"
2140,"enh3","ENSG00000161671"
2141,"enh7","ENSG00000130511"
2142,"enh2","ENSG00000134308"
2143,"enh1","ENSG00000133243"
2144,"enh12","ENSG00000197958"
2145,"enh13","ENSG00000006015"
2146,"enh2","ENSG00000064687"
2147,"enh4","ENSG00000174903"
2148,"enh2","ENSG00000142765"
2149,"enh1","ENSG00000130270"
2150,"enh6","ENSG00000204291"
2151,"enh9","ENSG00000079313"
2152,"enh11","ENSG00000173442"
2153,"enh5","ENSG00000006016"
2154,"enh13","ENSG00000105656"
2155,"enh14","ENSG00000160318"
2156,"enh3","ENSG00000175467"
2157,"enh11","ENSG00000161677"
2158,"enh4","ENSG00000136874"
2159,"enh10","ENSG00000126709"
2160,"enh13","ENSG00000172270"
2161,"enh2","ENSG00000138767"
2162,"enh9","ENSG00000087365"
2163,"enh9","ENSG00000152527"
2164,"enh14","ENSG00000162669"
2165,"enh6","ENSG00000161654"
2166,"enh5","ENSG00000156269"
2167,"enh5","ENSG00000213988"
2168,"enh6","ENSG00000160563"
2169,"enh12","ENSG00000172081"
2170,"enh9","ENSG00000114999"
2171,"enh6","ENSG00000163291"
2172,"enh6","ENSG00000254901"
2173,"enh12","ENSG00000106991"
2174,"enh14","ENSG00000076321"
2175,"enh11","ENSG00000119523"
2176,"enh8","ENSG00000141934"
2177,"enh10","ENSG00000122140"
2178,"enh6","ENSG00000175334"
2179,"enh11","ENSG00000130560"
2180,"enh12","ENSG00000108849"
2181,"enh12","ENSG00000165688"
2182,"enh13","ENSG00000130513"
2183,"enh10","ENSG00000064932"
2184,"enh1","ENSG00000197540"
2185,"enh5","ENSG00000130772"
2186,"enh12","ENSG00000167470"
2187,"enh8","ENSG00000196550"
2188,"enh10","ENSG00000064607"
2189,"enh10","ENSG00000125618"
2190,"enh7","ENSG00000175592"
2191,"enh3","ENSG00000105700"
2192,"enh9","ENSG00000009780"
2193,"enh7","ENSG00000168591"
2194,"enh14","ENSG00000117650"
2195,"enh10","ENSG00000136842"
2196,"enh12","ENSG00000148334"
2197,"enh10","ENSG00000167748"
2198,"enh8","ENSG00000168067"
2199,"enh13","ENSG00000171848"
2200,"enh1","ENSG00000119203"
2201,"enh13","ENSG00000174871"
2202,"enh10","ENSG00000175376"
2203,"enh5","ENSG00000172977"
2204,"enh1","ENSG00000160445"
2205,"enh4","ENSG00000160563"
2206,"enh4","ENSG00000130775"
2207,"enh1","ENSG00000087263"
2208,"enh5","ENSG00000160326"
2209,"enh8","ENSG00000140854"
2210,"enh13","ENSG00000115970"
2211,"enh13","ENSG00000186566"
2212,"enh9","ENSG00000160325"
2213,"enh14","ENSG00000169136"
2214,"enh5","ENSG00000160293"
2215,"enh7","ENSG00000144134"
2216,"enh14","ENSG00000116017"
2217,"enh6","ENSG00000162769"
2218,"enh12","ENSG00000133059"
2219,"enh1","ENSG00000204291"
2220,"enh3","ENSG00000173039"
2221,"enh9","ENSG00000105696"
2222,"enh4","ENSG00000148303"
2223,"enh5","ENSG00000160445"
2224,"enh4","ENSG00000162419"
2225,"enh7","ENSG00000102900"
2226,"enh12","ENSG00000119559"
2227,"enh4","ENSG00000105701"
2228,"enh8","ENSG00000126705"
2229,"enh1","ENSG00000104886"
2230,"enh7","ENSG00000119523"
2231,"enh11","ENSG00000204138"
2232,"enh2","ENSG00000148291"
2233,"enh1","ENSG00000095380"
2234,"enh12","ENSG00000173327"
2235,"enh2","ENSG00000125611"
2236,"enh5","ENSG00000136448"
2237,"enh10","ENSG00000105374"
2238,"enh6","ENSG00000162300"
2239,"enh9","ENSG00000115084"
2240,"enh6","ENSG00000173327"
2241,"enh8","ENSG00000107021"
2242,"enh2","ENSG00000158161"
2243,"enh8","ENSG00000130513"
2244,"enh6","ENSG00000174744"
2245,"enh6","ENSG00000203705"
2246,"enh4","ENSG00000161654"
2247,"enh12","ENSG00000106799"
2248,"enh14","ENSG00000171219"
2249,"enh7","ENSG00000169288"
2250,"enh7","ENSG00000064490"
2251,"enh9","ENSG00000181781"
2252,"enh5","ENSG00000110047"
2253,"enh1","ENSG00000171169"
2254,"enh1","ENSG00000115970"
2255,"enh3","ENSG00000181773"
2256,"enh7","ENSG00000168056"
2257,"enh6","ENSG00000169288"
2258,"enh11","ENSG00000069275"
2259,"enh11","ENSG00000149806"
2260,"enh2","ENSG00000010361"
2261,"enh5","ENSG00000115750"
2262,"enh12","ENSG00000131400"
2263,"enh1","ENSG00000123685"
2264,"enh5","ENSG00000110046"
2265,"enh12","ENSG00000180448"
2266,"enh7","ENSG00000168067"
2267,"enh4","ENSG00000125637"
2268,"enh2","ENSG00000198492"
2269,"enh1","ENSG00000159461"
2270,"enh14","ENSG00000147454"
2271,"enh2","ENSG00000174744"
2272,"enh13","ENSG00000065600"
2273,"enh6","ENSG00000172081"
2274,"enh2","ENSG00000254470"
2275,"enh11","ENSG00000104946"
2276,"enh9","ENSG00000125484"
2277,"enh4","ENSG00000196422"
2278,"enh3","ENSG00000119185"
2279,"enh13","ENSG00000126705"
2280,"enh6","ENSG00000204710"
2281,"enh2","ENSG00000106803"
2282,"enh9","ENSG00000136908"
2283,"enh3","ENSG00000105701"
2284,"enh8","ENSG00000070423"
2285,"enh3","ENSG00000102978"
2286,"enh8","ENSG00000010361"
2287,"enh1","ENSG00000197816"
2288,"enh13","ENSG00000196188"
2289,"enh8","ENSG00000119514"
2290,"enh9","ENSG00000106992"
2291,"enh7","ENSG00000115091"
2292,"enh7","ENSG00000143924"
2293,"enh5","ENSG00000204673"
2294,"enh9","ENSG00000065268"
2295,"enh5","ENSG00000186806"
2296,"enh14","ENSG00000119203"
2297,"enh12","ENSG00000091947"
2298,"enh8","ENSG00000119203"
2299,"enh5","ENSG00000108849"
2300,"enh4","ENSG00000162769"
2301,"enh8","ENSG00000105379"
2302,"enh7","ENSG00000129911"
2303,"enh10","ENSG00000181035"
2304,"enh2","ENSG00000117593"
2305,"enh3","ENSG00000071564"
2306,"enh7","ENSG00000106789"
2307,"enh1","ENSG00000125124"
2308,"enh13","ENSG00000181781"
2309,"enh10","ENSG00000254470"
2310,"enh9","ENSG00000196415"
2311,"enh10","ENSG00000171848"
2312,"enh11","ENSG00000174529"
2313,"enh8","ENSG00000136908"
2314,"enh7","ENSG00000196152"
2315,"enh1","ENSG00000158941"
2316,"enh13","ENSG00000188177"
2317,"enh7","ENSG00000174996"
2318,"enh1","ENSG00000167468"
2319,"enh2","ENSG00000188177"
2320,"enh12","ENSG00000166188"
2321,"enh9","ENSG00000161671"
2322,"enh11","ENSG00000198746"
2323,"enh11","ENSG00000152061"
2324,"enh3","ENSG00000125485"
2325,"enh6","ENSG00000014216"
2326,"enh1","ENSG00000106785"
2327,"enh9","ENSG00000144136"
2328,"enh8","ENSG00000117625"
2329,"enh9","ENSG00000165702"
2330,"enh12","ENSG00000131094"
2331,"enh10","ENSG00000079313"
2332,"enh4","ENSG00000104885"
2333,"enh3","ENSG00000117625"
2334,"enh13","ENSG00000168062"
2335,"enh1","ENSG00000148339"
2336,"enh7","ENSG00000117758"
2337,"enh8","ENSG00000172977"
2338,"enh4","ENSG00000129951"
2339,"enh13","ENSG00000186501"
2340,"enh8","ENSG00000148337"
2341,"enh10","ENSG00000167103"
2342,"enh14","ENSG00000104960"
2343,"enh9","ENSG00000156269"
2344,"enh11","ENSG00000175573"
2345,"enh2","ENSG00000149809"
2346,"enh14","ENSG00000162300"
2347,"enh8","ENSG00000126391"
2348,"enh5","ENSG00000104679"
2349,"enh8","ENSG00000131097"
2350,"enh11","ENSG00000238227"
2351,"enh3","ENSG00000105726"
2352,"enh3","ENSG00000148300"
2353,"enh9","ENSG00000119125"
2354,"enh7","ENSG00000107021"
2355,"enh12","ENSG00000117592"
2356,"enh2","ENSG00000091947"
2357,"enh11","ENSG00000198858"
2358,"enh6","ENSG00000010361"
2359,"enh8","ENSG00000117751"
2360,"enh11","ENSG00000106803"
2361,"enh9","ENSG00000250067"
2362,"enh6","ENSG00000180329"
2363,"enh7","ENSG00000130559"
2364,"enh5","ENSG00000105671"
2365,"enh4","ENSG00000117650"
2366,"enh2","ENSG00000172232"
2367,"enh14","ENSG00000172732"
2368,"enh5","ENSG00000130768"
2369,"enh3","ENSG00000187024"
2370,"enh3","ENSG00000064932"
2371,"enh1","ENSG00000131409"
2372,"enh7","ENSG00000169403"
2373,"enh14","ENSG00000175115"
2374,"enh11","ENSG00000172270"
2375,"enh14","ENSG00000169607"
2376,"enh6","ENSG00000117650"
2377,"enh8","ENSG00000160325"
2378,"enh4","ENSG00000174547"
2379,"enh13","ENSG00000148337"
2380,"enh9","ENSG00000068971"
2381,"enh7","ENSG00000089639"
2382,"enh4","ENSG00000119333"
2383,"enh9","ENSG00000105383"
2384,"enh6","ENSG00000136943"
2385,"enh6","ENSG00000136830"
2386,"enh1","ENSG00000131408"
2387,"enh13","ENSG00000108312"
2388,"enh14","ENSG00000107021"
2389,"enh3","ENSG00000131400"
2390,"enh7","ENSG00000105379"
2391,"enh3","ENSG00000180340"
2392,"enh12","ENSG00000162769"
2393,"enh12","ENSG00000167114"
2394,"enh8","ENSG00000117758"
2395,"enh9","ENSG00000006015"
2396,"enh2","ENSG00000138772"
2397,"enh7","ENSG00000119333"
2398,"enh14","ENSG00000099840"
2399,"enh5","ENSG00000175592"
2400,"enh12","ENSG00000009780"
2401,"enh5","ENSG00000167123"
2402,"enh8","ENSG00000117280"
2403,"enh10","ENSG00000099817"
2404,"enh7","ENSG00000186806"
2405,"enh4","ENSG00000006016"
2406,"enh8","ENSG00000159648"
2407,"enh6","ENSG00000142528"
2408,"enh8","ENSG00000198492"
2409,"enh1","ENSG00000057935"
2410,"enh14","ENSG00000151694"
2411,"enh4","ENSG00000090273"
2412,"enh7","ENSG00000106992"
2413,"enh9","ENSG00000162419"
2414,"enh4","ENSG00000165661"
2415,"enh6","ENSG00000235034"
2416,"enh14","ENSG00000148296"
2417,"enh9","ENSG00000167103"
2418,"enh7","ENSG00000148308"
2419,"enh4","ENSG00000172732"
2420,"enh3","ENSG00000168056"
2421,"enh8","ENSG00000174996"
2422,"enh2","ENSG00000133243"
2423,"enh12","ENSG00000108309"
2424,"enh11","ENSG00000142528"
2425,"enh2","ENSG00000160445"
2426,"enh11","ENSG00000110046"
2427,"enh9","ENSG00000108852"
2428,"enh3","ENSG00000148290"
2429,"enh8","ENSG00000188177"
2430,"enh2","ENSG00000213221"
2431,"enh2","ENSG00000117592"
2432,"enh3","ENSG00000174744"
2433,"enh1","ENSG00000148303"
2434,"enh12","ENSG00000187024"
2435,"enh2","ENSG00000165699"
2436,"enh10","ENSG00000223802"
2437,"enh9","ENSG00000162298"
2438,"enh1","ENSG00000198917"
2439,"enh4","ENSG00000136643"
2440,"enh4","ENSG00000102996"
2441,"enh3","ENSG00000172732"
2442,"enh1","ENSG00000173039"
2443,"enh3","ENSG00000119333"
2444,"enh8","ENSG00000119185"
2445,"enh2","ENSG00000130559"
2446,"enh10","ENSG00000116017"
2447,"enh5","ENSG00000161654"
2448,"enh3","ENSG00000185761"
2449,"enh9","ENSG00000135046"
2450,"enh8","ENSG00000159579"
2451,"enh12","ENSG00000146670"
2452,"enh10","ENSG00000115970"
2453,"enh8","ENSG00000129968"
2454,"enh1","ENSG00000262874"
2455,"enh10","ENSG00000161682"
2456,"enh3","ENSG00000117266"
2457,"enh3","ENSG00000149792"
2458,"enh8","ENSG00000064490"
2459,"enh3","ENSG00000009780"
2460,"enh6","ENSG00000180098"
2461,"enh3","ENSG00000160345"
2462,"enh10","ENSG00000142544"
2463,"enh11","ENSG00000125482"
2464,"enh2","ENSG00000223802"
2465,"enh14","ENSG00000103005"
2466,"enh6","ENSG00000115944"
2467,"enh11","ENSG00000160446"
2468,"enh2","ENSG00000114999"
2469,"enh5","ENSG00000136932"
2470,"enh3","ENSG00000138036"
2471,"enh11","ENSG00000130005"
2472,"enh12","ENSG00000119392"
2473,"enh8","ENSG00000105556"
2474,"enh2","ENSG00000107021"
2475,"enh4","ENSG00000105656"
2476,"enh8","ENSG00000136643"
2477,"enh3","ENSG00000238227"
2478,"enh5","ENSG00000106789"
2479,"enh10","ENSG00000148411"
2480,"enh3","ENSG00000254986"
2481,"enh2","ENSG00000129946"
2482,"enh2","ENSG00000099622"
2483,"enh10","ENSG00000106803"
2484,"enh13","ENSG00000196683"
2485,"enh13","ENSG00000136643"
2486,"enh12","ENSG00000197766"
2487,"enh12","ENSG00000143882"
2488,"enh8","ENSG00000097046"
2489,"enh14","ENSG00000196152"
2490,"enh8","ENSG00000167110"
2491,"enh4","ENSG00000175602"
2492,"enh2","ENSG00000172977"
2493,"enh9","ENSG00000126709"
2494,"enh12","ENSG00000090273"
2495,"enh13","ENSG00000062822"
2496,"enh6","ENSG00000174669"
2497,"enh13","ENSG00000115084"
2498,"enh3","ENSG00000117593"
2499,"enh4","ENSG00000149792"
2500,"enh4","ENSG00000130766"
2501,"enh6","ENSG00000160345"
2502,"enh5","ENSG00000104885"
2503,"enh12","ENSG00000160360"
2504,"enh6","ENSG00000120896"
2505,"enh13","ENSG00000068831"
2506,"enh12","ENSG00000122482"
2507,"enh12","ENSG00000108852"
2508,"enh3","ENSG00000136874"
2509,"enh13","ENSG00000117751"
2510,"enh7","ENSG00000160326"
2511,"enh12","ENSG00000099866"
2512,"enh8","ENSG00000102978"
2513,"enh9","ENSG00000117592"
2514,"enh11","ENSG00000167759"
2515,"enh6","ENSG00000167747"
2516,"enh8","ENSG00000176973"
2517,"enh1","ENSG00000175115"
2518,"enh10","ENSG00000004939"
2519,"enh2","ENSG00000087152"
2520,"enh4","ENSG00000148296"
2521,"enh5","ENSG00000102931"
2522,"enh10","ENSG00000167123"
2523,"enh10","ENSG00000182087"
2524,"enh9","ENSG00000172775"
2525,"enh14","ENSG00000149798"
2526,"enh9","ENSG00000204673"
2527,"enh2","ENSG00000186806"
2528,"enh13","ENSG00000148303"
2529,"enh12","ENSG00000175602"
2530,"enh5","ENSG00000115944"
2531,"enh3","ENSG00000131398"
2532,"enh14","ENSG00000133884"
2533,"enh11","ENSG00000136877"
2534,"enh9","ENSG00000174276"
2535,"enh11","ENSG00000010361"
2536,"enh8","ENSG00000143870"
2537,"enh5","ENSG00000119125"
2538,"enh4","ENSG00000105497"
2539,"enh12","ENSG00000162669"
2540,"enh9","ENSG00000064490"
2541,"enh9","ENSG00000223802"
2542,"enh9","ENSG00000105726"
2543,"enh4","ENSG00000051128"
2544,"enh5","ENSG00000108883"
2545,"enh5","ENSG00000175115"
2546,"enh10","ENSG00000135736"
2547,"enh7","ENSG00000126709"
2548,"enh8","ENSG00000099875"
2549,"enh13","ENSG00000171219"
2550,"enh10","ENSG00000013306"
2551,"enh9","ENSG00000197816"
2552,"enh11","ENSG00000117601"
2553,"enh2","ENSG00000148308"
2554,"enh2","ENSG00000160446"
2555,"enh8","ENSG00000161682"
2556,"enh1","ENSG00000005007"
2557,"enh6","ENSG00000099866"
2558,"enh6","ENSG00000105701"
2559,"enh13","ENSG00000105700"
2560,"enh4","ENSG00000105379"
2561,"enh9","ENSG00000131400"
2562,"enh1","ENSG00000162298"
2563,"enh7","ENSG00000186501"
2564,"enh9","ENSG00000115756"
2565,"enh5","ENSG00000165092"
2566,"enh6","ENSG00000172775"
2567,"enh8","ENSG00000181035"
2568,"enh3","ENSG00000140848"
2569,"enh1","ENSG00000006015"
2570,"enh2","ENSG00000177125"
2571,"enh11","ENSG00000144134"
2572,"enh13","ENSG00000064490"
2573,"enh11","ENSG00000173327"
2574,"enh2","ENSG00000148290"
2575,"enh12","ENSG00000182087"
2576,"enh9","ENSG00000165698"
2577,"enh5","ENSG00000158715"
2578,"enh7","ENSG00000144130"
2579,"enh5","ENSG00000162772"
2580,"enh14","ENSG00000065268"
2581,"enh13","ENSG00000174529"
2582,"enh14","ENSG00000176890"
2583,"enh8","ENSG00000180448"
2584,"enh6","ENSG00000169403"
2585,"enh7","ENSG00000030582"
2586,"enh12","ENSG00000165092"
2587,"enh11","ENSG00000133884"
2588,"enh4","ENSG00000166188"
2589,"enh6","ENSG00000130772"
2590,"enh4","ENSG00000175376"
2591,"enh1","ENSG00000134317"
2592,"enh3","ENSG00000173465"
2593,"enh12","ENSG00000120889"
2594,"enh14","ENSG00000079313"
2595,"enh4","ENSG00000142544"
2596,"enh1","ENSG00000188554"
2597,"enh2","ENSG00000171940"
2598,"enh1","ENSG00000136929"
2599,"enh7","ENSG00000099625"
2600,"enh4","ENSG00000160404"
2601,"enh6","ENSG00000197136"
2602,"enh2","ENSG00000160404"
2603,"enh2","ENSG00000064545"
2604,"enh6","ENSG00000105383"
2605,"enh11","ENSG00000105656"
2606,"enh8","ENSG00000184988"
2607,"enh4","ENSG00000115084"
2608,"enh12","ENSG00000163291"
2609,"enh9","ENSG00000185198"
2610,"enh4","ENSG00000148288"
2611,"enh7","ENSG00000076321"
2612,"enh5","ENSG00000168066"
2613,"enh7","ENSG00000167005"
2614,"enh6","ENSG00000066027"
2615,"enh9","ENSG00000105676"
2616,"enh1","ENSG00000160293"
2617,"enh3","ENSG00000108312"
2618,"enh8","ENSG00000136943"
2619,"enh4","ENSG00000187193"
2620,"enh9","ENSG00000107372"
2621,"enh4","ENSG00000168056"
2622,"enh6","ENSG00000141934"
2623,"enh11","ENSG00000158715"
2624,"enh6","ENSG00000134317"
2625,"enh2","ENSG00000158715"
2626,"enh5","ENSG00000140848"
2627,"enh11","ENSG00000122026"
2628,"enh12","ENSG00000148288"
2629,"enh2","ENSG00000134330"
2630,"enh2","ENSG00000197958"
2631,"enh8","ENSG00000172500"
2632,"enh7","ENSG00000117222"
2633,"enh8","ENSG00000254901"
2634,"enh8","ENSG00000163291"
2635,"enh8","ENSG00000171848"
2636,"enh5","ENSG00000173825"
2637,"enh13","ENSG00000130270"
2638,"enh6","ENSG00000122140"
2639,"enh12","ENSG00000181035"
2640,"enh11","ENSG00000148288"
2641,"enh10","ENSG00000169403"
2642,"enh1","ENSG00000099864"
2643,"enh9","ENSG00000051128"
2644,"enh1","ENSG00000173327"
2645,"enh10","ENSG00000105379"
2646,"enh1","ENSG00000160325"
2647,"enh5","ENSG00000180198"
2648,"enh1","ENSG00000070388"
2649,"enh14","ENSG00000119523"
2650,"enh5","ENSG00000136828"
2651,"enh2","ENSG00000005961"
2652,"enh12","ENSG00000142530"
2653,"enh11","ENSG00000090273"
2654,"enh12","ENSG00000105717"
2655,"enh3","ENSG00000051128"
2656,"enh12","ENSG00000095383"
2657,"enh11","ENSG00000142733"
2658,"enh14","ENSG00000105708"
2659,"enh10","ENSG00000138036"
2660,"enh9","ENSG00000148334"
2661,"enh2","ENSG00000110046"
2662,"enh13","ENSG00000110047"
2663,"enh12","ENSG00000180340"
2664,"enh4","ENSG00000198858"
2665,"enh6","ENSG00000254986"
2666,"enh2","ENSG00000174276"
2667,"enh14","ENSG00000105717"
2668,"enh11","ENSG00000162873"
2669,"enh14","ENSG00000213221"
2670,"enh7","ENSG00000165138"
2671,"enh7","ENSG00000172977"
2672,"enh5","ENSG00000068971"
2673,"enh8","ENSG00000140859"
2674,"enh8","ENSG00000108309"
2675,"enh3","ENSG00000099866"
2676,"enh5","ENSG00000117758"
2677,"enh10","ENSG00000105383"
2678,"enh13","ENSG00000175467"
2679,"enh14","ENSG00000064932"
2680,"enh7","ENSG00000133243"
2681,"enh11","ENSG00000107290"
2682,"enh1","ENSG00000108849"
2683,"enh8","ENSG00000135821"
2684,"enh2","ENSG00000136929"
2685,"enh13","ENSG00000099625"
2686,"enh9","ENSG00000149798"
2687,"enh7","ENSG00000148296"
2688,"enh14","ENSG00000104897"
2689,"enh1","ENSG00000099804"
2690,"enh3","ENSG00000203705"
2691,"enh4","ENSG00000105671"
2692,"enh2","ENSG00000148411"
2693,"enh2","ENSG00000125630"
2694,"enh1","ENSG00000120656"
2695,"enh8","ENSG00000105662"
2696,"enh7","ENSG00000250067"
2697,"enh12","ENSG00000136936"
2698,"enh1","ENSG00000174684"
2699,"enh7","ENSG00000172775"
2700,"enh7","ENSG00000120334"
2701,"enh3","ENSG00000186806"
2702,"enh13","ENSG00000070388"
2703,"enh4","ENSG00000099624"
2704,"enh4","ENSG00000188554"
2705,"enh3","ENSG00000065600"
2706,"enh10","ENSG00000175707"
2707,"enh8","ENSG00000198870"
2708,"enh8","ENSG00000172081"
2709,"enh5","ENSG00000115268"
2710,"enh12","ENSG00000105656"
2711,"enh12","ENSG00000065600"
2712,"enh3","ENSG00000169136"
2713,"enh1","ENSG00000173825"
2714,"enh5","ENSG00000171848"
2715,"enh4","ENSG00000182087"
2716,"enh11","ENSG00000174851"
2717,"enh6","ENSG00000117592"
2718,"enh9","ENSG00000140848"
2719,"enh4","ENSG00000148411"
2720,"enh1","ENSG00000125170"
2721,"enh11","ENSG00000172500"
2722,"enh13","ENSG00000178093"
2723,"enh5","ENSG00000102934"
2724,"enh11","ENSG00000181588"
2725,"enh3","ENSG00000006015"
2726,"enh3","ENSG00000181035"
2727,"enh11","ENSG00000167123"
2728,"enh8","ENSG00000181781"
2729,"enh5","ENSG00000115286"
2730,"enh9","ENSG00000158711"
2731,"enh5","ENSG00000105705"
2732,"enh4","ENSG00000117266"
2733,"enh11","ENSG00000174950"
2734,"enh11","ENSG00000167747"
2735,"enh9","ENSG00000160318"
2736,"enh5","ENSG00000167748"
2737,"enh13","ENSG00000009780"
2738,"enh4","ENSG00000131094"
2739,"enh14","ENSG00000103021"
2740,"enh6","ENSG00000167759"
2741,"enh11","ENSG00000163291"
2742,"enh12","ENSG00000148303"
2743,"enh6","ENSG00000253368"
2744,"enh4","ENSG00000142784"
2745,"enh5","ENSG00000120913"
2746,"enh12","ENSG00000136943"
2747,"enh4","ENSG00000095380"
2748,"enh11","ENSG00000136936"
2749,"enh4","ENSG00000213638"
2750,"enh10","ENSG00000134317"
2751,"enh9","ENSG00000196550"
2752,"enh7","ENSG00000167748"
2753,"enh13","ENSG00000149798"
2754,"enh1","ENSG00000070423"
2755,"enh4","ENSG00000203705"
2756,"enh1","ENSG00000082512"
2757,"enh14","ENSG00000131094"
2758,"enh7","ENSG00000156269"
2759,"enh7","ENSG00000165684"
2760,"enh1","ENSG00000079313"
2761,"enh14","ENSG00000148290"
2762,"enh12","ENSG00000136643"
2763,"enh1","ENSG00000065268"
2764,"enh5","ENSG00000138772"
2765,"enh2","ENSG00000169136"
2766,"enh3","ENSG00000161714"
2767,"enh8","ENSG00000203705"
2768,"enh1","ENSG00000167118"
2769,"enh3","ENSG00000174669"
2770,"enh2","ENSG00000165138"
2771,"enh1","ENSG00000144134"
2772,"enh13","ENSG00000125611"
2773,"enh6","ENSG00000138036"
2774,"enh12","ENSG00000169136"
2775,"enh3","ENSG00000102934"
2776,"enh1","ENSG00000142751"
2777,"enh7","ENSG00000107290"
2778,"enh2","ENSG00000097046"
2779,"enh14","ENSG00000148303"
2780,"enh2","ENSG00000153107"
2781,"enh8","ENSG00000091947"
2782,"enh5","ENSG00000181896"
2783,"enh7","ENSG00000152061"
2784,"enh3","ENSG00000160325"
2785,"enh8","ENSG00000065600"
2786,"enh3","ENSG00000129946"
2787,"enh6","ENSG00000196152"
2788,"enh14","ENSG00000090020"
2789,"enh13","ENSG00000165702"
2790,"enh11","ENSG00000129946"
2791,"enh11","ENSG00000155380"
2792,"enh5","ENSG00000172081"
2793,"enh3","ENSG00000162419"
2794,"enh11","ENSG00000161692"
2795,"enh8","ENSG00000148291"
2796,"enh7","ENSG00000165698"
2797,"enh12","ENSG00000152518"
2798,"enh1","ENSG00000105671"
2799,"enh5","ENSG00000122482"
2800,"enh8","ENSG00000197816"
2801,"enh9","ENSG00000134318"
2802,"enh9","ENSG00000133059"
2803,"enh2","ENSG00000204673"
2804,"enh5","ENSG00000174547"
2805,"enh14","ENSG00000087365"
2806,"enh11","ENSG00000196415"
2807,"enh6","ENSG00000005961"
2808,"enh2","ENSG00000008853"
2809,"enh10","ENSG00000160447"
2810,"enh14","ENSG00000152527"
2811,"enh5","ENSG00000090020"
2812,"enh1","ENSG00000189195"
2813,"enh14","ENSG00000064666"
2814,"enh11","ENSG00000136854"
2815,"enh12","ENSG00000204291"
2816,"enh12","ENSG00000175467"
2817,"enh12","ENSG00000253368"
2818,"enh14","ENSG00000213465"
2819,"enh7","ENSG00000115750"
2820,"enh3","ENSG00000142765"
2821,"enh14","ENSG00000185278"
2822,"enh9","ENSG00000180098"
2823,"enh11","ENSG00000172757"
2824,"enh9","ENSG00000125485"
2825,"enh13","ENSG00000107290"
2826,"enh10","ENSG00000174744"
2827,"enh6","ENSG00000181035"
2828,"enh2","ENSG00000168061"
2829,"enh14","ENSG00000180198"
2830,"enh11","ENSG00000102931"
2831,"enh4","ENSG00000014138"
2832,"enh9","ENSG00000181773"
2833,"enh1","ENSG00000161714"
2834,"enh13","ENSG00000117266"
2835,"enh1","ENSG00000006016"
2836,"enh1","ENSG00000105700"
2837,"enh1","ENSG00000117593"
2838,"enh11","ENSG00000143924"
2839,"enh10","ENSG00000167112"
2840,"enh7","ENSG00000136854"
2841,"enh5","ENSG00000117266"
2842,"enh8","ENSG00000165684"
2843,"enh2","ENSG00000115268"
2844,"enh4","ENSG00000197766"
2845,"enh2","ENSG00000148248"
2846,"enh6","ENSG00000167487"
2847,"enh7","ENSG00000122482"
2848,"enh2","ENSG00000167118"
2849,"enh2","ENSG00000130511"
2850,"enh12","ENSG00000213988"
2851,"enh10","ENSG00000172500"
2852,"enh9","ENSG00000197766"
2853,"enh7","ENSG00000136908"
2854,"enh7","ENSG00000196961"
2855,"enh9","ENSG00000180329"
2856,"enh8","ENSG00000196116"
2857,"enh13","ENSG00000005007"
2858,"enh13","ENSG00000167118"
2859,"enh7","ENSG00000160446"
2860,"enh3","ENSG00000125482"
2861,"enh6","ENSG00000117691"
2862,"enh13","ENSG00000159579"
2863,"enh6","ENSG00000105374"
2864,"enh9","ENSG00000171219"
2865,"enh2","ENSG00000160318"
2866,"enh8","ENSG00000198746"
2867,"enh11","ENSG00000133275"
2868,"enh4","ENSG00000144134"
2869,"enh12","ENSG00000006016"
2870,"enh10","ENSG00000162873"
2871,"enh8","ENSG00000204710"
2872,"enh2","ENSG00000169288"
2873,"enh11","ENSG00000006015"
2874,"enh6","ENSG00000160161"
2875,"enh8","ENSG00000119125"
2876,"enh8","ENSG00000136811"
2877,"enh9","ENSG00000174669"
2878,"enh2","ENSG00000126391"
2879,"enh7","ENSG00000172059"
2880,"enh12","ENSG00000102931"
2881,"enh3","ENSG00000010361"
2882,"enh14","ENSG00000174996"
2883,"enh8","ENSG00000162669"
2884,"enh10","ENSG00000119203"
2885,"enh7","ENSG00000160293"
2886,"enh11","ENSG00000196961"
2887,"enh5","ENSG00000198786"
2888,"enh9","ENSG00000131097"
2889,"enh13","ENSG00000174606"
2890,"enh7","ENSG00000014138"
2891,"enh1","ENSG00000126698"
2892,"enh2","ENSG00000106799"
2893,"enh10","ENSG00000117222"
2894,"enh1","ENSG00000115255"
2895,"enh1","ENSG00000105705"
2896,"enh8","ENSG00000141933"
2897,"enh11","ENSG00000126698"
2898,"enh9","ENSG00000160953"
2899,"enh12","ENSG00000136811"
2900,"enh7","ENSG00000108861"
2901,"enh7","ENSG00000254986"
2902,"enh1","ENSG00000160404"
2903,"enh2","ENSG00000160953"
2904,"enh12","ENSG00000099864"
2905,"enh13","ENSG00000105053"
2906,"enh7","ENSG00000120656"
2907,"enh2","ENSG00000066027"
2908,"enh14","ENSG00000171940"
2909,"enh13","ENSG00000171169"
2910,"enh1","ENSG00000184988"
2911,"enh1","ENSG00000175602"
2912,"enh3","ENSG00000161654"
2913,"enh11","ENSG00000153208"
2914,"enh3","ENSG00000167491"
2915,"enh6","ENSG00000064787"
2916,"enh11","ENSG00000254986"
2917,"enh12","ENSG00000136929"
2918,"enh6","ENSG00000125170"
2919,"enh13","ENSG00000183831"
2920,"enh2","ENSG00000057935"
2921,"enh2","ENSG00000130560"
2922,"enh14","ENSG00000125611"
2923,"enh8","ENSG00000125144"
2924,"enh9","ENSG00000005961"
2925,"enh11","ENSG00000135736"
2926,"enh12","ENSG00000136830"
2927,"enh9","ENSG00000102931"
2928,"enh2","ENSG00000130768"
2929,"enh6","ENSG00000198840"
2930,"enh6","ENSG00000104689"
2931,"enh6","ENSG00000174851"
2932,"enh13","ENSG00000165092"
2933,"enh9","ENSG00000125611"
2934,"enh4","ENSG00000160445"
2935,"enh4","ENSG00000159648"
2936,"enh3","ENSG00000069275"
2937,"enh13","ENSG00000254470"
2938,"enh14","ENSG00000125637"
2939,"enh14","ENSG00000173442"
2940,"enh4","ENSG00000115970"
2941,"enh8","ENSG00000104885"
2942,"enh7","ENSG00000172270"
2943,"enh3","ENSG00000105676"
2944,"enh5","ENSG00000136936"
2945,"enh9","ENSG00000117691"
2946,"enh2","ENSG00000117697"
2947,"enh4","ENSG00000140859"
2948,"enh13","ENSG00000097046"
2949,"enh8","ENSG00000151694"
2950,"enh11","ENSG00000165689"
2951,"enh1","ENSG00000173442"
2952,"enh4","ENSG00000133895"
2953,"enh14","ENSG00000160445"
2954,"enh13","ENSG00000198858"
2955,"enh9","ENSG00000148248"
2956,"enh10","ENSG00000262874"
2957,"enh2","ENSG00000175376"
2958,"enh14","ENSG00000196550"
2959,"enh1","ENSG00000105497"
2960,"enh11","ENSG00000070423"
2961,"enh9","ENSG00000203705"
2962,"enh9","ENSG00000135736"
2963,"enh2","ENSG00000144161"
2964,"enh14","ENSG00000174547"
2965,"enh3","ENSG00000102996"
2966,"enh11","ENSG00000171169"
2967,"enh12","ENSG00000197694"
2968,"enh1","ENSG00000103005"
2969,"enh6","ENSG00000169607"
2970,"enh4","ENSG00000174606"
2971,"enh9","ENSG00000117697"
2972,"enh5","ENSG00000174950"
2973,"enh5","ENSG00000148291"
2974,"enh6","ENSG00000173039"
2975,"enh7","ENSG00000168062"
2976,"enh10","ENSG00000126698"
2977,"enh5","ENSG00000162873"
2978,"enh9","ENSG00000064547"
2979,"enh1","ENSG00000136874"
2980,"enh5","ENSG00000130770"
2981,"enh1","ENSG00000173465"
2982,"enh4","ENSG00000104131"
2983,"enh2","ENSG00000136840"
2984,"enh6","ENSG00000168062"
2985,"enh9","ENSG00000136828"
2986,"enh12","ENSG00000064607"
2987,"enh7","ENSG00000106799"
2988,"enh5","ENSG00000177125"
2989,"enh5","ENSG00000148337"
2990,"enh13","ENSG00000129911"
2991,"enh5","ENSG00000172757"
2992,"enh2","ENSG00000122140"
2993,"enh6","ENSG00000133243"
2994,"enh9","ENSG00000133243"
2995,"enh10","ENSG00000165092"
2996,"enh2","ENSG00000117222"
2997,"enh10","ENSG00000117751"
2998,"enh13","ENSG00000136938"
2999,"enh5","ENSG00000165684"
3000,"enh14","ENSG00000108852"
3001,"enh5","ENSG00000006015"
3002,"enh10","ENSG00000005194"
3003,"enh14","ENSG00000158711"
3004,"enh4","ENSG00000185761"
3005,"enh8","ENSG00000065268"
3006,"enh11","ENSG00000099625"
3007,"enh3","ENSG00000131094"
3008,"enh4","ENSG00000105705"
3009,"enh14","ENSG00000171848"
3010,"enh10","ENSG00000174516"
3011,"enh6","ENSG00000196422"
3012,"enh12","ENSG00000106789"
3013,"enh12","ENSG00000108861"
3014,"enh4","ENSG00000160408"
3015,"enh11","ENSG00000167136"
3016,"enh4","ENSG00000119559"
3017,"enh3","ENSG00000148291"
3018,"enh8","ENSG00000105726"
3019,"enh9","ENSG00000102934"
3020,"enh14","ENSG00000172757"
3021,"enh10","ENSG00000168062"
3022,"enh3","ENSG00000142733"
3023,"enh12","ENSG00000167118"
3024,"enh5","ENSG00000165138"
3025,"enh14","ENSG00000148300"
3026,"enh13","ENSG00000106789"
3027,"enh7","ENSG00000174842"
3028,"enh11","ENSG00000136908"
3029,"enh13","ENSG00000143493"
3030,"enh2","ENSG00000250067"
3031,"enh7","ENSG00000141934"
3032,"enh14","ENSG00000108861"
3033,"enh1","ENSG00000171940"
3034,"enh3","ENSG00000141933"
3035,"enh10","ENSG00000136932"
3036,"enh7","ENSG00000099866"
3037,"enh7","ENSG00000013306"
3038,"enh7","ENSG00000149809"
3039,"enh3","ENSG00000168066"
3040,"enh14","ENSG00000126391"
3041,"enh12","ENSG00000117758"
3042,"enh13","ENSG00000108840"
3043,"enh6","ENSG00000188177"
3044,"enh9","ENSG00000103005"
3045,"enh10","ENSG00000115091"
3046,"enh14","ENSG00000185198"
3047,"enh13","ENSG00000176890"
3048,"enh8","ENSG00000117650"
3049,"enh13","ENSG00000185278"
3050,"enh2","ENSG00000152518"
3051,"enh7","ENSG00000151694"
3052,"enh13","ENSG00000070770"
3053,"enh12","ENSG00000148300"
3054,"enh6","ENSG00000130775"
3055,"enh10","ENSG00000160345"
3056,"enh7","ENSG00000184988"
3057,"enh3","ENSG00000135870"
3058,"enh13","ENSG00000136925"
3059,"enh12","ENSG00000071626"
3060,"enh12","ENSG00000095380"
3061,"enh11","ENSG00000097046"
3062,"enh1","ENSG00000162976"
3063,"enh14","ENSG00000227500"
3064,"enh3","ENSG00000165699"
3065,"enh8","ENSG00000183831"
3066,"enh3","ENSG00000160563"
3067,"enh2","ENSG00000254901"
3068,"enh8","ENSG00000142784"
3069,"enh8","ENSG00000006015"
3070,"enh4","ENSG00000108309"
3071,"enh4","ENSG00000105053"
3072,"enh8","ENSG00000198858"
3073,"enh3","ENSG00000129968"
3074,"enh10","ENSG00000105472"
3075,"enh14","ENSG00000099821"
3076,"enh4","ENSG00000173465"
3077,"enh7","ENSG00000148339"
3078,"enh13","ENSG00000187193"
3079,"enh10","ENSG00000064666"
3080,"enh7","ENSG00000129951"
3081,"enh13","ENSG00000197694"
3082,"enh11","ENSG00000198492"
3083,"enh11","ENSG00000162241"
3084,"enh8","ENSG00000180340"
3085,"enh10","ENSG00000069275"
3086,"enh11","ENSG00000105676"
3087,"enh2","ENSG00000122482"
3088,"enh1","ENSG00000141934"
3089,"enh8","ENSG00000051108"
3090,"enh4","ENSG00000136943"
3091,"enh4","ENSG00000167112"
3092,"enh4","ENSG00000167470"
3093,"enh6","ENSG00000181896"
3094,"enh10","ENSG00000158195"
3095,"enh2","ENSG00000167759"
3096,"enh11","ENSG00000125618"
3097,"enh6","ENSG00000172922"
3098,"enh11","ENSG00000175906"
3099,"enh2","ENSG00000136925"
3100,"enh6","ENSG00000064607"
3101,"enh5","ENSG00000065600"
3102,"enh12","ENSG00000140848"
3103,"enh1","ENSG00000196422"
3104,"enh12","ENSG00000136807"
3105,"enh9","ENSG00000213024"
3106,"enh9","ENSG00000204291"
3107,"enh9","ENSG00000160293"
3108,"enh5","ENSG00000106991"
3109,"enh12","ENSG00000180198"
3110,"enh5","ENSG00000135821"
3111,"enh9","ENSG00000102900"
3112,"enh2","ENSG00000151694"
3113,"enh6","ENSG00000105472"
3114,"enh2","ENSG00000196312"
3115,"enh8","ENSG00000076321"
3116,"enh5","ENSG00000123684"
3117,"enh7","ENSG00000172081"
3118,"enh9","ENSG00000162878"
3119,"enh1","ENSG00000172775"
3120,"enh9","ENSG00000149792"
3121,"enh12","ENSG00000148337"
3122,"enh7","ENSG00000165092"
3123,"enh6","ENSG00000204138"
3124,"enh1","ENSG00000254470"
3125,"enh13","ENSG00000196550"
3126,"enh10","ENSG00000131409"
3127,"enh5","ENSG00000175294"
3128,"enh8","ENSG00000136938"
3129,"enh3","ENSG00000167113"
3130,"enh11","ENSG00000119514"
3131,"enh11","ENSG00000099624"
3132,"enh2","ENSG00000147454"
3133,"enh9","ENSG00000181035"
3134,"enh6","ENSG00000095383"
3135,"enh11","ENSG00000108883"
3136,"enh12","ENSG00000181513"
3137,"enh6","ENSG00000130766"
3138,"enh6","ENSG00000070404"
3139,"enh14","ENSG00000105671"
3140,"enh10","ENSG00000130770"
3141,"enh7","ENSG00000119335"
3142,"enh6","ENSG00000174684"
3143,"enh10","ENSG00000108312"
3144,"enh7","ENSG00000051128"
3145,"enh10","ENSG00000147669"
3146,"enh9","ENSG00000162873"
3147,"enh12","ENSG00000102900"
3148,"enh5","ENSG00000105656"
3149,"enh1","ENSG00000254901"
3150,"enh14","ENSG00000117758"
3151,"enh5","ENSG00000064545"
3152,"enh14","ENSG00000117625"
3153,"enh13","ENSG00000167114"
3154,"enh12","ENSG00000160161"
3155,"enh6","ENSG00000064932"
3156,"enh13","ENSG00000149806"
3157,"enh7","ENSG00000254901"
3158,"enh11","ENSG00000149809"
3159,"enh2","ENSG00000104886"
3160,"enh6","ENSG00000136877"
3161,"enh2","ENSG00000175550"
3162,"enh2","ENSG00000030582"
3163,"enh4","ENSG00000167748"
3164,"enh9","ENSG00000130766"
3165,"enh2","ENSG00000152061"
3166,"enh6","ENSG00000165689"
3167,"enh3","ENSG00000104679"
3168,"enh8","ENSG00000104886"
3169,"enh5","ENSG00000106803"
3170,"enh14","ENSG00000169288"
3171,"enh11","ENSG00000143870"
3172,"enh8","ENSG00000180329"
3173,"enh5","ENSG00000123685"
3174,"enh2","ENSG00000120656"
3175,"enh11","ENSG00000104886"
3176,"enh5","ENSG00000161682"
3177,"enh1","ENSG00000171848"
3178,"enh2","ENSG00000172775"
3179,"enh11","ENSG00000115084"
3180,"enh11","ENSG00000030582"
3181,"enh13","ENSG00000142544"
3182,"enh8","ENSG00000105472"
3183,"enh11","ENSG00000131409"
3184,"enh12","ENSG00000152061"
3185,"enh11","ENSG00000172059"
3186,"enh9","ENSG00000159648"
3187,"enh6","ENSG00000142751"
3188,"enh8","ENSG00000118046"
3189,"enh6","ENSG00000089639"
3190,"enh9","ENSG00000129951"
3191,"enh4","ENSG00000160345"
3192,"enh5","ENSG00000182087"
3193,"enh3","ENSG00000198417"
3194,"enh3","ENSG00000130270"
3195,"enh6","ENSG00000188554"
3196,"enh12","ENSG00000158941"
3197,"enh5","ENSG00000148411"
3198,"enh14","ENSG00000174851"
3199,"enh4","ENSG00000105708"
3200,"enh8","ENSG00000133884"
3201,"enh12","ENSG00000099821"
3202,"enh10","ENSG00000241852"
3203,"enh2","ENSG00000129968"
3204,"enh4","ENSG00000133065"
3205,"enh3","ENSG00000105717"
3206,"enh10","ENSG00000175906"
3207,"enh4","ENSG00000103021"
3208,"enh11","ENSG00000144161"
3209,"enh4","ENSG00000120334"
3210,"enh1","ENSG00000256771"
3211,"enh11","ENSG00000126391"
3212,"enh6","ENSG00000057935"
3213,"enh5","ENSG00000136840"
3214,"enh1","ENSG00000187840"
3215,"enh6","ENSG00000105053"
3216,"enh4","ENSG00000163297"
3217,"enh7","ENSG00000133275"
3218,"enh1","ENSG00000169607"
3219,"enh5","ENSG00000117751"
3220,"enh12","ENSG00000160563"
3221,"enh1","ENSG00000039650"
3222,"enh5","ENSG00000136938"
3223,"enh14","ENSG00000160326"
3224,"enh13","ENSG00000177125"
3225,"enh7","ENSG00000163291"
3226,"enh7","ENSG00000196422"
3227,"enh12","ENSG00000197136"
3228,"enh12","ENSG00000227500"
3229,"enh4","ENSG00000198417"
3230,"enh13","ENSG00000068971"
3231,"enh6","ENSG00000187193"
3232,"enh11","ENSG00000196683"
3233,"enh1","ENSG00000105556"
3234,"enh1","ENSG00000012048"
3235,"enh14","ENSG00000115084"
3236,"enh3","ENSG00000196188"
3237,"enh12","ENSG00000148308"
3238,"enh6","ENSG00000167136"
3239,"enh4","ENSG00000133884"
3240,"enh5","ENSG00000057935"
3241,"enh6","ENSG00000167110"
3242,"enh6","ENSG00000142544"
3243,"enh4","ENSG00000064666"
3244,"enh7","ENSG00000122140"
3245,"enh5","ENSG00000204138"
3246,"enh6","ENSG00000125618"
3247,"enh9","ENSG00000103021"
3248,"enh6","ENSG00000138767"
3249,"enh9","ENSG00000167759"
3250,"enh9","ENSG00000189195"
3251,"enh9","ENSG00000125170"
3252,"enh7","ENSG00000196116"
3253,"enh2","ENSG00000186010"
3254,"enh1","ENSG00000167491"
3255,"enh10","ENSG00000099622"
3256,"enh5","ENSG00000174871"
3257,"enh4","ENSG00000174950"
3258,"enh3","ENSG00000175294"
3259,"enh11","ENSG00000186185"
3260,"enh11","ENSG00000184988"
3261,"enh13","ENSG00000144134"
3262,"enh7","ENSG00000133065"
3263,"enh13","ENSG00000254986"
3264,"enh13","ENSG00000165684"
3265,"enh6","ENSG00000136854"
3266,"enh10","ENSG00000117592"
3267,"enh1","ENSG00000149798"
3268,"enh1","ENSG00000165661"
3269,"enh9","ENSG00000122140"
3270,"enh10","ENSG00000175592"
3271,"enh10","ENSG00000250067"
3272,"enh9","ENSG00000175376"
3273,"enh8","ENSG00000171159"
3274,"enh14","ENSG00000155380"
3275,"enh1","ENSG00000167103"
3276,"enh8","ENSG00000134308"
3277,"enh1","ENSG00000100316"
3278,"enh8","ENSG00000146670"
3279,"enh5","ENSG00000010361"
3280,"enh2","ENSG00000148334"
3281,"enh10","ENSG00000186185"
3282,"enh13","ENSG00000196422"
3283,"enh4","ENSG00000106991"
3284,"enh7","ENSG00000108840"
3285,"enh5","ENSG00000143870"
3286,"enh2","ENSG00000142751"
3287,"enh11","ENSG00000141349"
3288,"enh2","ENSG00000064932"
3289,"enh1","ENSG00000099624"
3290,"enh9","ENSG00000174950"
3291,"enh11","ENSG00000140854"
3292,"enh6","ENSG00000105379"
3293,"enh5","ENSG00000168062"
3294,"enh3","ENSG00000186185"
3295,"enh13","ENSG00000105374"
3296,"enh2","ENSG00000110047"
3297,"enh2","ENSG00000133884"
3298,"enh5","ENSG00000131094"
3299,"enh2","ENSG00000105472"
3300,"enh14","ENSG00000142528"
3301,"enh2","ENSG00000165092"
3302,"enh13","ENSG00000104689"
3303,"enh9","ENSG00000136943"
3304,"enh12","ENSG00000129951"
3305,"enh7","ENSG00000117650"
3306,"enh11","ENSG00000149798"
3307,"enh5","ENSG00000180098"
3308,"enh7","ENSG00000148248"
3309,"enh13","ENSG00000160953"
3310,"enh3","ENSG00000108852"
3311,"enh1","ENSG00000165138"
3312,"enh7","ENSG00000169607"
3313,"enh1","ENSG00000105662"
3314,"enh9","ENSG00000130511"
3315,"enh4","ENSG00000177125"
3316,"enh10","ENSG00000105676"
3317,"enh7","ENSG00000105676"
3318,"enh1","ENSG00000135046"
3319,"enh5","ENSG00000143924"
3320,"enh6","ENSG00000114999"
3321,"enh1","ENSG00000204138"
3322,"enh10","ENSG00000069702"
3323,"enh7","ENSG00000134308"
3324,"enh14","ENSG00000105497"
3325,"enh13","ENSG00000115756"
3326,"enh5","ENSG00000068976"
3327,"enh11","ENSG00000105662"
3328,"enh1","ENSG00000136932"
3329,"enh13","ENSG00000197766"
3330,"enh14","ENSG00000069702"
3331,"enh4","ENSG00000122482"
3332,"enh3","ENSG00000142784"
3333,"enh1","ENSG00000099625"
3334,"enh8","ENSG00000131094"
3335,"enh9","ENSG00000087152"
3336,"enh11","ENSG00000188554"
3337,"enh9","ENSG00000115268"
3338,"enh7","ENSG00000167491"
3339,"enh5","ENSG00000169136"
3340,"enh10","ENSG00000172232"
3341,"enh14","ENSG00000136877"
3342,"enh8","ENSG00000130768"
3343,"enh12","ENSG00000135736"
3344,"enh9","ENSG00000204710"
3345,"enh6","ENSG00000117751"
3346,"enh5","ENSG00000070388"
3347,"enh8","ENSG00000213024"
3348,"enh1","ENSG00000117592"
3349,"enh5","ENSG00000262874"
3350,"enh7","ENSG00000102931"
3351,"enh8","ENSG00000117266"
3352,"enh4","ENSG00000125485"
3353,"enh3","ENSG00000172270"
3354,"enh3","ENSG00000130770"
3355,"enh10","ENSG00000175573"
3356,"enh1","ENSG00000174842"
3357,"enh9","ENSG00000117280"
3358,"enh12","ENSG00000159648"
3359,"enh5","ENSG00000009780"
3360,"enh9","ENSG00000104689"
3361,"enh14","ENSG00000174276"
3362,"enh6","ENSG00000262874"
3363,"enh14","ENSG00000254470"
3364,"enh10","ENSG00000149809"
3365,"enh10","ENSG00000136448"
3366,"enh4","ENSG00000178093"
3367,"enh2","ENSG00000115255"
3368,"enh3","ENSG00000168062"
3369,"enh8","ENSG00000126698"
3370,"enh3","ENSG00000180098"
3371,"enh10","ENSG00000148291"
3372,"enh9","ENSG00000120889"
3373,"enh3","ENSG00000130768"
3374,"enh12","ENSG00000148296"
3375,"enh13","ENSG00000119392"
3376,"enh8","ENSG00000147439"
3377,"enh3","ENSG00000163297"
3378,"enh10","ENSG00000119514"
3379,"enh8","ENSG00000148334"
3380,"enh4","ENSG00000125618"
3381,"enh4","ENSG00000148337"
3382,"enh10","ENSG00000089639"
3383,"enh11","ENSG00000105497"
3384,"enh11","ENSG00000158711"
3385,"enh1","ENSG00000176890"
3386,"enh2","ENSG00000136682"
3387,"enh1","ENSG00000130511"
3388,"enh9","ENSG00000141933"
3389,"enh8","ENSG00000175334"
3390,"enh13","ENSG00000129951"
3391,"enh4","ENSG00000168591"
3392,"enh12","ENSG00000119125"
3393,"enh2","ENSG00000106991"
3394,"enh11","ENSG00000165698"
3395,"enh12","ENSG00000120896"
3396,"enh10","ENSG00000014138"
3397,"enh13","ENSG00000171940"
3398,"enh13","ENSG00000162873"
3399,"enh4","ENSG00000065600"
3400,"enh2","ENSG00000051128"
3401,"enh12","ENSG00000125637"
3402,"enh5","ENSG00000130559"
3403,"enh7","ENSG00000130005"
3404,"enh6","ENSG00000172500"
3405,"enh6","ENSG00000105669"
3406,"enh8","ENSG00000153214"
3407,"enh3","ENSG00000106799"
3408,"enh3","ENSG00000167110"
3409,"enh11","ENSG00000136828"
3410,"enh2","ENSG00000165702"
3411,"enh9","ENSG00000014216"
3412,"enh6","ENSG00000213988"
3413,"enh4","ENSG00000174851"
3414,"enh8","ENSG00000160445"
3415,"enh12","ENSG00000088682"
3416,"enh2","ENSG00000116017"
3417,"enh11","ENSG00000148303"
3418,"enh9","ENSG00000106799"
3419,"enh1","ENSG00000144161"
3420,"enh9","ENSG00000168067"
3421,"enh2","ENSG00000071564"
3422,"enh11","ENSG00000168591"
3423,"enh5","ENSG00000125482"
3424,"enh1","ENSG00000149806"
3425,"enh2","ENSG00000175221"
3426,"enh1","ENSG00000174996"
3427,"enh11","ENSG00000221983"
3428,"enh12","ENSG00000175334"
3429,"enh9","ENSG00000160563"
3430,"enh3","ENSG00000227500"
3431,"enh5","ENSG00000064932"
3432,"enh4","ENSG00000105374"
3433,"enh7","ENSG00000173825"
3434,"enh12","ENSG00000105383"
3435,"enh9","ENSG00000161714"
3436,"enh6","ENSG00000104679"
3437,"enh14","ENSG00000213023"
3438,"enh12","ENSG00000197217"
3439,"enh2","ENSG00000171169"
3440,"enh10","ENSG00000172757"
3441,"enh3","ENSG00000076321"
3442,"enh14","ENSG00000136807"
3443,"enh9","ENSG00000161692"
3444,"enh8","ENSG00000064547"
3445,"enh9","ENSG00000138772"
3446,"enh5","ENSG00000175602"
3447,"enh4","ENSG00000013306"
3448,"enh8","ENSG00000167136"
3449,"enh11","ENSG00000165688"
3450,"enh1","ENSG00000196961"
3451,"enh3","ENSG00000120889"
3452,"enh8","ENSG00000103005"
3453,"enh2","ENSG00000162419"
3454,"enh3","ENSG00000130559"
3455,"enh8","ENSG00000159461"
3456,"enh11","ENSG00000158161"
3457,"enh13","ENSG00000175707"
3458,"enh8","ENSG00000171940"
3459,"enh5","ENSG00000064687"
3460,"enh11","ENSG00000122484"
3461,"enh9","ENSG00000204138"
3462,"enh14","ENSG00000262874"
3463,"enh8","ENSG00000187024"
3464,"enh13","ENSG00000148248"
3465,"enh11","ENSG00000197136"
3466,"enh12","ENSG00000172059"
3467,"enh10","ENSG00000167491"
3468,"enh5","ENSG00000090273"
3469,"enh7","ENSG00000148334"
3470,"enh14","ENSG00000130766"
3471,"enh12","ENSG00000115091"
3472,"enh12","ENSG00000129911"
3473,"enh4","ENSG00000135821"
3474,"enh3","ENSG00000175602"
3475,"enh4","ENSG00000115286"
3476,"enh14","ENSG00000064490"
3477,"enh12","ENSG00000160293"
3478,"enh1","ENSG00000135736"
3479,"enh7","ENSG00000131408"
3480,"enh8","ENSG00000117697"
3481,"enh6","ENSG00000167114"
3482,"enh2","ENSG00000172081"
3483,"enh1","ENSG00000185761"
3484,"enh7","ENSG00000136877"
3485,"enh10","ENSG00000130775"
3486,"enh7","ENSG00000105726"
3487,"enh4","ENSG00000106799"
3488,"enh1","ENSG00000010361"
3489,"enh10","ENSG00000180329"
3490,"enh11","ENSG00000136929"
3491,"enh5","ENSG00000125611"
3492,"enh12","ENSG00000064547"
3493,"enh10","ENSG00000163291"
3494,"enh13","ENSG00000166188"
3495,"enh8","ENSG00000068976"
3496,"enh11","ENSG00000160326"
3497,"enh5","ENSG00000106799"
3498,"enh11","ENSG00000147457"
3499,"enh7","ENSG00000108849"
3500,"enh8","ENSG00000149792"
3501,"enh11","ENSG00000064545"
3502,"enh4","ENSG00000136895"
3503,"enh12","ENSG00000115257"
3504,"enh8","ENSG00000213638"
3505,"enh8","ENSG00000105497"
3506,"enh5","ENSG00000115255"
3507,"enh14","ENSG00000162873"
3508,"enh9","ENSG00000142530"
3509,"enh1","ENSG00000148308"
3510,"enh2","ENSG00000067596"
3511,"enh8","ENSG00000198786"
3512,"enh6","ENSG00000118046"
3513,"enh11","ENSG00000160293"
3514,"enh9","ENSG00000168062"
3515,"enh13","ENSG00000173442"
3516,"enh3","ENSG00000146670"
3517,"enh1","ENSG00000115286"
3518,"enh2","ENSG00000144130"
3519,"enh2","ENSG00000064607"
3520,"enh3","ENSG00000171940"
3521,"enh13","ENSG00000134317"
3522,"enh5","ENSG00000159579"
3523,"enh8","ENSG00000108852"
3524,"enh14","ENSG00000174842"
3525,"enh7","ENSG00000101132"
3526,"enh11","ENSG00000159461"
3527,"enh3","ENSG00000115084"
3528,"enh13","ENSG00000262874"
3529,"enh9","ENSG00000090020"
3530,"enh2","ENSG00000117601"
3531,"enh13","ENSG00000198417"
3532,"enh10","ENSG00000115268"
3533,"enh3","ENSG00000099821"
3534,"enh7","ENSG00000173039"
3535,"enh1","ENSG00000175550"
3536,"enh14","ENSG00000068976"
3537,"enh2","ENSG00000105383"
3538,"enh3","ENSG00000182963"
3539,"enh12","ENSG00000168066"
3540,"enh2","ENSG00000159648"
3541,"enh13","ENSG00000140848"
3542,"enh7","ENSG00000149823"
3543,"enh2","ENSG00000175832"
3544,"enh1","ENSG00000102934"
3545,"enh5","ENSG00000146670"
3546,"enh8","ENSG00000197217"
3547,"enh5","ENSG00000136937"
3548,"enh6","ENSG00000127540"
3549,"enh2","ENSG00000143924"
3550,"enh5","ENSG00000185278"
3551,"enh4","ENSG00000076321"
3552,"enh1","ENSG00000064787"
3553,"enh6","ENSG00000196683"
3554,"enh13","ENSG00000147454"
3555,"enh9","ENSG00000153208"
3556,"enh5","ENSG00000187840"
3557,"enh2","ENSG00000117266"
3558,"enh11","ENSG00000147454"
3559,"enh12","ENSG00000149806"
3560,"enh8","ENSG00000108861"
3561,"enh11","ENSG00000106991"
3562,"enh6","ENSG00000167118"
3563,"enh11","ENSG00000149792"
3564,"enh6","ENSG00000142765"
3565,"enh12","ENSG00000140854"
3566,"enh10","ENSG00000105696"
3567,"enh8","ENSG00000168056"
3568,"enh13","ENSG00000175221"
3569,"enh6","ENSG00000117266"
3570,"enh10","ENSG00000155380"
3571,"enh14","ENSG00000117601"
3572,"enh9","ENSG00000129933"
3573,"enh6","ENSG00000130005"
3574,"enh2","ENSG00000187193"
3575,"enh8","ENSG00000256771"
3576,"enh13","ENSG00000079313"
3577,"enh13","ENSG00000064607"
3578,"enh8","ENSG00000142733"
3579,"enh5","ENSG00000181773"
3580,"enh1","ENSG00000158711"
3581,"enh13","ENSG00000099840"
3582,"enh3","ENSG00000099624"
3583,"enh6","ENSG00000134330"
3584,"enh2","ENSG00000117280"
3585,"enh8","ENSG00000115091"
3586,"enh6","ENSG00000143924"
3587,"enh2","ENSG00000142186"
3588,"enh11","ENSG00000186501"
3589,"enh2","ENSG00000115758"
3590,"enh1","ENSG00000115084"
3591,"enh9","ENSG00000105669"
3592,"enh8","ENSG00000174606"
3593,"enh11","ENSG00000106976"
3594,"enh8","ENSG00000087365"
3595,"enh5","ENSG00000117748"
3596,"enh2","ENSG00000082512"
3597,"enh8","ENSG00000117601"
3598,"enh7","ENSG00000162878"
3599,"enh11","ENSG00000070388"
3600,"enh6","ENSG00000140854"
3601,"enh14","ENSG00000204673"
3602,"enh5","ENSG00000141349"
3603,"enh3","ENSG00000115756"
3604,"enh14","ENSG00000162976"
3605,"enh14","ENSG00000250067"
3606,"enh11","ENSG00000105705"
3607,"enh5","ENSG00000174744"
3608,"enh1","ENSG00000130513"
3609,"enh7","ENSG00000039650"
3610,"enh12","ENSG00000153214"
3611,"enh13","ENSG00000065268"
3612,"enh7","ENSG00000087365"
3613,"enh6","ENSG00000161647"
3614,"enh8","ENSG00000105669"
3615,"enh3","ENSG00000126709"
3616,"enh12","ENSG00000175550"
3617,"enh12","ENSG00000117650"
3618,"enh4","ENSG00000196961"
3619,"enh1","ENSG00000174276"
3620,"enh3","ENSG00000068976"
3621,"enh6","ENSG00000064687"
3622,"enh9","ENSG00000172270"
3623,"enh7","ENSG00000120889"
3624,"enh14","ENSG00000146670"
3625,"enh14","ENSG00000160953"
3626,"enh7","ENSG00000130766"
3627,"enh9","ENSG00000198417"
3628,"enh7","ENSG00000198870"
3629,"enh7","ENSG00000196683"
3630,"enh11","ENSG00000136811"
3631,"enh7","ENSG00000064545"
3632,"enh14","ENSG00000167136"
3633,"enh7","ENSG00000196188"
3634,"enh8","ENSG00000196152"
3635,"enh12","ENSG00000175573"
3636,"enh1","ENSG00000129933"
3637,"enh2","ENSG00000131409"
3638,"enh14","ENSG00000129933"
3639,"enh14","ENSG00000148291"
3640,"enh9","ENSG00000160446"
3641,"enh13","ENSG00000108309"
3642,"enh10","ENSG00000118046"
3643,"enh9","ENSG00000172732"
3644,"enh5","ENSG00000082512"
3645,"enh11","ENSG00000087152"
3646,"enh9","ENSG00000131398"
3647,"enh6","ENSG00000102978"
3648,"enh4","ENSG00000174276"
3649,"enh8","ENSG00000004939"
3650,"enh13","ENSG00000125618"
3651,"enh14","ENSG00000169403"
3652,"enh12","ENSG00000168591"
3653,"enh8","ENSG00000241852"
3654,"enh3","ENSG00000133243"
3655,"enh8","ENSG00000106785"
3656,"enh9","ENSG00000125630"
3657,"enh14","ENSG00000167468"
3658,"enh6","ENSG00000158195"
3659,"enh6","ENSG00000142186"
3660,"enh7","ENSG00000143476"
3661,"enh2","ENSG00000161671"
3662,"enh1","ENSG00000165684"
3663,"enh2","ENSG00000065600"
3664,"enh14","ENSG00000138036"
3665,"enh10","ENSG00000144130"
3666,"enh7","ENSG00000143882"
3667,"enh6","ENSG00000099821"
3668,"enh13","ENSG00000105379"
3669,"enh14","ENSG00000162772"
3670,"enh13","ENSG00000115286"
3671,"enh4","ENSG00000160293"
3672,"enh7","ENSG00000142186"
3673,"enh10","ENSG00000189195"
3674,"enh13","ENSG00000197540"
3675,"enh3","ENSG00000172992"
3676,"enh9","ENSG00000148356"
3677,"enh11","ENSG00000099821"
3678,"enh12","ENSG00000177125"
3679,"enh11","ENSG00000014216"
3680,"enh11","ENSG00000119392"
3681,"enh9","ENSG00000198492"
3682,"enh11","ENSG00000162298"
3683,"enh10","ENSG00000213024"
3684,"enh13","ENSG00000130772"
3685,"enh10","ENSG00000090273"
3686,"enh9","ENSG00000185278"
3687,"enh10","ENSG00000188554"
3688,"enh4","ENSG00000180340"
3689,"enh14","ENSG00000177125"
3690,"enh1","ENSG00000136842"
3691,"enh10","ENSG00000149798"
3692,"enh11","ENSG00000174669"
3693,"enh6","ENSG00000115758"
3694,"enh11","ENSG00000165702"
3695,"enh7","ENSG00000146670"
3696,"enh5","ENSG00000148300"
3697,"enh14","ENSG00000131409"
3698,"enh9","ENSG00000175550"
3699,"enh1","ENSG00000106789"
3700,"enh6","ENSG00000070388"
3701,"enh5","ENSG00000079313"
3702,"enh11","ENSG00000117222"
3703,"enh3","ENSG00000198870"
3704,"enh12","ENSG00000105669"
3705,"enh1","ENSG00000187024"
3706,"enh14","ENSG00000130005"
3707,"enh1","ENSG00000069702"
3708,"enh6","ENSG00000067596"
3709,"enh9","ENSG00000125618"
3710,"enh12","ENSG00000196550"
3711,"enh8","ENSG00000162878"
3712,"enh8","ENSG00000119559"
3713,"enh4","ENSG00000079313"
3714,"enh8","ENSG00000175467"
3715,"enh8","ENSG00000143493"
3716,"enh7","ENSG00000136682"
3717,"enh2","ENSG00000213988"
3718,"enh1","ENSG00000152527"
3719,"enh6","ENSG00000122484"
3720,"enh11","ENSG00000117280"
3721,"enh7","ENSG00000160318"
3722,"enh1","ENSG00000136908"
3723,"enh7","ENSG00000141349"
3724,"enh1","ENSG00000129911"
3725,"enh11","ENSG00000171219"
3726,"enh11","ENSG00000144130"
3727,"enh2","ENSG00000068971"
3728,"enh7","ENSG00000185761"
3729,"enh7","ENSG00000168061"
3730,"enh2","ENSG00000012048"
3731,"enh10","ENSG00000107372"
3732,"enh12","ENSG00000161677"
3733,"enh9","ENSG00000106976"
3734,"enh12","ENSG00000169403"
3735,"enh5","ENSG00000143493"
3736,"enh8","ENSG00000168061"
3737,"enh7","ENSG00000070423"
3738,"enh4","ENSG00000262874"
3739,"enh12","ENSG00000057935"
3740,"enh14","ENSG00000175376"
3741,"enh4","ENSG00000241852"
3742,"enh10","ENSG00000184988"
3743,"enh2","ENSG00000175602"
3744,"enh12","ENSG00000160404"
3745,"enh2","ENSG00000180340"
3746,"enh11","ENSG00000115756"
3747,"enh5","ENSG00000153107"
3748,"enh13","ENSG00000213988"
3749,"enh10","ENSG00000104946"
3750,"enh2","ENSG00000102934"
3751,"enh2","ENSG00000174606"
3752,"enh7","ENSG00000100316"
3753,"enh7","ENSG00000174276"
3754,"enh1","ENSG00000196312"
3755,"enh9","ENSG00000238227"
3756,"enh10","ENSG00000076321"
3757,"enh3","ENSG00000115758"
3758,"enh2","ENSG00000148356"
3759,"enh9","ENSG00000120334"
3760,"enh7","ENSG00000162241"
3761,"enh13","ENSG00000149792"
3762,"enh8","ENSG00000147669"
3763,"enh3","ENSG00000125618"
3764,"enh10","ENSG00000119559"
3765,"enh11","ENSG00000181781"
3766,"enh1","ENSG00000136840"
3767,"enh14","ENSG00000030582"
3768,"enh10","ENSG00000176973"
3769,"enh11","ENSG00000149823"
3770,"enh5","ENSG00000198492"
3771,"enh14","ENSG00000180340"
3772,"enh7","ENSG00000167106"
3773,"enh11","ENSG00000136925"
3774,"enh13","ENSG00000125484"
3775,"enh11","ENSG00000174744"
3776,"enh6","ENSG00000108840"
3777,"enh1","ENSG00000186185"
3778,"enh5","ENSG00000136842"
3779,"enh14","ENSG00000099875"
3780,"enh9","ENSG00000148337"
3781,"enh6","ENSG00000149823"
3782,"enh8","ENSG00000172270"
3783,"enh6","ENSG00000147454"
3784,"enh10","ENSG00000204710"
3785,"enh6","ENSG00000117593"
3786,"enh13","ENSG00000174669"
3787,"enh9","ENSG00000168066"
3788,"enh3","ENSG00000064666"
3789,"enh9","ENSG00000142186"
3790,"enh6","ENSG00000176890"
3791,"enh4","ENSG00000125144"
3792,"enh3","ENSG00000087365"
3793,"enh13","ENSG00000143924"
3794,"enh12","ENSG00000005961"
3795,"enh5","ENSG00000125485"
3796,"enh2","ENSG00000146670"
3797,"enh2","ENSG00000117691"
3798,"enh4","ENSG00000181896"
3799,"enh1","ENSG00000122026"
3800,"enh10","ENSG00000172977"
3801,"enh13","ENSG00000227500"
3802,"enh5","ENSG00000160563"
3803,"enh3","ENSG00000136936"
3804,"enh3","ENSG00000125637"
3805,"enh6","ENSG00000135870"
3806,"enh1","ENSG00000114999"
3807,"enh2","ENSG00000196422"
3808,"enh9","ENSG00000126705"
3809,"enh5","ENSG00000069702"
3810,"enh8","ENSG00000175707"
3811,"enh5","ENSG00000238227"
3812,"enh4","ENSG00000125124"
3813,"enh12","ENSG00000106976"
3814,"enh10","ENSG00000140859"
3815,"enh6","ENSG00000131400"
3816,"enh3","ENSG00000125124"
3817,"enh9","ENSG00000172232"
3818,"enh4","ENSG00000135736"
3819,"enh13","ENSG00000082512"
3820,"enh11","ENSG00000196550"
3821,"enh12","ENSG00000105676"
3822,"enh5","ENSG00000129911"
3823,"enh3","ENSG00000105696"
3824,"enh9","ENSG00000167468"
3825,"enh14","ENSG00000196683"
3826,"enh5","ENSG00000107021"
3827,"enh8","ENSG00000130772"
3828,"enh10","ENSG00000130511"
3829,"enh1","ENSG00000088682"
3830,"enh11","ENSG00000136643"
3831,"enh12","ENSG00000162300"
3832,"enh3","ENSG00000068971"
3833,"enh6","ENSG00000159648"
3834,"enh11","ENSG00000104885"
3835,"enh9","ENSG00000008853"
3836,"enh14","ENSG00000134318"
3837,"enh13","ENSG00000064547"
3838,"enh3","ENSG00000117601"
3839,"enh11","ENSG00000117697"
3840,"enh3","ENSG00000256771"
3841,"enh6","ENSG00000158161"
3842,"enh2","ENSG00000241852"
3843,"enh10","ENSG00000120889"
3844,"enh3","ENSG00000126698"
3845,"enh13","ENSG00000187840"
3846,"enh13","ENSG00000160326"
3847,"enh12","ENSG00000198858"
3848,"enh4","ENSG00000180198"
3849,"enh12","ENSG00000241852"
3850,"enh3","ENSG00000160445"
3851,"enh12","ENSG00000115970"
3852,"enh9","ENSG00000176973"
3853,"enh7","ENSG00000122026"
3854,"enh13","ENSG00000135821"
3855,"enh7","ENSG00000067596"
3856,"enh5","ENSG00000064490"
3857,"enh2","ENSG00000161654"
3858,"enh14","ENSG00000174684"
3859,"enh14","ENSG00000105669"
3860,"enh1","ENSG00000125618"
3861,"enh2","ENSG00000167005"
3862,"enh13","ENSG00000161692"
3863,"enh10","ENSG00000165684"
3864,"enh1","ENSG00000162669"
3865,"enh1","ENSG00000104960"
3866,"enh7","ENSG00000197540"
3867,"enh14","ENSG00000143924"
3868,"enh1","ENSG00000162878"
3869,"enh6","ENSG00000197540"
3870,"enh4","ENSG00000119203"
3871,"enh4","ENSG00000108852"
3872,"enh1","ENSG00000181896"
3873,"enh6","ENSG00000108849"
3874,"enh7","ENSG00000159461"
3875,"enh4","ENSG00000064687"
3876,"enh12","ENSG00000006015"
3877,"enh6","ENSG00000104960"
3878,"enh14","ENSG00000068831"
3879,"enh10","ENSG00000148248"
3880,"enh8","ENSG00000122484"
3881,"enh9","ENSG00000138756"
3882,"enh1","ENSG00000167112"
3883,"enh12","ENSG00000143924"
3884,"enh9","ENSG00000125319"
3885,"enh6","ENSG00000167468"
3886,"enh6","ENSG00000174996"
3887,"enh5","ENSG00000176973"
3888,"enh10","ENSG00000133895"
3889,"enh6","ENSG00000123685"
3890,"enh2","ENSG00000087365"
3891,"enh2","ENSG00000163291"
3892,"enh8","ENSG00000125124"
3893,"enh5","ENSG00000152518"
3894,"enh6","ENSG00000120913"
3895,"enh8","ENSG00000120889"
3896,"enh13","ENSG00000069482"
3897,"enh12","ENSG00000161654"
3898,"enh13","ENSG00000122026"
3899,"enh3","ENSG00000182087"
3900,"enh11","ENSG00000181513"
3901,"enh3","ENSG00000136856"
3902,"enh2","ENSG00000185198"
3903,"enh14","ENSG00000012048"
3904,"enh13","ENSG00000130005"
3905,"enh9","ENSG00000162772"
3906,"enh2","ENSG00000167113"
3907,"enh9","ENSG00000169136"
3908,"enh2","ENSG00000119559"
3909,"enh4","ENSG00000103005"
3910,"enh1","ENSG00000136854"
3911,"enh4","ENSG00000130770"
3912,"enh3","ENSG00000213638"
3913,"enh10","ENSG00000148356"
3914,"enh7","ENSG00000175294"
3915,"enh9","ENSG00000165092"
3916,"enh6","ENSG00000180340"
3917,"enh13","ENSG00000147457"
3918,"enh12","ENSG00000120656"
3919,"enh7","ENSG00000181588"
3920,"enh2","ENSG00000181513"
3921,"enh14","ENSG00000165689"
3922,"enh13","ENSG00000172500"
3923,"enh10","ENSG00000181588"
3924,"enh11","ENSG00000102934"
3925,"enh14","ENSG00000105472"
3926,"enh7","ENSG00000143493"
3927,"enh13","ENSG00000127540"
3928,"enh5","ENSG00000130005"
3929,"enh7","ENSG00000180329"
3930,"enh14","ENSG00000135821"
3931,"enh7","ENSG00000162300"
3932,"enh9","ENSG00000068831"
3933,"enh10","ENSG00000165661"
3934,"enh3","ENSG00000165688"
3935,"enh10","ENSG00000141934"
3936,"enh9","ENSG00000174996"
3937,"enh7","ENSG00000167487"
3938,"enh10","ENSG00000213445"
3939,"enh13","ENSG00000136937"
3940,"enh3","ENSG00000105556"
3941,"enh2","ENSG00000160408"
3942,"enh7","ENSG00000105669"
3943,"enh4","ENSG00000120913"
3944,"enh1","ENSG00000168061"
3945,"enh1","ENSG00000110046"
3946,"enh3","ENSG00000143870"
3947,"enh8","ENSG00000153208"
3948,"enh6","ENSG00000165698"
3949,"enh7","ENSG00000108312"
3950,"enh6","ENSG00000175550"
3951,"enh2","ENSG00000119523"
3952,"enh11","ENSG00000167114"
3953,"enh13","ENSG00000174851"
3954,"enh1","ENSG00000095383"
3955,"enh12","ENSG00000174516"
3956,"enh3","ENSG00000013306"
3957,"enh12","ENSG00000213023"
3958,"enh7","ENSG00000136842"
3959,"enh14","ENSG00000140848"
3960,"enh12","ENSG00000106785"
3961,"enh1","ENSG00000107372"
3962,"enh10","ENSG00000161671"
3963,"enh1","ENSG00000198870"
3964,"enh12","ENSG00000174276"
3965,"enh12","ENSG00000014138"
3966,"enh12","ENSG00000107021"
3967,"enh12","ENSG00000133895"
3968,"enh3","ENSG00000130775"
3969,"enh14","ENSG00000256771"
3970,"enh5","ENSG00000125630"
3971,"enh11","ENSG00000167110"
3972,"enh5","ENSG00000148248"
3973,"enh3","ENSG00000172059"
3974,"enh9","ENSG00000136856"
3975,"enh5","ENSG00000167005"
3976,"enh7","ENSG00000183831"
3977,"enh12","ENSG00000008853"
3978,"enh9","ENSG00000171848"
3979,"enh5","ENSG00000071564"
3980,"enh8","ENSG00000030582"
3981,"enh8","ENSG00000099804"
3982,"enh5","ENSG00000197816"
3983,"enh9","ENSG00000106991"
3984,"enh11","ENSG00000148334"
3985,"enh11","ENSG00000198417"
3986,"enh3","ENSG00000204138"
3987,"enh6","ENSG00000125611"
3988,"enh14","ENSG00000168056"
3989,"enh2","ENSG00000167123"
3990,"enh4","ENSG00000160326"
3991,"enh10","ENSG00000162419"
3992,"enh3","ENSG00000117691"
3993,"enh11","ENSG00000069482"
3994,"enh4","ENSG00000185198"
3995,"enh10","ENSG00000159461"
3996,"enh4","ENSG00000148297"
3997,"enh9","ENSG00000172922"
3998,"enh14","ENSG00000197958"
3999,"enh12","ENSG00000175906"
4000,"enh3","ENSG00000099804"
4001,"enh1","ENSG00000169136"
4002,"enh4","ENSG00000130768"
4003,"enh10","ENSG00000136929"
4004,"enh13","ENSG00000228300"
4005,"enh2","ENSG00000138756"
4006,"enh10","ENSG00000115944"
4007,"enh3","ENSG00000120896"
4008,"enh9","ENSG00000117222"
4009,"enh11","ENSG00000158195"
4010,"enh12","ENSG00000173465"
4011,"enh14","ENSG00000136854"
4012,"enh11","ENSG00000187024"
4013,"enh3","ENSG00000012048"
4014,"enh8","ENSG00000119333"
4015,"enh12","ENSG00000099804"
4016,"enh1","ENSG00000213465"
4017,"enh8","ENSG00000062822"
4018,"enh13","ENSG00000105708"
4019,"enh10","ENSG00000117266"
4020,"enh6","ENSG00000196312"
4021,"enh11","ENSG00000064787"
4022,"enh6","ENSG00000099817"
4023,"enh8","ENSG00000153107"
4024,"enh6","ENSG00000130513"
4025,"enh4","ENSG00000142186"
4026,"enh6","ENSG00000160293"
4027,"enh12","ENSG00000130005"
4028,"enh10","ENSG00000119523"
4029,"enh13","ENSG00000125637"
4030,"enh3","ENSG00000213445"
4031,"enh13","ENSG00000171159"
4032,"enh11","ENSG00000173465"
4033,"enh8","ENSG00000064932"
4034,"enh14","ENSG00000105656"
4035,"enh5","ENSG00000175467"
4036,"enh7","ENSG00000070404"
4037,"enh11","ENSG00000148296"
4038,"enh3","ENSG00000176890"
4039,"enh2","ENSG00000115761"
4040,"enh3","ENSG00000197136"
4041,"enh9","ENSG00000167470"
4042,"enh9","ENSG00000148291"
4043,"enh12","ENSG00000136895"
4044,"enh4","ENSG00000173825"
4045,"enh8","ENSG00000147457"
4046,"enh9","ENSG00000197136"
4047,"enh7","ENSG00000105655"
4048,"enh6","ENSG00000105696"
4049,"enh10","ENSG00000136925"
4050,"enh3","ENSG00000136937"
4051,"enh1","ENSG00000162241"
4052,"enh4","ENSG00000110046"
4053,"enh3","ENSG00000135046"
4054,"enh11","ENSG00000005194"
4055,"enh9","ENSG00000198746"
4056,"enh14","ENSG00000174744"
4057,"enh10","ENSG00000213988"
4058,"enh1","ENSG00000143924"
4059,"enh3","ENSG00000198917"
4060,"enh11","ENSG00000173039"
4061,"enh8","ENSG00000143476"
4062,"enh13","ENSG00000119333"
4063,"enh12","ENSG00000105472"
4064,"enh14","ENSG00000116014"
4065,"enh5","ENSG00000162976"
4066,"enh6","ENSG00000012048"
4067,"enh10","ENSG00000180340"
4068,"enh2","ENSG00000103021"
4069,"enh9","ENSG00000099840"
4070,"enh1","ENSG00000064932"
4071,"enh9","ENSG00000108849"
4072,"enh1","ENSG00000146670"
4073,"enh6","ENSG00000117697"
4074,"enh12","ENSG00000163297"
4075,"enh13","ENSG00000133059"
4076,"enh2","ENSG00000106785"
4077,"enh2","ENSG00000172992"
4078,"enh6","ENSG00000160447"
4079,"enh14","ENSG00000039650"
4080,"enh5","ENSG00000198858"
4081,"enh8","ENSG00000213445"
4082,"enh4","ENSG00000175115"
4083,"enh1","ENSG00000198492"
4084,"enh13","ENSG00000136877"
4085,"enh9","ENSG00000143924"
4086,"enh4","ENSG00000071564"
4087,"enh12","ENSG00000130768"
4088,"enh9","ENSG00000167748"
4089,"enh2","ENSG00000014216"
4090,"enh1","ENSG00000167005"
4091,"enh2","ENSG00000117650"
4092,"enh11","ENSG00000147669"
4093,"enh7","ENSG00000123684"
4094,"enh8","ENSG00000110047"
4095,"enh14","ENSG00000198492"
4096,"enh4","ENSG00000165698"
4097,"enh14","ENSG00000160447"
4098,"enh4","ENSG00000101132"
4099,"enh3","ENSG00000115750"
4100,"enh3","ENSG00000120334"
4101,"enh1","ENSG00000104131"
4102,"enh11","ENSG00000159648"
4103,"enh8","ENSG00000167106"
4104,"enh11","ENSG00000204291"
4105,"enh6","ENSG00000223802"
4106,"enh3","ENSG00000162772"
4107,"enh7","ENSG00000174684"
4108,"enh4","ENSG00000167103"
4109,"enh11","ENSG00000119335"
4110,"enh14","ENSG00000115255"
4111,"enh4","ENSG00000169136"
4112,"enh13","ENSG00000167112"
4113,"enh7","ENSG00000082512"
4114,"enh5","ENSG00000013306"
4115,"enh3","ENSG00000188554"
4116,"enh1","ENSG00000064687"
4117,"enh6","ENSG00000171159"
4118,"enh14","ENSG00000175832"
4119,"enh2","ENSG00000189195"
4120,"enh1","ENSG00000197766"
4121,"enh6","ENSG00000174276"
4122,"enh5","ENSG00000099840"
4123,"enh3","ENSG00000136830"
4124,"enh6","ENSG00000152518"
4125,"enh13","ENSG00000136811"
4126,"enh11","ENSG00000153214"
4127,"enh6","ENSG00000133275"
4128,"enh6","ENSG00000159579"
4129,"enh12","ENSG00000198840"
4130,"enh12","ENSG00000133243"
4131,"enh5","ENSG00000119523"
4132,"enh12","ENSG00000256771"
4133,"enh3","ENSG00000133069"
4134,"enh7","ENSG00000167759"
4135,"enh13","ENSG00000180098"
4136,"enh6","ENSG00000175467"
4137,"enh3","ENSG00000110047"
4138,"enh13","ENSG00000160161"
4139,"enh7","ENSG00000228300"
4140,"enh11","ENSG00000177125"
4141,"enh1","ENSG00000142528"
4142,"enh3","ENSG00000165138"
4143,"enh4","ENSG00000125170"
4144,"enh2","ENSG00000099866"
4145,"enh1","ENSG00000165092"
4146,"enh5","ENSG00000158161"
4147,"enh6","ENSG00000186566"
4148,"enh7","ENSG00000197217"
4149,"enh11","ENSG00000070770"
4150,"enh12","ENSG00000196312"
4151,"enh4","ENSG00000115268"
4152,"enh4","ENSG00000004939"
4153,"enh13","ENSG00000012048"
4154,"enh5","ENSG00000125484"
4155,"enh10","ENSG00000171940"
4156,"enh1","ENSG00000106799"
4157,"enh11","ENSG00000125170"
4158,"enh1","ENSG00000125319"
4159,"enh13","ENSG00000106803"
4160,"enh13","ENSG00000136682"
4161,"enh1","ENSG00000174516"
4162,"enh4","ENSG00000136936"
4163,"enh8","ENSG00000095383"
4164,"enh1","ENSG00000148411"
4165,"enh2","ENSG00000188554"
4166,"enh6","ENSG00000119392"
4167,"enh14","ENSG00000186185"
4168,"enh1","ENSG00000168056"
4169,"enh2","ENSG00000140859"
4170,"enh3","ENSG00000119392"
4171,"enh4","ENSG00000188177"
4172,"enh11","ENSG00000160325"
4173,"enh3","ENSG00000105708"
4174,"enh10","ENSG00000134318"
4175,"enh11","ENSG00000088682"
4176,"enh14","ENSG00000134308"
4177,"enh1","ENSG00000117625"
4178,"enh4","ENSG00000158161"
4179,"enh7","ENSG00000223802"
4180,"enh2","ENSG00000167748"
4181,"enh4","ENSG00000105655"
4182,"enh6","ENSG00000167123"
4183,"enh12","ENSG00000160271"
4184,"enh3","ENSG00000115091"
4185,"enh8","ENSG00000204673"
4186,"enh10","ENSG00000130513"
4187,"enh1","ENSG00000151694"
4188,"enh13","ENSG00000116017"
4189,"enh9","ENSG00000130768"
4190,"enh10","ENSG00000106785"
4191,"enh8","ENSG00000133059"
4192,"enh11","ENSG00000107021"
4193,"enh3","ENSG00000213465"
4194,"enh1","ENSG00000160563"
4195,"enh9","ENSG00000099821"
4196,"enh8","ENSG00000123685"
4197,"enh1","ENSG00000090273"
4198,"enh5","ENSG00000130270"
4199,"enh1","ENSG00000130772"
4200,"enh10","ENSG00000071564"
4201,"enh11","ENSG00000213023"
4202,"enh14","ENSG00000130768"
4203,"enh2","ENSG00000181896"
4204,"enh6","ENSG00000174529"
4205,"enh1","ENSG00000148337"
4206,"enh14","ENSG00000100316"
4207,"enh13","ENSG00000160447"
4208,"enh8","ENSG00000198917"
4209,"enh6","ENSG00000198870"
4210,"enh12","ENSG00000172977"
4211,"enh4","ENSG00000119125"
4212,"enh1","ENSG00000117748"
4213,"enh5","ENSG00000147439"
4214,"enh14","ENSG00000153107"
4215,"enh11","ENSG00000125637"
4216,"enh1","ENSG00000235034"
4217,"enh6","ENSG00000142530"
4218,"enh1","ENSG00000125148"
4219,"enh3","ENSG00000125611"
4220,"enh5","ENSG00000175221"
4221,"enh10","ENSG00000030582"
4222,"enh3","ENSG00000125484"
4223,"enh7","ENSG00000142784"
4224,"enh5","ENSG00000160325"
4225,"enh14","ENSG00000136828"
4226,"enh9","ENSG00000148300"
4227,"enh4","ENSG00000175334"
4228,"enh14","ENSG00000197217"
4229,"enh4","ENSG00000181035"
4230,"enh11","ENSG00000169288"
4231,"enh5","ENSG00000120334"
4232,"enh7","ENSG00000158195"
4233,"enh13","ENSG00000161714"
4234,"enh6","ENSG00000130559"
4235,"enh2","ENSG00000136908"
4236,"enh13","ENSG00000138772"
4237,"enh12","ENSG00000115756"
4238,"enh12","ENSG00000101132"
4239,"enh12","ENSG00000254986"
4240,"enh13","ENSG00000117650"
4241,"enh4","ENSG00000165684"
4242,"enh7","ENSG00000136938"
4243,"enh3","ENSG00000104960"
4244,"enh8","ENSG00000148411"
4245,"enh9","ENSG00000160326"
4246,"enh3","ENSG00000136854"
4247,"enh10","ENSG00000105705"
4248,"enh2","ENSG00000153214"
4249,"enh8","ENSG00000138756"
4250,"enh2","ENSG00000136643"
4251,"enh12","ENSG00000087365"
4252,"enh12","ENSG00000152527"
4253,"enh14","ENSG00000204291"
4254,"enh4","ENSG00000039650"
4255,"enh4","ENSG00000161682"
4256,"enh8","ENSG00000167747"
4257,"enh7","ENSG00000105708"
4258,"enh2","ENSG00000167114"
4259,"enh6","ENSG00000184162"
4260,"enh2","ENSG00000131097"
4261,"enh1","ENSG00000136943"
4262,"enh10","ENSG00000187193"
4263,"enh11","ENSG00000167118"
4264,"enh10","ENSG00000120913"
4265,"enh1","ENSG00000005194"
4266,"enh6","ENSG00000090020"
4267,"enh5","ENSG00000126391"
4268,"enh14","ENSG00000011304"
4269,"enh6","ENSG00000227500"
4270,"enh12","ENSG00000186010"
4271,"enh7","ENSG00000189195"
4272,"enh8","ENSG00000149806"
4273,"enh7","ENSG00000125482"
4274,"enh1","ENSG00000158195"
4275,"enh11","ENSG00000162976"
4276,"enh5","ENSG00000165688"
4277,"enh14","ENSG00000167005"
4278,"enh4","ENSG00000158711"
4279,"enh7","ENSG00000099864"
4280,"enh14","ENSG00000110046"
4281,"enh11","ENSG00000174516"
4282,"enh13","ENSG00000175832"
4283,"enh3","ENSG00000104946"
4284,"enh6","ENSG00000095380"
4285,"enh12","ENSG00000221983"
4286,"enh3","ENSG00000175573"
4287,"enh3","ENSG00000110046"
4288,"enh1","ENSG00000117758"
4289,"enh8","ENSG00000105053"
4290,"enh11","ENSG00000141934"
4291,"enh4","ENSG00000162772"
4292,"enh10","ENSG00000099625"
4293,"enh6","ENSG00000172059"
4294,"enh4","ENSG00000131408"
4295,"enh12","ENSG00000167005"
4296,"enh10","ENSG00000196312"
4297,"enh2","ENSG00000197816"
4298,"enh13","ENSG00000158941"
4299,"enh8","ENSG00000099840"
4300,"enh9","ENSG00000117758"
4301,"enh9","ENSG00000136937"
4302,"enh14","ENSG00000088682"
4303,"enh13","ENSG00000142765"
4304,"enh10","ENSG00000126705"
4305,"enh13","ENSG00000196312"
4306,"enh8","ENSG00000136854"
4307,"enh2","ENSG00000136448"
4308,"enh14","ENSG00000090273"
4309,"enh4","ENSG00000160318"
4310,"enh13","ENSG00000204291"
4311,"enh3","ENSG00000104897"
4312,"enh13","ENSG00000198917"
4313,"enh14","ENSG00000143493"
4314,"enh8","ENSG00000117592"
4315,"enh4","ENSG00000130511"
4316,"enh2","ENSG00000184988"
4317,"enh9","ENSG00000167747"
4318,"enh3","ENSG00000168591"
4319,"enh2","ENSG00000099624"
4320,"enh7","ENSG00000188177"
4321,"enh1","ENSG00000174547"
4322,"enh1","ENSG00000167114"
4323,"enh10","ENSG00000102900"
4324,"enh13","ENSG00000006016"
4325,"enh4","ENSG00000115257"
4326,"enh8","ENSG00000162300"
4327,"enh1","ENSG00000064666"
4328,"enh11","ENSG00000005961"
4329,"enh13","ENSG00000153214"
4330,"enh9","ENSG00000146670"
4331,"enh2","ENSG00000185761"
4332,"enh11","ENSG00000068831"
4333,"enh14","ENSG00000172232"
4334,"enh12","ENSG00000161671"
4335,"enh13","ENSG00000174950"
4336,"enh8","ENSG00000136840"
4337,"enh5","ENSG00000174669"
4338,"enh3","ENSG00000136877"
4339,"enh14","ENSG00000198870"
4340,"enh10","ENSG00000169136"
4341,"enh14","ENSG00000099622"
4342,"enh10","ENSG00000160404"
4343,"enh13","ENSG00000165138"
4344,"enh14","ENSG00000123684"
4345,"enh14","ENSG00000153214"
4346,"enh12","ENSG00000141349"
4347,"enh9","ENSG00000148297"
4348,"enh12","ENSG00000105053"
4349,"enh13","ENSG00000117625"
4350,"enh7","ENSG00000173465"
4351,"enh8","ENSG00000175376"
4352,"enh10","ENSG00000160318"
4353,"enh5","ENSG00000174276"
4354,"enh2","ENSG00000126698"
4355,"enh10","ENSG00000148337"
4356,"enh10","ENSG00000051108"
4357,"enh1","ENSG00000143882"
4358,"enh8","ENSG00000168591"
4359,"enh9","ENSG00000138036"
4360,"enh2","ENSG00000174669"
4361,"enh2","ENSG00000125170"
4362,"enh7","ENSG00000167114"
4363,"enh2","ENSG00000198870"
4364,"enh5","ENSG00000254901"
4365,"enh13","ENSG00000117593"
4366,"enh12","ENSG00000136854"
4367,"enh12","ENSG00000223802"
4368,"enh9","ENSG00000175294"
4369,"enh5","ENSG00000104131"
4370,"enh9","ENSG00000104885"
4371,"enh7","ENSG00000138756"
4372,"enh2","ENSG00000136932"
4373,"enh2","ENSG00000133275"
4374,"enh9","ENSG00000175832"
4375,"enh12","ENSG00000175294"
4376,"enh9","ENSG00000167491"
4377,"enh9","ENSG00000087263"
4378,"enh2","ENSG00000117751"
4379,"enh2","ENSG00000125484"
4380,"enh10","ENSG00000110047"
4381,"enh7","ENSG00000125124"
4382,"enh11","ENSG00000125485"
4383,"enh8","ENSG00000104131"
4384,"enh12","ENSG00000162873"
4385,"enh8","ENSG00000125618"
4386,"enh3","ENSG00000254470"
4387,"enh2","ENSG00000174851"
4388,"enh1","ENSG00000099875"
4389,"enh2","ENSG00000175707"
4390,"enh9","ENSG00000228300"
4391,"enh9","ENSG00000142544"
4392,"enh4","ENSG00000107290"
4393,"enh13","ENSG00000142751"
4394,"enh5","ENSG00000187024"
4395,"enh11","ENSG00000171848"
4396,"enh8","ENSG00000172757"
4397,"enh3","ENSG00000174606"
4398,"enh14","ENSG00000196415"
4399,"enh6","ENSG00000064666"
4400,"enh12","ENSG00000168067"
4401,"enh11","ENSG00000125319"
4402,"enh5","ENSG00000186010"
4403,"enh12","ENSG00000184162"
4404,"enh7","ENSG00000141933"
4405,"enh2","ENSG00000105700"
4406,"enh6","ENSG00000198858"
4407,"enh13","ENSG00000105726"
4408,"enh1","ENSG00000158161"
4409,"enh4","ENSG00000196152"
4410,"enh6","ENSG00000051108"
4411,"enh12","ENSG00000161647"
4412,"enh7","ENSG00000175376"
4413,"enh3","ENSG00000181781"
4414,"enh12","ENSG00000175707"
4415,"enh14","ENSG00000120334"
4416,"enh11","ENSG00000068971"
4417,"enh13","ENSG00000099624"
4418,"enh10","ENSG00000104679"
4419,"enh11","ENSG00000103021"
4420,"enh8","ENSG00000125637"
4421,"enh11","ENSG00000115286"
4422,"enh4","ENSG00000136929"
4423,"enh5","ENSG00000172992"
4424,"enh11","ENSG00000136895"
4425,"enh10","ENSG00000142765"
4426,"enh14","ENSG00000108840"
4427,"enh14","ENSG00000148308"
4428,"enh7","ENSG00000118046"
4429,"enh10","ENSG00000101132"
4430,"enh12","ENSG00000102934"
4431,"enh12","ENSG00000197540"
4432,"enh1","ENSG00000141349"
4433,"enh12","ENSG00000182963"
4434,"enh13","ENSG00000068976"
4435,"enh8","ENSG00000158161"
4436,"enh14","ENSG00000087152"
4437,"enh10","ENSG00000153208"
4438,"enh8","ENSG00000181513"
4439,"enh14","ENSG00000064787"
4440,"enh3","ENSG00000138772"
4441,"enh11","ENSG00000070761"
4442,"enh3","ENSG00000125170"
4443,"enh8","ENSG00000165698"
4444,"enh6","ENSG00000104897"
4445,"enh10","ENSG00000102978"
4446,"enh2","ENSG00000140854"
4447,"enh5","ENSG00000099875"
4448,"enh14","ENSG00000120656"
4449,"enh3","ENSG00000068831"
4450,"enh8","ENSG00000176890"
4451,"enh6","ENSG00000136936"
4452,"enh14","ENSG00000165092"
4453,"enh11","ENSG00000138036"
4454,"enh7","ENSG00000148303"
4455,"enh3","ENSG00000172757"
4456,"enh9","ENSG00000065000"
4457,"enh5","ENSG00000133884"
4458,"enh9","ENSG00000171169"
4459,"enh4","ENSG00000108883"
4460,"enh8","ENSG00000174744"
4461,"enh5","ENSG00000136811"
4462,"enh8","ENSG00000136895"
4463,"enh14","ENSG00000161647"
4464,"enh9","ENSG00000174529"
4465,"enh14","ENSG00000131408"
4466,"enh7","ENSG00000142733"
4467,"enh13","ENSG00000144161"
4468,"enh8","ENSG00000122482"
4469,"enh12","ENSG00000198746"
4470,"enh9","ENSG00000120656"
4471,"enh1","ENSG00000183831"
4472,"enh4","ENSG00000130560"
4473,"enh11","ENSG00000131398"
4474,"enh8","ENSG00000125148"
4475,"enh10","ENSG00000130270"
4476,"enh3","ENSG00000070423"
4477,"enh4","ENSG00000204673"
4478,"enh2","ENSG00000173442"
4479,"enh4","ENSG00000198917"
4480,"enh9","ENSG00000169607"
4481,"enh7","ENSG00000125484"
4482,"enh9","ENSG00000147454"
4483,"enh11","ENSG00000117650"
4484,"enh3","ENSG00000133059"
4485,"enh9","ENSG00000095380"
4486,"enh10","ENSG00000171169"
4487,"enh5","ENSG00000133059"
4488,"enh12","ENSG00000141933"
4489,"enh6","ENSG00000183831"
4490,"enh6","ENSG00000158941"
4491,"enh7","ENSG00000117593"
4492,"enh14","ENSG00000130511"
4493,"enh7","ENSG00000182963"
4494,"enh12","ENSG00000162976"
4495,"enh9","ENSG00000104886"
4496,"enh13","ENSG00000155380"
4497,"enh14","ENSG00000174903"
4498,"enh6","ENSG00000158711"
4499,"enh9","ENSG00000130513"
4500,"enh7","ENSG00000180098"
4501,"enh9","ENSG00000105556"
4502,"enh2","ENSG00000148288"
4503,"enh10","ENSG00000198917"
4504,"enh5","ENSG00000105053"
4505,"enh8","ENSG00000136807"
4506,"enh2","ENSG00000172500"
4507,"enh3","ENSG00000175832"
4508,"enh5","ENSG00000213023"
4509,"enh9","ENSG00000134330"
4510,"enh7","ENSG00000087263"
4511,"enh13","ENSG00000106992"
4512,"enh14","ENSG00000136874"
4513,"enh14","ENSG00000005194"
4514,"enh1","ENSG00000174903"
4515,"enh10","ENSG00000197217"
4516,"enh14","ENSG00000172270"
4517,"enh6","ENSG00000119125"
4518,"enh1","ENSG00000138767"
4519,"enh12","ENSG00000174851"
4520,"enh11","ENSG00000254901"
4521,"enh7","ENSG00000175906"
4522,"enh6","ENSG00000175854"
4523,"enh10","ENSG00000174950"
4524,"enh12","ENSG00000117748"
4525,"enh4","ENSG00000095383"
4526,"enh1","ENSG00000161682"
4527,"enh3","ENSG00000172922"
4528,"enh5","ENSG00000005961"
4529,"enh8","ENSG00000099817"
4530,"enh7","ENSG00000065600"
4531,"enh13","ENSG00000133069"
4532,"enh6","ENSG00000119559"
4533,"enh14","ENSG00000161677"
4534,"enh14","ENSG00000180448"
4535,"enh6","ENSG00000175115"
4536,"enh4","ENSG00000087263"
4537,"enh4","ENSG00000189195"
4538,"enh3","ENSG00000175707"
4539,"enh12","ENSG00000160318"
4540,"enh5","ENSG00000149798"
4541,"enh6","ENSG00000171848"
4542,"enh10","ENSG00000162298"
4543,"enh1","ENSG00000168591"
4544,"enh1","ENSG00000148288"
4545,"enh1","ENSG00000099622"
4546,"enh11","ENSG00000223802"
4547,"enh13","ENSG00000180329"
4548,"enh8","ENSG00000182963"
4549,"enh1","ENSG00000104679"
4550,"enh10","ENSG00000125144"
4551,"enh3","ENSG00000095383"
4552,"enh11","ENSG00000125144"
4553,"enh10","ENSG00000165138"
4554,"enh14","ENSG00000223802"
4555,"enh14","ENSG00000160360"
4556,"enh8","ENSG00000115084"
4557,"enh3","ENSG00000126391"
4558,"enh1","ENSG00000065000"
4559,"enh12","ENSG00000172922"
4560,"enh14","ENSG00000119335"
4561,"enh9","ENSG00000116017"
4562,"enh10","ENSG00000064490"
4563,"enh10","ENSG00000167470"
4564,"enh4","ENSG00000114999"
4565,"enh11","ENSG00000213221"
4566,"enh1","ENSG00000070770"
4567,"enh10","ENSG00000014216"
4568,"enh11","ENSG00000198786"
4569,"enh5","ENSG00000147457"
4570,"enh2","ENSG00000143476"
4571,"enh8","ENSG00000172059"
4572,"enh5","ENSG00000253368"
4573,"enh3","ENSG00000153214"
4574,"enh10","ENSG00000108309"
4575,"enh6","ENSG00000171169"
4576,"enh5","ENSG00000105701"
4577,"enh4","ENSG00000102934"
4578,"enh11","ENSG00000011304"
4579,"enh3","ENSG00000122140"
4580,"enh2","ENSG00000204291"
4581,"enh13","ENSG00000095380"
4582,"enh9","ENSG00000167005"
4583,"enh14","ENSG00000136936"
4584,"enh6","ENSG00000136840"
4585,"enh3","ENSG00000162669"
4586,"enh1","ENSG00000064547"
4587,"enh3","ENSG00000134308"
4588,"enh8","ENSG00000105655"
4589,"enh7","ENSG00000136936"
4590,"enh2","ENSG00000142530"
4591,"enh2","ENSG00000122026"
4592,"enh9","ENSG00000187024"
4593,"enh13","ENSG00000160325"
4594,"enh5","ENSG00000108861"
4595,"enh2","ENSG00000100316"
4596,"enh4","ENSG00000180098"
4597,"enh5","ENSG00000116014"
4598,"enh12","ENSG00000099622"
4599,"enh7","ENSG00000102934"
4600,"enh11","ENSG00000115761"
4601,"enh4","ENSG00000130513"
4602,"enh4","ENSG00000071655"
4603,"enh12","ENSG00000099625"
4604,"enh8","ENSG00000125630"
4605,"enh14","ENSG00000071655"
4606,"enh13","ENSG00000125144"
4607,"enh8","ENSG00000165699"
4608,"enh13","ENSG00000213465"
4609,"enh1","ENSG00000136448"
4610,"enh10","ENSG00000005007"
4611,"enh10","ENSG00000087263"
4612,"enh7","ENSG00000106785"
4613,"enh1","ENSG00000064607"
4614,"enh8","ENSG00000134318"
4615,"enh5","ENSG00000104946"
4616,"enh3","ENSG00000117592"
4617,"enh7","ENSG00000181773"
4618,"enh11","ENSG00000227500"
4619,"enh1","ENSG00000148296"
4620,"enh12","ENSG00000171940"
4621,"enh10","ENSG00000105700"
4622,"enh8","ENSG00000161692"
4623,"enh3","ENSG00000008853"
4624,"enh10","ENSG00000125630"
4625,"enh3","ENSG00000100316"
4626,"enh1","ENSG00000103021"
4627,"enh12","ENSG00000173039"
4628,"enh12","ENSG00000167110"
4629,"enh14","ENSG00000135870"
4630,"enh7","ENSG00000161671"
4631,"enh4","ENSG00000064490"
4632,"enh7","ENSG00000134330"
4633,"enh4","ENSG00000136932"
4634,"enh12","ENSG00000005194"
4635,"enh12","ENSG00000097046"
4636,"enh5","ENSG00000005007"
4637,"enh10","ENSG00000119392"
4638,"enh1","ENSG00000167106"
4639,"enh9","ENSG00000099866"
4640,"enh4","ENSG00000181588"
4641,"enh3","ENSG00000148308"
4642,"enh14","ENSG00000176973"
4643,"enh6","ENSG00000175592"
4644,"enh6","ENSG00000167112"
4645,"enh12","ENSG00000087152"
4646,"enh4","ENSG00000204291"
4647,"enh8","ENSG00000136936"
4648,"enh11","ENSG00000099804"
4649,"enh1","ENSG00000087365"
4650,"enh6","ENSG00000070423"
4651,"enh9","ENSG00000104946"
4652,"enh13","ENSG00000103021"
4653,"enh14","ENSG00000104679"
4654,"enh4","ENSG00000064607"
4655,"enh14","ENSG00000008853"
4656,"enh6","ENSG00000136929"
4657,"enh14","ENSG00000119125"
4658,"enh6","ENSG00000256771"
4659,"enh7","ENSG00000123685"
4660,"enh10","ENSG00000152518"
4661,"enh9","ENSG00000147439"
4662,"enh10","ENSG00000131097"
4663,"enh10","ENSG00000153214"
4664,"enh4","ENSG00000163291"
4665,"enh1","ENSG00000213988"
4666,"enh5","ENSG00000095383"
4667,"enh11","ENSG00000165138"
4668,"enh6","ENSG00000011304"
4669,"enh4","ENSG00000134308"
4670,"enh5","ENSG00000148356"
4671,"enh7","ENSG00000065000"
4672,"enh14","ENSG00000160446"
4673,"enh6","ENSG00000099624"
4674,"enh1","ENSG00000117691"
4675,"enh2","ENSG00000161714"
4676,"enh14","ENSG00000167123"
4677,"enh12","ENSG00000104897"
4678,"enh14","ENSG00000143476"
4679,"enh11","ENSG00000148356"
4680,"enh7","ENSG00000171940"
4681,"enh14","ENSG00000162878"
4682,"enh9","ENSG00000181513"
4683,"enh13","ENSG00000167468"
4684,"enh4","ENSG00000176890"
4685,"enh2","ENSG00000105374"
4686,"enh13","ENSG00000064545"
4687,"enh14","ENSG00000184162"
4688,"enh7","ENSG00000165702"
4689,"enh10","ENSG00000105726"
4690,"enh2","ENSG00000196116"
4691,"enh11","ENSG00000106789"
4692,"enh14","ENSG00000099804"
4693,"enh11","ENSG00000167748"
4694,"enh14","ENSG00000172500"
4695,"enh6","ENSG00000213023"
4696,"enh4","ENSG00000173327"
4697,"enh5","ENSG00000117697"
4698,"enh10","ENSG00000160161"
4699,"enh7","ENSG00000105671"
4700,"enh14","ENSG00000160161"
4701,"enh5","ENSG00000173442"
4702,"enh3","ENSG00000172232"
4703,"enh9","ENSG00000180198"
4704,"enh1","ENSG00000105676"
4705,"enh9","ENSG00000076321"
4706,"enh5","ENSG00000135736"
4707,"enh11","ENSG00000099875"
4708,"enh13","ENSG00000196961"
4709,"enh7","ENSG00000142530"
4710,"enh7","ENSG00000174950"
4711,"enh7","ENSG00000070388"
4712,"enh9","ENSG00000174516"
4713,"enh8","ENSG00000213023"
4714,"enh2","ENSG00000174903"
4715,"enh9","ENSG00000108861"
4716,"enh2","ENSG00000213465"
4717,"enh14","ENSG00000147669"
4718,"enh14","ENSG00000057935"
4719,"enh6","ENSG00000131094"
4720,"enh8","ENSG00000082512"
4721,"enh7","ENSG00000162419"
4722,"enh6","ENSG00000126709"
4723,"enh14","ENSG00000136830"
4724,"enh11","ENSG00000126705"
4725,"enh12","ENSG00000051108"
4726,"enh13","ENSG00000172992"
4727,"enh2","ENSG00000167112"
4728,"enh3","ENSG00000102931"
4729,"enh14","ENSG00000148297"
4730,"enh5","ENSG00000166188"
4731,"enh13","ENSG00000156269"
4732,"enh13","ENSG00000158715"
4733,"enh4","ENSG00000172922"
4734,"enh8","ENSG00000227500"
4735,"enh3","ENSG00000148339"
4736,"enh12","ENSG00000159579"
4737,"enh13","ENSG00000213024"
4738,"enh2","ENSG00000115944"
4739,"enh1","ENSG00000130560"
4740,"enh1","ENSG00000180329"
4741,"enh6","ENSG00000101132"
4742,"enh6","ENSG00000069482"
4743,"enh1","ENSG00000125482"
4744,"enh9","ENSG00000142733"
4745,"enh9","ENSG00000123685"
4746,"enh9","ENSG00000119514"
4747,"enh11","ENSG00000163297"
4748,"enh6","ENSG00000110046"
4749,"enh4","ENSG00000171848"
4750,"enh1","ENSG00000127540"
4751,"enh12","ENSG00000174669"
4752,"enh1","ENSG00000087152"
4753,"enh4","ENSG00000136908"
4754,"enh8","ENSG00000152527"
4755,"enh6","ENSG00000115750"
4756,"enh11","ENSG00000129951"
4757,"enh13","ENSG00000119523"
4758,"enh14","ENSG00000136448"
4759,"enh2","ENSG00000125637"
4760,"enh1","ENSG00000068976"
4761,"enh1","ENSG00000148248"
4762,"enh12","ENSG00000070423"
4763,"enh11","ENSG00000160408"
4764,"enh1","ENSG00000196116"
4765,"enh9","ENSG00000172081"
4766,"enh6","ENSG00000142784"
4767,"enh12","ENSG00000117593"
4768,"enh6","ENSG00000213445"
4769,"enh9","ENSG00000064607"
4770,"enh14","ENSG00000105655"
4771,"enh4","ENSG00000143870"
4772,"enh14","ENSG00000105383"
4773,"enh13","ENSG00000173825"
4774,"enh9","ENSG00000057935"
4775,"enh9","ENSG00000122484"
4776,"enh14","ENSG00000173327"
4777,"enh7","ENSG00000115257"
4778,"enh6","ENSG00000198917"
4779,"enh10","ENSG00000173465"
4780,"enh12","ENSG00000174871"
4781,"enh7","ENSG00000160404"
4782,"enh6","ENSG00000181513"
4783,"enh6","ENSG00000131398"
4784,"enh12","ENSG00000105701"
4785,"enh6","ENSG00000099840"
4786,"enh6","ENSG00000106803"
4787,"enh10","ENSG00000160446"
4788,"enh1","ENSG00000102996"
4789,"enh4","ENSG00000088682"
4790,"enh4","ENSG00000070423"
4791,"enh9","ENSG00000120913"
4792,"enh3","ENSG00000213221"
4793,"enh12","ENSG00000148356"
4794,"enh5","ENSG00000125637"
4795,"enh5","ENSG00000122026"
4796,"enh6","ENSG00000136895"
4797,"enh1","ENSG00000171219"
4798,"enh9","ENSG00000115091"
4799,"enh5","ENSG00000070761"
4800,"enh13","ENSG00000158711"
4801,"enh2","ENSG00000013306"
4802,"enh8","ENSG00000138036"
4803,"enh5","ENSG00000095380"
4804,"enh4","ENSG00000117592"
4805,"enh11","ENSG00000104689"
4806,"enh14","ENSG00000167470"
4807,"enh3","ENSG00000138767"
4808,"enh3","ENSG00000142530"
4809,"enh11","ENSG00000129968"
4810,"enh14","ENSG00000099625"
4811,"enh9","ENSG00000099624"
4812,"enh13","ENSG00000102900"
4813,"enh7","ENSG00000173327"
4814,"enh8","ENSG00000161677"
4815,"enh7","ENSG00000012048"
4816,"enh4","ENSG00000133243"
4817,"enh3","ENSG00000105472"
4818,"enh5","ENSG00000167491"
4819,"enh5","ENSG00000147669"
4820,"enh8","ENSG00000142186"
4821,"enh4","ENSG00000198840"
4822,"enh3","ENSG00000176973"
4823,"enh12","ENSG00000135821"
4824,"enh10","ENSG00000103005"
4825,"enh7","ENSG00000087152"
4826,"enh3","ENSG00000167005"
4827,"enh10","ENSG00000149792"
4828,"enh9","ENSG00000108883"
4829,"enh7","ENSG00000136448"
4830,"enh4","ENSG00000186806"
4831,"enh3","ENSG00000064687"
4832,"enh9","ENSG00000153107"
4833,"enh2","ENSG00000168066"
4834,"enh7","ENSG00000158711"
4835,"enh5","ENSG00000064547"
4836,"enh6","ENSG00000106789"
4837,"enh13","ENSG00000136943"
4838,"enh14","ENSG00000125144"
4839,"enh11","ENSG00000253368"
4840,"enh1","ENSG00000125485"
4841,"enh10","ENSG00000135046"
4842,"enh13","ENSG00000140854"
4843,"enh1","ENSG00000110047"
4844,"enh6","ENSG00000116017"
4845,"enh6","ENSG00000180198"
4846,"enh12","ENSG00000108312"
4847,"enh3","ENSG00000162241"
4848,"enh4","ENSG00000160446"
4849,"enh13","ENSG00000090273"
4850,"enh11","ENSG00000256771"
4851,"enh14","ENSG00000133059"
4852,"enh11","ENSG00000119333"
4853,"enh6","ENSG00000174547"
4854,"enh5","ENSG00000198417"
4855,"enh13","ENSG00000167470"
4856,"enh8","ENSG00000115756"
4857,"enh6","ENSG00000197217"
4858,"enh7","ENSG00000161692"
4859,"enh6","ENSG00000148248"
4860,"enh7","ENSG00000062822"
4861,"enh1","ENSG00000131094"
4862,"enh10","ENSG00000087152"
4863,"enh4","ENSG00000105717"
4864,"enh5","ENSG00000213445"
4865,"enh9","ENSG00000169288"
4866,"enh2","ENSG00000105676"
4867,"enh2","ENSG00000162298"
4868,"enh12","ENSG00000110046"
4869,"enh8","ENSG00000099821"
4870,"enh1","ENSG00000136811"
4871,"enh9","ENSG00000105700"
4872,"enh4","ENSG00000197217"
4873,"enh4","ENSG00000153107"
4874,"enh4","ENSG00000186010"
4875,"enh2","ENSG00000170385"
4876,"enh11","ENSG00000069702"
4877,"enh5","ENSG00000196188"
4878,"enh8","ENSG00000170385"
4879,"enh9","ENSG00000161654"
4880,"enh5","ENSG00000105556"
4881,"enh5","ENSG00000070423"
4882,"enh3","ENSG00000136925"
4883,"enh1","ENSG00000203705"
4884,"enh6","ENSG00000198746"
4885,"enh11","ENSG00000159579"
4886,"enh6","ENSG00000187024"
4887,"enh4","ENSG00000148356"
4888,"enh5","ENSG00000131400"
4889,"enh3","ENSG00000187193"
4890,"enh5","ENSG00000119392"
4891,"enh4","ENSG00000155380"
4892,"enh12","ENSG00000039650"
4893,"enh3","ENSG00000107021"
4894,"enh3","ENSG00000069482"
4895,"enh14","ENSG00000167112"
4896,"enh1","ENSG00000204710"
4897,"enh4","ENSG00000162669"
4898,"enh4","ENSG00000125482"
4899,"enh12","ENSG00000070761"
4900,"enh10","ENSG00000187024"
4901,"enh3","ENSG00000099625"
4902,"enh7","ENSG00000071564"
4903,"enh14","ENSG00000102978"
4904,"enh13","ENSG00000161682"
4905,"enh4","ENSG00000167118"
4906,"enh1","ENSG00000106992"
4907,"enh11","ENSG00000174684"
4908,"enh1","ENSG00000076321"
4909,"enh5","ENSG00000162878"
4910,"enh14","ENSG00000196312"
4911,"enh3","ENSG00000183831"
4912,"enh9","ENSG00000104960"
4913,"enh6","ENSG00000099875"
4914,"enh10","ENSG00000198840"
4915,"enh1","ENSG00000162419"
4916,"enh12","ENSG00000140859"
4917,"enh12","ENSG00000203705"
4918,"enh6","ENSG00000144130"
4919,"enh1","ENSG00000129951"
4920,"enh2","ENSG00000070423"
4921,"enh4","ENSG00000250067"
4922,"enh12","ENSG00000160953"
4923,"enh4","ENSG00000161714"
4924,"enh14","ENSG00000070770"
4925,"enh13","ENSG00000135736"
4926,"enh3","ENSG00000117758"
4927,"enh13","ENSG00000204138"
4928,"enh10","ENSG00000213638"
4929,"enh8","ENSG00000130270"
4930,"enh8","ENSG00000160161"
4931,"enh14","ENSG00000136856"
4932,"enh1","ENSG00000161647"
4933,"enh4","ENSG00000126698"
4934,"enh10","ENSG00000106789"
4935,"enh1","ENSG00000125637"
4936,"enh14","ENSG00000143870"
4937,"enh12","ENSG00000117266"
4938,"enh8","ENSG00000099624"
4939,"enh4","ENSG00000131400"
4940,"enh2","ENSG00000180448"
4941,"enh14","ENSG00000159579"
4942,"enh10","ENSG00000068976"
4943,"enh11","ENSG00000165092"
4944,"enh5","ENSG00000152061"
4945,"enh10","ENSG00000125124"
4946,"enh1","ENSG00000167136"
4947,"enh3","ENSG00000039650"
4948,"enh1","ENSG00000119392"
4949,"enh14","ENSG00000065000"
4950,"enh3","ENSG00000117751"
4951,"enh6","ENSG00000120656"
4952,"enh12","ENSG00000115758"
4953,"enh10","ENSG00000175550"
4954,"enh11","ENSG00000117266"
4955,"enh9","ENSG00000213221"
4956,"enh5","ENSG00000221983"
4957,"enh14","ENSG00000115761"
4958,"enh2","ENSG00000196550"
4959,"enh8","ENSG00000105696"
4960,"enh12","ENSG00000107372"
4961,"enh5","ENSG00000180448"
4962,"enh8","ENSG00000175294"
4963,"enh9","ENSG00000167487"
4964,"enh11","ENSG00000134330"
4965,"enh4","ENSG00000186566"
4966,"enh11","ENSG00000167491"
4967,"enh11","ENSG00000141933"
4968,"enh6","ENSG00000126698"
4969,"enh14","ENSG00000159461"
4970,"enh4","ENSG00000110047"
4971,"enh11","ENSG00000148337"
4972,"enh4","ENSG00000256771"
4973,"enh11","ENSG00000178093"
4974,"enh3","ENSG00000160161"
4975,"enh8","ENSG00000130005"
4976,"enh10","ENSG00000105662"
4977,"enh9","ENSG00000175854"
4978,"enh12","ENSG00000171159"
4979,"enh10","ENSG00000158711"
4980,"enh9","ENSG00000143882"
4981,"enh3","ENSG00000115286"
4982,"enh8","ENSG00000119392"
4983,"enh6","ENSG00000136811"
4984,"enh4","ENSG00000089639"
4985,"enh13","ENSG00000069702"
4986,"enh4","ENSG00000138036"
4987,"enh3","ENSG00000165684"
4988,"enh9","ENSG00000148411"
4989,"enh6","ENSG00000250067"
4990,"enh9","ENSG00000125482"
4991,"enh10","ENSG00000228300"
4992,"enh7","ENSG00000143870"
4993,"enh12","ENSG00000119523"
4994,"enh14","ENSG00000213024"
4995,"enh6","ENSG00000204673"
4996,"enh14","ENSG00000142733"
4997,"enh3","ENSG00000160271"
4998,"enh2","ENSG00000172732"
4999,"enh12","ENSG00000155380"
5000,"enh1","ENSG00000062822"
5001,"enh7","ENSG00000196312"
5002,"enh6","ENSG00000117601"
5003,"enh2","ENSG00000070770"
5004,"enh1","ENSG00000250067"
5005,"enh4","ENSG00000107021"
5006,"enh8","ENSG00000167759"
5007,"enh5","ENSG00000070404"
5008,"enh6","ENSG00000064490"
5009,"enh1","ENSG00000134330"
5010,"enh13","ENSG00000117601"
5011,"enh12","ENSG00000173825"
5012,"enh4","ENSG00000213024"
5013,"enh4","ENSG00000235034"
5014,"enh7","ENSG00000138767"
5015,"enh7","ENSG00000108309"
5016,"enh5","ENSG00000183831"
5017,"enh4","ENSG00000115091"
5018,"enh4","ENSG00000167487"
5019,"enh14","ENSG00000101132"
5020,"enh6","ENSG00000091947"
5021,"enh14","ENSG00000175592"
5022,"enh8","ENSG00000152061"
5023,"enh13","ENSG00000105705"
5024,"enh14","ENSG00000165702"
5025,"enh3","ENSG00000136908"
5026,"enh4","ENSG00000090020"
5027,"enh3","ENSG00000119335"
5028,"enh11","ENSG00000119559"
5029,"enh6","ENSG00000051128"
5030,"enh10","ENSG00000005961"
5031,"enh4","ENSG00000068831"
5032,"enh5","ENSG00000182963"
5033,"enh8","ENSG00000160404"
5034,"enh2","ENSG00000014138"
5035,"enh3","ENSG00000138756"
5036,"enh5","ENSG00000115761"
5037,"enh5","ENSG00000175832"
5038,"enh9","ENSG00000133884"
5039,"enh12","ENSG00000105708"
5040,"enh5","ENSG00000153214"
5041,"enh10","ENSG00000183831"
5042,"enh3","ENSG00000196116"
5043,"enh8","ENSG00000196188"
5044,"enh8","ENSG00000090020"
5045,"enh5","ENSG00000196550"
5046,"enh7","ENSG00000108883"
5047,"enh12","ENSG00000144161"
5048,"enh13","ENSG00000169136"
5049,"enh9","ENSG00000105655"
5050,"enh3","ENSG00000196152"
5051,"enh8","ENSG00000167470"
5052,"enh10","ENSG00000160563"
5053,"enh8","ENSG00000174842"
5054,"enh10","ENSG00000175115"
5055,"enh8","ENSG00000102934"
5056,"enh11","ENSG00000168056"
5057,"enh10","ENSG00000148308"
5058,"enh5","ENSG00000091947"
5059,"enh2","ENSG00000108861"
5060,"enh4","ENSG00000119185"
5061,"enh8","ENSG00000168066"
5062,"enh2","ENSG00000167106"
5063,"enh14","ENSG00000126698"
5064,"enh4","ENSG00000162241"
5065,"enh6","ENSG00000129968"
5066,"enh11","ENSG00000175376"
5067,"enh7","ENSG00000140854"
5068,"enh9","ENSG00000119333"
5069,"enh8","ENSG00000213988"
5070,"enh1","ENSG00000148356"
5071,"enh2","ENSG00000167747"
5072,"enh12","ENSG00000135870"
5073,"enh2","ENSG00000117625"
5074,"enh4","ENSG00000108312"
5075,"enh9","ENSG00000105379"
5076,"enh7","ENSG00000174871"
5077,"enh6","ENSG00000087152"
5078,"enh8","ENSG00000160563"
5079,"enh13","ENSG00000119185"
5080,"enh10","ENSG00000133275"
5081,"enh13","ENSG00000170385"
5082,"enh9","ENSG00000108312"
5083,"enh1","ENSG00000175573"
5084,"enh7","ENSG00000106976"
5085,"enh9","ENSG00000135870"
5086,"enh6","ENSG00000135736"
5087,"enh10","ENSG00000165688"
5088,"enh14","ENSG00000130559"
5089,"enh12","ENSG00000105655"
5090,"enh2","ENSG00000148303"
5091,"enh4","ENSG00000108840"
5092,"enh14","ENSG00000147457"
5093,"enh10","ENSG00000185278"
5094,"enh9","ENSG00000119335"
5095,"enh14","ENSG00000119514"
5096,"enh5","ENSG00000250067"
5097,"enh6","ENSG00000148356"
5098,"enh4","ENSG00000010361"
5099,"enh2","ENSG00000186566"
5100,"enh8","ENSG00000254986"
5101,"enh8","ENSG00000254470"
5102,"enh13","ENSG00000130768"
5103,"enh1","ENSG00000147454"
5104,"enh4","ENSG00000182963"
5105,"enh8","ENSG00000197540"
5106,"enh4","ENSG00000198492"
5107,"enh8","ENSG00000162769"
5108,"enh10","ENSG00000117697"
5109,"enh7","ENSG00000174606"
5110,"enh5","ENSG00000133243"
5111,"enh14","ENSG00000175906"
5112,"enh11","ENSG00000160360"
5113,"enh6","ENSG00000105700"
5114,"enh13","ENSG00000089639"
5115,"enh12","ENSG00000115286"
5116,"enh13","ENSG00000131400"
5117,"enh1","ENSG00000172732"
5118,"enh1","ENSG00000115758"
5119,"enh14","ENSG00000115970"
5120,"enh5","ENSG00000105669"
5121,"enh10","ENSG00000136943"
5122,"enh8","ENSG00000064687"
5123,"enh14","ENSG00000122484"
5124,"enh3","ENSG00000071655"
5125,"enh5","ENSG00000235034"
5126,"enh8","ENSG00000105701"
5127,"enh10","ENSG00000168066"
5128,"enh14","ENSG00000133065"
5129,"enh2","ENSG00000131400"
5130,"enh4","ENSG00000069702"
5131,"enh6","ENSG00000160271"
5132,"enh12","ENSG00000186501"
5133,"enh9","ENSG00000117751"
5134,"enh2","ENSG00000159579"
5135,"enh10","ENSG00000160408"
5136,"enh7","ENSG00000213221"
5137,"enh14","ENSG00000106799"
5138,"enh11","ENSG00000148291"
5139,"enh7","ENSG00000105696"
5140,"enh1","ENSG00000241852"
5141,"enh8","ENSG00000117691"
5142,"enh14","ENSG00000204710"
5143,"enh3","ENSG00000167468"
5144,"enh12","ENSG00000189195"
5145,"enh4","ENSG00000130559"
5146,"enh11","ENSG00000117592"
5147,"enh12","ENSG00000153107"
5148,"enh13","ENSG00000175602"
5149,"enh2","ENSG00000171159"
5150,"enh6","ENSG00000148411"
5151,"enh12","ENSG00000064932"
5152,"enh11","ENSG00000142784"
5153,"enh1","ENSG00000120913"
5154,"enh14","ENSG00000115944"
5155,"enh7","ENSG00000005194"
5156,"enh12","ENSG00000168056"
5157,"enh8","ENSG00000181773"
5158,"enh3","ENSG00000180198"
5159,"enh10","ENSG00000178093"
5160,"enh1","ENSG00000181035"
5161,"enh10","ENSG00000172059"
5162,"enh13","ENSG00000186010"
5163,"enh10","ENSG00000099840"
5164,"enh7","ENSG00000119185"
5165,"enh2","ENSG00000174871"
5166,"enh9","ENSG00000039650"
5167,"enh14","ENSG00000126705"
5168,"enh3","ENSG00000133065"
5169,"enh3","ENSG00000175334"
5170,"enh13","ENSG00000175334"
5171,"enh9","ENSG00000148290"
5172,"enh11","ENSG00000095383"
5173,"enh5","ENSG00000158195"
5174,"enh12","ENSG00000165689"
5175,"enh8","ENSG00000100316"
5176,"enh10","ENSG00000197816"
5177,"enh11","ENSG00000064607"
5178,"enh10","ENSG00000167747"
5179,"enh11","ENSG00000160563"
5180,"enh8","ENSG00000174871"
5181,"enh5","ENSG00000115970"
5182,"enh8","ENSG00000107372"
5183,"enh10","ENSG00000070404"
5184,"enh12","ENSG00000105662"
5185,"enh10","ENSG00000136937"
5186,"enh14","ENSG00000196188"
5187,"enh4","ENSG00000253368"
5188,"enh6","ENSG00000171940"
5189,"enh2","ENSG00000172059"
5190,"enh11","ENSG00000119203"
5191,"enh6","ENSG00000105676"
5192,"enh1","ENSG00000105669"
5193,"enh4","ENSG00000160271"
5194,"enh11","ENSG00000004939"
5195,"enh8","ENSG00000126709"
5196,"enh5","ENSG00000099622"
5197,"enh3","ENSG00000168067"
5198,"enh11","ENSG00000161714"
5199,"enh13","ENSG00000198870"
5200,"enh9","ENSG00000168591"
5201,"enh11","ENSG00000196188"
5202,"enh11","ENSG00000133243"
5203,"enh12","ENSG00000142544"
5204,"enh14","ENSG00000174871"
5205,"enh6","ENSG00000147439"
5206,"enh7","ENSG00000204291"
5207,"enh13","ENSG00000133275"
5208,"enh1","ENSG00000106976"
5209,"enh13","ENSG00000238227"
5210,"enh3","ENSG00000167470"
5211,"enh12","ENSG00000165699"
5212,"enh6","ENSG00000146670"
5213,"enh14","ENSG00000161692"
5214,"enh1","ENSG00000099821"
5215,"enh6","ENSG00000160404"
5216,"enh10","ENSG00000105669"
5217,"enh10","ENSG00000117593"
5218,"enh8","ENSG00000181896"
5219,"enh12","ENSG00000143493"
5220,"enh4","ENSG00000186501"
5221,"enh9","ENSG00000115758"
5222,"enh6","ENSG00000131409"
5223,"enh3","ENSG00000105705"
5224,"enh5","ENSG00000069482"
5225,"enh9","ENSG00000105472"
5226,"enh2","ENSG00000161647"
5227,"enh6","ENSG00000167103"
5228,"enh3","ENSG00000223802"
5229,"enh1","ENSG00000136682"
5230,"enh14","ENSG00000178093"
5231,"enh5","ENSG00000131409"
5232,"enh11","ENSG00000099866"
5233,"enh4","ENSG00000118046"
5234,"enh12","ENSG00000136840"
5235,"enh3","ENSG00000108883"
5236,"enh9","ENSG00000130775"
5237,"enh3","ENSG00000144136"
5238,"enh13","ENSG00000189195"
5239,"enh6","ENSG00000125482"
5240,"enh12","ENSG00000147454"
5241,"enh9","ENSG00000100316"
5242,"enh8","ENSG00000135736"
5243,"enh13","ENSG00000104886"
5244,"enh14","ENSG00000064687"
5245,"enh10","ENSG00000147457"
5246,"enh13","ENSG00000117222"
5247,"enh9","ENSG00000069702"
5248,"enh9","ENSG00000138767"
5249,"enh14","ENSG00000125170"
5250,"enh4","ENSG00000102978"
5251,"enh11","ENSG00000120334"
5252,"enh6","ENSG00000168067"
5253,"enh9","ENSG00000148339"
5254,"enh14","ENSG00000105705"
5255,"enh8","ENSG00000148356"
5256,"enh9","ENSG00000099625"
5257,"enh1","ENSG00000129946"
5258,"enh14","ENSG00000009780"
5259,"enh13","ENSG00000134308"
5260,"enh14","ENSG00000188177"
5261,"enh12","ENSG00000119514"
5262,"enh9","ENSG00000070404"
5263,"enh11","ENSG00000182963"
5264,"enh1","ENSG00000069482"
5265,"enh5","ENSG00000066027"
5266,"enh5","ENSG00000158711"
5267,"enh13","ENSG00000057935"
5268,"enh11","ENSG00000136937"
5269,"enh6","ENSG00000104885"
5270,"enh4","ENSG00000105472"
5271,"enh11","ENSG00000005007"
5272,"enh2","ENSG00000102900"
5273,"enh12","ENSG00000125618"
5274,"enh2","ENSG00000103005"
5275,"enh2","ENSG00000105705"
5276,"enh4","ENSG00000146670"
5277,"enh4","ENSG00000070404"
5278,"enh4","ENSG00000133069"
5279,"enh12","ENSG00000104960"
5280,"enh8","ENSG00000057935"
5281,"enh1","ENSG00000196152"
5282,"enh1","ENSG00000160326"
5283,"enh7","ENSG00000213988"
5284,"enh9","ENSG00000213445"
5285,"enh12","ENSG00000105696"
5286,"enh1","ENSG00000136828"
5287,"enh11","ENSG00000142751"
5288,"enh12","ENSG00000136682"
5289,"enh7","ENSG00000138036"
5290,"enh3","ENSG00000189195"
5291,"enh14","ENSG00000125618"
5292,"enh12","ENSG00000131409"
5293,"enh4","ENSG00000143924"
5294,"enh2","ENSG00000135821"
5295,"enh14","ENSG00000198917"
5296,"enh4","ENSG00000129933"
5297,"enh8","ENSG00000105717"
5298,"enh10","ENSG00000238227"
5299,"enh14","ENSG00000182087"
5300,"enh14","ENSG00000082512"
5301,"enh8","ENSG00000104960"
5302,"enh10","ENSG00000105497"
5303,"enh14","ENSG00000107372"
5304,"enh2","ENSG00000131398"
5305,"enh5","ENSG00000129933"
5306,"enh2","ENSG00000160447"
5307,"enh3","ENSG00000152527"
5308,"enh12","ENSG00000167748"
5309,"enh12","ENSG00000213024"
5310,"enh1","ENSG00000106991"
5311,"enh3","ENSG00000064490"
5312,"enh2","ENSG00000065268"
5313,"enh8","ENSG00000160345"
5314,"enh3","ENSG00000174871"
5315,"enh8","ENSG00000123684"
5316,"enh4","ENSG00000175854"
5317,"enh14","ENSG00000159648"
5318,"enh9","ENSG00000140854"
5319,"enh13","ENSG00000119125"
5320,"enh9","ENSG00000160404"
5321,"enh13","ENSG00000104885"
5322,"enh1","ENSG00000198746"
5323,"enh6","ENSG00000185278"
5324,"enh2","ENSG00000115750"
5325,"enh8","ENSG00000133243"
5326,"enh1","ENSG00000172992"
5327,"enh12","ENSG00000065268"
5328,"enh8","ENSG00000171219"
5329,"enh3","ENSG00000117748"
5330,"enh13","ENSG00000125630"
5331,"enh7","ENSG00000172732"
5332,"enh2","ENSG00000129951"
5333,"enh10","ENSG00000136682"
5334,"enh12","ENSG00000162878"
5335,"enh7","ENSG00000065268"
5336,"enh6","ENSG00000186806"
5337,"enh13","ENSG00000172757"
5338,"enh5","ENSG00000099625"
5339,"enh6","ENSG00000087365"
5340,"enh11","ENSG00000187193"
5341,"enh7","ENSG00000161677"
5342,"enh2","ENSG00000161692"
5343,"enh1","ENSG00000122140"
5344,"enh7","ENSG00000198746"
5345,"enh14","ENSG00000068971"
5346,"enh12","ENSG00000105705"
5347,"enh9","ENSG00000174871"
5348,"enh6","ENSG00000105671"
5349,"enh6","ENSG00000136938"
5350,"enh3","ENSG00000213023"
5351,"enh13","ENSG00000125319"
5352,"enh11","ENSG00000170385"
5353,"enh10","ENSG00000115756"
5354,"enh11","ENSG00000131094"
5355,"enh5","ENSG00000172270"
5356,"enh10","ENSG00000119125"
5357,"enh13","ENSG00000105696"
5358,"enh6","ENSG00000097046"
5359,"enh11","ENSG00000117691"
5360,"enh10","ENSG00000108840"
5361,"enh2","ENSG00000115084"
5362,"enh4","ENSG00000184988"
5363,"enh4","ENSG00000173039"
5364,"enh5","ENSG00000067596"
5365,"enh10","ENSG00000198417"
5366,"enh2","ENSG00000160293"
5367,"enh11","ENSG00000127540"
5368,"enh10","ENSG00000204291"
5369,"enh3","ENSG00000064607"
5370,"enh6","ENSG00000196116"
5371,"enh8","ENSG00000175854"
5372,"enh12","ENSG00000160447"
5373,"enh10","ENSG00000221983"
5374,"enh9","ENSG00000213638"
5375,"enh12","ENSG00000115084"
5376,"enh13","ENSG00000122140"
5377,"enh1","ENSG00000149792"
5378,"enh5","ENSG00000039650"
5379,"enh13","ENSG00000181896"
5380,"enh9","ENSG00000197958"
5381,"enh12","ENSG00000136874"
5382,"enh13","ENSG00000174842"
5383,"enh3","ENSG00000119203"
5384,"enh5","ENSG00000167114"
5385,"enh3","ENSG00000197217"
5386,"enh8","ENSG00000114999"
5387,"enh13","ENSG00000102978"
5388,"enh11","ENSG00000120889"
5389,"enh8","ENSG00000262874"
5390,"enh8","ENSG00000160318"
5391,"enh14","ENSG00000005007"
5392,"enh13","ENSG00000163297"
5393,"enh10","ENSG00000105655"
5394,"enh14","ENSG00000168061"
5395,"enh6","ENSG00000070770"
5396,"enh5","ENSG00000174606"
5397,"enh12","ENSG00000130511"
5398,"enh10","ENSG00000133065"
5399,"enh14","ENSG00000114999"
5400,"enh1","ENSG00000174529"
5401,"enh9","ENSG00000089639"
5402,"enh8","ENSG00000012048"
5403,"enh9","ENSG00000197540"
5404,"enh4","ENSG00000006015"
5405,"enh12","ENSG00000118046"
5406,"enh14","ENSG00000125484"
5407,"enh14","ENSG00000135736"
5408,"enh6","ENSG00000062822"
5409,"enh8","ENSG00000105671"
5410,"enh9","ENSG00000149806"
5411,"enh4","ENSG00000071626"
5412,"enh10","ENSG00000172081"
5413,"enh4","ENSG00000167106"
5414,"enh10","ENSG00000197136"
5415,"enh7","ENSG00000175221"
5416,"enh13","ENSG00000160360"
5417,"enh13","ENSG00000134318"
5418,"enh6","ENSG00000123684"
5419,"enh2","ENSG00000136937"
5420,"enh13","ENSG00000141933"
5421,"enh2","ENSG00000130005"
5422,"enh10","ENSG00000167113"
5423,"enh1","ENSG00000126709"
5424,"enh11","ENSG00000105708"
5425,"enh1","ENSG00000168066"
5426,"enh14","ENSG00000069482"
5427,"enh1","ENSG00000101132"
5428,"enh3","ENSG00000144134"
5429,"enh1","ENSG00000158715"
5430,"enh2","ENSG00000168062"
5431,"enh3","ENSG00000204291"
5432,"enh7","ENSG00000119392"
5433,"enh1","ENSG00000135821"
5434,"enh4","ENSG00000175832"
5435,"enh2","ENSG00000119335"
5436,"enh14","ENSG00000181896"
5437,"enh10","ENSG00000120334"
5438,"enh9","ENSG00000066027"
5439,"enh6","ENSG00000168591"
5440,"enh14","ENSG00000175221"
5441,"enh9","ENSG00000090273"
5442,"enh13","ENSG00000070404"
5443,"enh7","ENSG00000159579"
5444,"enh11","ENSG00000115091"
5445,"enh4","ENSG00000169607"
5446,"enh5","ENSG00000188554"
5447,"enh12","ENSG00000176973"
5448,"enh13","ENSG00000115091"
5449,"enh2","ENSG00000135870"
5450,"enh13","ENSG00000133895"
5451,"enh6","ENSG00000196961"
5452,"enh10","ENSG00000125485"
5453,"enh9","ENSG00000136830"
5454,"enh6","ENSG00000168066"
5455,"enh8","ENSG00000152518"
5456,"enh11","ENSG00000108852"
5457,"enh14","ENSG00000158161"
5458,"enh5","ENSG00000181513"
5459,"enh4","ENSG00000221983"
5460,"enh14","ENSG00000175707"
5461,"enh7","ENSG00000105705"
5462,"enh13","ENSG00000135870"
5463,"enh5","ENSG00000174996"
5464,"enh7","ENSG00000197766"
5465,"enh4","ENSG00000160447"
5466,"enh2","ENSG00000175592"
5467,"enh7","ENSG00000152518"
5468,"enh11","ENSG00000009780"
5469,"enh13","ENSG00000004939"
5470,"enh6","ENSG00000136932"
5471,"enh9","ENSG00000235034"
5472,"enh2","ENSG00000070761"
5473,"enh1","ENSG00000119523"
5474,"enh2","ENSG00000129911"
5475,"enh5","ENSG00000102900"
5476,"enh6","ENSG00000213638"
5477,"enh2","ENSG00000136895"
5478,"enh3","ENSG00000186501"
5479,"enh11","ENSG00000110047"
5480,"enh14","ENSG00000095380"
5481,"enh3","ENSG00000160318"
5482,"enh4","ENSG00000106976"
5483,"enh3","ENSG00000174529"
5484,"enh8","ENSG00000182087"
5485,"enh14","ENSG00000168067"
5486,"enh13","ENSG00000143882"
5487,"enh12","ENSG00000068831"
5488,"enh7","ENSG00000136643"
5489,"enh8","ENSG00000011304"
5490,"enh2","ENSG00000169607"
5491,"enh14","ENSG00000187024"
5492,"enh8","ENSG00000136937"
5493,"enh10","ENSG00000161714"
5494,"enh9","ENSG00000168061"
5495,"enh12","ENSG00000167103"
5496,"enh3","ENSG00000153107"
5497,"enh12","ENSG00000204138"
5498,"enh8","ENSG00000134330"
5499,"enh12","ENSG00000176890"
5500,"enh14","ENSG00000165699"
5501,"enh9","ENSG00000069275"
5502,"enh12","ENSG00000187840"
5503,"enh3","ENSG00000117280"
5504,"enh12","ENSG00000133884"
5505,"enh8","ENSG00000204138"
5506,"enh9","ENSG00000136840"
5507,"enh7","ENSG00000104960"
5508,"enh11","ENSG00000120896"
5509,"enh7","ENSG00000110046"
5510,"enh6","ENSG00000106785"
5511,"enh8","ENSG00000125611"
5512,"enh10","ENSG00000182963"
5513,"enh13","ENSG00000148290"
5514,"enh6","ENSG00000254470"
5515,"enh4","ENSG00000122484"
5516,"enh14","ENSG00000136932"
5517,"enh4","ENSG00000064545"
5518,"enh4","ENSG00000165699"
5519,"enh5","ENSG00000168067"
5520,"enh6","ENSG00000006015"
5521,"enh6","ENSG00000161677"
5522,"enh2","ENSG00000169403"
5523,"enh12","ENSG00000131097"
5524,"enh10","ENSG00000099864"
5525,"enh10","ENSG00000099821"
5526,"enh13","ENSG00000174276"
5527,"enh12","ENSG00000167747"
5528,"enh8","ENSG00000158941"
5529,"enh11","ENSG00000172922"
5530,"enh3","ENSG00000171848"
5531,"enh8","ENSG00000069702"
5532,"enh8","ENSG00000104897"
5533,"enh2","ENSG00000102996"
5534,"enh6","ENSG00000148337"
5535,"enh9","ENSG00000213988"
5536,"enh3","ENSG00000196961"
5537,"enh12","ENSG00000160445"
5538,"enh11","ENSG00000143882"
5539,"enh6","ENSG00000138756"
5540,"enh4","ENSG00000147439"
5541,"enh6","ENSG00000161714"
5542,"enh14","ENSG00000167110"
5543,"enh1","ENSG00000130559"
5544,"enh2","ENSG00000104946"
5545,"enh5","ENSG00000115257"
5546,"enh7","ENSG00000010361"
5547,"enh11","ENSG00000144136"
5548,"enh10","ENSG00000167110"
5549,"enh11","ENSG00000115758"
5550,"enh7","ENSG00000105556"
5551,"enh1","ENSG00000174744"
5552,"enh13","ENSG00000088682"
5553,"enh11","ENSG00000105700"
5554,"enh12","ENSG00000198870"
5555,"enh3","ENSG00000014138"
5556,"enh7","ENSG00000105700"
5557,"enh5","ENSG00000149809"
5558,"enh7","ENSG00000135736"
5559,"enh5","ENSG00000198746"
5560,"enh3","ENSG00000136938"
5561,"enh10","ENSG00000129911"
5562,"enh10","ENSG00000186010"
5563,"enh6","ENSG00000197816"
5564,"enh9","ENSG00000175573"
5565,"enh14","ENSG00000125630"
5566,"enh4","ENSG00000141349"
5567,"enh7","ENSG00000090273"
5568,"enh11","ENSG00000152518"
5569,"enh12","ENSG00000138772"
5570,"enh10","ENSG00000131094"
5571,"enh11","ENSG00000108309"
5572,"enh8","ENSG00000131398"
5573,"enh1","ENSG00000165702"
5574,"enh12","ENSG00000087263"
5575,"enh6","ENSG00000129911"
5576,"enh5","ENSG00000153208"
5577,"enh8","ENSG00000167491"
5578,"enh6","ENSG00000126391"
5579,"enh10","ENSG00000136856"
5580,"enh13","ENSG00000129946"
5581,"enh5","ENSG00000165702"
5582,"enh1","ENSG00000175832"
5583,"enh10","ENSG00000186501"
5584,"enh7","ENSG00000149806"
5585,"enh13","ENSG00000204710"
5586,"enh2","ENSG00000148300"
5587,"enh1","ENSG00000170385"
5588,"enh4","ENSG00000254901"
5589,"enh5","ENSG00000125144"
5590,"enh13","ENSG00000136828"
5591,"enh13","ENSG00000256771"
5592,"enh14","ENSG00000180098"
5593,"enh1","ENSG00000133884"
5594,"enh12","ENSG00000172757"
5595,"enh7","ENSG00000165689"
5596,"enh8","ENSG00000144136"
5597,"enh8","ENSG00000143924"
5598,"enh14","ENSG00000173825"
5599,"enh1","ENSG00000168062"
5600,"enh8","ENSG00000115970"
5601,"enh2","ENSG00000136830"
5602,"enh1","ENSG00000162300"
5603,"enh8","ENSG00000187840"
5604,"enh8","ENSG00000148308"
5605,"enh2","ENSG00000120896"
5606,"enh7","ENSG00000104973"
5607,"enh9","ENSG00000160445"
5608,"enh10","ENSG00000170385"
5609,"enh4","ENSG00000158715"
5610,"enh10","ENSG00000090020"
5611,"enh3","ENSG00000107372"
5612,"enh10","ENSG00000108849"
5613,"enh12","ENSG00000198917"
5614,"enh5","ENSG00000142186"
5615,"enh12","ENSG00000188554"
5616,"enh13","ENSG00000165661"
5617,"enh4","ENSG00000167005"
5618,"enh1","ENSG00000105701"
5619,"enh14","ENSG00000115257"
5620,"enh5","ENSG00000119559"
5621,"enh9","ENSG00000119523"
5622,"enh6","ENSG00000149806"
5623,"enh7","ENSG00000213023"
5624,"enh13","ENSG00000110046"
5625,"enh7","ENSG00000131094"
5626,"enh11","ENSG00000213988"
5627,"enh8","ENSG00000005007"
5628,"enh1","ENSG00000148290"
5629,"enh2","ENSG00000228300"
5630,"enh7","ENSG00000090020"
5631,"enh3","ENSG00000181588"
5632,"enh6","ENSG00000180448"
5633,"enh14","ENSG00000198417"
5634,"enh4","ENSG00000148334"
5635,"enh1","ENSG00000196550"
5636,"enh8","ENSG00000148296"
5637,"enh10","ENSG00000180198"
5638,"enh13","ENSG00000198746"
5639,"enh10","ENSG00000102996"
5640,"enh14","ENSG00000067596"
5641,"enh3","ENSG00000143882"
5642,"enh8","ENSG00000104679"
5643,"enh13","ENSG00000159461"
5644,"enh2","ENSG00000175467"
5645,"enh11","ENSG00000175707"
5646,"enh7","ENSG00000165699"
5647,"enh7","ENSG00000117280"
5648,"enh5","ENSG00000171159"
5649,"enh4","ENSG00000108861"
5650,"enh8","ENSG00000065000"
5651,"enh14","ENSG00000106785"
5652,"enh5","ENSG00000144130"
5653,"enh11","ENSG00000105556"
5654,"enh7","ENSG00000069275"
5655,"enh6","ENSG00000165092"
5656,"enh10","ENSG00000136874"
5657,"enh11","ENSG00000105701"
5658,"enh14","ENSG00000170385"
5659,"enh7","ENSG00000071626"
5660,"enh10","ENSG00000203705"
5661,"enh10","ENSG00000122026"
5662,"enh12","ENSG00000142528"
5663,"enh1","ENSG00000159579"
5664,"enh8","ENSG00000221983"
5665,"enh3","ENSG00000099817"
5666,"enh12","ENSG00000254470"
5667,"enh12","ENSG00000183831"
5668,"enh3","ENSG00000165092"
5669,"enh6","ENSG00000064545"
5670,"enh14","ENSG00000006015"
5671,"enh2","ENSG00000175334"
5672,"enh11","ENSG00000136842"
5673,"enh14","ENSG00000004939"
5674,"enh14","ENSG00000005961"
5675,"enh14","ENSG00000102996"
5676,"enh12","ENSG00000068971"
5677,"enh10","ENSG00000165702"
5678,"enh5","ENSG00000129946"
5679,"enh11","ENSG00000168066"
5680,"enh6","ENSG00000238227"
5681,"enh6","ENSG00000071626"
5682,"enh4","ENSG00000122026"
5683,"enh14","ENSG00000125148"
5684,"enh1","ENSG00000068831"
5685,"enh13","ENSG00000160563"
5686,"enh8","ENSG00000167748"
5687,"enh2","ENSG00000104689"
5688,"enh10","ENSG00000171159"
5689,"enh2","ENSG00000136874"
5690,"enh6","ENSG00000148297"
5691,"enh6","ENSG00000105708"
5692,"enh9","ENSG00000149823"
5693,"enh8","ENSG00000136842"
5694,"enh7","ENSG00000142528"
5695,"enh14","ENSG00000189195"
5696,"enh14","ENSG00000135046"
5697,"enh12","ENSG00000180098"
5698,"enh10","ENSG00000122482"
5699,"enh4","ENSG00000175294"
5700,"enh3","ENSG00000228300"
5701,"enh12","ENSG00000130772"
5702,"enh1","ENSG00000174950"
5703,"enh1","ENSG00000119125"
5704,"enh2","ENSG00000140848"
5705,"enh11","ENSG00000184162"
5706,"enh7","ENSG00000172992"
5707,"enh12","ENSG00000135046"
5708,"enh11","ENSG00000105696"
5709,"enh3","ENSG00000168061"
5710,"enh6","ENSG00000134308"
5711,"enh9","ENSG00000186501"
5712,"enh10","ENSG00000177125"
5713,"enh2","ENSG00000167103"
5714,"enh14","ENSG00000197136"
5715,"enh9","ENSG00000117266"
5716,"enh13","ENSG00000167005"
5717,"enh3","ENSG00000175376"
5718,"enh3","ENSG00000159579"
5719,"enh14","ENSG00000196422"
5720,"enh7","ENSG00000099875"
5721,"enh7","ENSG00000174529"
5722,"enh7","ENSG00000167113"
5723,"enh2","ENSG00000070404"
5724,"enh7","ENSG00000166188"
5725,"enh8","ENSG00000120896"
5726,"enh3","ENSG00000162873"
5727,"enh14","ENSG00000156269"
5728,"enh14","ENSG00000141934"
5729,"enh4","ENSG00000175573"
5730,"enh7","ENSG00000175334"
5731,"enh10","ENSG00000106976"
5732,"enh5","ENSG00000136682"
5733,"enh12","ENSG00000064787"
5734,"enh13","ENSG00000148339"
5735,"enh7","ENSG00000107372"
5736,"enh6","ENSG00000144161"
5737,"enh14","ENSG00000106991"
5738,"enh7","ENSG00000130270"
5739,"enh12","ENSG00000103005"
5740,"enh3","ENSG00000172977"
5741,"enh14","ENSG00000106789"
5742,"enh2","ENSG00000130270"
5743,"enh8","ENSG00000105656"
5744,"enh13","ENSG00000167103"
5745,"enh10","ENSG00000161647"
5746,"enh10","ENSG00000117280"
5747,"enh14","ENSG00000105662"
5748,"enh4","ENSG00000147669"
5749,"enh11","ENSG00000062822"
5750,"enh10","ENSG00000165698"
5751,"enh2","ENSG00000125319"
5752,"enh12","ENSG00000012048"
5753,"enh2","ENSG00000136877"
5754,"enh11","ENSG00000153107"
5755,"enh6","ENSG00000161692"
5756,"enh8","ENSG00000165092"
5757,"enh10","ENSG00000161692"
5758,"enh13","ENSG00000117691"
5759,"enh13","ENSG00000099817"
5760,"enh10","ENSG00000184162"
5761,"enh6","ENSG00000174871"
5762,"enh7","ENSG00000125618"
5763,"enh11","ENSG00000130775"
5764,"enh9","ENSG00000144130"
5765,"enh1","ENSG00000064545"
5766,"enh10","ENSG00000198746"
5767,"enh9","ENSG00000133275"
5768,"enh12","ENSG00000142733"
5769,"enh11","ENSG00000130768"
5770,"enh7","ENSG00000147454"
5771,"enh7","ENSG00000142751"
5772,"enh4","ENSG00000204710"
5773,"enh4","ENSG00000106789"
5774,"enh11","ENSG00000171159"
5775,"enh12","ENSG00000064687"
5776,"enh3","ENSG00000167748"
5777,"enh8","ENSG00000144161"
5778,"enh11","ENSG00000162772"
5779,"enh14","ENSG00000115286"
5780,"enh12","ENSG00000148248"
5781,"enh13","ENSG00000147439"
5782,"enh11","ENSG00000105671"
5783,"enh12","ENSG00000104946"
5784,"enh2","ENSG00000104960"
5785,"enh5","ENSG00000064607"
5786,"enh11","ENSG00000082512"
5787,"enh5","ENSG00000117592"
5788,"enh14","ENSG00000141349"
5789,"enh5","ENSG00000197540"
5790,"enh4","ENSG00000005961"
5791,"enh5","ENSG00000160446"
5792,"enh7","ENSG00000238227"
5793,"enh13","ENSG00000071564"
5794,"enh14","ENSG00000160293"
5795,"enh11","ENSG00000198840"
5796,"enh8","ENSG00000068971"
5797,"enh10","ENSG00000174529"
5798,"enh10","ENSG00000108883"
5799,"enh13","ENSG00000181035"
5800,"enh11","ENSG00000180198"
5801,"enh3","ENSG00000174276"
5802,"enh3","ENSG00000122484"
5803,"enh6","ENSG00000104131"
5804,"enh6","ENSG00000143476"
5805,"enh13","ENSG00000107021"
5806,"enh14","ENSG00000186501"
5807,"enh5","ENSG00000165689"
5808,"enh11","ENSG00000105374"
5809,"enh9","ENSG00000172992"
5810,"enh14","ENSG00000171169"
5811,"enh2","ENSG00000175294"
5812,"enh2","ENSG00000175573"
5813,"enh5","ENSG00000174529"
5814,"enh8","ENSG00000099622"
5815,"enh3","ENSG00000142528"
5816,"enh9","ENSG00000182087"
5817,"enh14","ENSG00000162298"
5818,"enh13","ENSG00000174684"
5819,"enh9","ENSG00000136925"
5820,"enh14","ENSG00000133069"
5821,"enh10","ENSG00000104886"
5822,"enh12","ENSG00000144136"
5823,"enh4","ENSG00000144161"
5824,"enh10","ENSG00000117650"
5825,"enh11","ENSG00000116017"
5826,"enh7","ENSG00000175573"
5827,"enh5","ENSG00000064787"
5828,"enh10","ENSG00000099624"
5829,"enh9","ENSG00000091947"
5830,"enh10","ENSG00000115257"
5831,"enh2","ENSG00000099804"
5832,"enh7","ENSG00000126391"
5833,"enh12","ENSG00000158195"
5834,"enh10","ENSG00000064787"
5835,"enh14","ENSG00000197766"
5836,"enh14","ENSG00000106976"
5837,"enh9","ENSG00000167110"
5838,"enh12","ENSG00000213221"
5839,"enh12","ENSG00000090020"
5840,"enh8","ENSG00000228300"
5841,"enh3","ENSG00000136682"
5842,"enh2","ENSG00000142528"
5843,"enh12","ENSG00000104885"
5844,"enh12","ENSG00000196188"
5845,"enh1","ENSG00000130775"
5846,"enh6","ENSG00000133059"
5847,"enh8","ENSG00000160293"
5848,"enh3","ENSG00000173327"
5849,"enh9","ENSG00000167112"
5850,"enh6","ENSG00000186185"
5851,"enh6","ENSG00000117222"
5852,"enh9","ENSG00000165684"
5853,"enh11","ENSG00000130559"
5854,"enh9","ENSG00000136643"
5855,"enh14","ENSG00000174529"
5856,"enh3","ENSG00000181896"
5857,"enh9","ENSG00000129946"
5858,"enh13","ENSG00000105497"
5859,"enh10","ENSG00000180448"
5860,"enh13","ENSG00000152518"
5861,"enh4","ENSG00000106803"
5862,"enh4","ENSG00000082512"
5863,"enh10","ENSG00000174871"
5864,"enh3","ENSG00000167123"
5865,"enh6","ENSG00000103005"
5866,"enh4","ENSG00000213988"
5867,"enh2","ENSG00000099625"
5868,"enh11","ENSG00000104960"
5869,"enh10","ENSG00000160325"
5870,"enh8","ENSG00000167005"
5871,"enh1","ENSG00000108309"
5872,"enh7","ENSG00000125170"
5873,"enh13","ENSG00000167759"
5874,"enh13","ENSG00000105655"
5875,"enh10","ENSG00000160953"
5876,"enh6","ENSG00000172977"
5877,"enh9","ENSG00000004939"
5878,"enh10","ENSG00000136854"
5879,"enh8","ENSG00000136877"
5880,"enh2","ENSG00000115756"
5881,"enh14","ENSG00000175294"
5882,"enh5","ENSG00000108309"
5883,"enh13","ENSG00000149809"
5884,"enh12","ENSG00000136932"
5885,"enh7","ENSG00000122484"
5886,"enh1","ENSG00000120334"
5887,"enh13","ENSG00000167106"
5888,"enh11","ENSG00000169607"
5889,"enh9","ENSG00000105708"
5890,"enh2","ENSG00000152527"
5891,"enh6","ENSG00000175376"
5892,"enh5","ENSG00000129968"
5893,"enh5","ENSG00000129951"
5894,"enh5","ENSG00000012048"
5895,"enh14","ENSG00000130772"
5896,"enh3","ENSG00000198492"
5897,"enh6","ENSG00000120889"
5898,"enh1","ENSG00000064490"
5899,"enh12","ENSG00000171169"
5900,"enh3","ENSG00000069702"
5901,"enh10","ENSG00000125611"
5902,"enh5","ENSG00000107372"
5903,"enh14","ENSG00000184988"
5904,"enh3","ENSG00000204673"
5905,"enh2","ENSG00000136811"
5906,"enh10","ENSG00000172775"
5907,"enh13","ENSG00000204673"
5908,"enh9","ENSG00000188554"
5909,"enh11","ENSG00000136874"
5910,"enh13","ENSG00000014138"
5911,"enh9","ENSG00000104973"
5912,"enh12","ENSG00000082512"
5913,"enh14","ENSG00000136929"
5914,"enh13","ENSG00000136807"
5915,"enh10","ENSG00000006016"
5916,"enh3","ENSG00000106803"
5917,"enh13","ENSG00000136874"
5918,"enh8","ENSG00000120913"
5919,"enh13","ENSG00000168056"
5920,"enh10","ENSG00000136643"
5921,"enh3","ENSG00000133884"
5922,"enh2","ENSG00000187024"
5923,"enh8","ENSG00000070404"
5924,"enh6","ENSG00000108883"
5925,"enh6","ENSG00000076321"
5926,"enh13","ENSG00000184988"
5927,"enh9","ENSG00000158161"
5928,"enh7","ENSG00000148411"
5929,"enh13","ENSG00000167110"
5930,"enh11","ENSG00000174903"
5931,"enh5","ENSG00000142765"
5932,"enh2","ENSG00000106789"
5933,"enh7","ENSG00000102996"
5934,"enh5","ENSG00000213024"
5935,"enh2","ENSG00000160360"
5936,"enh11","ENSG00000204710"
5937,"enh9","ENSG00000120896"
5938,"enh4","ENSG00000117748"
5939,"enh9","ENSG00000162300"
5940,"enh14","ENSG00000144161"
5941,"enh6","ENSG00000119514"
5942,"enh12","ENSG00000175376"
5943,"enh2","ENSG00000005194"
5944,"enh13","ENSG00000106991"
5945,"enh11","ENSG00000130270"
5946,"enh4","ENSG00000100316"
5947,"enh6","ENSG00000172732"
5948,"enh9","ENSG00000011304"
5949,"enh12","ENSG00000196415"
5950,"enh13","ENSG00000180448"
5951,"enh14","ENSG00000167103"
5952,"enh3","ENSG00000135821"
5953,"enh1","ENSG00000165699"
5954,"enh12","ENSG00000100316"
5955,"enh12","ENSG00000125144"
5956,"enh9","ENSG00000126391"
5957,"enh2","ENSG00000166188"
5958,"enh13","ENSG00000175294"
5959,"enh1","ENSG00000117222"
5960,"enh4","ENSG00000162298"
5961,"enh13","ENSG00000186185"
5962,"enh10","ENSG00000161654"
5963,"enh12","ENSG00000127540"
5964,"enh10","ENSG00000104131"
5965,"enh2","ENSG00000105556"
5966,"enh8","ENSG00000184162"
5967,"enh9","ENSG00000198858"
5968,"enh1","ENSG00000153214"
5969,"enh13","ENSG00000197958"
5970,"enh3","ENSG00000167747"
5971,"enh13","ENSG00000099821"
5972,"enh13","ENSG00000119203"
5973,"enh7","ENSG00000148337"
5974,"enh13","ENSG00000162976"
5975,"enh13","ENSG00000159648"
5976,"enh9","ENSG00000095383"
5977,"enh12","ENSG00000158711"
5978,"enh12","ENSG00000120913"
5979,"enh12","ENSG00000186185"
5980,"enh1","ENSG00000142784"
5981,"enh5","ENSG00000104960"
5982,"enh10","ENSG00000173327"
5983,"enh7","ENSG00000130770"
5984,"enh3","ENSG00000175550"
5985,"enh10","ENSG00000174606"
5986,"enh9","ENSG00000130772"
5987,"enh4","ENSG00000187024"
5988,"enh5","ENSG00000167113"
5989,"enh4","ENSG00000167468"
5990,"enh1","ENSG00000160408"
5991,"enh8","ENSG00000167112"
5992,"enh11","ENSG00000167106"
5993,"enh2","ENSG00000105662"
5994,"enh11","ENSG00000197540"
5995,"enh4","ENSG00000119392"
5996,"enh1","ENSG00000168067"
5997,"enh12","ENSG00000069482"
5998,"enh9","ENSG00000116014"
5999,"enh3","ENSG00000064545"
6000,"enh7","ENSG00000160360"
6001,"enh5","ENSG00000186501"
6002,"enh2","ENSG00000133069"
6003,"enh9","ENSG00000129968"
6004,"enh6","ENSG00000125144"
6005,"enh14","ENSG00000148411"
6006,"enh13","ENSG00000162769"
6007,"enh14","ENSG00000117697"
6008,"enh11","ENSG00000103005"
6009,"enh5","ENSG00000142528"
6010,"enh14","ENSG00000144130"
6011,"enh14","ENSG00000089639"
6012,"enh8","ENSG00000177125"
6013,"enh10","ENSG00000071626"
6014,"enh12","ENSG00000162772"
6015,"enh9","ENSG00000144134"
6016,"enh3","ENSG00000162298"
6017,"enh11","ENSG00000142530"
6018,"enh7","ENSG00000160447"
6019,"enh14","ENSG00000172775"
6020,"enh5","ENSG00000181781"
6021,"enh13","ENSG00000152527"
6022,"enh13","ENSG00000106785"
6023,"enh14","ENSG00000160271"
6024,"enh8","ENSG00000071564"
6025,"enh9","ENSG00000104679"
6026,"enh1","ENSG00000186806"
6027,"enh9","ENSG00000130559"
6028,"enh10","ENSG00000126391"
6029,"enh7","ENSG00000105662"
6030,"enh9","ENSG00000122482"
6031,"enh11","ENSG00000181773"
6032,"enh12","ENSG00000149798"
6033,"enh8","ENSG00000175592"
6034,"enh7","ENSG00000186185"
6035,"enh14","ENSG00000097046"
6036,"enh2","ENSG00000167470"
6037,"enh9","ENSG00000099864"
6038,"enh14","ENSG00000203705"
6039,"enh4","ENSG00000152518"
6040,"enh10","ENSG00000117625"
6041,"enh7","ENSG00000180340"
6042,"enh2","ENSG00000126705"
6043,"enh12","ENSG00000105374"
6044,"enh5","ENSG00000175707"
6045,"enh4","ENSG00000197136"
6046,"enh5","ENSG00000011304"
6047,"enh14","ENSG00000130775"
6048,"enh7","ENSG00000160161"
6049,"enh12","ENSG00000125611"
6050,"enh12","ENSG00000161692"
6051,"enh11","ENSG00000105379"
6052,"enh6","ENSG00000141933"
6053,"enh9","ENSG00000198917"
6054,"enh3","ENSG00000105053"
6055,"enh13","ENSG00000152061"
6056,"enh11","ENSG00000105655"
6057,"enh4","ENSG00000129911"
6058,"enh4","ENSG00000102900"
6059,"enh1","ENSG00000136830"
6060,"enh5","ENSG00000106992"
6061,"enh13","ENSG00000172232"
6062,"enh1","ENSG00000130770"
6063,"enh2","ENSG00000120889"
6064,"enh10","ENSG00000130766"
6065,"enh1","ENSG00000197694"
6066,"enh7","ENSG00000148291"
6067,"enh8","ENSG00000079313"
6068,"enh13","ENSG00000131409"
6069,"enh10","ENSG00000064545"
6070,"enh8","ENSG00000173825"
6071,"enh3","ENSG00000140854"
6072,"enh4","ENSG00000119514"
6073,"enh3","ENSG00000143924"
6074,"enh7","ENSG00000185278"
6075,"enh2","ENSG00000149823"
6076,"enh11","ENSG00000168062"
6077,"enh3","ENSG00000123685"
6078,"enh1","ENSG00000172270"
6079,"enh9","ENSG00000196683"
6080,"enh8","ENSG00000130560"
6081,"enh1","ENSG00000105374"
6082,"enh5","ENSG00000102978"
6083,"enh12","ENSG00000160408"
6084,"enh3","ENSG00000114999"
6085,"enh6","ENSG00000182963"
6086,"enh8","ENSG00000174684"
6087,"enh13","ENSG00000153107"
6088,"enh3","ENSG00000156269"
6089,"enh4","ENSG00000176973"
6090,"enh14","ENSG00000115756"
6091,"enh6","ENSG00000133065"
6092,"enh13","ENSG00000136840"
6093,"enh9","ENSG00000136807"
6094,"enh12","ENSG00000123685"
6095,"enh9","ENSG00000142528"
6096,"enh10","ENSG00000131400"
6097,"enh14","ENSG00000133895"
6098,"enh11","ENSG00000136840"
6099,"enh11","ENSG00000172992"
6100,"enh11","ENSG00000175854"
6101,"enh5","ENSG00000065000"
6102,"enh14","ENSG00000181035"
6103,"enh13","ENSG00000119559"
6104,"enh10","ENSG00000039650"
6105,"enh1","ENSG00000227500"
6106,"enh13","ENSG00000130766"
6107,"enh1","ENSG00000071564"
6108,"enh7","ENSG00000148300"
6109,"enh13","ENSG00000105669"
6110,"enh11","ENSG00000039650"
6111,"enh14","ENSG00000104689"
6112,"enh4","ENSG00000197958"
6113,"enh12","ENSG00000125485"
6114,"enh11","ENSG00000079313"
6115,"enh14","ENSG00000087263"
6116,"enh1","ENSG00000159648"
6117,"enh14","ENSG00000241852"
6118,"enh9","ENSG00000174744"
6119,"enh4","ENSG00000120656"
6120,"enh6","ENSG00000119523"
6121,"enh8","ENSG00000155380"
6122,"enh8","ENSG00000117748"
6123,"enh13","ENSG00000213023"
6124,"enh4","ENSG00000012048"
6125,"enh3","ENSG00000196312"
6126,"enh8","ENSG00000102931"
6127,"enh14","ENSG00000148339"
6128,"enh6","ENSG00000187840"
6129,"enh13","ENSG00000099875"
6130,"enh12","ENSG00000180329"
6131,"enh7","ENSG00000134318"
6132,"enh12","ENSG00000165661"
6133,"enh7","ENSG00000167110"
6134,"enh10","ENSG00000008853"
6135,"enh4","ENSG00000136448"
6136,"enh7","ENSG00000102978"
6137,"enh9","ENSG00000136895"
6138,"enh9","ENSG00000198870"
6139,"enh2","ENSG00000104973"
6140,"enh4","ENSG00000160161"
6141,"enh1","ENSG00000181588"
6142,"enh10","ENSG00000105671"
6143,"enh12","ENSG00000175115"
6144,"enh3","ENSG00000108840"
6145,"enh8","ENSG00000136830"
6146,"enh3","ENSG00000160326"
6147,"enh3","ENSG00000126705"
6148,"enh11","ENSG00000162300"
6149,"enh7","ENSG00000184162"
6150,"enh6","ENSG00000147457"
6151,"enh13","ENSG00000148296"
6152,"enh3","ENSG00000125148"
6153,"enh1","ENSG00000105717"
6154,"enh13","ENSG00000162298"
6155,"enh2","ENSG00000156269"
6156,"enh13","ENSG00000151694"
6157,"enh14","ENSG00000105676"
6158,"enh8","ENSG00000189195"
6159,"enh11","ENSG00000014138"
6160,"enh4","ENSG00000068971"
6161,"enh6","ENSG00000125148"
6162,"enh6","ENSG00000165661"
6163,"enh6","ENSG00000133884"
6164,"enh1","ENSG00000130768"
6165,"enh12","ENSG00000213465"
6166,"enh1","ENSG00000070404"
6167,"enh7","ENSG00000172500"
6168,"enh14","ENSG00000172922"
6169,"enh14","ENSG00000120913"
6170,"enh2","ENSG00000196188"
6171,"enh11","ENSG00000095380"
6172,"enh11","ENSG00000070404"
6173,"enh6","ENSG00000115257"
6174,"enh10","ENSG00000172732"
6175,"enh9","ENSG00000175707"
6176,"enh11","ENSG00000228300"
6177,"enh14","ENSG00000136943"
6178,"enh2","ENSG00000180329"
6179,"enh7","ENSG00000256771"
6180,"enh6","ENSG00000213024"
6181,"enh1","ENSG00000172922"
6182,"enh5","ENSG00000108840"
6183,"enh8","ENSG00000141349"
6184,"enh4","ENSG00000125319"
6185,"enh6","ENSG00000079313"
6186,"enh6","ENSG00000071564"
6187,"enh9","ENSG00000110047"
6188,"enh5","ENSG00000119203"
6189,"enh10","ENSG00000099875"
6190,"enh11","ENSG00000130772"
6191,"enh10","ENSG00000158161"
6192,"enh1","ENSG00000148297"
6193,"enh3","ENSG00000166188"
6194,"enh6","ENSG00000115255"
6195,"enh9","ENSG00000172500"
6196,"enh2","ENSG00000167491"
6197,"enh6","ENSG00000106991"
6198,"enh10","ENSG00000105717"
6199,"enh12","ENSG00000148290"
6200,"enh11","ENSG00000100316"
6201,"enh9","ENSG00000071564"
6202,"enh7","ENSG00000167118"
6203,"enh4","ENSG00000123685"
6204,"enh3","ENSG00000167103"
6205,"enh3","ENSG00000136807"
6206,"enh7","ENSG00000149798"
6207,"enh11","ENSG00000120656"
6208,"enh11","ENSG00000136682"
6209,"enh7","ENSG00000147669"
6210,"enh2","ENSG00000160161"
6211,"enh2","ENSG00000123685"
6212,"enh5","ENSG00000167468"
6213,"enh14","ENSG00000117222"
6214,"enh5","ENSG00000099804"
6215,"enh7","ENSG00000227500"
6216,"enh2","ENSG00000167487"
6217,"enh3","ENSG00000184162"
6218,"enh5","ENSG00000141934"
6219,"enh9","ENSG00000187193"
6220,"enh11","ENSG00000148300"
6221,"enh9","ENSG00000169403"
6222,"enh3","ENSG00000174547"
6223,"enh14","ENSG00000174606"
6224,"enh12","ENSG00000105497"
6225,"enh6","ENSG00000172270"
6226,"enh13","ENSG00000172775"
6227,"enh5","ENSG00000108312"
6228,"enh5","ENSG00000062822"
6229,"enh1","ENSG00000030582"
6230,"enh11","ENSG00000068976"
6231,"enh13","ENSG00000117280"
6232,"enh13","ENSG00000174903"
6233,"enh4","ENSG00000167113"
6234,"enh12","ENSG00000228300"
6235,"enh7","ENSG00000203705"
6236,"enh3","ENSG00000136840"
6237,"enh5","ENSG00000149792"
6238,"enh10","ENSG00000012048"
6239,"enh11","ENSG00000118046"
6240,"enh14","ENSG00000171159"
6241,"enh13","ENSG00000235034"
6242,"enh11","ENSG00000160271"
6243,"enh7","ENSG00000162873"
6244,"enh12","ENSG00000198417"
6245,"enh13","ENSG00000173465"
6246,"enh3","ENSG00000136932"
6247,"enh8","ENSG00000014138"
6248,"enh10","ENSG00000181773"
6249,"enh3","ENSG00000116014"
6250,"enh13","ENSG00000181773"
6251,"enh6","ENSG00000196550"
6252,"enh11","ENSG00000156269"
6253,"enh14","ENSG00000181513"
6254,"enh6","ENSG00000115091"
6255,"enh1","ENSG00000119335"
6256,"enh1","ENSG00000068971"
6257,"enh14","ENSG00000168066"
6258,"enh6","ENSG00000099622"
6259,"enh12","ENSG00000138036"
6260,"enh4","ENSG00000064932"
6261,"enh5","ENSG00000228300"
6262,"enh7","ENSG00000197958"
6263,"enh1","ENSG00000125484"
6264,"enh8","ENSG00000013306"
6265,"enh10","ENSG00000130768"
6266,"enh9","ENSG00000062822"
6267,"enh10","ENSG00000071655"
6268,"enh10","ENSG00000204138"
6269,"enh5","ENSG00000105383"
6270,"enh2","ENSG00000119185"
6271,"enh5","ENSG00000162669"
6272,"enh1","ENSG00000198858"
6273,"enh5","ENSG00000161692"
6274,"enh14","ENSG00000120896"
6275,"enh5","ENSG00000008853"
6276,"enh1","ENSG00000136937"
6277,"enh14","ENSG00000186806"
6278,"enh14","ENSG00000167113"
6279,"enh1","ENSG00000104973"
6280,"enh10","ENSG00000196116"
6281,"enh6","ENSG00000169136"
6282,"enh2","ENSG00000174842"
6283,"enh7","ENSG00000171169"
6284,"enh2","ENSG00000160325"
6285,"enh5","ENSG00000087263"
6286,"enh11","ENSG00000186010"
6287,"enh1","ENSG00000141933"
6288,"enh11","ENSG00000122140"
6289,"enh10","ENSG00000064547"
6290,"enh1","ENSG00000177125"
6291,"enh10","ENSG00000197540"
6292,"enh1","ENSG00000181513"
6293,"enh11","ENSG00000196422"
6294,"enh5","ENSG00000161677"
6295,"enh1","ENSG00000115268"
6296,"enh5","ENSG00000151694"
6297,"enh8","ENSG00000105383"
6298,"enh8","ENSG00000130511"
6299,"enh9","ENSG00000131408"
6300,"enh8","ENSG00000166188"
6301,"enh14","ENSG00000182963"
6302,"enh3","ENSG00000165702"
6303,"enh9","ENSG00000186806"
6304,"enh3","ENSG00000165661"
6305,"enh11","ENSG00000091947"
6306,"enh6","ENSG00000144136"
6307,"enh11","ENSG00000071655"
6308,"enh2","ENSG00000165698"
6309,"enh13","ENSG00000187024"
6310,"enh12","ENSG00000116014"
6311,"enh4","ENSG00000115761"
6312,"enh3","ENSG00000241852"
6313,"enh2","ENSG00000039650"
6314,"enh12","ENSG00000188177"
6315,"enh9","ENSG00000106803"
6316,"enh10","ENSG00000115084"
6317,"enh5","ENSG00000144134"
6318,"enh10","ENSG00000140848"
6319,"enh7","ENSG00000153107"
6320,"enh13","ENSG00000149823"
6321,"enh11","ENSG00000174606"
6322,"enh3","ENSG00000250067"
6323,"enh5","ENSG00000117280"
6324,"enh13","ENSG00000108861"
6325,"enh9","ENSG00000131094"
6326,"enh4","ENSG00000064547"
6327,"enh3","ENSG00000087263"
6328,"enh4","ENSG00000148339"
6329,"enh7","ENSG00000148297"
6330,"enh1","ENSG00000011304"
6331,"enh5","ENSG00000163291"
6332,"enh6","ENSG00000175832"
6333,"enh9","ENSG00000125148"
6334,"enh13","ENSG00000162669"
6335,"enh6","ENSG00000135046"
6336,"enh11","ENSG00000176973"
6337,"enh9","ENSG00000181588"
6338,"enh13","ENSG00000182087"
6339,"enh5","ENSG00000014138"
6340,"enh13","ENSG00000099866"
6341,"enh6","ENSG00000172232"
6342,"enh3","ENSG00000134317"
6343,"enh3","ENSG00000106992"
6344,"enh4","ENSG00000030582"
6345,"enh4","ENSG00000070770"
6346,"enh10","ENSG00000115255"
6347,"enh11","ENSG00000135821"
6348,"enh6","ENSG00000175906"
6349,"enh12","ENSG00000238227"
6350,"enh10","ENSG00000104973"
6351,"enh7","ENSG00000175467"
6352,"enh10","ENSG00000188177"
6353,"enh10","ENSG00000174547"
6354,"enh11","ENSG00000198917"
6355,"enh8","ENSG00000135870"
6356,"enh5","ENSG00000136925"
6357,"enh10","ENSG00000169288"
6358,"enh9","ENSG00000148288"
6359,"enh11","ENSG00000065600"
6360,"enh12","ENSG00000134318"
6361,"enh9","ENSG00000105374"
6362,"enh13","ENSG00000175550"
6363,"enh5","ENSG00000160345"
6364,"enh5","ENSG00000186566"
6365,"enh9","ENSG00000010361"
6366,"enh10","ENSG00000088682"
6367,"enh2","ENSG00000011304"
6368,"enh13","ENSG00000136929"
6369,"enh1","ENSG00000143870"
6370,"enh13","ENSG00000180198"
6371,"enh10","ENSG00000142528"
6372,"enh10","ENSG00000129951"
6373,"enh4","ENSG00000130005"
6374,"enh9","ENSG00000147669"
6375,"enh7","ENSG00000134317"
6376,"enh11","ENSG00000135046"
6377,"enh5","ENSG00000104689"
6378,"enh6","ENSG00000184988"
6379,"enh1","ENSG00000175334"
6380,"enh2","ENSG00000115257"
6381,"enh3","ENSG00000070404"
6382,"enh9","ENSG00000071655"
6383,"enh11","ENSG00000174996"
6384,"enh11","ENSG00000166188"
6385,"enh8","ENSG00000064545"
6386,"enh1","ENSG00000108883"
6387,"enh6","ENSG00000148290"
6388,"enh14","ENSG00000186010"
6389,"enh2","ENSG00000143493"
6390,"enh12","ENSG00000133065"
6391,"enh13","ENSG00000087365"
6392,"enh5","ENSG00000134317"
6393,"enh13","ENSG00000136842"
6394,"enh13","ENSG00000173327"
6395,"enh10","ENSG00000102931"
6396,"enh6","ENSG00000104946"
6397,"enh7","ENSG00000064607"
6398,"enh13","ENSG00000148356"
6399,"enh4","ENSG00000153208"
6400,"enh4","ENSG00000129968"
6401,"enh1","ENSG00000174669"
6402,"enh8","ENSG00000160326"
6403,"enh3","ENSG00000198786"
6404,"enh5","ENSG00000178093"
6405,"enh1","ENSG00000253368"
6406,"enh13","ENSG00000005961"
6407,"enh10","ENSG00000125484"
6408,"enh9","ENSG00000117601"
6409,"enh9","ENSG00000030582"
6410,"enh12","ENSG00000130559"
6411,"enh10","ENSG00000143924"
6412,"enh4","ENSG00000115750"
6413,"enh5","ENSG00000143476"
6414,"enh7","ENSG00000106991"
6415,"enh4","ENSG00000008853"
6416,"enh14","ENSG00000175854"
6417,"enh7","ENSG00000167112"
6418,"enh7","ENSG00000162298"
6419,"enh7","ENSG00000175832"
6420,"enh6","ENSG00000148308"
6421,"enh3","ENSG00000143476"
6422,"enh3","ENSG00000149823"
6423,"enh11","ENSG00000181896"
6424,"enh4","ENSG00000117593"
6425,"enh8","ENSG00000136874"
6426,"enh11","ENSG00000006016"
6427,"enh14","ENSG00000172977"
6428,"enh4","ENSG00000133275"
6429,"enh11","ENSG00000089639"
6430,"enh5","ENSG00000149806"
6431,"enh13","ENSG00000174547"
6432,"enh11","ENSG00000123685"
6433,"enh7","ENSG00000125144"
6434,"enh5","ENSG00000149823"
6435,"enh14","ENSG00000105379"
6436,"enh12","ENSG00000181588"
6437,"enh3","ENSG00000196415"
6438,"enh2","ENSG00000115286"
6439,"enh5","ENSG00000071655"
6440,"enh7","ENSG00000197136"
6441,"enh11","ENSG00000182087"
6442,"enh5","ENSG00000158941"
6443,"enh9","ENSG00000241852"
6444,"enh13","ENSG00000160446"
6445,"enh7","ENSG00000129968"
6446,"enh2","ENSG00000168056"
6447,"enh7","ENSG00000196415"
6448,"enh5","ENSG00000126709"
6449,"enh6","ENSG00000144134"
6450,"enh2","ENSG00000158711"
6451,"enh10","ENSG00000167106"
6452,"enh3","ENSG00000064547"
6453,"enh4","ENSG00000117697"
6454,"enh3","ENSG00000011304"
6455,"enh2","ENSG00000105701"
6456,"enh1","ENSG00000142765"
6457,"enh14","ENSG00000105700"
6458,"enh13","ENSG00000011304"
6459,"enh3","ENSG00000130005"
6460,"enh6","ENSG00000039650"
6461,"enh7","ENSG00000108852"
6462,"enh4","ENSG00000136854"
6463,"enh5","ENSG00000133065"
6464,"enh12","ENSG00000153208"
6465,"enh1","ENSG00000136938"
6466,"enh3","ENSG00000175854"
6467,"enh10","ENSG00000114999"
6468,"enh7","ENSG00000115761"
6469,"enh2","ENSG00000105656"
6470,"enh6","ENSG00000130770"
6471,"enh11","ENSG00000105383"
6472,"enh3","ENSG00000105662"
6473,"enh10","ENSG00000162772"
6474,"enh12","ENSG00000175832"
6475,"enh8","ENSG00000198417"
6476,"enh8","ENSG00000117593"
6477,"enh2","ENSG00000162772"
6478,"enh7","ENSG00000115758"
6479,"enh14","ENSG00000140859"
6480,"enh8","ENSG00000117222"
6481,"enh8","ENSG00000172732"
6482,"enh7","ENSG00000235034"
6483,"enh5","ENSG00000138767"
6484,"enh5","ENSG00000099864"
6485,"enh4","ENSG00000065000"
6486,"enh4","ENSG00000051108"
6487,"enh12","ENSG00000089639"
6488,"enh12","ENSG00000142186"
6489,"enh7","ENSG00000186010"
6490,"enh13","ENSG00000134330"
6491,"enh5","ENSG00000114999"
6492,"enh14","ENSG00000129911"
6493,"enh3","ENSG00000167487"
6494,"enh14","ENSG00000117748"
6495,"enh11","ENSG00000148297"
6496,"enh7","ENSG00000160325"
6497,"enh12","ENSG00000196961"
6498,"enh13","ENSG00000104973"
6499,"enh2","ENSG00000071655"
6500,"enh11","ENSG00000123684"
6501,"enh10","ENSG00000148296"
6502,"enh5","ENSG00000106785"
6503,"enh6","ENSG00000115268"
6504,"enh8","ENSG00000142765"
6505,"enh10","ENSG00000136830"
6506,"enh9","ENSG00000014138"
6507,"enh5","ENSG00000168061"
6508,"enh8","ENSG00000172232"
6509,"enh5","ENSG00000097046"
6510,"enh8","ENSG00000120334"
6511,"enh13","ENSG00000115750"
6512,"enh10","ENSG00000256771"
6513,"enh2","ENSG00000176890"
6514,"enh8","ENSG00000161647"
6515,"enh11","ENSG00000131408"
6516,"enh13","ENSG00000167487"
6517,"enh8","ENSG00000160271"
6518,"enh4","ENSG00000116014"
6519,"enh2","ENSG00000182087"
6520,"enh11","ENSG00000104897"
6521,"enh9","ENSG00000186010"
6522,"enh5","ENSG00000172922"
6523,"enh6","ENSG00000147669"
6524,"enh7","ENSG00000117697"
6525,"enh14","ENSG00000136842"
6526,"enh3","ENSG00000167136"
6527,"enh6","ENSG00000136874"
6528,"enh12","ENSG00000125124"
6529,"enh14","ENSG00000174516"
6530,"enh8","ENSG00000104946"
6531,"enh1","ENSG00000178093"
6532,"enh6","ENSG00000065000"
6533,"enh10","ENSG00000107290"
6534,"enh9","ENSG00000166188"
6535,"enh13","ENSG00000133884"
6536,"enh3","ENSG00000167112"
6537,"enh6","ENSG00000125485"
6538,"enh13","ENSG00000198840"
6539,"enh7","ENSG00000140859"
6540,"enh1","ENSG00000105656"
6541,"enh8","ENSG00000186010"
6542,"enh8","ENSG00000110046"
6543,"enh5","ENSG00000162241"
6544,"enh7","ENSG00000162669"
6545,"enh9","ENSG00000065600"
6546,"enh10","ENSG00000148297"
6547,"enh4","ENSG00000066027"
6548,"enh8","ENSG00000142751"
6549,"enh11","ENSG00000138767"
6550,"enh7","ENSG00000197694"
6551,"enh7","ENSG00000172922"
6552,"enh14","ENSG00000165688"
6553,"enh3","ENSG00000108309"
6554,"enh10","ENSG00000115761"
6555,"enh13","ENSG00000090020"
6556,"enh6","ENSG00000165688"
6557,"enh5","ENSG00000131408"
6558,"enh13","ENSG00000161647"
6559,"enh3","ENSG00000161682"
6560,"enh6","ENSG00000068831"
6561,"enh1","ENSG00000099840"
6562,"enh11","ENSG00000196312"
6563,"enh14","ENSG00000010361"
6564,"enh8","ENSG00000136828"
6565,"enh5","ENSG00000197766"
6566,"enh14","ENSG00000181588"
6567,"enh1","ENSG00000198840"
6568,"enh8","ENSG00000116014"
6569,"enh13","ENSG00000148288"
6570,"enh10","ENSG00000168061"
6571,"enh10","ENSG00000174996"
6572,"enh3","ENSG00000065000"
6573,"enh2","ENSG00000162976"
6574,"enh1","ENSG00000138772"
6575,"enh7","ENSG00000175115"
6576,"enh3","ENSG00000185278"
6577,"enh5","ENSG00000223802"
6578,"enh2","ENSG00000160563"
6579,"enh1","ENSG00000160446"
6580,"enh11","ENSG00000126709"
6581,"enh5","ENSG00000104973"
6582,"enh13","ENSG00000181513"
6583,"enh2","ENSG00000133059"
6584,"enh8","ENSG00000196312"
6585,"enh10","ENSG00000168067"
6586,"enh6","ENSG00000116014"
6587,"enh5","ENSG00000160447"
6588,"enh8","ENSG00000138772"
6589,"enh8","ENSG00000116017"
6590,"enh3","ENSG00000197958"
6591,"enh3","ENSG00000131408"
6592,"enh13","ENSG00000065000"
6593,"enh8","ENSG00000106976"
6594,"enh5","ENSG00000087365"
6595,"enh13","ENSG00000115944"
6596,"enh13","ENSG00000133243"
6597,"enh3","ENSG00000070770"
6598,"enh3","ENSG00000213024"
6599,"enh7","ENSG00000103005"
6600,"enh5","ENSG00000172775"
6601,"enh14","ENSG00000161682"
6602,"enh13","ENSG00000120913"
6603,"enh4","ENSG00000105696"
6604,"enh4","ENSG00000105556"
6605,"enh10","ENSG00000107021"
6606,"enh1","ENSG00000144136"
6607,"enh9","ENSG00000006016"
6608,"enh11","ENSG00000161647"
6609,"enh5","ENSG00000116017"
6610,"enh8","ENSG00000167114"
6611,"enh12","ENSG00000125319"
6612,"enh8","ENSG00000186501"
6613,"enh9","ENSG00000177125"
6614,"enh13","ENSG00000115257"
6615,"enh13","ENSG00000071655"
6616,"enh2","ENSG00000062822"
6617,"enh4","ENSG00000104689"
6618,"enh8","ENSG00000129946"
6619,"enh6","ENSG00000009780"
6620,"enh13","ENSG00000161677"
6621,"enh9","ENSG00000155380"
6622,"enh10","ENSG00000106799"
6623,"enh3","ENSG00000142186"
6624,"enh8","ENSG00000069275"
6625,"enh1","ENSG00000198786"
6626,"enh6","ENSG00000196415"
6627,"enh14","ENSG00000183831"
6628,"enh12","ENSG00000142765"
6629,"enh8","ENSG00000090273"
6630,"enh14","ENSG00000138756"
6631,"enh2","ENSG00000198917"
6632,"enh1","ENSG00000160161"
6633,"enh7","ENSG00000176890"
6634,"enh3","ENSG00000106976"
6635,"enh5","ENSG00000105717"
6636,"enh6","ENSG00000107372"
6637,"enh6","ENSG00000197694"
6638,"enh10","ENSG00000196152"
6639,"enh5","ENSG00000064666"
6640,"enh11","ENSG00000175592"
6641,"enh4","ENSG00000162873"
6642,"enh7","ENSG00000125485"
6643,"enh4","ENSG00000147454"
6644,"enh12","ENSG00000108840"
6645,"enh13","ENSG00000165699"
6646,"enh1","ENSG00000014216"
6647,"enh13","ENSG00000008853"
6648,"enh12","ENSG00000136938"
6649,"enh10","ENSG00000213465"
6650,"enh10","ENSG00000165689"
6651,"enh9","ENSG00000119203"
6652,"enh10","ENSG00000119335"
6653,"enh9","ENSG00000162976"
6654,"enh8","ENSG00000196415"
6655,"enh12","ENSG00000167136"
6656,"enh3","ENSG00000175906"
6657,"enh7","ENSG00000174516"
6658,"enh6","ENSG00000162976"
6659,"enh3","ENSG00000167106"
6660,"enh4","ENSG00000180448"
6661,"enh10","ENSG00000167487"
6662,"enh10","ENSG00000108852"
6663,"enh6","ENSG00000172757"
6664,"enh3","ENSG00000104973"
6665,"enh7","ENSG00000097046"
6666,"enh4","ENSG00000104960"
6667,"enh6","ENSG00000070761"
6668,"enh3","ENSG00000136448"
6669,"enh12","ENSG00000115268"
6670,"enh7","ENSG00000125611"
6671,"enh7","ENSG00000106803"
6672,"enh12","ENSG00000162241"
6673,"enh4","ENSG00000136877"
6674,"enh10","ENSG00000198858"
6675,"enh2","ENSG00000102978"
6676,"enh7","ENSG00000130513"
6677,"enh1","ENSG00000169403"
6678,"enh10","ENSG00000010361"
6679,"enh2","ENSG00000178093"
6680,"enh13","ENSG00000186806"
6681,"enh2","ENSG00000181588"
6682,"enh4","ENSG00000174871"
6683,"enh2","ENSG00000147457"
6684,"enh9","ENSG00000174851"
6685,"enh4","ENSG00000009780"
6686,"enh3","ENSG00000129933"
6687,"enh4","ENSG00000197816"
6688,"enh10","ENSG00000136938"
6689,"enh9","ENSG00000117650"
6690,"enh5","ENSG00000196152"
6691,"enh6","ENSG00000198417"
6692,"enh13","ENSG00000148411"
6693,"enh4","ENSG00000148291"
6694,"enh3","ENSG00000254901"
6695,"enh8","ENSG00000235034"
6696,"enh11","ENSG00000115255"
6697,"enh3","ENSG00000051108"
6698,"enh3","ENSG00000106785"
6699,"enh2","ENSG00000064547"
6700,"enh4","ENSG00000174669"
6701,"enh4","ENSG00000149798"
6702,"enh12","ENSG00000122140"
6703,"enh3","ENSG00000088682"
6704,"enh14","ENSG00000148248"
6705,"enh8","ENSG00000129951"
6706,"enh10","ENSG00000129968"
6707,"enh10","ENSG00000149823"
6708,"enh9","ENSG00000117593"
6709,"enh6","ENSG00000165702"
6710,"enh3","ENSG00000163291"
6711,"enh9","ENSG00000102978"
6712,"enh6","ENSG00000106799"
6713,"enh13","ENSG00000106976"
6714,"enh1","ENSG00000104689"
6715,"enh13","ENSG00000131408"
6716,"enh7","ENSG00000158941"
6717,"enh3","ENSG00000178093"
6718,"enh4","ENSG00000141934"
6719,"enh7","ENSG00000198417"
6720,"enh3","ENSG00000030582"
6721,"enh1","ENSG00000133275"
6722,"enh5","ENSG00000119514"
6723,"enh1","ENSG00000120896"
6724,"enh9","ENSG00000134308"
6725,"enh3","ENSG00000144130"
6726,"enh13","ENSG00000108883"
6727,"enh7","ENSG00000197816"
6728,"enh2","ENSG00000138036"
6729,"enh13","ENSG00000160271"
6730,"enh9","ENSG00000227500"
6731,"enh6","ENSG00000165699"
6732,"enh5","ENSG00000117691"
6733,"enh5","ENSG00000152527"
6734,"enh4","ENSG00000161647"
6735,"enh5","ENSG00000119333"
6736,"enh1","ENSG00000104885"
6737,"enh8","ENSG00000089639"
6738,"enh10","ENSG00000152527"
6739,"enh11","ENSG00000051108"
6740,"enh4","ENSG00000149823"
6741,"enh13","ENSG00000014216"
6742,"enh8","ENSG00000158715"
6743,"enh5","ENSG00000126698"
6744,"enh8","ENSG00000130559"
6745,"enh3","ENSG00000105379"
6746,"enh8","ENSG00000174529"
6747,"enh9","ENSG00000254470"
6748,"enh14","ENSG00000104946"
6749,"enh9","ENSG00000162241"
6750,"enh4","ENSG00000131398"
6751,"enh6","ENSG00000130768"
6752,"enh1","ENSG00000161671"
6753,"enh9","ENSG00000254986"
6754,"enh11","ENSG00000148248"
6755,"enh5","ENSG00000144136"
6756,"enh2","ENSG00000009780"
6757,"enh6","ENSG00000167491"
6758,"enh3","ENSG00000198746"
6759,"enh11","ENSG00000066027"
6760,"enh10","ENSG00000180098"
6761,"enh14","ENSG00000131400"
6762,"enh9","ENSG00000196312"
6763,"enh4","ENSG00000168066"
6764,"enh9","ENSG00000130005"
6765,"enh5","ENSG00000117625"
6766,"enh7","ENSG00000115286"
6767,"enh2","ENSG00000196683"
6768,"enh4","ENSG00000175906"
6769,"enh6","ENSG00000186501"
6770,"enh6","ENSG00000162419"
6771,"enh8","ENSG00000148303"
6772,"enh11","ENSG00000175467"
6773,"enh9","ENSG00000110046"
6774,"enh2","ENSG00000172757"
6775,"enh5","ENSG00000181035"
6776,"enh9","ENSG00000134317"
6777,"enh3","ENSG00000162300"
6778,"enh7","ENSG00000129946"
6779,"enh3","ENSG00000127540"
6780,"enh7","ENSG00000161654"
6781,"enh14","ENSG00000064545"
6782,"enh2","ENSG00000131408"
6783,"enh5","ENSG00000172059"
6784,"enh8","ENSG00000197694"
6785,"enh5","ENSG00000136856"
6786,"enh2","ENSG00000119203"
6787,"enh6","ENSG00000160326"
6788,"enh14","ENSG00000095383"
6789,"enh2","ENSG00000105717"
6790,"enh5","ENSG00000180329"
6791,"enh14","ENSG00000181773"
6792,"enh5","ENSG00000005194"
6793,"enh12","ENSG00000104886"
6794,"enh9","ENSG00000105497"
6795,"enh11","ENSG00000197816"
6796,"enh12","ENSG00000181773"
6797,"enh2","ENSG00000106976"
6798,"enh11","ENSG00000136943"
6799,"enh12","ENSG00000108883"
6800,"enh3","ENSG00000172500"
6801,"enh7","ENSG00000160563"
6802,"enh6","ENSG00000181588"
6803,"enh1","ENSG00000153107"
6804,"enh1","ENSG00000160318"
6805,"enh12","ENSG00000129968"
6806,"enh11","ENSG00000160447"
6807,"enh2","ENSG00000175115"
6808,"enh6","ENSG00000136908"
6809,"enh2","ENSG00000125148"
6810,"enh8","ENSG00000108883"
6811,"enh8","ENSG00000173465"
6812,"enh13","ENSG00000136830"
6813,"enh14","ENSG00000158715"
6814,"enh4","ENSG00000197694"
6815,"enh4","ENSG00000125148"
6816,"enh8","ENSG00000067596"
6817,"enh12","ENSG00000136842"
6818,"enh12","ENSG00000165702"
6819,"enh9","ENSG00000106785"
6820,"enh13","ENSG00000067596"
6821,"enh7","ENSG00000117625"
6822,"enh9","ENSG00000161682"
6823,"enh2","ENSG00000142544"
6824,"enh14","ENSG00000130270"
6825,"enh2","ENSG00000254986"
6826,"enh9","ENSG00000117748"
6827,"enh9","ENSG00000165688"
6828,"enh12","ENSG00000070770"
6829,"enh13","ENSG00000147669"
6830,"enh12","ENSG00000142784"
6831,"enh8","ENSG00000008853"
6832,"enh9","ENSG00000071626"
6833,"enh14","ENSG00000198840"
6834,"enh12","ENSG00000115944"
6835,"enh12","ENSG00000168061"
6836,"enh1","ENSG00000142544"
6837,"enh2","ENSG00000238227"
6838,"enh7","ENSG00000136929"
6839,"enh10","ENSG00000136811"
6840,"enh10","ENSG00000116014"
6841,"enh13","ENSG00000117592"
6842,"enh1","ENSG00000108852"
6843,"enh4","ENSG00000196415"
6844,"enh7","ENSG00000174903"
6845,"enh14","ENSG00000197694"
6846,"enh7","ENSG00000066027"
6847,"enh12","ENSG00000151694"
6848,"enh5","ENSG00000115756"
6849,"enh10","ENSG00000120896"
6850,"enh8","ENSG00000103021"
6851,"enh13","ENSG00000162241"
6852,"enh2","ENSG00000108883"
6853,"enh6","ENSG00000133069"
6854,"enh10","ENSG00000148290"
6855,"enh13","ENSG00000105671"
6856,"enh2","ENSG00000064666"
6857,"enh10","ENSG00000105708"
6858,"enh6","ENSG00000133895"
6859,"enh13","ENSG00000160404"
6860,"enh2","ENSG00000064787"
6861,"enh1","ENSG00000122484"
6862,"enh10","ENSG00000070388"
6863,"enh12","ENSG00000122026"
6864,"enh4","ENSG00000104897"
6865,"enh12","ENSG00000136908"
6866,"enh9","ENSG00000108309"
6867,"enh12","ENSG00000138767"
6868,"enh3","ENSG00000105374"
6869,"enh13","ENSG00000167748"
6870,"enh1","ENSG00000136807"
6871,"enh10","ENSG00000108861"
6872,"enh11","ENSG00000213465"
6873,"enh10","ENSG00000149806"
6874,"enh8","ENSG00000064607"
6875,"enh10","ENSG00000131398"
6876,"enh8","ENSG00000196422"
6877,"enh5","ENSG00000167136"
6878,"enh9","ENSG00000160345"
6879,"enh10","ENSG00000138756"
6880,"enh1","ENSG00000161654"
6881,"enh1","ENSG00000129968"
6882,"enh8","ENSG00000129933"
6883,"enh9","ENSG00000183831"
6884,"enh14","ENSG00000175602"
6885,"enh5","ENSG00000161647"
6886,"enh8","ENSG00000142544"
6887,"enh2","ENSG00000070388"
6888,"enh9","ENSG00000067596"
6889,"enh1","ENSG00000142530"
6890,"enh5","ENSG00000105374"
6891,"enh12","ENSG00000174529"
6892,"enh10","ENSG00000162976"
6893,"enh10","ENSG00000198870"
6894,"enh2","ENSG00000104131"
6895,"enh5","ENSG00000136830"
6896,"enh8","ENSG00000238227"
6897,"enh5","ENSG00000188177"
6898,"enh12","ENSG00000143476"
6899,"enh4","ENSG00000183831"
6900,"enh2","ENSG00000148296"
6901,"enh14","ENSG00000006016"
6902,"enh3","ENSG00000130766"
6903,"enh10","ENSG00000175294"
6904,"enh5","ENSG00000141933"
6905,"enh8","ENSG00000175573"
6906,"enh5","ENSG00000198917"
6907,"enh4","ENSG00000165702"
6908,"enh7","ENSG00000105656"
6909,"enh3","ENSG00000148303"
6910,"enh14","ENSG00000105053"
6911,"enh1","ENSG00000102900"
6912,"enh9","ENSG00000122026"
6913,"enh1","ENSG00000160271"
6914,"enh6","ENSG00000115761"
6915,"enh1","ENSG00000116014"
6916,"enh14","ENSG00000254901"
6917,"enh4","ENSG00000116017"
6918,"enh7","ENSG00000114999"
6919,"enh9","ENSG00000115970"
6920,"enh6","ENSG00000198786"
6921,"enh1","ENSG00000163297"
6922,"enh8","ENSG00000185278"
6923,"enh2","ENSG00000105696"
6924,"enh5","ENSG00000119335"
6925,"enh9","ENSG00000161677"
6926,"enh1","ENSG00000153208"
6927,"enh8","ENSG00000102900"
6928,"enh2","ENSG00000213445"
6929,"enh2","ENSG00000143870"
6930,"enh4","ENSG00000223802"
6931,"enh10","ENSG00000186806"
6932,"enh1","ENSG00000197136"
6933,"enh13","ENSG00000197816"
6934,"enh1","ENSG00000181773"
6935,"enh4","ENSG00000104679"
6936,"enh13","ENSG00000158195"
6937,"enh14","ENSG00000120889"
6938,"enh8","ENSG00000169403"
6939,"enh14","ENSG00000197540"
6940,"enh6","ENSG00000155380"
6941,"enh1","ENSG00000115944"
6942,"enh3","ENSG00000171219"
6943,"enh8","ENSG00000180098"
6944,"enh7","ENSG00000006016"
6945,"enh12","ENSG00000149823"
6946,"enh10","ENSG00000159579"
6947,"enh7","ENSG00000095383"
6948,"enh7","ENSG00000160271"
6949,"enh4","ENSG00000171169"
6950,"enh12","ENSG00000119185"
6951,"enh4","ENSG00000162976"
6952,"enh2","ENSG00000119392"
6953,"enh11","ENSG00000140859"
6954,"enh10","ENSG00000065600"
6955,"enh4","ENSG00000254986"
6956,"enh3","ENSG00000175221"
6957,"enh12","ENSG00000130513"
6958,"enh5","ENSG00000162769"
6959,"enh11","ENSG00000064687"
6960,"enh2","ENSG00000165684"
6961,"enh3","ENSG00000160953"
6962,"enh1","ENSG00000213221"
6963,"enh9","ENSG00000064787"
6964,"enh8","ENSG00000197766"
6965,"enh9","ENSG00000141349"
6966,"enh13","ENSG00000102996"
6967,"enh9","ENSG00000167113"
6968,"enh7","ENSG00000070761"
6969,"enh8","ENSG00000162241"
6970,"enh5","ENSG00000099817"
6971,"enh11","ENSG00000197217"
6972,"enh2","ENSG00000160345"
6973,"enh7","ENSG00000213445"
6974,"enh10","ENSG00000117691"
6975,"enh6","ENSG00000136856"
6976,"enh3","ENSG00000115970"
6977,"enh10","ENSG00000006015"
6978,"enh6","ENSG00000090273"
6979,"enh11","ENSG00000175832"
6980,"enh12","ENSG00000136828"
6981,"enh2","ENSG00000174529"
6982,"enh14","ENSG00000168591"
6983,"enh9","ENSG00000136682"
6984,"enh2","ENSG00000102931"
6985,"enh1","ENSG00000130005"
6986,"enh8","ENSG00000147454"
6987,"enh3","ENSG00000185198"
6988,"enh7","ENSG00000131097"
6989,"enh6","ENSG00000134318"
6990,"enh6","ENSG00000105655"
6991,"enh6","ENSG00000088682"
6992,"enh13","ENSG00000142530"
6993,"enh6","ENSG00000105556"
6994,"enh7","ENSG00000119514"
6995,"enh6","ENSG00000153107"
6996,"enh13","ENSG00000070423"
6997,"enh4","ENSG00000143476"
6998,"enh1","ENSG00000123684"
6999,"enh5","ENSG00000115758"
7000,"enh3","ENSG00000160446"
7001,"enh9","ENSG00000151694"
7002,"enh13","ENSG00000125485"
7003,"enh5","ENSG00000105726"
7004,"enh4","ENSG00000181513"
7005,"enh3","ENSG00000160293"
7006,"enh13","ENSG00000101132"
7007,"enh1","ENSG00000175294"
7008,"enh3","ENSG00000129951"
7009,"enh2","ENSG00000160326"
7010,"enh1","ENSG00000172757"
7011,"enh12","ENSG00000181896"
7012,"enh13","ENSG00000064666"
7013,"enh13","ENSG00000163291"
7014,"enh2","ENSG00000122484"
7015,"enh3","ENSG00000148248"
7016,"enh12","ENSG00000174842"
7017,"enh13","ENSG00000213638"
7018,"enh14","ENSG00000133243"
7019,"enh6","ENSG00000196188"
7020,"enh5","ENSG00000197958"
7021,"enh14","ENSG00000138767"
7022,"enh12","ENSG00000158715"
7023,"enh4","ENSG00000228300"
7024,"enh8","ENSG00000064666"
7025,"enh11","ENSG00000140848"
7026,"enh6","ENSG00000161682"
7027,"enh14","ENSG00000129968"
7028,"enh13","ENSG00000162772"
7029,"enh10","ENSG00000136828"
7030,"enh4","ENSG00000238227"
7031,"enh2","ENSG00000076321"
7032,"enh11","ENSG00000105053"
7033,"enh12","ENSG00000196116"
7034,"enh5","ENSG00000133275"
7035,"enh7","ENSG00000133884"
7036,"enh2","ENSG00000162241"
7037,"enh6","ENSG00000168056"
7038,"enh11","ENSG00000197958"
7039,"enh14","ENSG00000175467"
7040,"enh9","ENSG00000148308"
7041,"enh3","ENSG00000089639"
7042,"enh2","ENSG00000115091"
7043,"enh3","ENSG00000064787"
7044,"enh4","ENSG00000196116"
7045,"enh1","ENSG00000152518"
7046,"enh14","ENSG00000013306"
7047,"enh11","ENSG00000165684"
7048,"enh1","ENSG00000071655"
7049,"enh3","ENSG00000175115"
7050,"enh8","ENSG00000115286"
7051,"enh8","ENSG00000125482"
7052,"enh3","ENSG00000188177"
7053,"enh7","ENSG00000110047"
7054,"enh12","ENSG00000172270"
7055,"enh1","ENSG00000187193"
7056,"enh12","ENSG00000105700"
7057,"enh4","ENSG00000131097"
7058,"enh3","ENSG00000204710"
7059,"enh13","ENSG00000142784"
7060,"enh12","ENSG00000125170"
7061,"enh13","ENSG00000162419"
7062,"enh1","ENSG00000167759"
7063,"enh8","ENSG00000014216"
7064,"enh11","ENSG00000161654"
7065,"enh14","ENSG00000196116"
7066,"enh8","ENSG00000197958"
7067,"enh2","ENSG00000198858"
7068,"enh5","ENSG00000160161"
7069,"enh4","ENSG00000105662"
7070,"enh5","ENSG00000160360"
7071,"enh12","ENSG00000144130"
7072,"enh1","ENSG00000115761"
7073,"enh14","ENSG00000119333"
7074,"enh11","ENSG00000104131"
7075,"enh12","ENSG00000115750"
7076,"enh13","ENSG00000115758"
7077,"enh10","ENSG00000156269"
7078,"enh4","ENSG00000140848"
7079,"enh14","ENSG00000138772"
7080,"enh2","ENSG00000253368"
7081,"enh11","ENSG00000099817"
7082,"enh5","ENSG00000171219"
7083,"enh6","ENSG00000122026"
7084,"enh14","ENSG00000070423"
7085,"enh9","ENSG00000197217"
7086,"enh8","ENSG00000119335"
7087,"enh8","ENSG00000173327"
7088,"enh8","ENSG00000140848"
7089,"enh8","ENSG00000149823"
7090,"enh5","ENSG00000099821"
7091,"enh13","ENSG00000162878"
7092,"enh8","ENSG00000133069"
7093,"enh8","ENSG00000167468"
7094,"enh6","ENSG00000110047"
7095,"enh9","ENSG00000253368"
7096,"enh10","ENSG00000167005"
7097,"enh4","ENSG00000172270"
7098,"enh3","ENSG00000142544"
7099,"enh5","ENSG00000142544"
7100,"enh8","ENSG00000175115"
7101,"enh3","ENSG00000161677"
7102,"enh9","ENSG00000160408"
7103,"enh14","ENSG00000126709"
7104,"enh10","ENSG00000142784"
7105,"enh4","ENSG00000174744"
7106,"enh2","ENSG00000105671"
7107,"enh6","ENSG00000108309"
7108,"enh7","ENSG00000105053"
7109,"enh2","ENSG00000099875"
7110,"enh5","ENSG00000186185"
7111,"enh7","ENSG00000153214"
7112,"enh10","ENSG00000133243"
7113,"enh14","ENSG00000125485"
7114,"enh10","ENSG00000130005"
7115,"enh4","ENSG00000104973"
7116,"enh5","ENSG00000172232"
7117,"enh7","ENSG00000131409"
7118,"enh3","ENSG00000108861"
7119,"enh2","ENSG00000197217"
7120,"enh12","ENSG00000122484"
7121,"enh1","ENSG00000161692"
7122,"enh12","ENSG00000162419"
7123,"enh1","ENSG00000136895"
7124,"enh10","ENSG00000105053"
7125,"enh7","ENSG00000131400"
7126,"enh2","ENSG00000142784"
7127,"enh14","ENSG00000253368"
7128,"enh1","ENSG00000167747"
7129,"enh8","ENSG00000135046"
7130,"enh5","ENSG00000189195"
7131,"enh9","ENSG00000012048"
7132,"enh3","ENSG00000197540"
7133,"enh6","ENSG00000125630"
7134,"enh3","ENSG00000171169"
7135,"enh14","ENSG00000106992"
7136,"enh14","ENSG00000105701"
7137,"enh11","ENSG00000148290"
7138,"enh4","ENSG00000069275"
7139,"enh3","ENSG00000125319"
7140,"enh8","ENSG00000213221"
7141,"enh4","ENSG00000151694"
7142,"enh9","ENSG00000170385"
7143,"enh2","ENSG00000187840"
7144,"enh8","ENSG00000142530"
7145,"enh4","ENSG00000099804"
7146,"enh14","ENSG00000167114"
7147,"enh2","ENSG00000005007"
7148,"enh13","ENSG00000140859"
7149,"enh13","ENSG00000167491"
7150,"enh1","ENSG00000148334"
7151,"enh2","ENSG00000125618"
7152,"enh6","ENSG00000148300"
7153,"enh6","ENSG00000117280"
7154,"enh5","ENSG00000117222"
7155,"enh13","ENSG00000167113"
7156,"enh1","ENSG00000188177"
7157,"enh1","ENSG00000009780"
7158,"enh4","ENSG00000161671"
7159,"enh10","ENSG00000167118"
7160,"enh2","ENSG00000136943"
7161,"enh9","ENSG00000070388"
7162,"enh7","ENSG00000148356"
7163,"enh10","ENSG00000148339"
7164,"enh7","ENSG00000136830"
7165,"enh4","ENSG00000172775"
7166,"enh10","ENSG00000163297"
7167,"enh8","ENSG00000185198"
7168,"enh10","ENSG00000143476"
7169,"enh10","ENSG00000082512"
7170,"enh10","ENSG00000144136"
7171,"enh13","ENSG00000148300"
7172,"enh11","ENSG00000071626"
7173,"enh1","ENSG00000120889"
7174,"enh14","ENSG00000142544"
7175,"enh8","ENSG00000167123"
7176,"enh6","ENSG00000125124"
7177,"enh5","ENSG00000125319"
7178,"enh10","ENSG00000099804"
7179,"enh14","ENSG00000168062"
7180,"enh2","ENSG00000069702"
7181,"enh13","ENSG00000120889"
7182,"enh12","ENSG00000235034"
7183,"enh8","ENSG00000180198"
7184,"enh13","ENSG00000161654"
7185,"enh12","ENSG00000173442"
7186,"enh8","ENSG00000130770"
7187,"enh13","ENSG00000076321"
7188,"enh13","ENSG00000129933"
7189,"enh10","ENSG00000105701"
7190,"enh4","ENSG00000175467"
7191,"enh6","ENSG00000181781"
7192,"enh13","ENSG00000160445"
7193,"enh6","ENSG00000126705"
7194,"enh11","ENSG00000262874"
7195,"enh7","ENSG00000142544"
7196,"enh11","ENSG00000160953"
7197,"enh8","ENSG00000106799"
7198,"enh6","ENSG00000177125"
7199,"enh8","ENSG00000173039"
7200,"enh14","ENSG00000131398"
7201,"enh8","ENSG00000136448"
7202,"enh2","ENSG00000174996"
7203,"enh9","ENSG00000152061"
7204,"enh4","ENSG00000136938"
7205,"enh3","ENSG00000187840"
7206,"enh4","ENSG00000213465"
7207,"enh6","ENSG00000122482"
7208,"enh3","ENSG00000147439"
7209,"enh11","ENSG00000133069"
7210,"enh9","ENSG00000070761"
7211,"enh14","ENSG00000160325"
7212,"enh11","ENSG00000115268"
7213,"enh7","ENSG00000204138"
7214,"enh2","ENSG00000181773"
7215,"enh8","ENSG00000115750"
7216,"enh13","ENSG00000104679"
7217,"enh10","ENSG00000175221"
7218,"enh8","ENSG00000108312"
7219,"enh9","ENSG00000117625"
7220,"enh3","ENSG00000151694"
7221,"enh7","ENSG00000064787"
7222,"enh14","ENSG00000110047"
7223,"enh11","ENSG00000131400"
7224,"enh10","ENSG00000175334"
7225,"enh5","ENSG00000148308"
7226,"enh14","ENSG00000104973"
7227,"enh4","ENSG00000105676"
7228,"enh14","ENSG00000198746"
7229,"enh4","ENSG00000115758"
7230,"enh6","ENSG00000103021"
7231,"enh2","ENSG00000165661"
7232,"enh2","ENSG00000196415"
7233,"enh5","ENSG00000167103"
7234,"enh12","ENSG00000126698"
7235,"enh8","ENSG00000158711"
7236,"enh6","ENSG00000189195"
7237,"enh2","ENSG00000197540"
7238,"enh7","ENSG00000147439"
7239,"enh1","ENSG00000117650"
7240,"enh3","ENSG00000130511"
7241,"enh12","ENSG00000172992"
7242,"enh4","ENSG00000170385"
7243,"enh13","ENSG00000066027"
7244,"enh14","ENSG00000117751"
7245,"enh11","ENSG00000101132"
7246,"enh13","ENSG00000136936"
7247,"enh6","ENSG00000099804"
7248,"enh8","ENSG00000106991"
7249,"enh6","ENSG00000130270"
7250,"enh9","ENSG00000188177"
7251,"enh1","ENSG00000119185"
7252,"enh3","ENSG00000167114"
7253,"enh4","ENSG00000161677"
7254,"enh5","ENSG00000130560"
7255,"enh9","ENSG00000186566"
7256,"enh1","ENSG00000105655"
7257,"enh2","ENSG00000173465"
7258,"enh3","ENSG00000160404"
7259,"enh11","ENSG00000133895"
7260,"enh2","ENSG00000095383"
7261,"enh14","ENSG00000152518"
7262,"enh6","ENSG00000006016"
7263,"enh9","ENSG00000213023"
7264,"enh11","ENSG00000090020"
7265,"enh4","ENSG00000099622"
7266,"enh10","ENSG00000051128"
7267,"enh3","ENSG00000004939"
7268,"enh13","ENSG00000198492"
7269,"enh2","ENSG00000162878"
7270,"enh3","ENSG00000142751"
7271,"enh5","ENSG00000140854"
7272,"enh6","ENSG00000105717"
7273,"enh8","ENSG00000133895"
7274,"enh13","ENSG00000175854"
7275,"enh1","ENSG00000213638"
7276,"enh12","ENSG00000104689"
7277,"enh5","ENSG00000196116"
7278,"enh6","ENSG00000125484"
7279,"enh13","ENSG00000184162"
7280,"enh13","ENSG00000138767"
7281,"enh3","ENSG00000104885"
7282,"enh6","ENSG00000162772"
7283,"enh2","ENSG00000095380"
7284,"enh14","ENSG00000014138"
7285,"enh2","ENSG00000196961"
7286,"enh12","ENSG00000167123"
7287,"enh4","ENSG00000117280"
7288,"enh2","ENSG00000155380"
7289,"enh7","ENSG00000105701"
7290,"enh2","ENSG00000153208"
7291,"enh4","ENSG00000172500"
7292,"enh11","ENSG00000099622"
7293,"enh5","ENSG00000197217"
7294,"enh9","ENSG00000159579"
7295,"enh7","ENSG00000161714"
7296,"enh10","ENSG00000120656"
7297,"enh10","ENSG00000138767"
7298,"enh5","ENSG00000117593"
7299,"enh13","ENSG00000136932"
7300,"enh7","ENSG00000117748"
7301,"enh10","ENSG00000011304"
7302,"enh5","ENSG00000197694"
7303,"enh11","ENSG00000120913"
7304,"enh13","ENSG00000253368"
7305,"enh7","ENSG00000171848"
7306,"enh7","ENSG00000187024"
7307,"enh3","ENSG00000167118"
7308,"enh11","ENSG00000213024"
7309,"enh4","ENSG00000147457"
7310,"enh11","ENSG00000104679"
7311,"enh5","ENSG00000136895"
7312,"enh2","ENSG00000142733"
7313,"enh9","ENSG00000162769"
7314,"enh6","ENSG00000082512"
7315,"enh13","ENSG00000196152"
7316,"enh14","ENSG00000153208"
7317,"enh5","ENSG00000122484"
7318,"enh14","ENSG00000181781"
7319,"enh5","ENSG00000172500"
7320,"enh11","ENSG00000160404"
7321,"enh10","ENSG00000176890"
7322,"enh6","ENSG00000167748"
7323,"enh11","ENSG00000125611"
7324,"enh11","ENSG00000174547"
7325,"enh14","ENSG00000160345"
7326,"enh2","ENSG00000227500"
7327,"enh3","ENSG00000169607"
7328,"enh11","ENSG00000105472"
7329,"enh4","ENSG00000169288"
7330,"enh3","ENSG00000070388"
7331,"enh4","ENSG00000104946"
7332,"enh4","ENSG00000168061"
7333,"enh13","ENSG00000188554"
7334,"enh13","ENSG00000174516"
7335,"enh13","ENSG00000165698"
7336,"enh5","ENSG00000136877"
7337,"enh4","ENSG00000148300"
7338,"enh4","ENSG00000115255"
7339,"enh7","ENSG00000149792"
7340,"enh11","ENSG00000172775"
7341,"enh8","ENSG00000125170"
7342,"enh1","ENSG00000186010"
7343,"enh9","ENSG00000129911"
7344,"enh7","ENSG00000181513"
7345,"enh10","ENSG00000181513"
7346,"enh7","ENSG00000079313"
7347,"enh3","ENSG00000186566"
7348,"enh2","ENSG00000136856"
7349,"enh3","ENSG00000158715"
7350,"enh2","ENSG00000167110"
7351,"enh13","ENSG00000099622"
7352,"enh6","ENSG00000149792"
7353,"enh1","ENSG00000163291"
7354,"enh10","ENSG00000140854"
7355,"enh7","ENSG00000115084"
7356,"enh5","ENSG00000117650"
7357,"enh4","ENSG00000165689"
7358,"enh5","ENSG00000101132"
7359,"enh9","ENSG00000173039"
7360,"enh8","ENSG00000115758"
7361,"enh5","ENSG00000131097"
7362,"enh12","ENSG00000174903"
7363,"enh6","ENSG00000172992"
7364,"enh2","ENSG00000134318"
