"selection_order","grna_target","response_id"
1,"enh3","ENSG00000180448"
2,"enh6","ENSG00000197958"
3,"enh7","ENSG00000115286"
4,"enh10","ENSG00000168067"
5,"enh4","ENSG00000148300"
6,"enh6","ENSG00000196422"
7,"enh8","ENSG00000253368"
8,"enh2","ENSG00000090273"
9,"enh8","ENSG00000149798"
10,"enh11","ENSG00000198746"
11,"enh3","ENSG00000104689"
12,"enh4","ENSG00000070404"
13,"enh10","ENSG00000064787"
14,"enh11","ENSG00000039650"
15,"enh14","ENSG00000135736"
16,"enh5","ENSG00000136874"
17,"enh13","ENSG00000165092"
18,"enh11","ENSG00000099624"
19,"enh10","ENSG00000172059"
20,"enh4","ENSG00000175467"
21,"enh11","ENSG00000161654"
22,"enh5","ENSG00000175854"
23,"enh14","ENSG00000250067"
24,"enh10","ENSG00000142765"
25,"enh8","ENSG00000144134"
26,"enh12","ENSG00000159579"
27,"enh11","ENSG00000168061"
28,"enh6","ENSG00000068831"
29,"enh10","ENSG00000070404"
30,"enh2","ENSG00000119185"
31,"enh12","ENSG00000102900"
32,"enh9","ENSG00000180340"
33,"enh5","ENSG00000256771"
34,"enh11","ENSG00000167748"
35,"enh4","ENSG00000102934"
36,"enh7","ENSG00000008853"
37,"enh1","ENSG00000130775"
38,"enh5","ENSG00000174996"
39,"enh8","ENSG00000148339"
40,"enh1","ENSG00000198917"
41,"enh3","ENSG00000161647"
42,"enh11","ENSG00000068976"
43,"enh11","ENSG00000127540"
44,"enh8","ENSG00000069275"
45,"enh7","ENSG00000136908"
46,"enh7","ENSG00000198786"
47,"enh7","ENSG00000166188"
48,"enh14","ENSG00000117751"
49,"enh12","ENSG00000175294"
50,"enh4","ENSG00000115750"
51,"enh10","ENSG00000115970"
52,"enh9","ENSG00000136877"
53,"enh13","ENSG00000136448"
54,"enh7","ENSG00000136895"
55,"enh6","ENSG00000188177"
56,"enh5","ENSG00000167748"
57,"enh13","ENSG00000136936"
58,"enh1","ENSG00000160563"
59,"enh8","ENSG00000142530"
60,"enh5","ENSG00000104960"
61,"enh10","ENSG00000227500"
62,"enh2","ENSG00000198746"
63,"enh1","ENSG00000104886"
64,"enh10","ENSG00000188177"
65,"enh4","ENSG00000142765"
66,"enh7","ENSG00000115257"
67,"enh5","ENSG00000185761"
68,"enh7","ENSG00000158711"
69,"enh6","ENSG00000104885"
70,"enh6","ENSG00000213221"
71,"enh11","ENSG00000141933"
72,"enh9","ENSG00000142765"
73,"enh6","ENSG00000158195"
74,"enh10","ENSG00000171169"
75,"enh6","ENSG00000129911"
76,"enh6","ENSG00000115756"
77,"enh1","ENSG00000167487"
78,"enh12","ENSG00000213445"
79,"enh6","ENSG00000161692"
80,"enh4","ENSG00000198492"
81,"enh12","ENSG00000104897"
82,"enh9","ENSG00000153208"
83,"enh5","ENSG00000198858"
84,"enh7","ENSG00000161682"
85,"enh3","ENSG00000117758"
86,"enh3","ENSG00000167005"
87,"enh7","ENSG00000014216"
88,"enh2","ENSG00000198840"
89,"enh9","ENSG00000014138"
90,"enh12","ENSG00000148303"
91,"enh7","ENSG00000104886"
92,"enh8","ENSG00000160563"
93,"enh4","ENSG00000117280"
94,"enh11","ENSG00000235034"
95,"enh2","ENSG00000148288"
96,"enh11","ENSG00000125319"
97,"enh13","ENSG00000168056"
98,"enh4","ENSG00000175832"
99,"enh14","ENSG00000165702"
100,"enh3","ENSG00000039650"
101,"enh10","ENSG00000108861"
102,"enh9","ENSG00000175832"
103,"enh3","ENSG00000130513"
104,"enh11","ENSG00000167103"
105,"enh3","ENSG00000175592"
106,"enh9","ENSG00000010361"
107,"enh12","ENSG00000105383"
108,"enh13","ENSG00000184988"
109,"enh12","ENSG00000177125"
110,"enh10","ENSG00000238227"
111,"enh2","ENSG00000138036"
112,"enh1","ENSG00000221983"
113,"enh4","ENSG00000185198"
114,"enh11","ENSG00000196961"
115,"enh7","ENSG00000160326"
116,"enh1","ENSG00000168062"
117,"enh7","ENSG00000180448"
118,"enh8","ENSG00000099625"
119,"enh14","ENSG00000103021"
120,"enh14","ENSG00000148297"
121,"enh3","ENSG00000171848"
122,"enh9","ENSG00000174871"
123,"enh10","ENSG00000213445"
124,"enh1","ENSG00000135821"
125,"enh5","ENSG00000173465"
126,"enh10","ENSG00000256771"
127,"enh4","ENSG00000067596"
128,"enh10","ENSG00000161671"
129,"enh11","ENSG00000250067"
130,"enh6","ENSG00000167491"
131,"enh11","ENSG00000160325"
132,"enh9","ENSG00000148339"
133,"enh1","ENSG00000130513"
134,"enh11","ENSG00000065000"
135,"enh4","ENSG00000204710"
136,"enh5","ENSG00000119185"
137,"enh7","ENSG00000090020"
138,"enh12","ENSG00000119523"
139,"enh14","ENSG00000064547"
140,"enh11","ENSG00000175854"
141,"enh9","ENSG00000167123"
142,"enh4","ENSG00000011304"
143,"enh14","ENSG00000065600"
144,"enh11","ENSG00000160445"
145,"enh7","ENSG00000213638"
146,"enh12","ENSG00000114999"
147,"enh3","ENSG00000149809"
148,"enh8","ENSG00000223802"
149,"enh2","ENSG00000136828"
150,"enh5","ENSG00000159461"
151,"enh6","ENSG00000120889"
152,"enh6","ENSG00000106803"
153,"enh3","ENSG00000148296"
154,"enh9","ENSG00000180198"
155,"enh10","ENSG00000133895"
156,"enh14","ENSG00000162976"
157,"enh11","ENSG00000151694"
158,"enh6","ENSG00000161654"
159,"enh8","ENSG00000136682"
160,"enh10","ENSG00000136895"
161,"enh2","ENSG00000138767"
162,"enh7","ENSG00000183831"
163,"enh11","ENSG00000158195"
164,"enh12","ENSG00000125319"
165,"enh10","ENSG00000105662"
166,"enh3","ENSG00000144161"
167,"enh11","ENSG00000213024"
168,"enh6","ENSG00000117592"
169,"enh8","ENSG00000106976"
170,"enh5","ENSG00000187840"
171,"enh4","ENSG00000125170"
172,"enh11","ENSG00000064607"
173,"enh3","ENSG00000175221"
174,"enh9","ENSG00000181896"
175,"enh9","ENSG00000130270"
176,"enh11","ENSG00000130768"
177,"enh4","ENSG00000148296"
178,"enh10","ENSG00000163297"
179,"enh6","ENSG00000148248"
180,"enh2","ENSG00000169288"
181,"enh2","ENSG00000108309"
182,"enh11","ENSG00000169136"
183,"enh10","ENSG00000168056"
184,"enh1","ENSG00000165661"
185,"enh12","ENSG00000187840"
186,"enh3","ENSG00000135736"
187,"enh1","ENSG00000161647"
188,"enh6","ENSG00000117601"
189,"enh12","ENSG00000104885"
190,"enh13","ENSG00000130768"
191,"enh9","ENSG00000213024"
192,"enh10","ENSG00000213638"
193,"enh11","ENSG00000135046"
194,"enh3","ENSG00000122484"
195,"enh10","ENSG00000136938"
196,"enh8","ENSG00000106799"
197,"enh6","ENSG00000130560"
198,"enh1","ENSG00000153107"
199,"enh8","ENSG00000131408"
200,"enh11","ENSG00000221983"
201,"enh3","ENSG00000175467"
202,"enh12","ENSG00000102978"
203,"enh8","ENSG00000213988"
204,"enh3","ENSG00000105556"
205,"enh11","ENSG00000123685"
206,"enh4","ENSG00000167748"
207,"enh8","ENSG00000176890"
208,"enh1","ENSG00000110046"
209,"enh1","ENSG00000147439"
210,"enh9","ENSG00000196312"
211,"enh6","ENSG00000135870"
212,"enh5","ENSG00000104679"
213,"enh1","ENSG00000256771"
214,"enh1","ENSG00000136932"
215,"enh7","ENSG00000159648"
216,"enh5","ENSG00000171940"
217,"enh4","ENSG00000148297"
218,"enh9","ENSG00000117751"
219,"enh13","ENSG00000071655"
220,"enh3","ENSG00000117593"
221,"enh4","ENSG00000116017"
222,"enh3","ENSG00000142186"
223,"enh3","ENSG00000185198"
224,"enh2","ENSG00000172270"
225,"enh7","ENSG00000087263"
226,"enh8","ENSG00000115758"
227,"enh7","ENSG00000088682"
228,"enh11","ENSG00000099804"
229,"enh9","ENSG00000254986"
230,"enh9","ENSG00000115756"
231,"enh4","ENSG00000149798"
232,"enh2","ENSG00000068971"
233,"enh4","ENSG00000106785"
234,"enh2","ENSG00000186566"
235,"enh8","ENSG00000142186"
236,"enh8","ENSG00000171219"
237,"enh3","ENSG00000181588"
238,"enh8","ENSG00000167113"
239,"enh9","ENSG00000005007"
240,"enh12","ENSG00000130770"
241,"enh3","ENSG00000070423"
242,"enh8","ENSG00000159579"
243,"enh3","ENSG00000161654"
244,"enh2","ENSG00000143493"
245,"enh12","ENSG00000134318"
246,"enh11","ENSG00000203705"
247,"enh10","ENSG00000187840"
248,"enh5","ENSG00000105556"
249,"enh8","ENSG00000175602"
250,"enh12","ENSG00000066027"
251,"enh14","ENSG00000105383"
252,"enh2","ENSG00000105383"
253,"enh7","ENSG00000136925"
254,"enh1","ENSG00000172992"
255,"enh12","ENSG00000160360"
256,"enh14","ENSG00000008853"
257,"enh12","ENSG00000160345"
258,"enh6","ENSG00000169403"
259,"enh12","ENSG00000108852"
260,"enh5","ENSG00000196312"
261,"enh7","ENSG00000221983"
262,"enh1","ENSG00000105383"
263,"enh4","ENSG00000140859"
264,"enh13","ENSG00000187840"
265,"enh10","ENSG00000106803"
266,"enh5","ENSG00000082512"
267,"enh11","ENSG00000119185"
268,"enh13","ENSG00000130775"
269,"enh14","ENSG00000130772"
270,"enh14","ENSG00000174606"
271,"enh2","ENSG00000136932"
272,"enh8","ENSG00000118046"
273,"enh1","ENSG00000119559"
274,"enh5","ENSG00000186566"
275,"enh10","ENSG00000117266"
276,"enh13","ENSG00000129968"
277,"enh10","ENSG00000174669"
278,"enh3","ENSG00000235034"
279,"enh5","ENSG00000115944"
280,"enh12","ENSG00000162769"
281,"enh12","ENSG00000162241"
282,"enh13","ENSG00000167112"
283,"enh9","ENSG00000136682"
284,"enh12","ENSG00000130005"
285,"enh6","ENSG00000165699"
286,"enh9","ENSG00000162873"
287,"enh12","ENSG00000174996"
288,"enh12","ENSG00000181513"
289,"enh4","ENSG00000051108"
290,"enh8","ENSG00000147457"
291,"enh7","ENSG00000117280"
292,"enh1","ENSG00000129933"
293,"enh7","ENSG00000115091"
294,"enh9","ENSG00000143476"
295,"enh6","ENSG00000144134"
296,"enh12","ENSG00000117592"
297,"enh6","ENSG00000133243"
298,"enh6","ENSG00000197136"
299,"enh10","ENSG00000153208"
300,"enh3","ENSG00000160445"
301,"enh2","ENSG00000134317"
302,"enh10","ENSG00000119559"
303,"enh13","ENSG00000213024"
304,"enh7","ENSG00000167106"
305,"enh11","ENSG00000099864"
306,"enh11","ENSG00000181588"
307,"enh5","ENSG00000174547"
308,"enh3","ENSG00000148290"
309,"enh5","ENSG00000158711"
310,"enh5","ENSG00000181035"
311,"enh8","ENSG00000108309"
312,"enh11","ENSG00000106803"
313,"enh12","ENSG00000064687"
314,"enh12","ENSG00000131408"
315,"enh14","ENSG00000142765"
316,"enh5","ENSG00000115257"
317,"enh13","ENSG00000172922"
318,"enh1","ENSG00000159579"
319,"enh9","ENSG00000173825"
320,"enh9","ENSG00000117625"
321,"enh4","ENSG00000099624"
322,"enh5","ENSG00000004939"
323,"enh7","ENSG00000064687"
324,"enh1","ENSG00000087152"
325,"enh14","ENSG00000162300"
326,"enh11","ENSG00000198917"
327,"enh11","ENSG00000172081"
328,"enh9","ENSG00000148334"
329,"enh4","ENSG00000149806"
330,"enh6","ENSG00000120913"
331,"enh13","ENSG00000143476"
332,"enh1","ENSG00000120913"
333,"enh8","ENSG00000006016"
334,"enh13","ENSG00000108312"
335,"enh12","ENSG00000107021"
336,"enh7","ENSG00000102931"
337,"enh13","ENSG00000152527"
338,"enh6","ENSG00000133895"
339,"enh5","ENSG00000064787"
340,"enh12","ENSG00000254470"
341,"enh13","ENSG00000129946"
342,"enh13","ENSG00000250067"
343,"enh8","ENSG00000221983"
344,"enh13","ENSG00000005007"
345,"enh12","ENSG00000175573"
346,"enh3","ENSG00000174851"
347,"enh12","ENSG00000057935"
348,"enh5","ENSG00000187193"
349,"enh1","ENSG00000125485"
350,"enh11","ENSG00000136877"
351,"enh11","ENSG00000172500"
352,"enh9","ENSG00000175573"
353,"enh11","ENSG00000051108"
354,"enh3","ENSG00000213465"
355,"enh4","ENSG00000163291"
356,"enh13","ENSG00000138767"
357,"enh10","ENSG00000185761"
358,"enh12","ENSG00000175602"
359,"enh1","ENSG00000167110"
360,"enh6","ENSG00000064490"
361,"enh8","ENSG00000125485"
362,"enh12","ENSG00000005007"
363,"enh4","ENSG00000136925"
364,"enh10","ENSG00000091947"
365,"enh6","ENSG00000175832"
366,"enh14","ENSG00000122482"
367,"enh8","ENSG00000173327"
368,"enh14","ENSG00000197816"
369,"enh10","ENSG00000175906"
370,"enh6","ENSG00000167487"
371,"enh2","ENSG00000175467"
372,"enh5","ENSG00000196683"
373,"enh1","ENSG00000142530"
374,"enh13","ENSG00000198917"
375,"enh7","ENSG00000136932"
376,"enh2","ENSG00000070388"
377,"enh9","ENSG00000122482"
378,"enh1","ENSG00000197217"
379,"enh14","ENSG00000051108"
380,"enh8","ENSG00000127540"
381,"enh2","ENSG00000144130"
382,"enh12","ENSG00000180340"
383,"enh3","ENSG00000099624"
384,"enh12","ENSG00000147457"
385,"enh14","ENSG00000070761"
386,"enh14","ENSG00000174744"
387,"enh2","ENSG00000152527"
388,"enh3","ENSG00000136877"
389,"enh10","ENSG00000136854"
390,"enh7","ENSG00000010361"
391,"enh2","ENSG00000165698"
392,"enh7","ENSG00000125148"
393,"enh4","ENSG00000091947"
394,"enh12","ENSG00000136877"
395,"enh7","ENSG00000119523"
396,"enh9","ENSG00000115268"
397,"enh3","ENSG00000115758"
398,"enh14","ENSG00000126709"
399,"enh6","ENSG00000196152"
400,"enh9","ENSG00000198417"
401,"enh3","ENSG00000161677"
402,"enh2","ENSG00000238227"
403,"enh3","ENSG00000254901"
404,"enh9","ENSG00000204673"
405,"enh4","ENSG00000134330"
406,"enh5","ENSG00000167747"
407,"enh8","ENSG00000105676"
408,"enh5","ENSG00000130511"
409,"enh6","ENSG00000082512"
410,"enh1","ENSG00000153208"
411,"enh7","ENSG00000142544"
412,"enh10","ENSG00000069702"
413,"enh5","ENSG00000174516"
414,"enh9","ENSG00000134317"
415,"enh7","ENSG00000161692"
416,"enh2","ENSG00000108312"
417,"enh3","ENSG00000071626"
418,"enh3","ENSG00000198746"
419,"enh9","ENSG00000138036"
420,"enh7","ENSG00000142784"
421,"enh9","ENSG00000181781"
422,"enh7","ENSG00000174276"
423,"enh2","ENSG00000130005"
424,"enh1","ENSG00000115286"
425,"enh6","ENSG00000172270"
426,"enh10","ENSG00000174684"
427,"enh4","ENSG00000105700"
428,"enh11","ENSG00000117748"
429,"enh8","ENSG00000131094"
430,"enh4","ENSG00000005007"
431,"enh4","ENSG00000105497"
432,"enh7","ENSG00000130560"
433,"enh4","ENSG00000177125"
434,"enh8","ENSG00000213445"
435,"enh13","ENSG00000106991"
436,"enh10","ENSG00000228300"
437,"enh1","ENSG00000167468"
438,"enh6","ENSG00000135736"
439,"enh1","ENSG00000130511"
440,"enh14","ENSG00000160326"
441,"enh6","ENSG00000065268"
442,"enh11","ENSG00000161714"
443,"enh6","ENSG00000108849"
444,"enh6","ENSG00000171848"
445,"enh10","ENSG00000153107"
446,"enh8","ENSG00000147439"
447,"enh5","ENSG00000181781"
448,"enh11","ENSG00000134317"
449,"enh6","ENSG00000165698"
450,"enh11","ENSG00000069702"
451,"enh11","ENSG00000104973"
452,"enh7","ENSG00000006016"
453,"enh4","ENSG00000165138"
454,"enh2","ENSG00000182087"
455,"enh8","ENSG00000104885"
456,"enh2","ENSG00000123685"
457,"enh1","ENSG00000070761"
458,"enh10","ENSG00000144161"
459,"enh5","ENSG00000158715"
460,"enh1","ENSG00000172500"
461,"enh12","ENSG00000125148"
462,"enh3","ENSG00000117691"
463,"enh7","ENSG00000186566"
464,"enh11","ENSG00000136448"
465,"enh14","ENSG00000196188"
466,"enh3","ENSG00000130766"
467,"enh1","ENSG00000163297"
468,"enh11","ENSG00000148411"
469,"enh7","ENSG00000105374"
470,"enh9","ENSG00000102931"
471,"enh12","ENSG00000138756"
472,"enh4","ENSG00000142733"
473,"enh9","ENSG00000120334"
474,"enh1","ENSG00000147454"
475,"enh2","ENSG00000100316"
476,"enh1","ENSG00000133895"
477,"enh11","ENSG00000133069"
478,"enh1","ENSG00000181588"
479,"enh4","ENSG00000117592"
480,"enh5","ENSG00000185278"
481,"enh13","ENSG00000160408"
482,"enh8","ENSG00000158195"
483,"enh2","ENSG00000141349"
484,"enh5","ENSG00000142733"
485,"enh9","ENSG00000051128"
486,"enh4","ENSG00000160445"
487,"enh2","ENSG00000172757"
488,"enh1","ENSG00000130560"
489,"enh5","ENSG00000175707"
490,"enh2","ENSG00000104131"
491,"enh1","ENSG00000108840"
492,"enh3","ENSG00000185761"
493,"enh7","ENSG00000213445"
494,"enh2","ENSG00000105053"
495,"enh4","ENSG00000198417"
496,"enh10","ENSG00000100316"
497,"enh1","ENSG00000158711"
498,"enh11","ENSG00000162669"
499,"enh13","ENSG00000064545"
500,"enh12","ENSG00000148308"
501,"enh6","ENSG00000148300"
502,"enh2","ENSG00000160345"
503,"enh14","ENSG00000148290"
504,"enh1","ENSG00000107290"
505,"enh1","ENSG00000180329"
506,"enh7","ENSG00000197694"
507,"enh2","ENSG00000153214"
508,"enh4","ENSG00000105669"
509,"enh12","ENSG00000162772"
510,"enh2","ENSG00000136448"
511,"enh2","ENSG00000158711"
512,"enh10","ENSG00000102900"
513,"enh11","ENSG00000142765"
514,"enh13","ENSG00000174744"
515,"enh4","ENSG00000064787"
516,"enh5","ENSG00000147457"
517,"enh3","ENSG00000115255"
518,"enh3","ENSG00000196550"
519,"enh1","ENSG00000213988"
520,"enh7","ENSG00000173465"
521,"enh10","ENSG00000099821"
522,"enh1","ENSG00000065000"
523,"enh8","ENSG00000142544"
524,"enh5","ENSG00000104689"
525,"enh11","ENSG00000108861"
526,"enh6","ENSG00000149798"
527,"enh13","ENSG00000120913"
528,"enh13","ENSG00000175573"
529,"enh12","ENSG00000100316"
530,"enh6","ENSG00000180340"
531,"enh8","ENSG00000115257"
532,"enh5","ENSG00000143882"
533,"enh8","ENSG00000162976"
534,"enh2","ENSG00000140859"
535,"enh11","ENSG00000175592"
536,"enh9","ENSG00000100316"
537,"enh2","ENSG00000198870"
538,"enh8","ENSG00000168061"
539,"enh11","ENSG00000160563"
540,"enh10","ENSG00000117280"
541,"enh13","ENSG00000169403"
542,"enh12","ENSG00000175334"
543,"enh6","ENSG00000104886"
544,"enh12","ENSG00000167491"
545,"enh4","ENSG00000143882"
546,"enh14","ENSG00000104946"
547,"enh4","ENSG00000133059"
548,"enh8","ENSG00000198492"
549,"enh14","ENSG00000171169"
550,"enh11","ENSG00000138036"
551,"enh10","ENSG00000174547"
552,"enh2","ENSG00000117266"
553,"enh13","ENSG00000136807"
554,"enh12","ENSG00000227500"
555,"enh4","ENSG00000148356"
556,"enh11","ENSG00000168056"
557,"enh5","ENSG00000165702"
558,"enh1","ENSG00000173825"
559,"enh6","ENSG00000172757"
560,"enh11","ENSG00000169607"
561,"enh11","ENSG00000099840"
562,"enh9","ENSG00000110046"
563,"enh14","ENSG00000108312"
564,"enh13","ENSG00000108309"
565,"enh10","ENSG00000136874"
566,"enh4","ENSG00000117748"
567,"enh13","ENSG00000134330"
568,"enh1","ENSG00000136877"
569,"enh7","ENSG00000250067"
570,"enh11","ENSG00000110047"
571,"enh3","ENSG00000136811"
572,"enh5","ENSG00000162878"
573,"enh6","ENSG00000147439"
574,"enh10","ENSG00000066027"
575,"enh12","ENSG00000069275"
576,"enh7","ENSG00000133069"
577,"enh4","ENSG00000115286"
578,"enh14","ENSG00000144130"
579,"enh5","ENSG00000131398"
580,"enh9","ENSG00000133275"
581,"enh7","ENSG00000105656"
582,"enh8","ENSG00000148288"
583,"enh3","ENSG00000165688"
584,"enh7","ENSG00000129933"
585,"enh12","ENSG00000005961"
586,"enh3","ENSG00000144130"
587,"enh2","ENSG00000107372"
588,"enh2","ENSG00000143882"
589,"enh12","ENSG00000105472"
590,"enh14","ENSG00000115268"
591,"enh5","ENSG00000129968"
592,"enh10","ENSG00000119514"
593,"enh8","ENSG00000010361"
594,"enh14","ENSG00000012048"
595,"enh13","ENSG00000186185"
596,"enh14","ENSG00000129933"
597,"enh12","ENSG00000070404"
598,"enh9","ENSG00000136936"
599,"enh7","ENSG00000174684"
600,"enh6","ENSG00000100316"
601,"enh12","ENSG00000115084"
602,"enh12","ENSG00000006015"
603,"enh9","ENSG00000104897"
604,"enh5","ENSG00000136877"
605,"enh13","ENSG00000197217"
606,"enh9","ENSG00000065000"
607,"enh6","ENSG00000166188"
608,"enh5","ENSG00000140854"
609,"enh6","ENSG00000051128"
610,"enh10","ENSG00000161692"
611,"enh8","ENSG00000185198"
612,"enh1","ENSG00000009780"
613,"enh1","ENSG00000105701"
614,"enh8","ENSG00000184162"
615,"enh7","ENSG00000136874"
616,"enh9","ENSG00000158711"
617,"enh8","ENSG00000125611"
618,"enh14","ENSG00000115091"
619,"enh12","ENSG00000122484"
620,"enh4","ENSG00000071655"
621,"enh8","ENSG00000126709"
622,"enh12","ENSG00000174903"
623,"enh7","ENSG00000125482"
624,"enh11","ENSG00000106799"
625,"enh13","ENSG00000178093"
626,"enh14","ENSG00000064607"
627,"enh12","ENSG00000125170"
628,"enh1","ENSG00000102900"
629,"enh4","ENSG00000051128"
630,"enh5","ENSG00000213221"
631,"enh1","ENSG00000159648"
632,"enh13","ENSG00000148300"
633,"enh10","ENSG00000168591"
634,"enh13","ENSG00000105726"
635,"enh3","ENSG00000117601"
636,"enh8","ENSG00000196312"
637,"enh3","ENSG00000144134"
638,"enh12","ENSG00000107290"
639,"enh6","ENSG00000174684"
640,"enh14","ENSG00000180340"
641,"enh10","ENSG00000144130"
642,"enh7","ENSG00000204710"
643,"enh13","ENSG00000148337"
644,"enh9","ENSG00000101132"
645,"enh11","ENSG00000125485"
646,"enh14","ENSG00000102900"
647,"enh10","ENSG00000133065"
648,"enh11","ENSG00000185761"
649,"enh3","ENSG00000204291"
650,"enh6","ENSG00000160271"
651,"enh7","ENSG00000105669"
652,"enh7","ENSG00000167747"
653,"enh3","ENSG00000196116"
654,"enh11","ENSG00000165661"
655,"enh6","ENSG00000117751"
656,"enh9","ENSG00000165138"
657,"enh2","ENSG00000172977"
658,"enh5","ENSG00000069702"
659,"enh10","ENSG00000099866"
660,"enh12","ENSG00000136925"
661,"enh1","ENSG00000142528"
662,"enh1","ENSG00000125170"
663,"enh9","ENSG00000136874"
664,"enh5","ENSG00000133059"
665,"enh14","ENSG00000136908"
666,"enh6","ENSG00000069482"
667,"enh6","ENSG00000108312"
668,"enh13","ENSG00000135736"
669,"enh9","ENSG00000129951"
670,"enh4","ENSG00000119523"
671,"enh2","ENSG00000131409"
672,"enh8","ENSG00000161692"
673,"enh3","ENSG00000168591"
674,"enh6","ENSG00000178093"
675,"enh10","ENSG00000010361"
676,"enh6","ENSG00000136643"
677,"enh14","ENSG00000160271"
678,"enh5","ENSG00000125630"
679,"enh7","ENSG00000175592"
680,"enh14","ENSG00000213638"
681,"enh13","ENSG00000174547"
682,"enh10","ENSG00000104689"
683,"enh7","ENSG00000133059"
684,"enh7","ENSG00000105726"
685,"enh13","ENSG00000196415"
686,"enh6","ENSG00000143924"
687,"enh10","ENSG00000006015"
688,"enh5","ENSG00000090273"
689,"enh4","ENSG00000119335"
690,"enh3","ENSG00000149823"
691,"enh6","ENSG00000106991"
692,"enh13","ENSG00000142751"
693,"enh8","ENSG00000198840"
694,"enh6","ENSG00000143476"
695,"enh3","ENSG00000105671"
696,"enh6","ENSG00000117691"
697,"enh5","ENSG00000125485"
698,"enh3","ENSG00000099840"
699,"enh6","ENSG00000136938"
700,"enh13","ENSG00000180340"
701,"enh3","ENSG00000125482"
702,"enh12","ENSG00000197766"
703,"enh6","ENSG00000144130"
704,"enh6","ENSG00000254470"
705,"enh5","ENSG00000071655"
706,"enh9","ENSG00000142530"
707,"enh1","ENSG00000095380"
708,"enh9","ENSG00000125637"
709,"enh6","ENSG00000102931"
710,"enh6","ENSG00000133275"
711,"enh12","ENSG00000160563"
712,"enh6","ENSG00000099804"
713,"enh1","ENSG00000196152"
714,"enh1","ENSG00000105655"
715,"enh7","ENSG00000062822"
716,"enh8","ENSG00000176973"
717,"enh11","ENSG00000162976"
718,"enh4","ENSG00000133275"
719,"enh10","ENSG00000138036"
720,"enh8","ENSG00000103005"
721,"enh4","ENSG00000186806"
722,"enh5","ENSG00000160271"
723,"enh7","ENSG00000082512"
724,"enh4","ENSG00000176890"
725,"enh11","ENSG00000254901"
726,"enh9","ENSG00000070761"
727,"enh2","ENSG00000161714"
728,"enh10","ENSG00000174996"
729,"enh4","ENSG00000180340"
730,"enh5","ENSG00000184162"
731,"enh12","ENSG00000238227"
732,"enh12","ENSG00000175906"
733,"enh14","ENSG00000189195"
734,"enh5","ENSG00000125618"
735,"enh11","ENSG00000119333"
736,"enh7","ENSG00000241852"
737,"enh7","ENSG00000140859"
738,"enh4","ENSG00000117593"
739,"enh5","ENSG00000071626"
740,"enh6","ENSG00000198858"
741,"enh13","ENSG00000004939"
742,"enh11","ENSG00000223802"
743,"enh1","ENSG00000099624"
744,"enh7","ENSG00000198858"
745,"enh9","ENSG00000165699"
746,"enh14","ENSG00000228300"
747,"enh14","ENSG00000148288"
748,"enh12","ENSG00000174871"
749,"enh1","ENSG00000126709"
750,"enh7","ENSG00000012048"
751,"enh6","ENSG00000105374"
752,"enh8","ENSG00000135821"
753,"enh1","ENSG00000136937"
754,"enh10","ENSG00000172775"
755,"enh10","ENSG00000102934"
756,"enh13","ENSG00000223802"
757,"enh1","ENSG00000198417"
758,"enh6","ENSG00000198417"
759,"enh10","ENSG00000103005"
760,"enh6","ENSG00000087152"
761,"enh13","ENSG00000100316"
762,"enh13","ENSG00000069482"
763,"enh10","ENSG00000147669"
764,"enh7","ENSG00000123684"
765,"enh14","ENSG00000165661"
766,"enh1","ENSG00000117266"
767,"enh7","ENSG00000167468"
768,"enh2","ENSG00000051108"
769,"enh8","ENSG00000158941"
770,"enh7","ENSG00000126391"
771,"enh13","ENSG00000119523"
772,"enh2","ENSG00000167118"
773,"enh9","ENSG00000140854"
774,"enh12","ENSG00000204291"
775,"enh8","ENSG00000136932"
776,"enh6","ENSG00000068976"
777,"enh14","ENSG00000107290"
778,"enh1","ENSG00000005194"
779,"enh11","ENSG00000174842"
780,"enh10","ENSG00000158711"
781,"enh12","ENSG00000126391"
782,"enh4","ENSG00000076321"
783,"enh9","ENSG00000148297"
784,"enh10","ENSG00000122140"
785,"enh13","ENSG00000165661"
786,"enh10","ENSG00000065600"
787,"enh9","ENSG00000108312"
788,"enh10","ENSG00000174516"
789,"enh13","ENSG00000167136"
790,"enh1","ENSG00000130772"
791,"enh8","ENSG00000161682"
792,"enh14","ENSG00000119392"
793,"enh6","ENSG00000117650"
794,"enh5","ENSG00000131097"
795,"enh5","ENSG00000165092"
796,"enh2","ENSG00000167748"
797,"enh10","ENSG00000148334"
798,"enh3","ENSG00000149792"
799,"enh8","ENSG00000172775"
800,"enh7","ENSG00000119335"
801,"enh2","ENSG00000144136"
802,"enh9","ENSG00000165698"
803,"enh14","ENSG00000152061"
804,"enh4","ENSG00000118046"
805,"enh14","ENSG00000181588"
806,"enh10","ENSG00000101132"
807,"enh9","ENSG00000165689"
808,"enh8","ENSG00000119333"
809,"enh3","ENSG00000119523"
810,"enh7","ENSG00000136643"
811,"enh12","ENSG00000051128"
812,"enh1","ENSG00000213445"
813,"enh3","ENSG00000117625"
814,"enh2","ENSG00000167759"
815,"enh1","ENSG00000175467"
816,"enh12","ENSG00000196116"
817,"enh3","ENSG00000106991"
818,"enh5","ENSG00000198840"
819,"enh7","ENSG00000187840"
820,"enh11","ENSG00000160404"
821,"enh9","ENSG00000064607"
822,"enh2","ENSG00000167136"
823,"enh7","ENSG00000110047"
824,"enh9","ENSG00000095383"
825,"enh10","ENSG00000068971"
826,"enh1","ENSG00000168066"
827,"enh6","ENSG00000165138"
828,"enh3","ENSG00000131398"
829,"enh7","ENSG00000160345"
830,"enh4","ENSG00000254986"
831,"enh1","ENSG00000169607"
832,"enh3","ENSG00000138767"
833,"enh3","ENSG00000125618"
834,"enh3","ENSG00000105676"
835,"enh3","ENSG00000173442"
836,"enh6","ENSG00000167118"
837,"enh11","ENSG00000089639"
838,"enh5","ENSG00000172922"
839,"enh6","ENSG00000099622"
840,"enh4","ENSG00000165661"
841,"enh4","ENSG00000162873"
842,"enh8","ENSG00000186010"
843,"enh13","ENSG00000144130"
844,"enh7","ENSG00000095383"
845,"enh8","ENSG00000168066"
846,"enh10","ENSG00000180198"
847,"enh2","ENSG00000125319"
848,"enh3","ENSG00000160326"
849,"enh5","ENSG00000174950"
850,"enh3","ENSG00000171159"
851,"enh1","ENSG00000184988"
852,"enh1","ENSG00000155380"
853,"enh2","ENSG00000091947"
854,"enh2","ENSG00000105701"
855,"enh11","ENSG00000117266"
856,"enh8","ENSG00000168067"
857,"enh2","ENSG00000167106"
858,"enh4","ENSG00000104946"
859,"enh8","ENSG00000171848"
860,"enh12","ENSG00000130772"
861,"enh13","ENSG00000175592"
862,"enh14","ENSG00000136643"
863,"enh4","ENSG00000064545"
864,"enh11","ENSG00000105662"
865,"enh6","ENSG00000162976"
866,"enh10","ENSG00000162878"
867,"enh2","ENSG00000104960"
868,"enh2","ENSG00000125485"
869,"enh11","ENSG00000106991"
870,"enh13","ENSG00000119333"
871,"enh6","ENSG00000076321"
872,"enh6","ENSG00000105662"
873,"enh8","ENSG00000134308"
874,"enh9","ENSG00000172977"
875,"enh7","ENSG00000064666"
876,"enh2","ENSG00000180098"
877,"enh4","ENSG00000188554"
878,"enh8","ENSG00000160325"
879,"enh9","ENSG00000262874"
880,"enh1","ENSG00000147669"
881,"enh7","ENSG00000142530"
882,"enh6","ENSG00000117222"
883,"enh6","ENSG00000160447"
884,"enh11","ENSG00000105701"
885,"enh10","ENSG00000131097"
886,"enh3","ENSG00000126705"
887,"enh8","ENSG00000163291"
888,"enh4","ENSG00000186010"
889,"enh1","ENSG00000136856"
890,"enh3","ENSG00000115286"
891,"enh12","ENSG00000197694"
892,"enh2","ENSG00000106789"
893,"enh3","ENSG00000118046"
894,"enh13","ENSG00000090273"
895,"enh1","ENSG00000181896"
896,"enh3","ENSG00000175832"
897,"enh5","ENSG00000119333"
898,"enh2","ENSG00000099817"
899,"enh5","ENSG00000144161"
900,"enh5","ENSG00000125170"
901,"enh2","ENSG00000119559"
902,"enh12","ENSG00000069482"
903,"enh14","ENSG00000108852"
904,"enh14","ENSG00000065000"
905,"enh13","ENSG00000090020"
906,"enh6","ENSG00000167759"
907,"enh13","ENSG00000099622"
908,"enh14","ENSG00000125484"
909,"enh6","ENSG00000161682"
910,"enh8","ENSG00000188554"
911,"enh14","ENSG00000120896"
912,"enh8","ENSG00000117748"
913,"enh13","ENSG00000143870"
914,"enh11","ENSG00000115758"
915,"enh14","ENSG00000159579"
916,"enh9","ENSG00000228300"
917,"enh14","ENSG00000142186"
918,"enh5","ENSG00000030582"
919,"enh8","ENSG00000105053"
920,"enh6","ENSG00000136936"
921,"enh12","ENSG00000136830"
922,"enh9","ENSG00000136643"
923,"enh13","ENSG00000181773"
924,"enh5","ENSG00000014216"
925,"enh1","ENSG00000130770"
926,"enh2","ENSG00000133243"
927,"enh2","ENSG00000099625"
928,"enh10","ENSG00000176890"
929,"enh10","ENSG00000129911"
930,"enh3","ENSG00000130270"
931,"enh4","ENSG00000152518"
932,"enh3","ENSG00000070761"
933,"enh4","ENSG00000161714"
934,"enh6","ENSG00000172232"
935,"enh9","ENSG00000167114"
936,"enh10","ENSG00000064490"
937,"enh10","ENSG00000197958"
938,"enh12","ENSG00000136936"
939,"enh1","ENSG00000119335"
940,"enh7","ENSG00000115084"
941,"enh10","ENSG00000104946"
942,"enh5","ENSG00000011304"
943,"enh14","ENSG00000186010"
944,"enh5","ENSG00000125611"
945,"enh3","ENSG00000125144"
946,"enh13","ENSG00000117592"
947,"enh8","ENSG00000167759"
948,"enh6","ENSG00000160953"
949,"enh9","ENSG00000167487"
950,"enh4","ENSG00000136840"
951,"enh5","ENSG00000175221"
952,"enh12","ENSG00000196422"
953,"enh12","ENSG00000169288"
954,"enh14","ENSG00000011304"
955,"enh3","ENSG00000151694"
956,"enh4","ENSG00000104973"
957,"enh2","ENSG00000102931"
958,"enh14","ENSG00000099864"
959,"enh1","ENSG00000105374"
960,"enh10","ENSG00000188554"
961,"enh3","ENSG00000130559"
962,"enh8","ENSG00000120334"
963,"enh10","ENSG00000197766"
964,"enh13","ENSG00000196152"
965,"enh3","ENSG00000129968"
966,"enh7","ENSG00000175115"
967,"enh9","ENSG00000203705"
968,"enh1","ENSG00000136936"
969,"enh11","ENSG00000131400"
970,"enh12","ENSG00000165699"
971,"enh2","ENSG00000181781"
972,"enh10","ENSG00000148337"
973,"enh14","ENSG00000126705"
974,"enh6","ENSG00000138767"
975,"enh4","ENSG00000006016"
976,"enh1","ENSG00000175334"
977,"enh1","ENSG00000138767"
978,"enh6","ENSG00000167470"
979,"enh8","ENSG00000149792"
980,"enh9","ENSG00000148288"
981,"enh14","ENSG00000130513"
982,"enh9","ENSG00000143870"
983,"enh13","ENSG00000158941"
984,"enh4","ENSG00000185761"
985,"enh6","ENSG00000175115"
986,"enh2","ENSG00000117650"
987,"enh13","ENSG00000062822"
988,"enh10","ENSG00000105705"
989,"enh10","ENSG00000133243"
990,"enh10","ENSG00000175550"
991,"enh4","ENSG00000117601"
992,"enh8","ENSG00000213638"
993,"enh12","ENSG00000204138"
994,"enh5","ENSG00000149798"
995,"enh1","ENSG00000172922"
996,"enh13","ENSG00000213221"
997,"enh7","ENSG00000198840"
998,"enh7","ENSG00000172977"
999,"enh6","ENSG00000256771"
1000,"enh9","ENSG00000105696"
1001,"enh11","ENSG00000115084"
1002,"enh4","ENSG00000156269"
1003,"enh2","ENSG00000169403"
1004,"enh3","ENSG00000100316"
1005,"enh10","ENSG00000156269"
1006,"enh14","ENSG00000167106"
1007,"enh4","ENSG00000162976"
1008,"enh5","ENSG00000138767"
1009,"enh12","ENSG00000127540"
1010,"enh2","ENSG00000110046"
1011,"enh11","ENSG00000119335"
1012,"enh10","ENSG00000136840"
1013,"enh11","ENSG00000163291"
1014,"enh4","ENSG00000168062"
1015,"enh11","ENSG00000197816"
1016,"enh1","ENSG00000162976"
1017,"enh12","ENSG00000130559"
1018,"enh8","ENSG00000102900"
1019,"enh7","ENSG00000181513"
1020,"enh6","ENSG00000175602"
1021,"enh1","ENSG00000105053"
1022,"enh8","ENSG00000187024"
1023,"enh2","ENSG00000160446"
1024,"enh1","ENSG00000099817"
1025,"enh4","ENSG00000104885"
1026,"enh10","ENSG00000204138"
1027,"enh7","ENSG00000162873"
1028,"enh10","ENSG00000051108"
1029,"enh10","ENSG00000125482"
1030,"enh5","ENSG00000148339"
1031,"enh10","ENSG00000143882"
1032,"enh7","ENSG00000143882"
1033,"enh3","ENSG00000136807"
1034,"enh3","ENSG00000136938"
1035,"enh7","ENSG00000174842"
1036,"enh9","ENSG00000168067"
1037,"enh1","ENSG00000122484"
1038,"enh4","ENSG00000117697"
1039,"enh1","ENSG00000197958"
1040,"enh13","ENSG00000175221"
1041,"enh9","ENSG00000120656"
1042,"enh5","ENSG00000168066"
1043,"enh13","ENSG00000105379"
1044,"enh5","ENSG00000174744"
1045,"enh4","ENSG00000125637"
1046,"enh1","ENSG00000068831"
1047,"enh10","ENSG00000116017"
1048,"enh7","ENSG00000180098"
1049,"enh14","ENSG00000175550"
1050,"enh12","ENSG00000136807"
1051,"enh1","ENSG00000142751"
1052,"enh6","ENSG00000174871"
1053,"enh10","ENSG00000160345"
1054,"enh2","ENSG00000014138"
1055,"enh14","ENSG00000125124"
1056,"enh9","ENSG00000254901"
1057,"enh7","ENSG00000213023"
1058,"enh6","ENSG00000153214"
1059,"enh2","ENSG00000148303"
1060,"enh1","ENSG00000185198"
1061,"enh8","ENSG00000162769"
1062,"enh5","ENSG00000105726"
1063,"enh2","ENSG00000115286"
1064,"enh5","ENSG00000068976"
1065,"enh1","ENSG00000087263"
1066,"enh6","ENSG00000241852"
1067,"enh8","ENSG00000105497"
1068,"enh12","ENSG00000197958"
1069,"enh5","ENSG00000181773"
1070,"enh1","ENSG00000143882"
1071,"enh9","ENSG00000223802"
1072,"enh8","ENSG00000105696"
1073,"enh2","ENSG00000115257"
1074,"enh6","ENSG00000175592"
1075,"enh14","ENSG00000152518"
1076,"enh7","ENSG00000105671"
1077,"enh8","ENSG00000057935"
1078,"enh4","ENSG00000197958"
1079,"enh3","ENSG00000125148"
1080,"enh10","ENSG00000136811"
1081,"enh11","ENSG00000105556"
1082,"enh1","ENSG00000117697"
1083,"enh13","ENSG00000104897"
1084,"enh12","ENSG00000136643"
1085,"enh14","ENSG00000198840"
1086,"enh5","ENSG00000160445"
1087,"enh14","ENSG00000136856"
1088,"enh2","ENSG00000130559"
1089,"enh14","ENSG00000181035"
1090,"enh13","ENSG00000106976"
1091,"enh12","ENSG00000254901"
1092,"enh6","ENSG00000131409"
1093,"enh13","ENSG00000168061"
1094,"enh11","ENSG00000160293"
1095,"enh10","ENSG00000196415"
1096,"enh9","ENSG00000105472"
1097,"enh2","ENSG00000254901"
1098,"enh6","ENSG00000115268"
1099,"enh12","ENSG00000131094"
1100,"enh12","ENSG00000005194"
1101,"enh10","ENSG00000136877"
1102,"enh2","ENSG00000174529"
1103,"enh2","ENSG00000102900"
1104,"enh6","ENSG00000142765"
1105,"enh5","ENSG00000104885"
1106,"enh5","ENSG00000134308"
1107,"enh13","ENSG00000167748"
1108,"enh12","ENSG00000167110"
1109,"enh1","ENSG00000120656"
1110,"enh2","ENSG00000160161"
1111,"enh5","ENSG00000130766"
1112,"enh10","ENSG00000070761"
1113,"enh8","ENSG00000171159"
1114,"enh1","ENSG00000117601"
1115,"enh14","ENSG00000106976"
1116,"enh11","ENSG00000012048"
1117,"enh14","ENSG00000136682"
1118,"enh8","ENSG00000160326"
1119,"enh5","ENSG00000165688"
1120,"enh1","ENSG00000198746"
1121,"enh10","ENSG00000174950"
1122,"enh1","ENSG00000104689"
1123,"enh11","ENSG00000143476"
1124,"enh12","ENSG00000065600"
1125,"enh4","ENSG00000167106"
1126,"enh13","ENSG00000142765"
1127,"enh6","ENSG00000069702"
1128,"enh2","ENSG00000133065"
1129,"enh2","ENSG00000213024"
1130,"enh2","ENSG00000184988"
1131,"enh10","ENSG00000142544"
1132,"enh13","ENSG00000168067"
1133,"enh6","ENSG00000064687"
1134,"enh9","ENSG00000136908"
1135,"enh8","ENSG00000148291"
1136,"enh11","ENSG00000198417"
1137,"enh5","ENSG00000106991"
1138,"enh1","ENSG00000162878"
1139,"enh13","ENSG00000197958"
1140,"enh7","ENSG00000182963"
1141,"enh11","ENSG00000167468"
1142,"enh12","ENSG00000110046"
1143,"enh10","ENSG00000067596"
1144,"enh12","ENSG00000198870"
1145,"enh9","ENSG00000167759"
1146,"enh7","ENSG00000167123"
1147,"enh13","ENSG00000185761"
1148,"enh13","ENSG00000167110"
1149,"enh13","ENSG00000143493"
1150,"enh12","ENSG00000175550"
1151,"enh3","ENSG00000115761"
1152,"enh1","ENSG00000125618"
1153,"enh12","ENSG00000161714"
1154,"enh1","ENSG00000162300"
1155,"enh14","ENSG00000169136"
1156,"enh6","ENSG00000168066"
1157,"enh8","ENSG00000051108"
1158,"enh9","ENSG00000172270"
1159,"enh12","ENSG00000136908"
1160,"enh1","ENSG00000102931"
1161,"enh4","ENSG00000173039"
1162,"enh7","ENSG00000143476"
1163,"enh1","ENSG00000184162"
1164,"enh9","ENSG00000148308"
1165,"enh1","ENSG00000030582"
1166,"enh1","ENSG00000148296"
1167,"enh12","ENSG00000108849"
1168,"enh9","ENSG00000213988"
1169,"enh6","ENSG00000250067"
1170,"enh14","ENSG00000197540"
1171,"enh5","ENSG00000173327"
1172,"enh3","ENSG00000099625"
1173,"enh2","ENSG00000110047"
1174,"enh4","ENSG00000174903"
1175,"enh2","ENSG00000213638"
1176,"enh2","ENSG00000115756"
1177,"enh12","ENSG00000125618"
1178,"enh1","ENSG00000108312"
1179,"enh9","ENSG00000129911"
1180,"enh8","ENSG00000070761"
1181,"enh1","ENSG00000197766"
1182,"enh3","ENSG00000120889"
1183,"enh12","ENSG00000119335"
1184,"enh3","ENSG00000158715"
1185,"enh14","ENSG00000136828"
1186,"enh5","ENSG00000196961"
1187,"enh9","ENSG00000119514"
1188,"enh2","ENSG00000165688"
1189,"enh5","ENSG00000149806"
1190,"enh2","ENSG00000196415"
1191,"enh2","ENSG00000115758"
1192,"enh13","ENSG00000156269"
1193,"enh2","ENSG00000168056"
1194,"enh10","ENSG00000130005"
1195,"enh4","ENSG00000065000"
1196,"enh9","ENSG00000104885"
1197,"enh12","ENSG00000125485"
1198,"enh2","ENSG00000087365"
1199,"enh2","ENSG00000136643"
1200,"enh9","ENSG00000167747"
1201,"enh3","ENSG00000140848"
1202,"enh11","ENSG00000095380"
1203,"enh8","ENSG00000160953"
1204,"enh5","ENSG00000097046"
1205,"enh12","ENSG00000099804"
1206,"enh9","ENSG00000198858"
1207,"enh14","ENSG00000169607"
1208,"enh1","ENSG00000203705"
1209,"enh13","ENSG00000141934"
1210,"enh2","ENSG00000140854"
1211,"enh8","ENSG00000134317"
1212,"enh1","ENSG00000070404"
1213,"enh5","ENSG00000203705"
1214,"enh1","ENSG00000136929"
1215,"enh8","ENSG00000051128"
1216,"enh10","ENSG00000140848"
1217,"enh4","ENSG00000176973"
1218,"enh3","ENSG00000106992"
1219,"enh5","ENSG00000117650"
1220,"enh2","ENSG00000160953"
1221,"enh7","ENSG00000198917"
1222,"enh9","ENSG00000168056"
1223,"enh1","ENSG00000105717"
1224,"enh14","ENSG00000129911"
1225,"enh13","ENSG00000012048"
1226,"enh14","ENSG00000172059"
1227,"enh11","ENSG00000167491"
1228,"enh10","ENSG00000173442"
1229,"enh9","ENSG00000174851"
1230,"enh14","ENSG00000152527"
1231,"enh2","ENSG00000125148"
1232,"enh1","ENSG00000012048"
1233,"enh1","ENSG00000149809"
1234,"enh3","ENSG00000088682"
1235,"enh4","ENSG00000014138"
1236,"enh3","ENSG00000069702"
1237,"enh11","ENSG00000133884"
1238,"enh6","ENSG00000175550"
1239,"enh3","ENSG00000102978"
1240,"enh5","ENSG00000141349"
1241,"enh13","ENSG00000115944"
1242,"enh13","ENSG00000011304"
1243,"enh5","ENSG00000065600"
1244,"enh4","ENSG00000148334"
1245,"enh1","ENSG00000173039"
1246,"enh8","ENSG00000197540"
1247,"enh5","ENSG00000133243"
1248,"enh1","ENSG00000175376"
1249,"enh3","ENSG00000174606"
1250,"enh10","ENSG00000108312"
1251,"enh9","ENSG00000089639"
1252,"enh1","ENSG00000181781"
1253,"enh9","ENSG00000106991"
1254,"enh12","ENSG00000011304"
1255,"enh7","ENSG00000147669"
1256,"enh13","ENSG00000198840"
1257,"enh7","ENSG00000129951"
1258,"enh9","ENSG00000012048"
1259,"enh13","ENSG00000141933"
1260,"enh1","ENSG00000141933"
1261,"enh13","ENSG00000160345"
1262,"enh14","ENSG00000122140"
1263,"enh11","ENSG00000065268"
1264,"enh1","ENSG00000133884"
1265,"enh3","ENSG00000172270"
1266,"enh9","ENSG00000005961"
1267,"enh3","ENSG00000087365"
1268,"enh2","ENSG00000117593"
1269,"enh3","ENSG00000160404"
1270,"enh2","ENSG00000125618"
1271,"enh10","ENSG00000181773"
1272,"enh11","ENSG00000160446"
1273,"enh5","ENSG00000148334"
1274,"enh3","ENSG00000148339"
1275,"enh9","ENSG00000167491"
1276,"enh7","ENSG00000125319"
1277,"enh4","ENSG00000168067"
1278,"enh4","ENSG00000181781"
1279,"enh9","ENSG00000122484"
1280,"enh4","ENSG00000129951"
1281,"enh9","ENSG00000129968"
1282,"enh1","ENSG00000196422"
1283,"enh13","ENSG00000115257"
1284,"enh13","ENSG00000158195"
1285,"enh2","ENSG00000173465"
1286,"enh8","ENSG00000184988"
1287,"enh9","ENSG00000175602"
1288,"enh2","ENSG00000138756"
1289,"enh14","ENSG00000162878"
1290,"enh12","ENSG00000136682"
1291,"enh2","ENSG00000120656"
1292,"enh4","ENSG00000142528"
1293,"enh12","ENSG00000175376"
1294,"enh10","ENSG00000115750"
1295,"enh3","ENSG00000108883"
1296,"enh6","ENSG00000213988"
1297,"enh3","ENSG00000120913"
1298,"enh4","ENSG00000197217"
1299,"enh14","ENSG00000176890"
1300,"enh3","ENSG00000160408"
1301,"enh10","ENSG00000223802"
1302,"enh4","ENSG00000122484"
1303,"enh8","ENSG00000172270"
1304,"enh13","ENSG00000162298"
1305,"enh4","ENSG00000125618"
1306,"enh2","ENSG00000135870"
1307,"enh14","ENSG00000149809"
1308,"enh7","ENSG00000174903"
1309,"enh4","ENSG00000184988"
1310,"enh11","ENSG00000104960"
1311,"enh12","ENSG00000102931"
1312,"enh12","ENSG00000228300"
1313,"enh4","ENSG00000186185"
1314,"enh7","ENSG00000099625"
1315,"enh11","ENSG00000117222"
1316,"enh13","ENSG00000119514"
1317,"enh10","ENSG00000107372"
1318,"enh2","ENSG00000213023"
1319,"enh13","ENSG00000066027"
1320,"enh10","ENSG00000161677"
1321,"enh6","ENSG00000171159"
1322,"enh5","ENSG00000160345"
1323,"enh8","ENSG00000204673"
1324,"enh3","ENSG00000114999"
1325,"enh1","ENSG00000187840"
1326,"enh1","ENSG00000160271"
1327,"enh3","ENSG00000127540"
1328,"enh4","ENSG00000129968"
1329,"enh7","ENSG00000106803"
1330,"enh11","ENSG00000115756"
1331,"enh6","ENSG00000123685"
1332,"enh11","ENSG00000117697"
1333,"enh12","ENSG00000123685"
1334,"enh9","ENSG00000105717"
1335,"enh7","ENSG00000228300"
1336,"enh3","ENSG00000105705"
1337,"enh5","ENSG00000172757"
1338,"enh1","ENSG00000180098"
1339,"enh2","ENSG00000134330"
1340,"enh11","ENSG00000087263"
1341,"enh3","ENSG00000204673"
1342,"enh10","ENSG00000131408"
1343,"enh2","ENSG00000108849"
1344,"enh3","ENSG00000119514"
1345,"enh3","ENSG00000006015"
1346,"enh13","ENSG00000161671"
1347,"enh9","ENSG00000174684"
1348,"enh14","ENSG00000117697"
1349,"enh8","ENSG00000107021"
1350,"enh11","ENSG00000149823"
1351,"enh14","ENSG00000197694"
1352,"enh10","ENSG00000250067"
1353,"enh13","ENSG00000203705"
1354,"enh5","ENSG00000161647"
1355,"enh7","ENSG00000117650"
1356,"enh12","ENSG00000175854"
1357,"enh4","ENSG00000136842"
1358,"enh12","ENSG00000136840"
1359,"enh5","ENSG00000186806"
1360,"enh3","ENSG00000174684"
1361,"enh6","ENSG00000136877"
1362,"enh1","ENSG00000178093"
1363,"enh9","ENSG00000204138"
1364,"enh12","ENSG00000136874"
1365,"enh10","ENSG00000152518"
1366,"enh8","ENSG00000167123"
1367,"enh5","ENSG00000133895"
1368,"enh1","ENSG00000108852"
1369,"enh3","ENSG00000175334"
1370,"enh6","ENSG00000134317"
1371,"enh1","ENSG00000136828"
1372,"enh7","ENSG00000172270"
1373,"enh1","ENSG00000106785"
1374,"enh4","ENSG00000010361"
1375,"enh8","ENSG00000136877"
1376,"enh3","ENSG00000104131"
1377,"enh5","ENSG00000168062"
1378,"enh4","ENSG00000099804"
1379,"enh3","ENSG00000198870"
1380,"enh4","ENSG00000105701"
1381,"enh4","ENSG00000142784"
1382,"enh10","ENSG00000130768"
1383,"enh2","ENSG00000117697"
1384,"enh4","ENSG00000099817"
1385,"enh5","ENSG00000198786"
1386,"enh12","ENSG00000068831"
1387,"enh12","ENSG00000167468"
1388,"enh4","ENSG00000099622"
1389,"enh4","ENSG00000102931"
1390,"enh2","ENSG00000196188"
1391,"enh4","ENSG00000070423"
1392,"enh14","ENSG00000144134"
1393,"enh10","ENSG00000254470"
1394,"enh1","ENSG00000172977"
1395,"enh11","ENSG00000148337"
1396,"enh7","ENSG00000130768"
1397,"enh5","ENSG00000148248"
1398,"enh9","ENSG00000175221"
1399,"enh7","ENSG00000198746"
1400,"enh1","ENSG00000197816"
1401,"enh3","ENSG00000196188"
1402,"enh10","ENSG00000148291"
1403,"enh12","ENSG00000185198"
1404,"enh4","ENSG00000104897"
1405,"enh14","ENSG00000129951"
1406,"enh11","ENSG00000168591"
1407,"enh6","ENSG00000120656"
1408,"enh1","ENSG00000129911"
1409,"enh8","ENSG00000168056"
1410,"enh12","ENSG00000168062"
1411,"enh14","ENSG00000160953"
1412,"enh13","ENSG00000175906"
1413,"enh7","ENSG00000135821"
1414,"enh8","ENSG00000175906"
1415,"enh11","ENSG00000087365"
1416,"enh5","ENSG00000114999"
1417,"enh9","ENSG00000117593"
1418,"enh1","ENSG00000135870"
1419,"enh8","ENSG00000030582"
1420,"enh3","ENSG00000142751"
1421,"enh4","ENSG00000148288"
1422,"enh9","ENSG00000138756"
1423,"enh4","ENSG00000198870"
1424,"enh7","ENSG00000144136"
1425,"enh7","ENSG00000131398"
1426,"enh12","ENSG00000167747"
1427,"enh5","ENSG00000158195"
1428,"enh11","ENSG00000152061"
1429,"enh7","ENSG00000160318"
1430,"enh10","ENSG00000162300"
1431,"enh14","ENSG00000188554"
1432,"enh10","ENSG00000116014"
1433,"enh3","ENSG00000136828"
1434,"enh13","ENSG00000175602"
1435,"enh6","ENSG00000175334"
1436,"enh3","ENSG00000130770"
1437,"enh8","ENSG00000076321"
1438,"enh4","ENSG00000119559"
1439,"enh7","ENSG00000149823"
1440,"enh9","ENSG00000087263"
1441,"enh8","ENSG00000005007"
1442,"enh3","ENSG00000105726"
1443,"enh1","ENSG00000169136"
1444,"enh5","ENSG00000166188"
1445,"enh13","ENSG00000006015"
1446,"enh1","ENSG00000136908"
1447,"enh9","ENSG00000104679"
1448,"enh13","ENSG00000181588"
1449,"enh2","ENSG00000160447"
1450,"enh1","ENSG00000117758"
1451,"enh6","ENSG00000104679"
1452,"enh13","ENSG00000171848"
1453,"enh8","ENSG00000173442"
1454,"enh5","ENSG00000105708"
1455,"enh2","ENSG00000125124"
1456,"enh5","ENSG00000165684"
1457,"enh14","ENSG00000159648"
1458,"enh13","ENSG00000104886"
1459,"enh5","ENSG00000129946"
1460,"enh6","ENSG00000014138"
1461,"enh8","ENSG00000148308"
1462,"enh2","ENSG00000131408"
1463,"enh6","ENSG00000088682"
1464,"enh11","ENSG00000167110"
1465,"enh6","ENSG00000163291"
1466,"enh10","ENSG00000221983"
1467,"enh9","ENSG00000160563"
1468,"enh14","ENSG00000160293"
1469,"enh12","ENSG00000185761"
1470,"enh5","ENSG00000143493"
1471,"enh3","ENSG00000119203"
1472,"enh12","ENSG00000162419"
1473,"enh12","ENSG00000099624"
1474,"enh14","ENSG00000160404"
1475,"enh7","ENSG00000140848"
1476,"enh13","ENSG00000106803"
1477,"enh8","ENSG00000131400"
1478,"enh11","ENSG00000159579"
1479,"enh12","ENSG00000099864"
1480,"enh1","ENSG00000254901"
1481,"enh13","ENSG00000005194"
1482,"enh6","ENSG00000119559"
1483,"enh2","ENSG00000115761"
1484,"enh9","ENSG00000087152"
1485,"enh2","ENSG00000115268"
1486,"enh2","ENSG00000135736"
1487,"enh7","ENSG00000106992"
1488,"enh14","ENSG00000142751"
1489,"enh5","ENSG00000013306"
1490,"enh7","ENSG00000030582"
1491,"enh14","ENSG00000076321"
1492,"enh12","ENSG00000182963"
1493,"enh10","ENSG00000148296"
1494,"enh10","ENSG00000143493"
1495,"enh7","ENSG00000172732"
1496,"enh3","ENSG00000108849"
1497,"enh1","ENSG00000105671"
1498,"enh11","ENSG00000173327"
1499,"enh11","ENSG00000114999"
1500,"enh11","ENSG00000131409"
1501,"enh3","ENSG00000181781"
1502,"enh9","ENSG00000158715"
1503,"enh11","ENSG00000148290"
1504,"enh12","ENSG00000119392"
1505,"enh9","ENSG00000197766"
1506,"enh10","ENSG00000167103"
1507,"enh12","ENSG00000159461"
1508,"enh2","ENSG00000119125"
1509,"enh6","ENSG00000167110"
1510,"enh8","ENSG00000105701"
1511,"enh3","ENSG00000175294"
1512,"enh9","ENSG00000105497"
1513,"enh5","ENSG00000064607"
1514,"enh11","ENSG00000182963"
1515,"enh4","ENSG00000138772"
1516,"enh12","ENSG00000120896"
1517,"enh4","ENSG00000119125"
1518,"enh12","ENSG00000106991"
1519,"enh14","ENSG00000175467"
1520,"enh6","ENSG00000167747"
1521,"enh3","ENSG00000006016"
1522,"enh3","ENSG00000175854"
1523,"enh11","ENSG00000115944"
1524,"enh2","ENSG00000180329"
1525,"enh13","ENSG00000162769"
1526,"enh7","ENSG00000173442"
1527,"enh14","ENSG00000213221"
1528,"enh7","ENSG00000105655"
1529,"enh14","ENSG00000136854"
1530,"enh1","ENSG00000204291"
1531,"enh12","ENSG00000119185"
1532,"enh6","ENSG00000126698"
1533,"enh14","ENSG00000160318"
1534,"enh12","ENSG00000198746"
1535,"enh7","ENSG00000204291"
1536,"enh12","ENSG00000186806"
1537,"enh10","ENSG00000181035"
1538,"enh10","ENSG00000170385"
1539,"enh4","ENSG00000162241"
1540,"enh11","ENSG00000104131"
1541,"enh8","ENSG00000123684"
1542,"enh11","ENSG00000064666"
1543,"enh10","ENSG00000161682"
1544,"enh4","ENSG00000174606"
1545,"enh8","ENSG00000129946"
1546,"enh10","ENSG00000136448"
1547,"enh13","ENSG00000162873"
1548,"enh13","ENSG00000181035"
1549,"enh9","ENSG00000013306"
1550,"enh2","ENSG00000162878"
1551,"enh9","ENSG00000174996"
1552,"enh14","ENSG00000068971"
1553,"enh11","ENSG00000213988"
1554,"enh8","ENSG00000114999"
1555,"enh12","ENSG00000142751"
1556,"enh14","ENSG00000136936"
1557,"enh4","ENSG00000161692"
1558,"enh7","ENSG00000066027"
1559,"enh4","ENSG00000114999"
1560,"enh1","ENSG00000115257"
1561,"enh8","ENSG00000082512"
1562,"enh6","ENSG00000172775"
1563,"enh12","ENSG00000172059"
1564,"enh10","ENSG00000187024"
1565,"enh11","ENSG00000136807"
1566,"enh4","ENSG00000159461"
1567,"enh11","ENSG00000147669"
1568,"enh2","ENSG00000148248"
1569,"enh11","ENSG00000174871"
1570,"enh6","ENSG00000067596"
1571,"enh5","ENSG00000106992"
1572,"enh7","ENSG00000117593"
1573,"enh3","ENSG00000099821"
1574,"enh12","ENSG00000167470"
1575,"enh11","ENSG00000122140"
1576,"enh5","ENSG00000136828"
1577,"enh2","ENSG00000136908"
1578,"enh4","ENSG00000005194"
1579,"enh12","ENSG00000167113"
1580,"enh10","ENSG00000140854"
1581,"enh14","ENSG00000107021"
1582,"enh2","ENSG00000180448"
1583,"enh6","ENSG00000106992"
1584,"enh1","ENSG00000125484"
1585,"enh6","ENSG00000167748"
1586,"enh5","ENSG00000125148"
1587,"enh8","ENSG00000105717"
1588,"enh9","ENSG00000160408"
1589,"enh9","ENSG00000196550"
1590,"enh11","ENSG00000102996"
1591,"enh2","ENSG00000065000"
1592,"enh4","ENSG00000117751"
1593,"enh14","ENSG00000186185"
1594,"enh8","ENSG00000171169"
1595,"enh5","ENSG00000175467"
1596,"enh6","ENSG00000235034"
1597,"enh13","ENSG00000099624"
1598,"enh1","ENSG00000107021"
1599,"enh3","ENSG00000175573"
1600,"enh12","ENSG00000160271"
1601,"enh11","ENSG00000165092"
1602,"enh13","ENSG00000099875"
1603,"enh4","ENSG00000174516"
1604,"enh3","ENSG00000174744"
1605,"enh14","ENSG00000174516"
1606,"enh14","ENSG00000135821"
1607,"enh8","ENSG00000143476"
1608,"enh9","ENSG00000186185"
1609,"enh3","ENSG00000148248"
1610,"enh6","ENSG00000167113"
1611,"enh9","ENSG00000119392"
1612,"enh9","ENSG00000149823"
1613,"enh1","ENSG00000106803"
1614,"enh3","ENSG00000009780"
1615,"enh3","ENSG00000107372"
1616,"enh4","ENSG00000130005"
1617,"enh6","ENSG00000144161"
1618,"enh14","ENSG00000129946"
1619,"enh3","ENSG00000065000"
1620,"enh3","ENSG00000186010"
1621,"enh12","ENSG00000064666"
1622,"enh4","ENSG00000105383"
1623,"enh2","ENSG00000183831"
1624,"enh11","ENSG00000088682"
1625,"enh13","ENSG00000169288"
1626,"enh1","ENSG00000136938"
1627,"enh5","ENSG00000163291"
1628,"enh7","ENSG00000126705"
1629,"enh14","ENSG00000172757"
1630,"enh6","ENSG00000119335"
1631,"enh7","ENSG00000174529"
1632,"enh2","ENSG00000152061"
1633,"enh3","ENSG00000116017"
1634,"enh8","ENSG00000174276"
1635,"enh14","ENSG00000213465"
1636,"enh8","ENSG00000174606"
1637,"enh4","ENSG00000119333"
1638,"enh7","ENSG00000163291"
1639,"enh7","ENSG00000099624"
1640,"enh5","ENSG00000005961"
1641,"enh11","ENSG00000105656"
1642,"enh14","ENSG00000104973"
1643,"enh5","ENSG00000148411"
1644,"enh4","ENSG00000187193"
1645,"enh4","ENSG00000125484"
1646,"enh2","ENSG00000204291"
1647,"enh7","ENSG00000104689"
1648,"enh3","ENSG00000162769"
1649,"enh14","ENSG00000149792"
1650,"enh14","ENSG00000106991"
1651,"enh8","ENSG00000160293"
1652,"enh8","ENSG00000122482"
1653,"enh8","ENSG00000133243"
1654,"enh8","ENSG00000129968"
1655,"enh7","ENSG00000107290"
1656,"enh4","ENSG00000125482"
1657,"enh4","ENSG00000130511"
1658,"enh9","ENSG00000125170"
1659,"enh8","ENSG00000122484"
1660,"enh3","ENSG00000115091"
1661,"enh14","ENSG00000161677"
1662,"enh3","ENSG00000172232"
1663,"enh2","ENSG00000133895"
1664,"enh11","ENSG00000186010"
1665,"enh14","ENSG00000131398"
1666,"enh4","ENSG00000198786"
1667,"enh8","ENSG00000125482"
1668,"enh9","ENSG00000065600"
1669,"enh6","ENSG00000168056"
1670,"enh6","ENSG00000116014"
1671,"enh10","ENSG00000115756"
1672,"enh11","ENSG00000130560"
1673,"enh12","ENSG00000108883"
1674,"enh9","ENSG00000198746"
1675,"enh9","ENSG00000105379"
1676,"enh8","ENSG00000175467"
1677,"enh12","ENSG00000013306"
1678,"enh6","ENSG00000070770"
1679,"enh7","ENSG00000142186"
1680,"enh8","ENSG00000099821"
1681,"enh13","ENSG00000115761"
1682,"enh4","ENSG00000136929"
1683,"enh7","ENSG00000196422"
1684,"enh1","ENSG00000134317"
1685,"enh6","ENSG00000104946"
1686,"enh2","ENSG00000160318"
1687,"enh12","ENSG00000152518"
1688,"enh12","ENSG00000155380"
1689,"enh8","ENSG00000250067"
1690,"enh2","ENSG00000005194"
1691,"enh9","ENSG00000184162"
1692,"enh7","ENSG00000187024"
1693,"enh4","ENSG00000138036"
1694,"enh1","ENSG00000125148"
1695,"enh10","ENSG00000071655"
1696,"enh7","ENSG00000146670"
1697,"enh14","ENSG00000108883"
1698,"enh14","ENSG00000196422"
1699,"enh1","ENSG00000105705"
1700,"enh1","ENSG00000115758"
1701,"enh2","ENSG00000197217"
1702,"enh5","ENSG00000152061"
1703,"enh6","ENSG00000147669"
1704,"enh4","ENSG00000181773"
1705,"enh6","ENSG00000136932"
1706,"enh1","ENSG00000105379"
1707,"enh4","ENSG00000136828"
1708,"enh6","ENSG00000064932"
1709,"enh14","ENSG00000148337"
1710,"enh8","ENSG00000172500"
1711,"enh3","ENSG00000103005"
1712,"enh10","ENSG00000071564"
1713,"enh13","ENSG00000119392"
1714,"enh6","ENSG00000172059"
1715,"enh2","ENSG00000163297"
1716,"enh7","ENSG00000119559"
1717,"enh4","ENSG00000197694"
1718,"enh14","ENSG00000204291"
1719,"enh7","ENSG00000175221"
1720,"enh9","ENSG00000115970"
1721,"enh14","ENSG00000117691"
1722,"enh7","ENSG00000120889"
1723,"enh12","ENSG00000106992"
1724,"enh4","ENSG00000167123"
1725,"enh1","ENSG00000168056"
1726,"enh3","ENSG00000175376"
1727,"enh5","ENSG00000104946"
1728,"enh2","ENSG00000117280"
1729,"enh12","ENSG00000064545"
1730,"enh8","ENSG00000089639"
1731,"enh8","ENSG00000099875"
1732,"enh2","ENSG00000167468"
1733,"enh4","ENSG00000099864"
1734,"enh1","ENSG00000197694"
1735,"enh4","ENSG00000144161"
1736,"enh7","ENSG00000125484"
1737,"enh7","ENSG00000115750"
1738,"enh3","ENSG00000064490"
1739,"enh7","ENSG00000158941"
1740,"enh7","ENSG00000068971"
1741,"enh7","ENSG00000105383"
1742,"enh5","ENSG00000173442"
1743,"enh3","ENSG00000158195"
1744,"enh2","ENSG00000105700"
1745,"enh3","ENSG00000152527"
1746,"enh14","ENSG00000165684"
1747,"enh4","ENSG00000160404"
1748,"enh10","ENSG00000169607"
1749,"enh12","ENSG00000120913"
1750,"enh2","ENSG00000186501"
1751,"enh13","ENSG00000172992"
1752,"enh7","ENSG00000159461"
1753,"enh3","ENSG00000099864"
1754,"enh11","ENSG00000006016"
1755,"enh13","ENSG00000141349"
1756,"enh4","ENSG00000160446"
1757,"enh9","ENSG00000130511"
1758,"enh13","ENSG00000133059"
1759,"enh9","ENSG00000167106"
1760,"enh7","ENSG00000165688"
1761,"enh11","ENSG00000162878"
1762,"enh10","ENSG00000117592"
1763,"enh7","ENSG00000185761"
1764,"enh3","ENSG00000106976"
1765,"enh9","ENSG00000141933"
1766,"enh3","ENSG00000203705"
1767,"enh2","ENSG00000140848"
1768,"enh13","ENSG00000196422"
1769,"enh3","ENSG00000108852"
1770,"enh7","ENSG00000169607"
1771,"enh8","ENSG00000136929"
1772,"enh1","ENSG00000153214"
1773,"enh9","ENSG00000182087"
1774,"enh12","ENSG00000067596"
1775,"enh8","ENSG00000108852"
1776,"enh12","ENSG00000167005"
1777,"enh12","ENSG00000079313"
1778,"enh5","ENSG00000099817"
1779,"enh12","ENSG00000253368"
1780,"enh11","ENSG00000165699"
1781,"enh5","ENSG00000130005"
1782,"enh3","ENSG00000147457"
1783,"enh8","ENSG00000175854"
1784,"enh9","ENSG00000116014"
1785,"enh6","ENSG00000173327"
1786,"enh10","ENSG00000106789"
1787,"enh13","ENSG00000213638"
1788,"enh7","ENSG00000117697"
1789,"enh1","ENSG00000119514"
1790,"enh8","ENSG00000167748"
1791,"enh1","ENSG00000152527"
1792,"enh4","ENSG00000181588"
1793,"enh7","ENSG00000104897"
1794,"enh13","ENSG00000165138"
1795,"enh8","ENSG00000147454"
1796,"enh11","ENSG00000105053"
1797,"enh13","ENSG00000138772"
1798,"enh4","ENSG00000167103"
1799,"enh11","ENSG00000174744"
1800,"enh13","ENSG00000105556"
1801,"enh1","ENSG00000143493"
1802,"enh8","ENSG00000014216"
1803,"enh13","ENSG00000167759"
1804,"enh3","ENSG00000147454"
1805,"enh10","ENSG00000169403"
1806,"enh12","ENSG00000133243"
1807,"enh5","ENSG00000117592"
1808,"enh9","ENSG00000175854"
1809,"enh8","ENSG00000173039"
1810,"enh10","ENSG00000213024"
1811,"enh7","ENSG00000090273"
1812,"enh13","ENSG00000125170"
1813,"enh5","ENSG00000120913"
1814,"enh12","ENSG00000161647"
1815,"enh8","ENSG00000182087"
1816,"enh2","ENSG00000172775"
1817,"enh7","ENSG00000105708"
1818,"enh7","ENSG00000162772"
1819,"enh9","ENSG00000175294"
1820,"enh4","ENSG00000105726"
1821,"enh10","ENSG00000130766"
1822,"enh13","ENSG00000140848"
1823,"enh3","ENSG00000238227"
1824,"enh5","ENSG00000107290"
1825,"enh5","ENSG00000165699"
1826,"enh14","ENSG00000223802"
1827,"enh14","ENSG00000138772"
1828,"enh4","ENSG00000197766"
1829,"enh13","ENSG00000126391"
1830,"enh10","ENSG00000064607"
1831,"enh10","ENSG00000065000"
1832,"enh6","ENSG00000161714"
1833,"enh4","ENSG00000105676"
1834,"enh4","ENSG00000105696"
1835,"enh1","ENSG00000138756"
1836,"enh2","ENSG00000213445"
1837,"enh14","ENSG00000116014"
1838,"enh11","ENSG00000117593"
1839,"enh12","ENSG00000126698"
1840,"enh5","ENSG00000102978"
1841,"enh6","ENSG00000135821"
1842,"enh8","ENSG00000136807"
1843,"enh11","ENSG00000115255"
1844,"enh2","ENSG00000213988"
1845,"enh7","ENSG00000108883"
1846,"enh7","ENSG00000167487"
1847,"enh5","ENSG00000180198"
1848,"enh3","ENSG00000135821"
1849,"enh6","ENSG00000160563"
1850,"enh8","ENSG00000167106"
1851,"enh8","ENSG00000105726"
1852,"enh8","ENSG00000148297"
1853,"enh13","ENSG00000089639"
1854,"enh2","ENSG00000197958"
1855,"enh12","ENSG00000159648"
1856,"enh11","ENSG00000104946"
1857,"enh12","ENSG00000165684"
1858,"enh13","ENSG00000064932"
1859,"enh8","ENSG00000160318"
1860,"enh6","ENSG00000143882"
1861,"enh2","ENSG00000119203"
1862,"enh7","ENSG00000184162"
1863,"enh12","ENSG00000174606"
1864,"enh8","ENSG00000067596"
1865,"enh13","ENSG00000143882"
1866,"enh7","ENSG00000005961"
1867,"enh7","ENSG00000172922"
1868,"enh7","ENSG00000160563"
1869,"enh2","ENSG00000014216"
1870,"enh12","ENSG00000135046"
1871,"enh3","ENSG00000105696"
1872,"enh11","ENSG00000160953"
1873,"enh4","ENSG00000136932"
1874,"enh8","ENSG00000079313"
1875,"enh2","ENSG00000203705"
1876,"enh12","ENSG00000198840"
1877,"enh6","ENSG00000131094"
1878,"enh7","ENSG00000148334"
1879,"enh13","ENSG00000185278"
1880,"enh13","ENSG00000105497"
1881,"enh4","ENSG00000095380"
1882,"enh11","ENSG00000142784"
1883,"enh8","ENSG00000174529"
1884,"enh2","ENSG00000167470"
1885,"enh2","ENSG00000175376"
1886,"enh11","ENSG00000175573"
1887,"enh14","ENSG00000064687"
1888,"enh7","ENSG00000172992"
1889,"enh11","ENSG00000140854"
1890,"enh10","ENSG00000136936"
1891,"enh14","ENSG00000167103"
1892,"enh8","ENSG00000108840"
1893,"enh2","ENSG00000196550"
1894,"enh10","ENSG00000148297"
1895,"enh13","ENSG00000166188"
1896,"enh14","ENSG00000160446"
1897,"enh12","ENSG00000172500"
1898,"enh12","ENSG00000135821"
1899,"enh6","ENSG00000152061"
1900,"enh5","ENSG00000099821"
1901,"enh11","ENSG00000135736"
1902,"enh3","ENSG00000148291"
1903,"enh10","ENSG00000117758"
1904,"enh10","ENSG00000106785"
1905,"enh13","ENSG00000175707"
1906,"enh1","ENSG00000133065"
1907,"enh2","ENSG00000136811"
1908,"enh3","ENSG00000160293"
1909,"enh3","ENSG00000172992"
1910,"enh2","ENSG00000196152"
1911,"enh2","ENSG00000172922"
1912,"enh6","ENSG00000198786"
1913,"enh6","ENSG00000186185"
1914,"enh5","ENSG00000119559"
1915,"enh11","ENSG00000171219"
1916,"enh9","ENSG00000125148"
1917,"enh3","ENSG00000175707"
1918,"enh7","ENSG00000099804"
1919,"enh12","ENSG00000099817"
1920,"enh5","ENSG00000156269"
1921,"enh5","ENSG00000146670"
1922,"enh4","ENSG00000105374"
1923,"enh13","ENSG00000198870"
1924,"enh2","ENSG00000161682"
1925,"enh7","ENSG00000117222"
1926,"enh9","ENSG00000120913"
1927,"enh7","ENSG00000165689"
1928,"enh7","ENSG00000213024"
1929,"enh4","ENSG00000180448"
1930,"enh5","ENSG00000131408"
1931,"enh11","ENSG00000107021"
1932,"enh7","ENSG00000136811"
1933,"enh9","ENSG00000183831"
1934,"enh11","ENSG00000204291"
1935,"enh2","ENSG00000175550"
1936,"enh9","ENSG00000064545"
1937,"enh7","ENSG00000130766"
1938,"enh13","ENSG00000099821"
1939,"enh3","ENSG00000140859"
1940,"enh14","ENSG00000165092"
1941,"enh7","ENSG00000197136"
1942,"enh7","ENSG00000175550"
1943,"enh12","ENSG00000167123"
1944,"enh10","ENSG00000131400"
1945,"enh10","ENSG00000115761"
1946,"enh5","ENSG00000119335"
1947,"enh12","ENSG00000162976"
1948,"enh8","ENSG00000181588"
1949,"enh1","ENSG00000174871"
1950,"enh4","ENSG00000187024"
1951,"enh5","ENSG00000152518"
1952,"enh5","ENSG00000153208"
1953,"enh10","ENSG00000173039"
1954,"enh2","ENSG00000142530"
1955,"enh3","ENSG00000213638"
1956,"enh10","ENSG00000108840"
1957,"enh14","ENSG00000173039"
1958,"enh13","ENSG00000005961"
1959,"enh6","ENSG00000071564"
1960,"enh3","ENSG00000129946"
1961,"enh10","ENSG00000130770"
1962,"enh4","ENSG00000070761"
1963,"enh9","ENSG00000106785"
1964,"enh7","ENSG00000106799"
1965,"enh6","ENSG00000141933"
1966,"enh12","ENSG00000167748"
1967,"enh10","ENSG00000167468"
1968,"enh14","ENSG00000125618"
1969,"enh13","ENSG00000175376"
1970,"enh14","ENSG00000175707"
1971,"enh10","ENSG00000138772"
1972,"enh14","ENSG00000148356"
1973,"enh7","ENSG00000102900"
1974,"enh11","ENSG00000160447"
1975,"enh10","ENSG00000162772"
1976,"enh10","ENSG00000160161"
1977,"enh8","ENSG00000175376"
1978,"enh14","ENSG00000087365"
1979,"enh10","ENSG00000117697"
1980,"enh11","ENSG00000196152"
1981,"enh1","ENSG00000135736"
1982,"enh13","ENSG00000116017"
1983,"enh13","ENSG00000068976"
1984,"enh3","ENSG00000175602"
1985,"enh14","ENSG00000148339"
1986,"enh7","ENSG00000125618"
1987,"enh14","ENSG00000196415"
1988,"enh9","ENSG00000256771"
1989,"enh12","ENSG00000174276"
1990,"enh6","ENSG00000181781"
1991,"enh8","ENSG00000140859"
1992,"enh6","ENSG00000254986"
1993,"enh2","ENSG00000185278"
1994,"enh12","ENSG00000105662"
1995,"enh3","ENSG00000136643"
1996,"enh7","ENSG00000115268"
1997,"enh6","ENSG00000180329"
1998,"enh5","ENSG00000160408"
1999,"enh9","ENSG00000119335"
2000,"enh10","ENSG00000115084"
2001,"enh5","ENSG00000180448"
2002,"enh7","ENSG00000152527"
2003,"enh10","ENSG00000198746"
2004,"enh3","ENSG00000117266"
2005,"enh12","ENSG00000130775"
2006,"enh1","ENSG00000070388"
2007,"enh6","ENSG00000070423"
2008,"enh12","ENSG00000180098"
2009,"enh6","ENSG00000070388"
2010,"enh11","ENSG00000171159"
2011,"enh8","ENSG00000119514"
2012,"enh13","ENSG00000181896"
2013,"enh4","ENSG00000213023"
2014,"enh12","ENSG00000174744"
2015,"enh2","ENSG00000115970"
2016,"enh14","ENSG00000181773"
2017,"enh4","ENSG00000138767"
2018,"enh13","ENSG00000099804"
2019,"enh3","ENSG00000198786"
2020,"enh5","ENSG00000188554"
2021,"enh1","ENSG00000140854"
2022,"enh12","ENSG00000175832"
2023,"enh3","ENSG00000102900"
2024,"enh9","ENSG00000172732"
2025,"enh6","ENSG00000129951"
2026,"enh13","ENSG00000140859"
2027,"enh9","ENSG00000099866"
2028,"enh13","ENSG00000172232"
2029,"enh5","ENSG00000153107"
2030,"enh2","ENSG00000142733"
2031,"enh4","ENSG00000149792"
2032,"enh5","ENSG00000090020"
2033,"enh8","ENSG00000115750"
2034,"enh12","ENSG00000148291"
2035,"enh5","ENSG00000068831"
2036,"enh4","ENSG00000108883"
2037,"enh6","ENSG00000171219"
2038,"enh1","ENSG00000168591"
2039,"enh3","ENSG00000171169"
2040,"enh11","ENSG00000253368"
2041,"enh2","ENSG00000129951"
2042,"enh14","ENSG00000198786"
2043,"enh5","ENSG00000107021"
2044,"enh2","ENSG00000168067"
2045,"enh7","ENSG00000115761"
2046,"enh13","ENSG00000162772"
2047,"enh4","ENSG00000108852"
2048,"enh10","ENSG00000105708"
2049,"enh4","ENSG00000064932"
2050,"enh4","ENSG00000105662"
2051,"enh8","ENSG00000168062"
2052,"enh3","ENSG00000160161"
2053,"enh4","ENSG00000173442"
2054,"enh8","ENSG00000254470"
2055,"enh14","ENSG00000172922"
2056,"enh1","ENSG00000102934"
2057,"enh2","ENSG00000115255"
2058,"enh11","ENSG00000174547"
2059,"enh11","ENSG00000181035"
2060,"enh7","ENSG00000133895"
2061,"enh2","ENSG00000172081"
2062,"enh10","ENSG00000087152"
2063,"enh2","ENSG00000151694"
2064,"enh13","ENSG00000105705"
2065,"enh5","ENSG00000138756"
2066,"enh10","ENSG00000095380"
2067,"enh5","ENSG00000178093"
2068,"enh14","ENSG00000148303"
2069,"enh7","ENSG00000256771"
2070,"enh1","ENSG00000197540"
2071,"enh5","ENSG00000089639"
2072,"enh3","ENSG00000104885"
2073,"enh11","ENSG00000158715"
2074,"enh6","ENSG00000099817"
2075,"enh13","ENSG00000127540"
2076,"enh3","ENSG00000105053"
2077,"enh1","ENSG00000169403"
2078,"enh14","ENSG00000136874"
2079,"enh9","ENSG00000125630"
2080,"enh2","ENSG00000125484"
2081,"enh4","ENSG00000167114"
2082,"enh12","ENSG00000213024"
2083,"enh2","ENSG00000168066"
2084,"enh3","ENSG00000165698"
2085,"enh8","ENSG00000162873"
2086,"enh9","ENSG00000069702"
2087,"enh6","ENSG00000108861"
2088,"enh7","ENSG00000213465"
2089,"enh5","ENSG00000130775"
2090,"enh6","ENSG00000148337"
2091,"enh4","ENSG00000101132"
2092,"enh3","ENSG00000204138"
2093,"enh3","ENSG00000167112"
2094,"enh4","ENSG00000106991"
2095,"enh5","ENSG00000117697"
2096,"enh3","ENSG00000090020"
2097,"enh7","ENSG00000148248"
2098,"enh14","ENSG00000174996"
2099,"enh13","ENSG00000149806"
2100,"enh2","ENSG00000133275"
2101,"enh3","ENSG00000117222"
2102,"enh13","ENSG00000105676"
2103,"enh5","ENSG00000110046"
2104,"enh14","ENSG00000161654"
2105,"enh9","ENSG00000178093"
2106,"enh11","ENSG00000180448"
2107,"enh10","ENSG00000198870"
2108,"enh9","ENSG00000163297"
2109,"enh11","ENSG00000140848"
2110,"enh11","ENSG00000130559"
2111,"enh7","ENSG00000158195"
2112,"enh4","ENSG00000213445"
2113,"enh11","ENSG00000241852"
2114,"enh6","ENSG00000115970"
2115,"enh6","ENSG00000196116"
2116,"enh11","ENSG00000115761"
2117,"enh9","ENSG00000160360"
2118,"enh5","ENSG00000069275"
2119,"enh1","ENSG00000125630"
2120,"enh5","ENSG00000115970"
2121,"enh5","ENSG00000151694"
2122,"enh6","ENSG00000147457"
2123,"enh4","ENSG00000180198"
2124,"enh11","ENSG00000105726"
2125,"enh11","ENSG00000196415"
2126,"enh14","ENSG00000106803"
2127,"enh12","ENSG00000180198"
2128,"enh9","ENSG00000174606"
2129,"enh5","ENSG00000136929"
2130,"enh1","ENSG00000127540"
2131,"enh6","ENSG00000108840"
2132,"enh2","ENSG00000131400"
2133,"enh10","ENSG00000187193"
2134,"enh7","ENSG00000136943"
2135,"enh6","ENSG00000140854"
2136,"enh10","ENSG00000175334"
2137,"enh4","ENSG00000136874"
2138,"enh14","ENSG00000140848"
2139,"enh12","ENSG00000262874"
2140,"enh8","ENSG00000014138"
2141,"enh1","ENSG00000174744"
2142,"enh12","ENSG00000122026"
2143,"enh8","ENSG00000004939"
2144,"enh5","ENSG00000135821"
2145,"enh10","ENSG00000172922"
2146,"enh14","ENSG00000197136"
2147,"enh4","ENSG00000142186"
2148,"enh13","ENSG00000125144"
2149,"enh1","ENSG00000160293"
2150,"enh6","ENSG00000008853"
2151,"enh2","ENSG00000162976"
2152,"enh10","ENSG00000079313"
2153,"enh3","ENSG00000166188"
2154,"enh4","ENSG00000105556"
2155,"enh10","ENSG00000090020"
2156,"enh3","ENSG00000120334"
2157,"enh12","ENSG00000167136"
2158,"enh1","ENSG00000105472"
2159,"enh10","ENSG00000105717"
2160,"enh4","ENSG00000147669"
2161,"enh10","ENSG00000119523"
2162,"enh9","ENSG00000105700"
2163,"enh14","ENSG00000165689"
2164,"enh12","ENSG00000102934"
2165,"enh10","ENSG00000174851"
2166,"enh14","ENSG00000162419"
2167,"enh12","ENSG00000142784"
2168,"enh4","ENSG00000099821"
2169,"enh13","ENSG00000171940"
2170,"enh4","ENSG00000069702"
2171,"enh7","ENSG00000087152"
2172,"enh12","ENSG00000117748"
2173,"enh9","ENSG00000213221"
2174,"enh10","ENSG00000005007"
2175,"enh1","ENSG00000115084"
2176,"enh1","ENSG00000185278"
2177,"enh3","ENSG00000119559"
2178,"enh14","ENSG00000175602"
2179,"enh1","ENSG00000174851"
2180,"enh1","ENSG00000008853"
2181,"enh8","ENSG00000108883"
2182,"enh9","ENSG00000147439"
2183,"enh3","ENSG00000197540"
2184,"enh11","ENSG00000185198"
2185,"enh7","ENSG00000125170"
2186,"enh13","ENSG00000149792"
2187,"enh6","ENSG00000122484"
2188,"enh8","ENSG00000012048"
2189,"enh14","ENSG00000105708"
2190,"enh5","ENSG00000175573"
2191,"enh6","ENSG00000105669"
2192,"enh9","ENSG00000133243"
2193,"enh3","ENSG00000136840"
2194,"enh6","ENSG00000071655"
2195,"enh7","ENSG00000141933"
2196,"enh8","ENSG00000152518"
2197,"enh5","ENSG00000152527"
2198,"enh12","ENSG00000241852"
2199,"enh13","ENSG00000173327"
2200,"enh8","ENSG00000165688"
2201,"enh11","ENSG00000005961"
2202,"enh11","ENSG00000165702"
2203,"enh8","ENSG00000167491"
2204,"enh10","ENSG00000174529"
2205,"enh8","ENSG00000106785"
2206,"enh14","ENSG00000177125"
2207,"enh4","ENSG00000148308"
2208,"enh4","ENSG00000131094"
2209,"enh2","ENSG00000005007"
2210,"enh12","ENSG00000170385"
2211,"enh5","ENSG00000117625"
2212,"enh8","ENSG00000160360"
2213,"enh14","ENSG00000105472"
2214,"enh4","ENSG00000129946"
2215,"enh4","ENSG00000130772"
2216,"enh10","ENSG00000198840"
2217,"enh7","ENSG00000147439"
2218,"enh2","ENSG00000161692"
2219,"enh12","ENSG00000160318"
2220,"enh9","ENSG00000173327"
2221,"enh8","ENSG00000189195"
2222,"enh6","ENSG00000013306"
2223,"enh4","ENSG00000131097"
2224,"enh9","ENSG00000197136"
2225,"enh13","ENSG00000144136"
2226,"enh4","ENSG00000228300"
2227,"enh6","ENSG00000149806"
2228,"enh14","ENSG00000142528"
2229,"enh3","ENSG00000101132"
2230,"enh3","ENSG00000143493"
2231,"enh8","ENSG00000169607"
2232,"enh5","ENSG00000142186"
2233,"enh11","ENSG00000115091"
2234,"enh12","ENSG00000165688"
2235,"enh1","ENSG00000064490"
2236,"enh13","ENSG00000071564"
2237,"enh13","ENSG00000136828"
2238,"enh2","ENSG00000148300"
2239,"enh3","ENSG00000175115"
2240,"enh10","ENSG00000149792"
2241,"enh8","ENSG00000197217"
2242,"enh12","ENSG00000187193"
2243,"enh14","ENSG00000110047"
2244,"enh3","ENSG00000104897"
2245,"enh1","ENSG00000136448"
2246,"enh2","ENSG00000172500"
2247,"enh9","ENSG00000119523"
2248,"enh12","ENSG00000117266"
2249,"enh4","ENSG00000184162"
2250,"enh3","ENSG00000173465"
2251,"enh9","ENSG00000172232"
2252,"enh13","ENSG00000117758"
2253,"enh9","ENSG00000142528"
2254,"enh7","ENSG00000156269"
2255,"enh5","ENSG00000197540"
2256,"enh3","ENSG00000097046"
2257,"enh2","ENSG00000155380"
2258,"enh3","ENSG00000174547"
2259,"enh1","ENSG00000196683"
2260,"enh10","ENSG00000181588"
2261,"enh2","ENSG00000161671"
2262,"enh1","ENSG00000108309"
2263,"enh8","ENSG00000065600"
2264,"enh6","ENSG00000181513"
2265,"enh8","ENSG00000116014"
2266,"enh2","ENSG00000165699"
2267,"enh10","ENSG00000162298"
2268,"enh2","ENSG00000064490"
2269,"enh3","ENSG00000105472"
2270,"enh12","ENSG00000070423"
2271,"enh10","ENSG00000070423"
2272,"enh10","ENSG00000130772"
2273,"enh3","ENSG00000106789"
2274,"enh7","ENSG00000162419"
2275,"enh11","ENSG00000181896"
2276,"enh7","ENSG00000130772"
2277,"enh2","ENSG00000160360"
2278,"enh9","ENSG00000160446"
2279,"enh11","ENSG00000068971"
2280,"enh9","ENSG00000142784"
2281,"enh5","ENSG00000105701"
2282,"enh6","ENSG00000180198"
2283,"enh12","ENSG00000172270"
2284,"enh9","ENSG00000148291"
2285,"enh7","ENSG00000006015"
2286,"enh10","ENSG00000181896"
2287,"enh12","ENSG00000138772"
2288,"enh11","ENSG00000108849"
2289,"enh4","ENSG00000254470"
2290,"enh7","ENSG00000180198"
2291,"enh3","ENSG00000172922"
2292,"enh1","ENSG00000161677"
2293,"enh13","ENSG00000161677"
2294,"enh7","ENSG00000117748"
2295,"enh4","ENSG00000165699"
2296,"enh5","ENSG00000105383"
2297,"enh7","ENSG00000148300"
2298,"enh1","ENSG00000174276"
2299,"enh3","ENSG00000189195"
2300,"enh10","ENSG00000162769"
2301,"enh13","ENSG00000101132"
2302,"enh11","ENSG00000204138"
2303,"enh9","ENSG00000160404"
2304,"enh2","ENSG00000125630"
2305,"enh9","ENSG00000107372"
2306,"enh3","ENSG00000125637"
2307,"enh2","ENSG00000161647"
2308,"enh11","ENSG00000099625"
2309,"enh8","ENSG00000135870"
2310,"enh9","ENSG00000182963"
2311,"enh3","ENSG00000105383"
2312,"enh7","ENSG00000173825"
2313,"enh5","ENSG00000160446"
2314,"enh7","ENSG00000119125"
2315,"enh12","ENSG00000161692"
2316,"enh11","ENSG00000140859"
2317,"enh7","ENSG00000171940"
2318,"enh1","ENSG00000100316"
2319,"enh5","ENSG00000009780"
2320,"enh1","ENSG00000162669"
2321,"enh12","ENSG00000174842"
2322,"enh1","ENSG00000064687"
2323,"enh14","ENSG00000135870"
2324,"enh8","ENSG00000256771"
2325,"enh6","ENSG00000122140"
2326,"enh14","ENSG00000125148"
2327,"enh4","ENSG00000117650"
2328,"enh2","ENSG00000120334"
2329,"enh14","ENSG00000227500"
2330,"enh1","ENSG00000105696"
2331,"enh6","ENSG00000162300"
2332,"enh5","ENSG00000067596"
2333,"enh13","ENSG00000173039"
2334,"enh9","ENSG00000165684"
2335,"enh9","ENSG00000126705"
2336,"enh14","ENSG00000125482"
2337,"enh8","ENSG00000165702"
2338,"enh1","ENSG00000133243"
2339,"enh13","ENSG00000122482"
2340,"enh2","ENSG00000099804"
2341,"enh3","ENSG00000082512"
2342,"enh3","ENSG00000182087"
2343,"enh13","ENSG00000116014"
2344,"enh8","ENSG00000134318"
2345,"enh11","ENSG00000238227"
2346,"enh3","ENSG00000143924"
2347,"enh4","ENSG00000129911"
2348,"enh12","ENSG00000064607"
2349,"enh7","ENSG00000181781"
2350,"enh7","ENSG00000104973"
2351,"enh7","ENSG00000119392"
2352,"enh1","ENSG00000064545"
2353,"enh8","ENSG00000105662"
2354,"enh9","ENSG00000153214"
2355,"enh10","ENSG00000115286"
2356,"enh9","ENSG00000196961"
2357,"enh7","ENSG00000167113"
2358,"enh8","ENSG00000181513"
2359,"enh4","ENSG00000167136"
2360,"enh4","ENSG00000175334"
2361,"enh6","ENSG00000167114"
2362,"enh9","ENSG00000149792"
2363,"enh3","ENSG00000186185"
2364,"enh9","ENSG00000071626"
2365,"enh9","ENSG00000039650"
2366,"enh13","ENSG00000162878"
2367,"enh14","ENSG00000167110"
2368,"enh1","ENSG00000006016"
2369,"enh4","ENSG00000153107"
2370,"enh12","ENSG00000160293"
2371,"enh1","ENSG00000196415"
2372,"enh6","ENSG00000262874"
2373,"enh13","ENSG00000105656"
2374,"enh5","ENSG00000099624"
2375,"enh6","ENSG00000204138"
2376,"enh6","ENSG00000064545"
2377,"enh7","ENSG00000102996"
2378,"enh13","ENSG00000119335"
2379,"enh10","ENSG00000175854"
2380,"enh4","ENSG00000107021"
2381,"enh6","ENSG00000125144"
2382,"enh2","ENSG00000174903"
2383,"enh6","ENSG00000079313"
2384,"enh5","ENSG00000136943"
2385,"enh5","ENSG00000213638"
2386,"enh3","ENSG00000165702"
2387,"enh9","ENSG00000117697"
2388,"enh5","ENSG00000010361"
2389,"enh14","ENSG00000143882"
2390,"enh10","ENSG00000171159"
2391,"enh2","ENSG00000005961"
2392,"enh4","ENSG00000141349"
2393,"enh12","ENSG00000136856"
2394,"enh13","ENSG00000254986"
2395,"enh1","ENSG00000167112"
2396,"enh7","ENSG00000196312"
2397,"enh2","ENSG00000071564"
2398,"enh1","ENSG00000167759"
2399,"enh3","ENSG00000138036"
2400,"enh3","ENSG00000158941"
2401,"enh3","ENSG00000196415"
2402,"enh6","ENSG00000174276"
2403,"enh3","ENSG00000147669"
2404,"enh6","ENSG00000130559"
2405,"enh6","ENSG00000181773"
2406,"enh7","ENSG00000262874"
2407,"enh11","ENSG00000162419"
2408,"enh1","ENSG00000148290"
2409,"enh14","ENSG00000118046"
2410,"enh9","ENSG00000117758"
2411,"enh14","ENSG00000102978"
2412,"enh3","ENSG00000130005"
2413,"enh13","ENSG00000148288"
2414,"enh11","ENSG00000197136"
2415,"enh11","ENSG00000079313"
2416,"enh5","ENSG00000133275"
2417,"enh9","ENSG00000160161"
2418,"enh1","ENSG00000227500"
2419,"enh12","ENSG00000172732"
2420,"enh9","ENSG00000125484"
2421,"enh2","ENSG00000172059"
2422,"enh2","ENSG00000162298"
2423,"enh1","ENSG00000005961"
2424,"enh14","ENSG00000136925"
2425,"enh13","ENSG00000142733"
2426,"enh8","ENSG00000156269"
2427,"enh8","ENSG00000070388"
2428,"enh6","ENSG00000104960"
2429,"enh4","ENSG00000188177"
2430,"enh13","ENSG00000253368"
2431,"enh12","ENSG00000106803"
2432,"enh12","ENSG00000120656"
2433,"enh3","ENSG00000167468"
2434,"enh6","ENSG00000108883"
2435,"enh6","ENSG00000136830"
2436,"enh4","ENSG00000167759"
2437,"enh7","ENSG00000099864"
2438,"enh5","ENSG00000014138"
2439,"enh1","ENSG00000133059"
2440,"enh7","ENSG00000126709"
2441,"enh10","ENSG00000119333"
2442,"enh14","ENSG00000144136"
2443,"enh2","ENSG00000184162"
2444,"enh13","ENSG00000104131"
2445,"enh8","ENSG00000175707"
2446,"enh8","ENSG00000136938"
2447,"enh10","ENSG00000011304"
2448,"enh2","ENSG00000010361"
2449,"enh5","ENSG00000167491"
2450,"enh11","ENSG00000165689"
2451,"enh6","ENSG00000148290"
2452,"enh5","ENSG00000087152"
2453,"enh9","ENSG00000152518"
2454,"enh12","ENSG00000178093"
2455,"enh2","ENSG00000168062"
2456,"enh14","ENSG00000131097"
2457,"enh9","ENSG00000133884"
2458,"enh6","ENSG00000168061"
2459,"enh2","ENSG00000114999"
2460,"enh14","ENSG00000176973"
2461,"enh4","ENSG00000162772"
2462,"enh6","ENSG00000104973"
2463,"enh12","ENSG00000122482"
2464,"enh13","ENSG00000262874"
2465,"enh4","ENSG00000065268"
2466,"enh14","ENSG00000127540"
2467,"enh14","ENSG00000105379"
2468,"enh8","ENSG00000069702"
2469,"enh10","ENSG00000134330"
2470,"enh11","ENSG00000117625"
2471,"enh4","ENSG00000158195"
2472,"enh4","ENSG00000136643"
2473,"enh3","ENSG00000148411"
2474,"enh6","ENSG00000165661"
2475,"enh4","ENSG00000125630"
2476,"enh2","ENSG00000119523"
2477,"enh1","ENSG00000142544"
2478,"enh10","ENSG00000004939"
2479,"enh12","ENSG00000171169"
2480,"enh14","ENSG00000141349"
2481,"enh13","ENSG00000064547"
2482,"enh9","ENSG00000095380"
2483,"enh3","ENSG00000167113"
2484,"enh5","ENSG00000148303"
2485,"enh8","ENSG00000115084"
2486,"enh10","ENSG00000136908"
2487,"enh1","ENSG00000131400"
2488,"enh10","ENSG00000158941"
2489,"enh12","ENSG00000144130"
2490,"enh7","ENSG00000117751"
2491,"enh2","ENSG00000095380"
2492,"enh14","ENSG00000087263"
2493,"enh8","ENSG00000120889"
2494,"enh7","ENSG00000069275"
2495,"enh2","ENSG00000162772"
2496,"enh2","ENSG00000070770"
2497,"enh1","ENSG00000115970"
2498,"enh10","ENSG00000014138"
2499,"enh13","ENSG00000108883"
2500,"enh9","ENSG00000126391"
2501,"enh11","ENSG00000130772"
2502,"enh2","ENSG00000165138"
2503,"enh7","ENSG00000161714"
2504,"enh8","ENSG00000064687"
2505,"enh13","ENSG00000070404"
2506,"enh4","ENSG00000165688"
2507,"enh1","ENSG00000064787"
2508,"enh9","ENSG00000188554"
2509,"enh12","ENSG00000160953"
2510,"enh6","ENSG00000184988"
2511,"enh9","ENSG00000175906"
2512,"enh4","ENSG00000125611"
2513,"enh7","ENSG00000197958"
2514,"enh6","ENSG00000125618"
2515,"enh5","ENSG00000115091"
2516,"enh12","ENSG00000039650"
2517,"enh14","ENSG00000125485"
2518,"enh11","ENSG00000133059"
2519,"enh5","ENSG00000062822"
2520,"enh4","ENSG00000099875"
2521,"enh7","ENSG00000130511"
2522,"enh13","ENSG00000131398"
2523,"enh2","ENSG00000180198"
2524,"enh7","ENSG00000136929"
2525,"enh7","ENSG00000148288"
2526,"enh13","ENSG00000186501"
2527,"enh8","ENSG00000160271"
2528,"enh11","ENSG00000117592"
2529,"enh9","ENSG00000127540"
2530,"enh13","ENSG00000172270"
2531,"enh5","ENSG00000138772"
2532,"enh5","ENSG00000105676"
2533,"enh7","ENSG00000134318"
2534,"enh9","ENSG00000175592"
2535,"enh13","ENSG00000136854"
2536,"enh9","ENSG00000099817"
2537,"enh9","ENSG00000123685"
2538,"enh7","ENSG00000144134"
2539,"enh1","ENSG00000160161"
2540,"enh13","ENSG00000070761"
2541,"enh9","ENSG00000204291"
2542,"enh10","ENSG00000125630"
2543,"enh8","ENSG00000068971"
2544,"enh10","ENSG00000182087"
2545,"enh13","ENSG00000106799"
2546,"enh10","ENSG00000135736"
2547,"enh2","ENSG00000120913"
2548,"enh7","ENSG00000175376"
2549,"enh10","ENSG00000204291"
2550,"enh3","ENSG00000196683"
2551,"enh9","ENSG00000184988"
2552,"enh5","ENSG00000167759"
2553,"enh6","ENSG00000039650"
2554,"enh13","ENSG00000065268"
2555,"enh8","ENSG00000068976"
2556,"enh11","ENSG00000108840"
2557,"enh1","ENSG00000138772"
2558,"enh7","ENSG00000148303"
2559,"enh10","ENSG00000104886"
2560,"enh9","ENSG00000105655"
2561,"enh9","ENSG00000105374"
2562,"enh6","ENSG00000142784"
2563,"enh7","ENSG00000186501"
2564,"enh2","ENSG00000173039"
2565,"enh4","ENSG00000136895"
2566,"enh10","ENSG00000167113"
2567,"enh12","ENSG00000070770"
2568,"enh12","ENSG00000213221"
2569,"enh13","ENSG00000167113"
2570,"enh13","ENSG00000173825"
2571,"enh11","ENSG00000148288"
2572,"enh3","ENSG00000064666"
2573,"enh9","ENSG00000176973"
2574,"enh12","ENSG00000071564"
2575,"enh13","ENSG00000130005"
2576,"enh8","ENSG00000165698"
2577,"enh1","ENSG00000090020"
2578,"enh6","ENSG00000175294"
2579,"enh7","ENSG00000160271"
2580,"enh12","ENSG00000064490"
2581,"enh10","ENSG00000253368"
2582,"enh14","ENSG00000106992"
2583,"enh8","ENSG00000133069"
2584,"enh5","ENSG00000172232"
2585,"enh8","ENSG00000115761"
2586,"enh1","ENSG00000161682"
2587,"enh8","ENSG00000138756"
2588,"enh3","ENSG00000102934"
2589,"enh3","ENSG00000148297"
2590,"enh4","ENSG00000203705"
2591,"enh1","ENSG00000213221"
2592,"enh13","ENSG00000161654"
2593,"enh7","ENSG00000105662"
2594,"enh12","ENSG00000071655"
2595,"enh11","ENSG00000106976"
2596,"enh11","ENSG00000188554"
2597,"enh6","ENSG00000104689"
2598,"enh2","ENSG00000103005"
2599,"enh6","ENSG00000129946"
2600,"enh5","ENSG00000168591"
2601,"enh14","ENSG00000004939"
2602,"enh8","ENSG00000117222"
2603,"enh13","ENSG00000102900"
2604,"enh4","ENSG00000119203"
2605,"enh12","ENSG00000158941"
2606,"enh8","ENSG00000138772"
2607,"enh12","ENSG00000135870"
2608,"enh10","ENSG00000158161"
2609,"enh6","ENSG00000140848"
2610,"enh6","ENSG00000185198"
2611,"enh12","ENSG00000106785"
2612,"enh4","ENSG00000172270"
2613,"enh10","ENSG00000090273"
2614,"enh14","ENSG00000171848"
2615,"enh9","ENSG00000117280"
2616,"enh2","ENSG00000173825"
2617,"enh4","ENSG00000147454"
2618,"enh7","ENSG00000196152"
2619,"enh3","ENSG00000161692"
2620,"enh14","ENSG00000064545"
2621,"enh2","ENSG00000174606"
2622,"enh8","ENSG00000185278"
2623,"enh14","ENSG00000185761"
2624,"enh4","ENSG00000175294"
2625,"enh11","ENSG00000167106"
2626,"enh12","ENSG00000099866"
2627,"enh1","ENSG00000172757"
2628,"enh11","ENSG00000160271"
2629,"enh6","ENSG00000156269"
2630,"enh12","ENSG00000134308"
2631,"enh1","ENSG00000146670"
2632,"enh2","ENSG00000143476"
2633,"enh9","ENSG00000167110"
2634,"enh9","ENSG00000009780"
2635,"enh1","ENSG00000181035"
2636,"enh4","ENSG00000090020"
2637,"enh8","ENSG00000213221"
2638,"enh4","ENSG00000135821"
2639,"enh8","ENSG00000136811"
2640,"enh13","ENSG00000099864"
2641,"enh3","ENSG00000125124"
2642,"enh14","ENSG00000125170"
2643,"enh4","ENSG00000064687"
2644,"enh2","ENSG00000064545"
2645,"enh4","ENSG00000013306"
2646,"enh9","ENSG00000068971"
2647,"enh4","ENSG00000167118"
2648,"enh9","ENSG00000130775"
2649,"enh3","ENSG00000107290"
2650,"enh4","ENSG00000070388"
2651,"enh12","ENSG00000169403"
2652,"enh1","ENSG00000130768"
2653,"enh8","ENSG00000175550"
2654,"enh2","ENSG00000165684"
2655,"enh6","ENSG00000160408"
2656,"enh9","ENSG00000171219"
2657,"enh6","ENSG00000130768"
2658,"enh1","ENSG00000177125"
2659,"enh14","ENSG00000168591"
2660,"enh7","ENSG00000131408"
2661,"enh6","ENSG00000148297"
2662,"enh13","ENSG00000235034"
2663,"enh1","ENSG00000180340"
2664,"enh12","ENSG00000198492"
2665,"enh3","ENSG00000167748"
2666,"enh10","ENSG00000064545"
2667,"enh4","ENSG00000196312"
2668,"enh7","ENSG00000089639"
2669,"enh12","ENSG00000162873"
2670,"enh11","ENSG00000136936"
2671,"enh4","ENSG00000213024"
2672,"enh9","ENSG00000090020"
2673,"enh5","ENSG00000238227"
2674,"enh7","ENSG00000165092"
2675,"enh12","ENSG00000165698"
2676,"enh7","ENSG00000149809"
2677,"enh2","ENSG00000133884"
2678,"enh3","ENSG00000227500"
2679,"enh1","ENSG00000140848"
2680,"enh4","ENSG00000130559"
2681,"enh13","ENSG00000196550"
2682,"enh1","ENSG00000099840"
2683,"enh11","ENSG00000168066"
2684,"enh8","ENSG00000167110"
2685,"enh10","ENSG00000108309"
2686,"enh6","ENSG00000125170"
2687,"enh3","ENSG00000133884"
2688,"enh2","ENSG00000115944"
2689,"enh1","ENSG00000065268"
2690,"enh11","ENSG00000136842"
2691,"enh5","ENSG00000065268"
2692,"enh8","ENSG00000162772"
2693,"enh11","ENSG00000187193"
2694,"enh2","ENSG00000071626"
2695,"enh6","ENSG00000196415"
2696,"enh6","ENSG00000134330"
2697,"enh9","ENSG00000108861"
2698,"enh2","ENSG00000177125"
2699,"enh11","ENSG00000136908"
2700,"enh13","ENSG00000180098"
2701,"enh2","ENSG00000051128"
2702,"enh13","ENSG00000126709"
2703,"enh6","ENSG00000148303"
2704,"enh14","ENSG00000161671"
2705,"enh3","ENSG00000165699"
2706,"enh12","ENSG00000172992"
2707,"enh8","ENSG00000160161"
2708,"enh7","ENSG00000097046"
2709,"enh13","ENSG00000167468"
2710,"enh2","ENSG00000067596"
2711,"enh7","ENSG00000104946"
2712,"enh14","ENSG00000175221"
2713,"enh11","ENSG00000136828"
2714,"enh7","ENSG00000105676"
2715,"enh9","ENSG00000169288"
2716,"enh4","ENSG00000069275"
2717,"enh14","ENSG00000130560"
2718,"enh9","ENSG00000125144"
2719,"enh7","ENSG00000051128"
2720,"enh8","ENSG00000123685"
2721,"enh6","ENSG00000213465"
2722,"enh11","ENSG00000064787"
2723,"enh3","ENSG00000174950"
2724,"enh2","ENSG00000130775"
2725,"enh8","ENSG00000173465"
2726,"enh8","ENSG00000144136"
2727,"enh2","ENSG00000120896"
2728,"enh8","ENSG00000136828"
2729,"enh7","ENSG00000013306"
2730,"enh9","ENSG00000147457"
2731,"enh8","ENSG00000238227"
2732,"enh2","ENSG00000162873"
2733,"enh7","ENSG00000175906"
2734,"enh14","ENSG00000172500"
2735,"enh13","ENSG00000144134"
2736,"enh1","ENSG00000138036"
2737,"enh12","ENSG00000158161"
2738,"enh2","ENSG00000174871"
2739,"enh11","ENSG00000160326"
2740,"enh6","ENSG00000125319"
2741,"enh8","ENSG00000125630"
2742,"enh5","ENSG00000122026"
2743,"enh6","ENSG00000099840"
2744,"enh9","ENSG00000004939"
2745,"enh3","ENSG00000138772"
2746,"enh1","ENSG00000125144"
2747,"enh14","ENSG00000198492"
2748,"enh5","ENSG00000118046"
2749,"enh11","ENSG00000149798"
2750,"enh14","ENSG00000167487"
2751,"enh8","ENSG00000165689"
2752,"enh12","ENSG00000105053"
2753,"enh3","ENSG00000168067"
2754,"enh5","ENSG00000167112"
2755,"enh5","ENSG00000039650"
2756,"enh10","ENSG00000120896"
2757,"enh11","ENSG00000181781"
2758,"enh3","ENSG00000136854"
2759,"enh11","ENSG00000177125"
2760,"enh4","ENSG00000087263"
2761,"enh6","ENSG00000167136"
2762,"enh8","ENSG00000175221"
2763,"enh7","ENSG00000148291"
2764,"enh3","ENSG00000174529"
2765,"enh4","ENSG00000143493"
2766,"enh14","ENSG00000174950"
2767,"enh8","ENSG00000136448"
2768,"enh8","ENSG00000088682"
2769,"enh12","ENSG00000147439"
2770,"enh3","ENSG00000188177"
2771,"enh8","ENSG00000174684"
2772,"enh3","ENSG00000117748"
2773,"enh6","ENSG00000144136"
2774,"enh9","ENSG00000115750"
2775,"enh14","ENSG00000108309"
2776,"enh14","ENSG00000174669"
2777,"enh11","ENSG00000149809"
2778,"enh12","ENSG00000009780"
2779,"enh5","ENSG00000175334"
2780,"enh2","ENSG00000181035"
2781,"enh11","ENSG00000172732"
2782,"enh2","ENSG00000105556"
2783,"enh2","ENSG00000175115"
2784,"enh13","ENSG00000070388"
2785,"enh14","ENSG00000070404"
2786,"enh14","ENSG00000136943"
2787,"enh5","ENSG00000204291"
2788,"enh1","ENSG00000167106"
2789,"enh7","ENSG00000148296"
2790,"enh5","ENSG00000197816"
2791,"enh10","ENSG00000198492"
2792,"enh5","ENSG00000141934"
2793,"enh4","ENSG00000175707"
2794,"enh8","ENSG00000105656"
2795,"enh7","ENSG00000168061"
2796,"enh10","ENSG00000136925"
2797,"enh10","ENSG00000115758"
2798,"enh7","ENSG00000129968"
2799,"enh10","ENSG00000175467"
2800,"enh8","ENSG00000159648"
2801,"enh2","ENSG00000142751"
2802,"enh8","ENSG00000130772"
2803,"enh13","ENSG00000148296"
2804,"enh14","ENSG00000104131"
2805,"enh4","ENSG00000174851"
2806,"enh6","ENSG00000160360"
2807,"enh4","ENSG00000196152"
2808,"enh12","ENSG00000171219"
2809,"enh3","ENSG00000161714"
2810,"enh11","ENSG00000122482"
2811,"enh2","ENSG00000197694"
2812,"enh12","ENSG00000090020"
2813,"enh14","ENSG00000129968"
2814,"enh9","ENSG00000141934"
2815,"enh1","ENSG00000223802"
2816,"enh3","ENSG00000131408"
2817,"enh10","ENSG00000008853"
2818,"enh5","ENSG00000104131"
2819,"enh7","ENSG00000238227"
2820,"enh14","ENSG00000161682"
2821,"enh6","ENSG00000119392"
2822,"enh1","ENSG00000174669"
2823,"enh5","ENSG00000100316"
2824,"enh1","ENSG00000099864"
2825,"enh9","ENSG00000162769"
2826,"enh13","ENSG00000136908"
2827,"enh7","ENSG00000070770"
2828,"enh2","ENSG00000122140"
2829,"enh6","ENSG00000117748"
2830,"enh13","ENSG00000176890"
2831,"enh14","ENSG00000140854"
2832,"enh9","ENSG00000169403"
2833,"enh10","ENSG00000180448"
2834,"enh10","ENSG00000131409"
2835,"enh2","ENSG00000099866"
2836,"enh9","ENSG00000087365"
2837,"enh12","ENSG00000104973"
2838,"enh13","ENSG00000167491"
2839,"enh2","ENSG00000144161"
2840,"enh14","ENSG00000165699"
2841,"enh3","ENSG00000196152"
2842,"enh12","ENSG00000181588"
2843,"enh12","ENSG00000099622"
2844,"enh1","ENSG00000117751"
2845,"enh2","ENSG00000146670"
2846,"enh5","ENSG00000125124"
2847,"enh2","ENSG00000136840"
2848,"enh3","ENSG00000141933"
2849,"enh12","ENSG00000147454"
2850,"enh11","ENSG00000188177"
2851,"enh7","ENSG00000160446"
2852,"enh14","ENSG00000169288"
2853,"enh10","ENSG00000167747"
2854,"enh13","ENSG00000180329"
2855,"enh13","ENSG00000120334"
2856,"enh8","ENSG00000142765"
2857,"enh14","ENSG00000122484"
2858,"enh1","ENSG00000174903"
2859,"enh13","ENSG00000099817"
2860,"enh10","ENSG00000186501"
2861,"enh14","ENSG00000130770"
2862,"enh14","ENSG00000175573"
2863,"enh5","ENSG00000099625"
2864,"enh9","ENSG00000161682"
2865,"enh11","ENSG00000167487"
2866,"enh4","ENSG00000172081"
2867,"enh13","ENSG00000175467"
2868,"enh8","ENSG00000125170"
2869,"enh6","ENSG00000181588"
2870,"enh2","ENSG00000175294"
2871,"enh6","ENSG00000162772"
2872,"enh2","ENSG00000119333"
2873,"enh1","ENSG00000167747"
2874,"enh5","ENSG00000160161"
2875,"enh7","ENSG00000171219"
2876,"enh1","ENSG00000175592"
2877,"enh2","ENSG00000159579"
2878,"enh1","ENSG00000136643"
2879,"enh14","ENSG00000254470"
2880,"enh2","ENSG00000167005"
2881,"enh14","ENSG00000174684"
2882,"enh11","ENSG00000254470"
2883,"enh8","ENSG00000090020"
2884,"enh13","ENSG00000148308"
2885,"enh6","ENSG00000183831"
2886,"enh1","ENSG00000186566"
2887,"enh14","ENSG00000105655"
2888,"enh9","ENSG00000099625"
2889,"enh6","ENSG00000097046"
2890,"enh11","ENSG00000196550"
2891,"enh6","ENSG00000090273"
2892,"enh14","ENSG00000175115"
2893,"enh7","ENSG00000120334"
2894,"enh9","ENSG00000167112"
2895,"enh4","ENSG00000169607"
2896,"enh10","ENSG00000064666"
2897,"enh4","ENSG00000221983"
2898,"enh8","ENSG00000180329"
2899,"enh7","ENSG00000122482"
2900,"enh2","ENSG00000039650"
2901,"enh14","ENSG00000147439"
2902,"enh13","ENSG00000117625"
2903,"enh2","ENSG00000136842"
2904,"enh11","ENSG00000119514"
2905,"enh1","ENSG00000254986"
2906,"enh5","ENSG00000088682"
2907,"enh14","ENSG00000204673"
2908,"enh1","ENSG00000142784"
2909,"enh6","ENSG00000162419"
2910,"enh12","ENSG00000010361"
2911,"enh13","ENSG00000175854"
2912,"enh13","ENSG00000102931"
2913,"enh6","ENSG00000165684"
2914,"enh2","ENSG00000064607"
2915,"enh4","ENSG00000204291"
2916,"enh11","ENSG00000071655"
2917,"enh11","ENSG00000175602"
2918,"enh14","ENSG00000064932"
2919,"enh11","ENSG00000102934"
2920,"enh3","ENSG00000014138"
2921,"enh9","ENSG00000115091"
2922,"enh8","ENSG00000126698"
2923,"enh7","ENSG00000174950"
2924,"enh8","ENSG00000165092"
2925,"enh5","ENSG00000181513"
2926,"enh2","ENSG00000197540"
2927,"enh8","ENSG00000167136"
2928,"enh13","ENSG00000064787"
2929,"enh7","ENSG00000175334"
2930,"enh2","ENSG00000171940"
2931,"enh10","ENSG00000119335"
2932,"enh10","ENSG00000196116"
2933,"enh9","ENSG00000014216"
2934,"enh3","ENSG00000064787"
2935,"enh2","ENSG00000253368"
2936,"enh2","ENSG00000101132"
2937,"enh9","ENSG00000170385"
2938,"enh14","ENSG00000130559"
2939,"enh12","ENSG00000108861"
2940,"enh13","ENSG00000254470"
2941,"enh4","ENSG00000105472"
2942,"enh14","ENSG00000175334"
2943,"enh11","ENSG00000204673"
2944,"enh1","ENSG00000110047"
2945,"enh12","ENSG00000174547"
2946,"enh13","ENSG00000148334"
2947,"enh6","ENSG00000136937"
2948,"enh10","ENSG00000147457"
2949,"enh14","ENSG00000117758"
2950,"enh1","ENSG00000165689"
2951,"enh8","ENSG00000138036"
2952,"enh8","ENSG00000133895"
2953,"enh12","ENSG00000099625"
2954,"enh3","ENSG00000104960"
2955,"enh11","ENSG00000131408"
2956,"enh4","ENSG00000171219"
2957,"enh10","ENSG00000172977"
2958,"enh1","ENSG00000117593"
2959,"enh10","ENSG00000167114"
2960,"enh14","ENSG00000069275"
2961,"enh7","ENSG00000148308"
2962,"enh8","ENSG00000125618"
2963,"enh8","ENSG00000064666"
2964,"enh2","ENSG00000147669"
2965,"enh9","ENSG00000107021"
2966,"enh14","ENSG00000106799"
2967,"enh1","ENSG00000198870"
2968,"enh9","ENSG00000115758"
2969,"enh6","ENSG00000175573"
2970,"enh5","ENSG00000175115"
2971,"enh13","ENSG00000142186"
2972,"enh4","ENSG00000160318"
2973,"enh6","ENSG00000014216"
2974,"enh9","ENSG00000148296"
2975,"enh11","ENSG00000186806"
2976,"enh6","ENSG00000011304"
2977,"enh4","ENSG00000133069"
2978,"enh8","ENSG00000167103"
2979,"enh11","ENSG00000142751"
2980,"enh13","ENSG00000174851"
2981,"enh5","ENSG00000186010"
2982,"enh9","ENSG00000213465"
2983,"enh10","ENSG00000143476"
2984,"enh5","ENSG00000171219"
2985,"enh9","ENSG00000108849"
2986,"enh11","ENSG00000148248"
2987,"enh1","ENSG00000163291"
2988,"enh4","ENSG00000161682"
2989,"enh11","ENSG00000196683"
2990,"enh13","ENSG00000122484"
2991,"enh7","ENSG00000105701"
2992,"enh8","ENSG00000180198"
2993,"enh12","ENSG00000148297"
2994,"enh5","ENSG00000153214"
2995,"enh2","ENSG00000196422"
2996,"enh14","ENSG00000175592"
2997,"enh2","ENSG00000142186"
2998,"enh11","ENSG00000115286"
2999,"enh3","ENSG00000181773"
3000,"enh11","ENSG00000166188"
3001,"enh3","ENSG00000125611"
3002,"enh9","ENSG00000148290"
3003,"enh3","ENSG00000158711"
3004,"enh11","ENSG00000120889"
3005,"enh13","ENSG00000146670"
3006,"enh5","ENSG00000099866"
3007,"enh14","ENSG00000142733"
3008,"enh2","ENSG00000105705"
3009,"enh14","ENSG00000153107"
3010,"enh3","ENSG00000160318"
3011,"enh14","ENSG00000165698"
3012,"enh1","ENSG00000106789"
3013,"enh5","ENSG00000162976"
3014,"enh2","ENSG00000116014"
3015,"enh4","ENSG00000167110"
3016,"enh2","ENSG00000116017"
3017,"enh13","ENSG00000088682"
3018,"enh3","ENSG00000115970"
3019,"enh8","ENSG00000180340"
3020,"enh12","ENSG00000105701"
3021,"enh3","ENSG00000108309"
3022,"enh14","ENSG00000161647"
3023,"enh3","ENSG00000014216"
3024,"enh5","ENSG00000105472"
3025,"enh3","ENSG00000071564"
3026,"enh11","ENSG00000172992"
3027,"enh8","ENSG00000174842"
3028,"enh14","ENSG00000104886"
3029,"enh6","ENSG00000187193"
3030,"enh9","ENSG00000162419"
3031,"enh12","ENSG00000105656"
3032,"enh12","ENSG00000186501"
3033,"enh8","ENSG00000104689"
3034,"enh10","ENSG00000104679"
3035,"enh11","ENSG00000256771"
3036,"enh6","ENSG00000131097"
3037,"enh14","ENSG00000171159"
3038,"enh1","ENSG00000136682"
3039,"enh11","ENSG00000099817"
3040,"enh12","ENSG00000169136"
3041,"enh12","ENSG00000152527"
3042,"enh7","ENSG00000175573"
3043,"enh7","ENSG00000175832"
3044,"enh11","ENSG00000149792"
3045,"enh13","ENSG00000198786"
3046,"enh12","ENSG00000175707"
3047,"enh8","ENSG00000117592"
3048,"enh2","ENSG00000134318"
3049,"enh10","ENSG00000097046"
3050,"enh4","ENSG00000088682"
3051,"enh13","ENSG00000108861"
3052,"enh10","ENSG00000174276"
3053,"enh4","ENSG00000064490"
3054,"enh4","ENSG00000165684"
3055,"enh9","ENSG00000134330"
3056,"enh7","ENSG00000108849"
3057,"enh7","ENSG00000105556"
3058,"enh3","ENSG00000136932"
3059,"enh11","ENSG00000172775"
3060,"enh7","ENSG00000102978"
3061,"enh8","ENSG00000119523"
3062,"enh3","ENSG00000159579"
3063,"enh14","ENSG00000187024"
3064,"enh13","ENSG00000158715"
3065,"enh8","ENSG00000136943"
3066,"enh4","ENSG00000125148"
3067,"enh10","ENSG00000142186"
3068,"enh11","ENSG00000097046"
3069,"enh10","ENSG00000119185"
3070,"enh2","ENSG00000160445"
3071,"enh11","ENSG00000134318"
3072,"enh13","ENSG00000148291"
3073,"enh3","ENSG00000146670"
3074,"enh12","ENSG00000138767"
3075,"enh14","ENSG00000099821"
3076,"enh13","ENSG00000115758"
3077,"enh3","ENSG00000133243"
3078,"enh5","ENSG00000125484"
3079,"enh2","ENSG00000147454"
3080,"enh5","ENSG00000162772"
3081,"enh11","ENSG00000119125"
3082,"enh7","ENSG00000071626"
3083,"enh10","ENSG00000125637"
3084,"enh8","ENSG00000131409"
3085,"enh9","ENSG00000117592"
3086,"enh13","ENSG00000115756"
3087,"enh6","ENSG00000125482"
3088,"enh8","ENSG00000087152"
3089,"enh1","ENSG00000235034"
3090,"enh2","ENSG00000196116"
3091,"enh5","ENSG00000167118"
3092,"enh10","ENSG00000146670"
3093,"enh3","ENSG00000162298"
3094,"enh6","ENSG00000119185"
3095,"enh8","ENSG00000120896"
3096,"enh5","ENSG00000102996"
3097,"enh5","ENSG00000116017"
3098,"enh7","ENSG00000197217"
3099,"enh13","ENSG00000117266"
3100,"enh8","ENSG00000174903"
3101,"enh2","ENSG00000136856"
3102,"enh3","ENSG00000105662"
3103,"enh12","ENSG00000130768"
3104,"enh6","ENSG00000107290"
3105,"enh8","ENSG00000172977"
3106,"enh9","ENSG00000196152"
3107,"enh9","ENSG00000136828"
3108,"enh3","ENSG00000183831"
3109,"enh7","ENSG00000119185"
3110,"enh11","ENSG00000187840"
3111,"enh3","ENSG00000051108"
3112,"enh12","ENSG00000130513"
3113,"enh9","ENSG00000130766"
3114,"enh13","ENSG00000196116"
3115,"enh13","ENSG00000188177"
3116,"enh14","ENSG00000071655"
3117,"enh3","ENSG00000142528"
3118,"enh9","ENSG00000144130"
3119,"enh10","ENSG00000130511"
3120,"enh3","ENSG00000136448"
3121,"enh14","ENSG00000167005"
3122,"enh6","ENSG00000204291"
3123,"enh7","ENSG00000159579"
3124,"enh4","ENSG00000135870"
3125,"enh14","ENSG00000165138"
3126,"enh14","ENSG00000161714"
3127,"enh4","ENSG00000160326"
3128,"enh2","ENSG00000117691"
3129,"enh2","ENSG00000228300"
3130,"enh6","ENSG00000133065"
3131,"enh4","ENSG00000172757"
3132,"enh13","ENSG00000104960"
3133,"enh14","ENSG00000163297"
3134,"enh1","ENSG00000131398"
3135,"enh1","ENSG00000115756"
3136,"enh9","ENSG00000149798"
3137,"enh2","ENSG00000188554"
3138,"enh11","ENSG00000064687"
3139,"enh13","ENSG00000147454"
3140,"enh9","ENSG00000147669"
3141,"enh14","ENSG00000172270"
3142,"enh1","ENSG00000213638"
3143,"enh9","ENSG00000125611"
3144,"enh2","ENSG00000148411"
3145,"enh13","ENSG00000228300"
3146,"enh9","ENSG00000143882"
3147,"enh12","ENSG00000117650"
3148,"enh3","ENSG00000004939"
3149,"enh11","ENSG00000142186"
3150,"enh4","ENSG00000142751"
3151,"enh14","ENSG00000143924"
3152,"enh12","ENSG00000119203"
3153,"enh13","ENSG00000185198"
3154,"enh1","ENSG00000136943"
3155,"enh8","ENSG00000186185"
3156,"enh11","ENSG00000122026"
3157,"enh10","ENSG00000167118"
3158,"enh11","ENSG00000174669"
3159,"enh9","ENSG00000104131"
3160,"enh12","ENSG00000160404"
3161,"enh9","ENSG00000006015"
3162,"enh8","ENSG00000091947"
3163,"enh7","ENSG00000118046"
3164,"enh7","ENSG00000106785"
3165,"enh8","ENSG00000171940"
3166,"enh7","ENSG00000196550"
3167,"enh10","ENSG00000174903"
3168,"enh11","ENSG00000213465"
3169,"enh6","ENSG00000228300"
3170,"enh8","ENSG00000254901"
3171,"enh5","ENSG00000087365"
3172,"enh2","ENSG00000165702"
3173,"enh9","ENSG00000138772"
3174,"enh5","ENSG00000064666"
3175,"enh9","ENSG00000197958"
3176,"enh4","ENSG00000131400"
3177,"enh1","ENSG00000119203"
3178,"enh5","ENSG00000065000"
3179,"enh9","ENSG00000135870"
3180,"enh10","ENSG00000167112"
3181,"enh13","ENSG00000160563"
3182,"enh10","ENSG00000160563"
3183,"enh6","ENSG00000095383"
3184,"enh10","ENSG00000185278"
3185,"enh14","ENSG00000213988"
3186,"enh9","ENSG00000133069"
3187,"enh1","ENSG00000136840"
3188,"enh2","ENSG00000125482"
3189,"enh4","ENSG00000253368"
3190,"enh4","ENSG00000147457"
3191,"enh2","ENSG00000107021"
3192,"enh10","ENSG00000136929"
3193,"enh2","ENSG00000117601"
3194,"enh12","ENSG00000197816"
3195,"enh10","ENSG00000117650"
3196,"enh3","ENSG00000256771"
3197,"enh2","ENSG00000009780"
3198,"enh11","ENSG00000148303"
3199,"enh1","ENSG00000116014"
3200,"enh9","ENSG00000171848"
3201,"enh13","ENSG00000163297"
3202,"enh4","ENSG00000130775"
3203,"enh13","ENSG00000065000"
3204,"enh7","ENSG00000213988"
3205,"enh4","ENSG00000197540"
3206,"enh3","ENSG00000178093"
3207,"enh1","ENSG00000082512"
3208,"enh1","ENSG00000104960"
3209,"enh9","ENSG00000134318"
3210,"enh12","ENSG00000186185"
3211,"enh2","ENSG00000104973"
3212,"enh7","ENSG00000167748"
3213,"enh11","ENSG00000141349"
3214,"enh5","ENSG00000064490"
3215,"enh6","ENSG00000117625"
3216,"enh1","ENSG00000162769"
3217,"enh9","ENSG00000187024"
3218,"enh5","ENSG00000213445"
3219,"enh13","ENSG00000182087"
3220,"enh12","ENSG00000105705"
3221,"enh10","ENSG00000186566"
3222,"enh14","ENSG00000099622"
3223,"enh12","ENSG00000068976"
3224,"enh11","ENSG00000064547"
3225,"enh12","ENSG00000133059"
3226,"enh6","ENSG00000160318"
3227,"enh14","ENSG00000162772"
3228,"enh7","ENSG00000107372"
3229,"enh2","ENSG00000167487"
3230,"enh13","ENSG00000102996"
3231,"enh6","ENSG00000142544"
3232,"enh1","ENSG00000198786"
3233,"enh7","ENSG00000004939"
3234,"enh8","ENSG00000169288"
3235,"enh2","ENSG00000115084"
3236,"enh2","ENSG00000105717"
3237,"enh14","ENSG00000196961"
3238,"enh6","ENSG00000148334"
3239,"enh3","ENSG00000066027"
3240,"enh14","ENSG00000254986"
3241,"enh2","ENSG00000125611"
3242,"enh6","ENSG00000126391"
3243,"enh9","ENSG00000146670"
3244,"enh1","ENSG00000152518"
3245,"enh1","ENSG00000175832"
3246,"enh4","ENSG00000161647"
3247,"enh8","ENSG00000181781"
3248,"enh10","ENSG00000104973"
3249,"enh14","ENSG00000168062"
3250,"enh9","ENSG00000174950"
3251,"enh1","ENSG00000185761"
3252,"enh7","ENSG00000117601"
3253,"enh13","ENSG00000186010"
3254,"enh9","ENSG00000099875"
3255,"enh8","ENSG00000115286"
3256,"enh4","ENSG00000160293"
3257,"enh3","ENSG00000131097"
3258,"enh14","ENSG00000253368"
3259,"enh9","ENSG00000160345"
3260,"enh8","ENSG00000131398"
3261,"enh13","ENSG00000162241"
3262,"enh11","ENSG00000119392"
3263,"enh5","ENSG00000204138"
3264,"enh4","ENSG00000120896"
3265,"enh1","ENSG00000172081"
3266,"enh1","ENSG00000115944"
3267,"enh2","ENSG00000126705"
3268,"enh2","ENSG00000185761"
3269,"enh13","ENSG00000184162"
3270,"enh6","ENSG00000152527"
3271,"enh13","ENSG00000196312"
3272,"enh7","ENSG00000227500"
3273,"enh2","ENSG00000134308"
3274,"enh12","ENSG00000117697"
3275,"enh10","ENSG00000241852"
3276,"enh12","ENSG00000147669"
3277,"enh3","ENSG00000134308"
3278,"enh4","ENSG00000169288"
3279,"enh11","ENSG00000165698"
3280,"enh3","ENSG00000119333"
3281,"enh4","ENSG00000099840"
3282,"enh11","ENSG00000117601"
3283,"enh2","ENSG00000160326"
3284,"enh13","ENSG00000108840"
3285,"enh1","ENSG00000175854"
3286,"enh12","ENSG00000118046"
3287,"enh1","ENSG00000175573"
3288,"enh12","ENSG00000174529"
3289,"enh13","ENSG00000171159"
3290,"enh9","ENSG00000166188"
3291,"enh3","ENSG00000142544"
3292,"enh14","ENSG00000105669"
3293,"enh3","ENSG00000197694"
3294,"enh10","ENSG00000062822"
3295,"enh10","ENSG00000125144"
3296,"enh7","ENSG00000136936"
3297,"enh9","ENSG00000136842"
3298,"enh3","ENSG00000262874"
3299,"enh9","ENSG00000238227"
3300,"enh11","ENSG00000171169"
3301,"enh13","ENSG00000159648"
3302,"enh14","ENSG00000105556"
3303,"enh9","ENSG00000117601"
3304,"enh3","ENSG00000174996"
3305,"enh13","ENSG00000187024"
3306,"enh11","ENSG00000160408"
3307,"enh9","ENSG00000174276"
3308,"enh3","ENSG00000005194"
3309,"enh1","ENSG00000144136"
3310,"enh14","ENSG00000130768"
3311,"enh5","ENSG00000174842"
3312,"enh10","ENSG00000235034"
3313,"enh7","ENSG00000160360"
3314,"enh8","ENSG00000108312"
3315,"enh2","ENSG00000148356"
3316,"enh4","ENSG00000146670"
3317,"enh10","ENSG00000012048"
3318,"enh9","ENSG00000088682"
3319,"enh6","ENSG00000148296"
3320,"enh13","ENSG00000125484"
3321,"enh4","ENSG00000161671"
3322,"enh11","ENSG00000141934"
3323,"enh14","ENSG00000174851"
3324,"enh11","ENSG00000161682"
3325,"enh4","ENSG00000131408"
3326,"enh3","ENSG00000169403"
3327,"enh11","ENSG00000103021"
3328,"enh9","ENSG00000064687"
3329,"enh11","ENSG00000106992"
3330,"enh12","ENSG00000185278"
3331,"enh5","ENSG00000136811"
3332,"enh2","ENSG00000141934"
3333,"enh9","ENSG00000168062"
3334,"enh7","ENSG00000181588"
3335,"enh7","ENSG00000172081"
3336,"enh4","ENSG00000163297"
3337,"enh3","ENSG00000122026"
3338,"enh9","ENSG00000131408"
3339,"enh5","ENSG00000170385"
3340,"enh3","ENSG00000130768"
3341,"enh6","ENSG00000051108"
3342,"enh7","ENSG00000180340"
3343,"enh3","ENSG00000160345"
3344,"enh1","ENSG00000148288"
3345,"enh10","ENSG00000102931"
3346,"enh2","ENSG00000175906"
3347,"enh8","ENSG00000180098"
3348,"enh1","ENSG00000069275"
3349,"enh4","ENSG00000196116"
3350,"enh4","ENSG00000102978"
3351,"enh7","ENSG00000167759"
3352,"enh14","ENSG00000161692"
3353,"enh12","ENSG00000172757"
3354,"enh1","ENSG00000069482"
3355,"enh3","ENSG00000198917"
3356,"enh12","ENSG00000140854"
3357,"enh4","ENSG00000174276"
3358,"enh1","ENSG00000136895"
3359,"enh12","ENSG00000097046"
3360,"enh9","ENSG00000136856"
3361,"enh2","ENSG00000148308"
3362,"enh6","ENSG00000102934"
3363,"enh6","ENSG00000133059"
3364,"enh8","ENSG00000163297"
3365,"enh10","ENSG00000108883"
3366,"enh3","ENSG00000131409"
3367,"enh8","ENSG00000148290"
3368,"enh13","ENSG00000160360"
3369,"enh11","ENSG00000167113"
3370,"enh5","ENSG00000123684"
3371,"enh10","ENSG00000120656"
3372,"enh13","ENSG00000165684"
3373,"enh14","ENSG00000142530"
3374,"enh5","ENSG00000172977"
3375,"enh11","ENSG00000136937"
3376,"enh12","ENSG00000196550"
3377,"enh13","ENSG00000165689"
3378,"enh2","ENSG00000119514"
3379,"enh7","ENSG00000169288"
3380,"enh14","ENSG00000119125"
3381,"enh9","ENSG00000119559"
3382,"enh13","ENSG00000105717"
3383,"enh14","ENSG00000123685"
3384,"enh1","ENSG00000141934"
3385,"enh4","ENSG00000105655"
3386,"enh5","ENSG00000158941"
3387,"enh4","ENSG00000172775"
3388,"enh10","ENSG00000149823"
3389,"enh8","ENSG00000148303"
3390,"enh3","ENSG00000163291"
3391,"enh13","ENSG00000151694"
3392,"enh7","ENSG00000105497"
3393,"enh12","ENSG00000196188"
3394,"enh6","ENSG00000130772"
3395,"enh7","ENSG00000136830"
3396,"enh3","ENSG00000147439"
3397,"enh14","ENSG00000163291"
3398,"enh10","ENSG00000184988"
3399,"enh7","ENSG00000103021"
3400,"enh8","ENSG00000148411"
3401,"enh3","ENSG00000130772"
3402,"enh13","ENSG00000148297"
3403,"enh3","ENSG00000136908"
3404,"enh12","ENSG00000143870"
3405,"enh14","ENSG00000117592"
3406,"enh3","ENSG00000134330"
3407,"enh7","ENSG00000138767"
3408,"enh1","ENSG00000071564"
3409,"enh6","ENSG00000105708"
3410,"enh6","ENSG00000186501"
3411,"enh7","ENSG00000133884"
3412,"enh7","ENSG00000114999"
3413,"enh11","ENSG00000130770"
3414,"enh8","ENSG00000064787"
3415,"enh2","ENSG00000197766"
3416,"enh13","ENSG00000095380"
3417,"enh1","ENSG00000175550"
3418,"enh5","ENSG00000136854"
3419,"enh7","ENSG00000167112"
3420,"enh8","ENSG00000186806"
3421,"enh6","ENSG00000186566"
3422,"enh4","ENSG00000144136"
3423,"enh3","ENSG00000108840"
3424,"enh3","ENSG00000172757"
3425,"enh10","ENSG00000104885"
3426,"enh6","ENSG00000125485"
3427,"enh5","ENSG00000105700"
3428,"enh5","ENSG00000127540"
3429,"enh3","ENSG00000119392"
3430,"enh5","ENSG00000108861"
3431,"enh11","ENSG00000167123"
3432,"enh2","ENSG00000159648"
3433,"enh7","ENSG00000064547"
3434,"enh13","ENSG00000186566"
3435,"enh8","ENSG00000161714"
3436,"enh7","ENSG00000167110"
3437,"enh12","ENSG00000162669"
3438,"enh1","ENSG00000160447"
3439,"enh6","ENSG00000142528"
3440,"enh9","ENSG00000149806"
3441,"enh2","ENSG00000142544"
3442,"enh13","ENSG00000130766"
3443,"enh13","ENSG00000172059"
3444,"enh7","ENSG00000142765"
3445,"enh8","ENSG00000130270"
3446,"enh1","ENSG00000167118"
3447,"enh13","ENSG00000013306"
3448,"enh7","ENSG00000149792"
3449,"enh14","ENSG00000175376"
3450,"enh11","ENSG00000171848"
3451,"enh14","ENSG00000131409"
3452,"enh4","ENSG00000148337"
3453,"enh7","ENSG00000068831"
3454,"enh3","ENSG00000068831"
3455,"enh6","ENSG00000141934"
3456,"enh12","ENSG00000188177"
3457,"enh4","ENSG00000148339"
3458,"enh2","ENSG00000106799"
3459,"enh13","ENSG00000064687"
3460,"enh11","ENSG00000105472"
3461,"enh9","ENSG00000142544"
3462,"enh12","ENSG00000167103"
3463,"enh10","ENSG00000175376"
3464,"enh1","ENSG00000172732"
3465,"enh2","ENSG00000129933"
3466,"enh1","ENSG00000171940"
3467,"enh12","ENSG00000146670"
3468,"enh1","ENSG00000116017"
3469,"enh12","ENSG00000115758"
3470,"enh2","ENSG00000099821"
3471,"enh14","ENSG00000130511"
3472,"enh10","ENSG00000147439"
3473,"enh2","ENSG00000069482"
3474,"enh3","ENSG00000090273"
3475,"enh5","ENSG00000213465"
3476,"enh8","ENSG00000119559"
3477,"enh1","ENSG00000142733"
3478,"enh11","ENSG00000162772"
3479,"enh13","ENSG00000149823"
3480,"enh12","ENSG00000136929"
3481,"enh13","ENSG00000165699"
3482,"enh2","ENSG00000148339"
3483,"enh3","ENSG00000070404"
3484,"enh14","ENSG00000143476"
3485,"enh12","ENSG00000165661"
3486,"enh3","ENSG00000125630"
3487,"enh2","ENSG00000163291"
3488,"enh10","ENSG00000105497"
3489,"enh12","ENSG00000012048"
3490,"enh10","ENSG00000069482"
3491,"enh1","ENSG00000104897"
3492,"enh9","ENSG00000125124"
3493,"enh2","ENSG00000126391"
3494,"enh10","ENSG00000196152"
3495,"enh7","ENSG00000144130"
3496,"enh6","ENSG00000180448"
3497,"enh5","ENSG00000115084"
3498,"enh9","ENSG00000115084"
3499,"enh6","ENSG00000136943"
3500,"enh12","ENSG00000065000"
3501,"enh13","ENSG00000064607"
3502,"enh2","ENSG00000189195"
3503,"enh12","ENSG00000148356"
3504,"enh5","ENSG00000105497"
3505,"enh11","ENSG00000136856"
3506,"enh1","ENSG00000106992"
3507,"enh12","ENSG00000105374"
3508,"enh9","ENSG00000125618"
3509,"enh11","ENSG00000105383"
3510,"enh6","ENSG00000174996"
3511,"enh12","ENSG00000171159"
3512,"enh8","ENSG00000151694"
3513,"enh5","ENSG00000174684"
3514,"enh9","ENSG00000160326"
3515,"enh12","ENSG00000051108"
3516,"enh6","ENSG00000070761"
3517,"enh9","ENSG00000105669"
3518,"enh13","ENSG00000131094"
3519,"enh8","ENSG00000227500"
3520,"enh1","ENSG00000069702"
3521,"enh10","ENSG00000160445"
3522,"enh11","ENSG00000057935"
3523,"enh7","ENSG00000167103"
3524,"enh10","ENSG00000107290"
3525,"enh4","ENSG00000117691"
3526,"enh12","ENSG00000149809"
3527,"enh14","ENSG00000185278"
3528,"enh11","ENSG00000136943"
3529,"enh7","ENSG00000213221"
3530,"enh12","ENSG00000223802"
3531,"enh1","ENSG00000105708"
3532,"enh1","ENSG00000115268"
3533,"enh3","ENSG00000136874"
3534,"enh10","ENSG00000172732"
3535,"enh3","ENSG00000117592"
3536,"enh11","ENSG00000144130"
3537,"enh11","ENSG00000070770"
3538,"enh2","ENSG00000064787"
3539,"enh9","ENSG00000126698"
3540,"enh13","ENSG00000131409"
3541,"enh3","ENSG00000165684"
3542,"enh4","ENSG00000064666"
3543,"enh5","ENSG00000135870"
3544,"enh9","ENSG00000196422"
3545,"enh1","ENSG00000149792"
3546,"enh1","ENSG00000167123"
3547,"enh6","ENSG00000158711"
3548,"enh7","ENSG00000168066"
3549,"enh6","ENSG00000141349"
3550,"enh6","ENSG00000106799"
3551,"enh14","ENSG00000159461"
3552,"enh9","ENSG00000108852"
3553,"enh14","ENSG00000197958"
3554,"enh3","ENSG00000152518"
3555,"enh9","ENSG00000131409"
3556,"enh12","ENSG00000105700"
3557,"enh12","ENSG00000213023"
3558,"enh4","ENSG00000161654"
3559,"enh10","ENSG00000149806"
3560,"enh5","ENSG00000125482"
3561,"enh5","ENSG00000160318"
3562,"enh10","ENSG00000104897"
3563,"enh2","ENSG00000168061"
3564,"enh5","ENSG00000142765"
3565,"enh7","ENSG00000169136"
3566,"enh13","ENSG00000148356"
3567,"enh5","ENSG00000130559"
3568,"enh11","ENSG00000138767"
3569,"enh5","ENSG00000108849"
3570,"enh3","ENSG00000012048"
3571,"enh11","ENSG00000169403"
3572,"enh1","ENSG00000196312"
3573,"enh1","ENSG00000198492"
3574,"enh7","ENSG00000141934"
3575,"enh8","ENSG00000142528"
3576,"enh9","ENSG00000136811"
3577,"enh2","ENSG00000162300"
3578,"enh7","ENSG00000197816"
3579,"enh12","ENSG00000196312"
3580,"enh14","ENSG00000104885"
3581,"enh10","ENSG00000108849"
3582,"enh5","ENSG00000130560"
3583,"enh8","ENSG00000172992"
3584,"enh4","ENSG00000079313"
3585,"enh12","ENSG00000116017"
3586,"enh14","ENSG00000115756"
3587,"enh7","ENSG00000176973"
3588,"enh6","ENSG00000136448"
3589,"enh5","ENSG00000099875"
3590,"enh3","ENSG00000141934"
3591,"enh5","ENSG00000167005"
3592,"enh7","ENSG00000187193"
3593,"enh2","ENSG00000108840"
3594,"enh11","ENSG00000175334"
3595,"enh1","ENSG00000115255"
3596,"enh10","ENSG00000197540"
3597,"enh7","ENSG00000169403"
3598,"enh6","ENSG00000198870"
3599,"enh5","ENSG00000064547"
3600,"enh2","ENSG00000107290"
3601,"enh5","ENSG00000148296"
3602,"enh6","ENSG00000118046"
3603,"enh14","ENSG00000099875"
3604,"enh13","ENSG00000125482"
3605,"enh5","ENSG00000099864"
3606,"enh13","ENSG00000169607"
3607,"enh9","ENSG00000106992"
3608,"enh7","ENSG00000151694"
3609,"enh1","ENSG00000108861"
3610,"enh13","ENSG00000104689"
3611,"enh9","ENSG00000148248"
3612,"enh10","ENSG00000134308"
3613,"enh5","ENSG00000161682"
3614,"enh2","ENSG00000099624"
3615,"enh12","ENSG00000197540"
3616,"enh5","ENSG00000130770"
3617,"enh2","ENSG00000153107"
3618,"enh4","ENSG00000180329"
3619,"enh13","ENSG00000204673"
3620,"enh14","ENSG00000099625"
3621,"enh13","ENSG00000160271"
3622,"enh13","ENSG00000122026"
3623,"enh11","ENSG00000082512"
3624,"enh12","ENSG00000129968"
3625,"enh5","ENSG00000071564"
3626,"enh13","ENSG00000175832"
3627,"enh9","ENSG00000189195"
3628,"enh7","ENSG00000131097"
3629,"enh3","ENSG00000013306"
3630,"enh4","ENSG00000143924"
3631,"enh6","ENSG00000087263"
3632,"enh4","ENSG00000168061"
3633,"enh7","ENSG00000125144"
3634,"enh8","ENSG00000143882"
3635,"enh9","ENSG00000057935"
3636,"enh2","ENSG00000120889"
3637,"enh13","ENSG00000105374"
3638,"enh5","ENSG00000142528"
3639,"enh8","ENSG00000174851"
3640,"enh4","ENSG00000115255"
3641,"enh10","ENSG00000131094"
3642,"enh4","ENSG00000057935"
3643,"enh9","ENSG00000165688"
3644,"enh9","ENSG00000104946"
3645,"enh12","ENSG00000136854"
3646,"enh9","ENSG00000102934"
3647,"enh10","ENSG00000069275"
3648,"enh6","ENSG00000123684"
3649,"enh7","ENSG00000134330"
3650,"enh8","ENSG00000196422"
3651,"enh12","ENSG00000115257"
3652,"enh7","ENSG00000168591"
3653,"enh8","ENSG00000162669"
3654,"enh1","ENSG00000120896"
3655,"enh2","ENSG00000104885"
3656,"enh9","ENSG00000105656"
3657,"enh5","ENSG00000175550"
3658,"enh14","ENSG00000116017"
3659,"enh12","ENSG00000167112"
3660,"enh2","ENSG00000136877"
3661,"enh12","ENSG00000175221"
3662,"enh2","ENSG00000174516"
3663,"enh3","ENSG00000126709"
3664,"enh12","ENSG00000141349"
3665,"enh2","ENSG00000082512"
3666,"enh6","ENSG00000174950"
3667,"enh12","ENSG00000173442"
3668,"enh14","ENSG00000180198"
3669,"enh2","ENSG00000256771"
3670,"enh10","ENSG00000115268"
3671,"enh3","ENSG00000005961"
3672,"enh14","ENSG00000119333"
3673,"enh4","ENSG00000102996"
3674,"enh14","ENSG00000198417"
3675,"enh10","ENSG00000119392"
3676,"enh9","ENSG00000131400"
3677,"enh10","ENSG00000167748"
3678,"enh1","ENSG00000175906"
3679,"enh11","ENSG00000064490"
3680,"enh11","ENSG00000076321"
3681,"enh3","ENSG00000174903"
3682,"enh14","ENSG00000186806"
3683,"enh9","ENSG00000071564"
3684,"enh13","ENSG00000125485"
3685,"enh3","ENSG00000143870"
3686,"enh10","ENSG00000114999"
3687,"enh8","ENSG00000136936"
3688,"enh3","ENSG00000133069"
3689,"enh12","ENSG00000131409"
3690,"enh2","ENSG00000171848"
3691,"enh10","ENSG00000130775"
3692,"enh8","ENSG00000108861"
3693,"enh4","ENSG00000126698"
3694,"enh5","ENSG00000115756"
3695,"enh10","ENSG00000105671"
3696,"enh8","ENSG00000005194"
3697,"enh11","ENSG00000189195"
3698,"enh5","ENSG00000176890"
3699,"enh1","ENSG00000148339"
3700,"enh4","ENSG00000223802"
3701,"enh9","ENSG00000123684"
3702,"enh14","ENSG00000134318"
3703,"enh2","ENSG00000125144"
3704,"enh5","ENSG00000115268"
3705,"enh11","ENSG00000186566"
3706,"enh8","ENSG00000167005"
3707,"enh4","ENSG00000172059"
3708,"enh11","ENSG00000143493"
3709,"enh8","ENSG00000105708"
3710,"enh13","ENSG00000118046"
3711,"enh8","ENSG00000099840"
3712,"enh10","ENSG00000158195"
3713,"enh12","ENSG00000087263"
3714,"enh14","ENSG00000107372"
3715,"enh5","ENSG00000174606"
3716,"enh9","ENSG00000169607"
3717,"enh3","ENSG00000107021"
3718,"enh6","ENSG00000138036"
3719,"enh5","ENSG00000115750"
3720,"enh4","ENSG00000165702"
3721,"enh11","ENSG00000160318"
3722,"enh4","ENSG00000168066"
3723,"enh3","ENSG00000254986"
3724,"enh1","ENSG00000076321"
3725,"enh7","ENSG00000148356"
3726,"enh6","ENSG00000160293"
3727,"enh13","ENSG00000125319"
3728,"enh13","ENSG00000130772"
3729,"enh14","ENSG00000105671"
3730,"enh6","ENSG00000148308"
3731,"enh14","ENSG00000148296"
3732,"enh2","ENSG00000104679"
3733,"enh5","ENSG00000136643"
3734,"enh1","ENSG00000165092"
3735,"enh4","ENSG00000174842"
3736,"enh9","ENSG00000173465"
3737,"enh9","ENSG00000115255"
3738,"enh3","ENSG00000162878"
3739,"enh11","ENSG00000136840"
3740,"enh4","ENSG00000141933"
3741,"enh3","ENSG00000162669"
3742,"enh4","ENSG00000095383"
3743,"enh1","ENSG00000103005"
3744,"enh13","ENSG00000119203"
3745,"enh13","ENSG00000174871"
3746,"enh9","ENSG00000167470"
3747,"enh6","ENSG00000175376"
3748,"enh12","ENSG00000141934"
3749,"enh12","ENSG00000062822"
3750,"enh12","ENSG00000183831"
3751,"enh9","ENSG00000125485"
3752,"enh8","ENSG00000099624"
3753,"enh4","ENSG00000107372"
3754,"enh11","ENSG00000165684"
3755,"enh12","ENSG00000140859"
3756,"enh5","ENSG00000126391"
3757,"enh5","ENSG00000160953"
3758,"enh13","ENSG00000131097"
3759,"enh7","ENSG00000079313"
3760,"enh10","ENSG00000126705"
3761,"enh13","ENSG00000155380"
3762,"enh2","ENSG00000130560"
3763,"enh14","ENSG00000136895"
3764,"enh13","ENSG00000115091"
3765,"enh8","ENSG00000095383"
3766,"enh3","ENSG00000133895"
3767,"enh4","ENSG00000135046"
3768,"enh12","ENSG00000153107"
3769,"enh11","ENSG00000167136"
3770,"enh14","ENSG00000117748"
3771,"enh12","ENSG00000136828"
3772,"enh6","ENSG00000253368"
3773,"enh6","ENSG00000070404"
3774,"enh1","ENSG00000204710"
3775,"enh4","ENSG00000187840"
3776,"enh12","ENSG00000181035"
3777,"enh11","ENSG00000162241"
3778,"enh3","ENSG00000172977"
3779,"enh14","ENSG00000105676"
3780,"enh9","ENSG00000099804"
3781,"enh10","ENSG00000198858"
3782,"enh7","ENSG00000149806"
3783,"enh4","ENSG00000136908"
3784,"enh8","ENSG00000172081"
3785,"enh2","ENSG00000136874"
3786,"enh11","ENSG00000125482"
3787,"enh11","ENSG00000105379"
3788,"enh8","ENSG00000065000"
3789,"enh8","ENSG00000141933"
3790,"enh3","ENSG00000172500"
3791,"enh2","ENSG00000167103"
3792,"enh3","ENSG00000105701"
3793,"enh3","ENSG00000173039"
3794,"enh9","ENSG00000115257"
3795,"enh14","ENSG00000156269"
3796,"enh6","ENSG00000030582"
3797,"enh11","ENSG00000013306"
3798,"enh12","ENSG00000105556"
3799,"enh1","ENSG00000090273"
3800,"enh3","ENSG00000180329"
3801,"enh13","ENSG00000133275"
3802,"enh2","ENSG00000188177"
3803,"enh6","ENSG00000163297"
3804,"enh9","ENSG00000175115"
3805,"enh11","ENSG00000170385"
3806,"enh14","ENSG00000097046"
3807,"enh12","ENSG00000126709"
3808,"enh6","ENSG00000105497"
3809,"enh8","ENSG00000133059"
3810,"enh1","ENSG00000160408"
3811,"enh4","ENSG00000165689"
3812,"enh2","ENSG00000166188"
3813,"enh13","ENSG00000213445"
3814,"enh6","ENSG00000125148"
3815,"enh5","ENSG00000131400"
3816,"enh14","ENSG00000133069"
3817,"enh9","ENSG00000162669"
3818,"enh7","ENSG00000181773"
3819,"enh10","ENSG00000105696"
3820,"enh7","ENSG00000235034"
3821,"enh11","ENSG00000167470"
3822,"enh1","ENSG00000014138"
3823,"enh14","ENSG00000117266"
3824,"enh9","ENSG00000168066"
3825,"enh12","ENSG00000115268"
3826,"enh2","ENSG00000167114"
3827,"enh14","ENSG00000162241"
3828,"enh6","ENSG00000105655"
3829,"enh14","ENSG00000144161"
3830,"enh4","ENSG00000136807"
3831,"enh14","ENSG00000117280"
3832,"enh9","ENSG00000006016"
3833,"enh5","ENSG00000159648"
3834,"enh11","ENSG00000125148"
3835,"enh8","ENSG00000166188"
3836,"enh5","ENSG00000142751"
3837,"enh10","ENSG00000099840"
3838,"enh14","ENSG00000131400"
3839,"enh2","ENSG00000167747"
3840,"enh5","ENSG00000162419"
3841,"enh4","ENSG00000169136"
3842,"enh12","ENSG00000130270"
3843,"enh10","ENSG00000102996"
3844,"enh2","ENSG00000135821"
3845,"enh14","ENSG00000173465"
3846,"enh10","ENSG00000180340"
3847,"enh7","ENSG00000105379"
3848,"enh9","ENSG00000064666"
3849,"enh8","ENSG00000119125"
3850,"enh14","ENSG00000172232"
3851,"enh10","ENSG00000174842"
3852,"enh10","ENSG00000136842"
3853,"enh8","ENSG00000106803"
3854,"enh2","ENSG00000006015"
3855,"enh5","ENSG00000133065"
3856,"enh14","ENSG00000103005"
3857,"enh13","ENSG00000148248"
3858,"enh12","ENSG00000125144"
3859,"enh11","ENSG00000197958"
3860,"enh2","ENSG00000167123"
3861,"enh7","ENSG00000152518"
3862,"enh10","ENSG00000175115"
3863,"enh2","ENSG00000197816"
3864,"enh10","ENSG00000196312"
3865,"enh9","ENSG00000005194"
3866,"enh11","ENSG00000197694"
3867,"enh6","ENSG00000117280"
3868,"enh10","ENSG00000197217"
3869,"enh10","ENSG00000126709"
3870,"enh10","ENSG00000148308"
3871,"enh2","ENSG00000162669"
3872,"enh12","ENSG00000175115"
3873,"enh5","ENSG00000105696"
3874,"enh2","ENSG00000106785"
3875,"enh5","ENSG00000126705"
3876,"enh7","ENSG00000172500"
3877,"enh13","ENSG00000152518"
3878,"enh13","ENSG00000148411"
3879,"enh2","ENSG00000167112"
3880,"enh6","ENSG00000162769"
3881,"enh5","ENSG00000174276"
3882,"enh9","ENSG00000115761"
3883,"enh3","ENSG00000162300"
3884,"enh6","ENSG00000103021"
3885,"enh14","ENSG00000167468"
3886,"enh4","ENSG00000105656"
3887,"enh9","ENSG00000162300"
3888,"enh14","ENSG00000196550"
3889,"enh1","ENSG00000165698"
3890,"enh9","ENSG00000011304"
3891,"enh2","ENSG00000142528"
3892,"enh7","ENSG00000174871"
3893,"enh6","ENSG00000115255"
3894,"enh13","ENSG00000181513"
3895,"enh12","ENSG00000167487"
3896,"enh5","ENSG00000147454"
3897,"enh5","ENSG00000095380"
3898,"enh5","ENSG00000136938"
3899,"enh9","ENSG00000142186"
3900,"enh2","ENSG00000064687"
3901,"enh9","ENSG00000175707"
3902,"enh12","ENSG00000125124"
3903,"enh4","ENSG00000149823"
3904,"enh4","ENSG00000167005"
3905,"enh7","ENSG00000110046"
3906,"enh13","ENSG00000070423"
3907,"enh11","ENSG00000122484"
3908,"enh4","ENSG00000167112"
3909,"enh5","ENSG00000005194"
3910,"enh8","ENSG00000130559"
3911,"enh13","ENSG00000130770"
3912,"enh5","ENSG00000120896"
3913,"enh2","ENSG00000099840"
3914,"enh6","ENSG00000130775"
3915,"enh9","ENSG00000148356"
3916,"enh5","ENSG00000182963"
3917,"enh3","ENSG00000162772"
3918,"enh11","ENSG00000172922"
3919,"enh11","ENSG00000196422"
3920,"enh8","ENSG00000140848"
3921,"enh14","ENSG00000235034"
3922,"enh11","ENSG00000011304"
3923,"enh10","ENSG00000186806"
3924,"enh5","ENSG00000108852"
3925,"enh2","ENSG00000175573"
3926,"enh13","ENSG00000136937"
3927,"enh4","ENSG00000134308"
3928,"enh8","ENSG00000104131"
3929,"enh8","ENSG00000115756"
3930,"enh8","ENSG00000167747"
3931,"enh11","ENSG00000070761"
3932,"enh1","ENSG00000181773"
3933,"enh9","ENSG00000136925"
3934,"enh3","ENSG00000144136"
3935,"enh3","ENSG00000213988"
3936,"enh6","ENSG00000204710"
3937,"enh6","ENSG00000115257"
3938,"enh4","ENSG00000174669"
3939,"enh4","ENSG00000107290"
3940,"enh9","ENSG00000062822"
3941,"enh14","ENSG00000099866"
3942,"enh7","ENSG00000105700"
3943,"enh7","ENSG00000165684"
3944,"enh8","ENSG00000167112"
3945,"enh7","ENSG00000106789"
3946,"enh2","ENSG00000175334"
3947,"enh7","ENSG00000253368"
3948,"enh14","ENSG00000136932"
3949,"enh2","ENSG00000186010"
3950,"enh14","ENSG00000196683"
3951,"enh13","ENSG00000133065"
3952,"enh14","ENSG00000133243"
3953,"enh2","ENSG00000105669"
3954,"enh2","ENSG00000131398"
3955,"enh8","ENSG00000102996"
3956,"enh8","ENSG00000147669"
3957,"enh1","ENSG00000253368"
3958,"enh1","ENSG00000149823"
3959,"enh2","ENSG00000130270"
3960,"enh4","ENSG00000238227"
3961,"enh4","ENSG00000104679"
3962,"enh6","ENSG00000165689"
3963,"enh12","ENSG00000160161"
3964,"enh3","ENSG00000117280"
3965,"enh3","ENSG00000161671"
3966,"enh2","ENSG00000185198"
3967,"enh1","ENSG00000204138"
3968,"enh4","ENSG00000125319"
3969,"enh7","ENSG00000125485"
3970,"enh13","ENSG00000125630"
3971,"enh13","ENSG00000136929"
3972,"enh12","ENSG00000125611"
3973,"enh11","ENSG00000009780"
3974,"enh5","ENSG00000136830"
3975,"enh1","ENSG00000161654"
3976,"enh7","ENSG00000106991"
3977,"enh9","ENSG00000119125"
3978,"enh8","ENSG00000117625"
3979,"enh10","ENSG00000148248"
3980,"enh1","ENSG00000165702"
3981,"enh7","ENSG00000147454"
3982,"enh4","ENSG00000178093"
3983,"enh8","ENSG00000196152"
3984,"enh10","ENSG00000213465"
3985,"enh12","ENSG00000105497"
3986,"enh3","ENSG00000136937"
3987,"enh10","ENSG00000105379"
3988,"enh11","ENSG00000174996"
3989,"enh14","ENSG00000115257"
3990,"enh3","ENSG00000064547"
3991,"enh12","ENSG00000125484"
3992,"enh6","ENSG00000105701"
3993,"enh14","ENSG00000115286"
3994,"enh12","ENSG00000142528"
3995,"enh14","ENSG00000143493"
3996,"enh9","ENSG00000171169"
3997,"enh2","ENSG00000105671"
3998,"enh12","ENSG00000115944"
3999,"enh1","ENSG00000174950"
4000,"enh1","ENSG00000064666"
4001,"enh5","ENSG00000169136"
4002,"enh2","ENSG00000172232"
4003,"enh10","ENSG00000167005"
4004,"enh8","ENSG00000130560"
4005,"enh1","ENSG00000117625"
4006,"enh9","ENSG00000136938"
4007,"enh4","ENSG00000213221"
4008,"enh1","ENSG00000057935"
4009,"enh10","ENSG00000105701"
4010,"enh7","ENSG00000175854"
4011,"enh14","ENSG00000171940"
4012,"enh13","ENSG00000165688"
4013,"enh10","ENSG00000088682"
4014,"enh5","ENSG00000213024"
4015,"enh7","ENSG00000174744"
4016,"enh5","ENSG00000172500"
4017,"enh7","ENSG00000136856"
4018,"enh10","ENSG00000149798"
4019,"enh13","ENSG00000197816"
4020,"enh14","ENSG00000160447"
4021,"enh4","ENSG00000196422"
4022,"enh7","ENSG00000122026"
4023,"enh10","ENSG00000173327"
4024,"enh4","ENSG00000181035"
4025,"enh6","ENSG00000129968"
4026,"enh5","ENSG00000160326"
4027,"enh8","ENSG00000115255"
4028,"enh7","ENSG00000158161"
4029,"enh3","ENSG00000250067"
4030,"enh12","ENSG00000174669"
4031,"enh4","ENSG00000136938"
4032,"enh7","ENSG00000069482"
4033,"enh6","ENSG00000168062"
4034,"enh6","ENSG00000125630"
4035,"enh7","ENSG00000115756"
4036,"enh10","ENSG00000160360"
4037,"enh6","ENSG00000064607"
4038,"enh9","ENSG00000176890"
4039,"enh5","ENSG00000148308"
4040,"enh5","ENSG00000064687"
4041,"enh1","ENSG00000171848"
4042,"enh14","ENSG00000030582"
4043,"enh1","ENSG00000125124"
4044,"enh8","ENSG00000181773"
4045,"enh8","ENSG00000136937"
4046,"enh10","ENSG00000082512"
4047,"enh4","ENSG00000167747"
4048,"enh5","ENSG00000099840"
4049,"enh7","ENSG00000162298"
4050,"enh6","ENSG00000158161"
4051,"enh11","ENSG00000010361"
4052,"enh10","ENSG00000110046"
4053,"enh14","ENSG00000146670"
4054,"enh14","ENSG00000167118"
4055,"enh10","ENSG00000142528"
4056,"enh11","ENSG00000116017"
4057,"enh5","ENSG00000105656"
4058,"enh5","ENSG00000117280"
4059,"enh1","ENSG00000140859"
4060,"enh6","ENSG00000133884"
4061,"enh5","ENSG00000198917"
4062,"enh5","ENSG00000064545"
4063,"enh8","ENSG00000175832"
4064,"enh12","ENSG00000116014"
4065,"enh9","ENSG00000130513"
4066,"enh9","ENSG00000122140"
4067,"enh3","ENSG00000241852"
4068,"enh6","ENSG00000138772"
4069,"enh8","ENSG00000174950"
4070,"enh2","ENSG00000105497"
4071,"enh8","ENSG00000198870"
4072,"enh10","ENSG00000014216"
4073,"enh3","ENSG00000102931"
4074,"enh10","ENSG00000142751"
4075,"enh9","ENSG00000106799"
4076,"enh4","ENSG00000142544"
4077,"enh2","ENSG00000171169"
4078,"enh11","ENSG00000148339"
4079,"enh11","ENSG00000174276"
4080,"enh9","ENSG00000117748"
4081,"enh1","ENSG00000174842"
4082,"enh2","ENSG00000126709"
4083,"enh1","ENSG00000144161"
4084,"enh1","ENSG00000005007"
4085,"enh8","ENSG00000039650"
4086,"enh11","ENSG00000117751"
4087,"enh1","ENSG00000105662"
4088,"enh2","ENSG00000174669"
4089,"enh8","ENSG00000146670"
4090,"enh10","ENSG00000115091"
4091,"enh2","ENSG00000108861"
4092,"enh1","ENSG00000087365"
4093,"enh10","ENSG00000160404"
4094,"enh13","ENSG00000136874"
4095,"enh3","ENSG00000180198"
4096,"enh2","ENSG00000089639"
4097,"enh2","ENSG00000181588"
4098,"enh14","ENSG00000198858"
4099,"enh6","ENSG00000140859"
4100,"enh4","ENSG00000136811"
4101,"enh9","ENSG00000174547"
4102,"enh6","ENSG00000167106"
4103,"enh8","ENSG00000106991"
4104,"enh8","ENSG00000197694"
4105,"enh6","ENSG00000099625"
4106,"enh13","ENSG00000133243"
4107,"enh10","ENSG00000148339"
4108,"enh3","ENSG00000102996"
4109,"enh4","ENSG00000196683"
4110,"enh11","ENSG00000108312"
4111,"enh2","ENSG00000175221"
4112,"enh12","ENSG00000088682"
4113,"enh10","ENSG00000167123"
4114,"enh6","ENSG00000115091"
4115,"enh8","ENSG00000165138"
4116,"enh8","ENSG00000136856"
4117,"enh14","ENSG00000168066"
4118,"enh8","ENSG00000105472"
4119,"enh13","ENSG00000182963"
4120,"enh7","ENSG00000167118"
4121,"enh11","ENSG00000148296"
4122,"enh3","ENSG00000174871"
4123,"enh14","ENSG00000185198"
4124,"enh9","ENSG00000147454"
4125,"enh8","ENSG00000136840"
4126,"enh1","ENSG00000167114"
4127,"enh9","ENSG00000119203"
4128,"enh7","ENSG00000138036"
4129,"enh1","ENSG00000160446"
4130,"enh12","ENSG00000171940"
4131,"enh2","ENSG00000076321"
4132,"enh2","ENSG00000004939"
4133,"enh14","ENSG00000153208"
4134,"enh6","ENSG00000125124"
4135,"enh10","ENSG00000204673"
4136,"enh13","ENSG00000107372"
4137,"enh9","ENSG00000142751"
4138,"enh10","ENSG00000174871"
4139,"enh11","ENSG00000136938"
4140,"enh6","ENSG00000158715"
4141,"enh9","ENSG00000099864"
4142,"enh14","ENSG00000160563"
4143,"enh10","ENSG00000107021"
4144,"enh11","ENSG00000099866"
4145,"enh10","ENSG00000197694"
4146,"enh8","ENSG00000133065"
4147,"enh4","ENSG00000012048"
4148,"enh2","ENSG00000174684"
4149,"enh13","ENSG00000143924"
4150,"enh14","ENSG00000134330"
4151,"enh13","ENSG00000105701"
4152,"enh11","ENSG00000067596"
4153,"enh7","ENSG00000161677"
4154,"enh14","ENSG00000106789"
4155,"enh11","ENSG00000185278"
4156,"enh8","ENSG00000187193"
4157,"enh11","ENSG00000130270"
4158,"enh8","ENSG00000126705"
4159,"enh10","ENSG00000105669"
4160,"enh11","ENSG00000107290"
4161,"enh11","ENSG00000138772"
4162,"enh8","ENSG00000130513"
4163,"enh6","ENSG00000175906"
4164,"enh8","ENSG00000172059"
4165,"enh13","ENSG00000117593"
4166,"enh1","ENSG00000187193"
4167,"enh2","ENSG00000136925"
4168,"enh1","ENSG00000062822"
4169,"enh7","ENSG00000136807"
4170,"enh8","ENSG00000097046"
4171,"enh11","ENSG00000165138"
4172,"enh5","ENSG00000197217"
4173,"enh14","ENSG00000117601"
4174,"enh5","ENSG00000174669"
4175,"enh3","ENSG00000198492"
4176,"enh11","ENSG00000100316"
4177,"enh13","ENSG00000123684"
4178,"enh10","ENSG00000105726"
4179,"enh7","ENSG00000136828"
4180,"enh11","ENSG00000152527"
4181,"enh7","ENSG00000095380"
4182,"enh5","ENSG00000119125"
4183,"enh12","ENSG00000134330"
4184,"enh2","ENSG00000143870"
4185,"enh4","ENSG00000171848"
4186,"enh4","ENSG00000168591"
4187,"enh1","ENSG00000118046"
4188,"enh6","ENSG00000095380"
4189,"enh9","ENSG00000008853"
4190,"enh12","ENSG00000198917"
4191,"enh2","ENSG00000087152"
4192,"enh1","ENSG00000123685"
4193,"enh8","ENSG00000175334"
4194,"enh5","ENSG00000158161"
4195,"enh7","ENSG00000204138"
4196,"enh7","ENSG00000172232"
4197,"enh9","ENSG00000172775"
4198,"enh3","ENSG00000253368"
4199,"enh6","ENSG00000106789"
4200,"enh2","ENSG00000117751"
4201,"enh8","ENSG00000198417"
4202,"enh11","ENSG00000178093"
4203,"enh7","ENSG00000148411"
4204,"enh5","ENSG00000175294"
4205,"enh4","ENSG00000104131"
4206,"enh11","ENSG00000172757"
4207,"enh14","ENSG00000010361"
4208,"enh6","ENSG00000149809"
4209,"enh6","ENSG00000005961"
4210,"enh1","ENSG00000186501"
4211,"enh2","ENSG00000165092"
4212,"enh14","ENSG00000102931"
4213,"enh1","ENSG00000099821"
4214,"enh6","ENSG00000107372"
4215,"enh13","ENSG00000114999"
4216,"enh4","ENSG00000136877"
4217,"enh5","ENSG00000142530"
4218,"enh8","ENSG00000170385"
4219,"enh14","ENSG00000006015"
4220,"enh5","ENSG00000140859"
4221,"enh8","ENSG00000135046"
4222,"enh12","ENSG00000168056"
4223,"enh2","ENSG00000204710"
4224,"enh4","ENSG00000130768"
4225,"enh11","ENSG00000196188"
4226,"enh3","ENSG00000213024"
4227,"enh6","ENSG00000196683"
4228,"enh13","ENSG00000104946"
4229,"enh5","ENSG00000159579"
4230,"enh3","ENSG00000108312"
4231,"enh4","ENSG00000115756"
4232,"enh11","ENSG00000105669"
4233,"enh14","ENSG00000105717"
4234,"enh6","ENSG00000004939"
4235,"enh12","ENSG00000173465"
4236,"enh9","ENSG00000064932"
4237,"enh6","ENSG00000131408"
4238,"enh7","ENSG00000099817"
4239,"enh9","ENSG00000141349"
4240,"enh13","ENSG00000138036"
4241,"enh8","ENSG00000180448"
4242,"enh2","ENSG00000122026"
4243,"enh9","ENSG00000135046"
4244,"enh3","ENSG00000152061"
4245,"enh9","ENSG00000136895"
4246,"enh3","ENSG00000160271"
4247,"enh12","ENSG00000188554"
4248,"enh6","ENSG00000172992"
4249,"enh13","ENSG00000167470"
4250,"enh4","ENSG00000141934"
4251,"enh5","ENSG00000106803"
4252,"enh9","ENSG00000117222"
4253,"enh12","ENSG00000161682"
4254,"enh5","ENSG00000136840"
4255,"enh3","ENSG00000068976"
4256,"enh10","ENSG00000175602"
4257,"enh5","ENSG00000173825"
4258,"enh3","ENSG00000103021"
4259,"enh13","ENSG00000106992"
4260,"enh13","ENSG00000099625"
4261,"enh10","ENSG00000070388"
4262,"enh10","ENSG00000126391"
4263,"enh2","ENSG00000070423"
4264,"enh10","ENSG00000103021"
4265,"enh14","ENSG00000131408"
4266,"enh4","ENSG00000262874"
4267,"enh1","ENSG00000104885"
4268,"enh14","ENSG00000187840"
4269,"enh4","ENSG00000167470"
4270,"enh13","ENSG00000172775"
4271,"enh7","ENSG00000117266"
4272,"enh3","ENSG00000119335"
4273,"enh3","ENSG00000136936"
4274,"enh8","ENSG00000099817"
4275,"enh10","ENSG00000175592"
4276,"enh8","ENSG00000160404"
4277,"enh8","ENSG00000172922"
4278,"enh2","ENSG00000119392"
4279,"enh14","ENSG00000148411"
4280,"enh14","ENSG00000256771"
4281,"enh6","ENSG00000131398"
4282,"enh9","ENSG00000159461"
4283,"enh7","ENSG00000065600"
4284,"enh1","ENSG00000198858"
4285,"enh11","ENSG00000105700"
4286,"enh6","ENSG00000110047"
4287,"enh8","ENSG00000153214"
4288,"enh2","ENSG00000168591"
4289,"enh5","ENSG00000136936"
4290,"enh10","ENSG00000136937"
4291,"enh9","ENSG00000250067"
4292,"enh13","ENSG00000108852"
4293,"enh7","ENSG00000133065"
4294,"enh6","ENSG00000142186"
4295,"enh8","ENSG00000106992"
4296,"enh11","ENSG00000064932"
4297,"enh13","ENSG00000196188"
4298,"enh11","ENSG00000147457"
4299,"enh7","ENSG00000160161"
4300,"enh4","ENSG00000147439"
4301,"enh6","ENSG00000105656"
4302,"enh3","ENSG00000167118"
4303,"enh10","ENSG00000165092"
4304,"enh12","ENSG00000131398"
4305,"enh4","ENSG00000136830"
4306,"enh3","ENSG00000051128"
4307,"enh14","ENSG00000105053"
4308,"enh2","ENSG00000105379"
4309,"enh3","ENSG00000008853"
4310,"enh11","ENSG00000131094"
4311,"enh14","ENSG00000175854"
4312,"enh10","ENSG00000196550"
4313,"enh14","ENSG00000174842"
4314,"enh3","ENSG00000115944"
4315,"enh7","ENSG00000101132"
4316,"enh13","ENSG00000181781"
4317,"enh4","ENSG00000172500"
4318,"enh12","ENSG00000143476"
4319,"enh5","ENSG00000104897"
4320,"enh9","ENSG00000136807"
4321,"enh9","ENSG00000115286"
4322,"enh9","ENSG00000181588"
4323,"enh3","ENSG00000123684"
4324,"enh10","ENSG00000125170"
4325,"enh14","ENSG00000089639"
4326,"enh8","ENSG00000133275"
4327,"enh8","ENSG00000104960"
4328,"enh4","ENSG00000174529"
4329,"enh6","ENSG00000136854"
4330,"enh13","ENSG00000165702"
4331,"enh4","ENSG00000126709"
4332,"enh8","ENSG00000106789"
4333,"enh12","ENSG00000117601"
4334,"enh8","ENSG00000149809"
4335,"enh11","ENSG00000008853"
4336,"enh14","ENSG00000108840"
4337,"enh7","ENSG00000057935"
4338,"enh11","ENSG00000136811"
4339,"enh12","ENSG00000160445"
4340,"enh6","ENSG00000169607"
4341,"enh11","ENSG00000172270"
4342,"enh11","ENSG00000133275"
4343,"enh7","ENSG00000105705"
4344,"enh10","ENSG00000165688"
4345,"enh14","ENSG00000198746"
4346,"enh7","ENSG00000130513"
4347,"enh14","ENSG00000095383"
4348,"enh4","ENSG00000173327"
4349,"enh10","ENSG00000120334"
4350,"enh3","ENSG00000069482"
4351,"enh5","ENSG00000087263"
4352,"enh10","ENSG00000144134"
4353,"enh14","ENSG00000167748"
4354,"enh7","ENSG00000065268"
4355,"enh6","ENSG00000103005"
4356,"enh4","ENSG00000117222"
4357,"enh10","ENSG00000148356"
4358,"enh4","ENSG00000186501"
4359,"enh5","ENSG00000163297"
4360,"enh11","ENSG00000099821"
4361,"enh6","ENSG00000167123"
4362,"enh10","ENSG00000148288"
4363,"enh13","ENSG00000204291"
4364,"enh4","ENSG00000182087"
4365,"enh2","ENSG00000160563"
4366,"enh2","ENSG00000148297"
4367,"enh10","ENSG00000005961"
4368,"enh9","ENSG00000167103"
4369,"enh1","ENSG00000158195"
4370,"enh9","ENSG00000187193"
4371,"enh5","ENSG00000136448"
4372,"enh7","ENSG00000160408"
4373,"enh10","ENSG00000070770"
4374,"enh10","ENSG00000175832"
4375,"enh12","ENSG00000197217"
4376,"enh8","ENSG00000087263"
4377,"enh3","ENSG00000141349"
4378,"enh2","ENSG00000099875"
4379,"enh5","ENSG00000106789"
4380,"enh9","ENSG00000118046"
4381,"enh6","ENSG00000153208"
4382,"enh10","ENSG00000141934"
4383,"enh9","ENSG00000099624"
4384,"enh1","ENSG00000160326"
4385,"enh3","ENSG00000162241"
4386,"enh3","ENSG00000129951"
4387,"enh14","ENSG00000172775"
4388,"enh10","ENSG00000117751"
4389,"enh12","ENSG00000070388"
4390,"enh4","ENSG00000119185"
4391,"enh8","ENSG00000107290"
4392,"enh11","ENSG00000106785"
4393,"enh4","ENSG00000136936"
4394,"enh6","ENSG00000176973"
4395,"enh9","ENSG00000165702"
4396,"enh8","ENSG00000130770"
4397,"enh14","ENSG00000133059"
4398,"enh3","ENSG00000105717"
4399,"enh4","ENSG00000174744"
4400,"enh8","ENSG00000064932"
4401,"enh1","ENSG00000126705"
4402,"enh1","ENSG00000167005"
4403,"enh12","ENSG00000103005"
4404,"enh8","ENSG00000071564"
4405,"enh5","ENSG00000221983"
4406,"enh5","ENSG00000070423"
4407,"enh14","ENSG00000119523"
4408,"enh11","ENSG00000142544"
4409,"enh3","ENSG00000143882"
4410,"enh6","ENSG00000136811"
4411,"enh7","ENSG00000165698"
4412,"enh8","ENSG00000153107"
4413,"enh2","ENSG00000064547"
4414,"enh13","ENSG00000204710"
4415,"enh5","ENSG00000119203"
4416,"enh14","ENSG00000125637"
4417,"enh5","ENSG00000136908"
4418,"enh13","ENSG00000104679"
4419,"enh11","ENSG00000065600"
4420,"enh6","ENSG00000197540"
4421,"enh9","ENSG00000221983"
4422,"enh14","ENSG00000167112"
4423,"enh6","ENSG00000119523"
4424,"enh6","ENSG00000108309"
4425,"enh14","ENSG00000241852"
4426,"enh13","ENSG00000136877"
4427,"enh5","ENSG00000180098"
4428,"enh7","ENSG00000254986"
4429,"enh1","ENSG00000125611"
4430,"enh9","ENSG00000177125"
4431,"enh1","ENSG00000162241"
4432,"enh4","ENSG00000108861"
4433,"enh1","ENSG00000182963"
4434,"enh10","ENSG00000105374"
4435,"enh2","ENSG00000159461"
4436,"enh14","ENSG00000170385"
4437,"enh2","ENSG00000102996"
4438,"enh3","ENSG00000149798"
4439,"enh11","ENSG00000143882"
4440,"enh5","ENSG00000148356"
4441,"enh8","ENSG00000144161"
4442,"enh9","ENSG00000126709"
4443,"enh1","ENSG00000158715"
4444,"enh5","ENSG00000101132"
4445,"enh12","ENSG00000090273"
4446,"enh12","ENSG00000143493"
4447,"enh5","ENSG00000173039"
4448,"enh4","ENSG00000069482"
4449,"enh8","ENSG00000136854"
4450,"enh8","ENSG00000174744"
4451,"enh8","ENSG00000071655"
4452,"enh12","ENSG00000105717"
4453,"enh1","ENSG00000151694"
4454,"enh2","ENSG00000136938"
4455,"enh12","ENSG00000174851"
4456,"enh10","ENSG00000104960"
4457,"enh10","ENSG00000155380"
4458,"enh7","ENSG00000125637"
4459,"enh13","ENSG00000153107"
4460,"enh7","ENSG00000197766"
4461,"enh3","ENSG00000162976"
4462,"enh7","ENSG00000196116"
4463,"enh2","ENSG00000186806"
4464,"enh9","ENSG00000162878"
4465,"enh5","ENSG00000187024"
4466,"enh6","ENSG00000174529"
4467,"enh11","ENSG00000167118"
4468,"enh2","ENSG00000227500"
4469,"enh12","ENSG00000197136"
4470,"enh4","ENSG00000105671"
4471,"enh11","ENSG00000213221"
4472,"enh1","ENSG00000143870"
4473,"enh5","ENSG00000123685"
4474,"enh5","ENSG00000129951"
4475,"enh14","ENSG00000130270"
4476,"enh7","ENSG00000172775"
4477,"enh4","ENSG00000196961"
4478,"enh8","ENSG00000196550"
4479,"enh9","ENSG00000106976"
4480,"enh12","ENSG00000129911"
4481,"enh1","ENSG00000136925"
4482,"enh2","ENSG00000135046"
4483,"enh13","ENSG00000117280"
4484,"enh1","ENSG00000114999"
4485,"enh3","ENSG00000117697"
4486,"enh8","ENSG00000152061"
4487,"enh7","ENSG00000115970"
4488,"enh5","ENSG00000162300"
4489,"enh5","ENSG00000196116"
4490,"enh6","ENSG00000125484"
4491,"enh3","ENSG00000136682"
4492,"enh8","ENSG00000148337"
4493,"enh7","ENSG00000105696"
4494,"enh9","ENSG00000198917"
4495,"enh5","ENSG00000161654"
4496,"enh14","ENSG00000066027"
4497,"enh2","ENSG00000012048"
4498,"enh2","ENSG00000136807"
4499,"enh4","ENSG00000149809"
4500,"enh9","ENSG00000227500"
4501,"enh7","ENSG00000130559"
4502,"enh8","ENSG00000104946"
4503,"enh14","ENSG00000204138"
4504,"enh11","ENSG00000180098"
4505,"enh10","ENSG00000175221"
4506,"enh12","ENSG00000176890"
4507,"enh8","ENSG00000143493"
4508,"enh4","ENSG00000182963"
4509,"enh4","ENSG00000153214"
4510,"enh9","ENSG00000102900"
4511,"enh12","ENSG00000160446"
4512,"enh11","ENSG00000173442"
4513,"enh1","ENSG00000136842"
4514,"enh7","ENSG00000155380"
4515,"enh9","ENSG00000213638"
4516,"enh11","ENSG00000135821"
4517,"enh1","ENSG00000161714"
4518,"enh7","ENSG00000076321"
4519,"enh10","ENSG00000172757"
4520,"enh12","ENSG00000095380"
4521,"enh11","ENSG00000196312"
4522,"enh10","ENSG00000130560"
4523,"enh3","ENSG00000171219"
4524,"enh11","ENSG00000119559"
4525,"enh13","ENSG00000241852"
4526,"enh10","ENSG00000175294"
4527,"enh3","ENSG00000069275"
4528,"enh3","ENSG00000165092"
4529,"enh11","ENSG00000175550"
4530,"enh11","ENSG00000167114"
4531,"enh10","ENSG00000160326"
4532,"enh10","ENSG00000104131"
4533,"enh7","ENSG00000091947"
4534,"enh2","ENSG00000198417"
4535,"enh8","ENSG00000204710"
4536,"enh6","ENSG00000181035"
4537,"enh3","ENSG00000142733"
4538,"enh5","ENSG00000196422"
4539,"enh1","ENSG00000142765"
4540,"enh1","ENSG00000064932"
4541,"enh1","ENSG00000117280"
4542,"enh10","ENSG00000152061"
4543,"enh1","ENSG00000173442"
4544,"enh9","ENSG00000106789"
4545,"enh3","ENSG00000099817"
4546,"enh9","ENSG00000099840"
4547,"enh1","ENSG00000120334"
4548,"enh8","ENSG00000136895"
4549,"enh3","ENSG00000099875"
4550,"enh14","ENSG00000099840"
4551,"enh14","ENSG00000105374"
4552,"enh5","ENSG00000197694"
4553,"enh13","ENSG00000014138"
4554,"enh12","ENSG00000162878"
4555,"enh5","ENSG00000136925"
4556,"enh9","ENSG00000188177"
4557,"enh2","ENSG00000169136"
4558,"enh14","ENSG00000155380"
4559,"enh7","ENSG00000143870"
4560,"enh9","ENSG00000187840"
4561,"enh10","ENSG00000186010"
4562,"enh1","ENSG00000130005"
4563,"enh11","ENSG00000148334"
4564,"enh11","ENSG00000161692"
4565,"enh9","ENSG00000070388"
4566,"enh8","ENSG00000117280"
4567,"enh7","ENSG00000198492"
4568,"enh5","ENSG00000105379"
4569,"enh9","ENSG00000163291"
4570,"enh2","ENSG00000147439"
4571,"enh6","ENSG00000198746"
4572,"enh4","ENSG00000189195"
4573,"enh8","ENSG00000099864"
4574,"enh13","ENSG00000174516"
4575,"enh3","ENSG00000172081"
4576,"enh6","ENSG00000221983"
4577,"enh2","ENSG00000153208"
4578,"enh1","ENSG00000174547"
4579,"enh4","ENSG00000198858"
4580,"enh13","ENSG00000213023"
4581,"enh10","ENSG00000174744"
4582,"enh7","ENSG00000115255"
4583,"enh13","ENSG00000168591"
4584,"enh9","ENSG00000168591"
4585,"enh14","ENSG00000175906"
4586,"enh9","ENSG00000102996"
4587,"enh5","ENSG00000171159"
4588,"enh9","ENSG00000168061"
4589,"enh2","ENSG00000057935"
4590,"enh13","ENSG00000119125"
4591,"enh12","ENSG00000115286"
4592,"enh3","ENSG00000181035"
4593,"enh10","ENSG00000178093"
4594,"enh11","ENSG00000123684"
4595,"enh5","ENSG00000197958"
4596,"enh3","ENSG00000087263"
4597,"enh11","ENSG00000213638"
4598,"enh9","ENSG00000104886"
4599,"enh6","ENSG00000131400"
4600,"enh14","ENSG00000148248"
4601,"enh5","ENSG00000129911"
4602,"enh4","ENSG00000105053"
4603,"enh9","ENSG00000174516"
4604,"enh13","ENSG00000163291"
4605,"enh1","ENSG00000079313"
4606,"enh10","ENSG00000136943"
4607,"enh3","ENSG00000136925"
4608,"enh7","ENSG00000175602"
4609,"enh13","ENSG00000133884"
4610,"enh5","ENSG00000175832"
4611,"enh3","ENSG00000186501"
4612,"enh13","ENSG00000136682"
4613,"enh11","ENSG00000148300"
4614,"enh14","ENSG00000123684"
4615,"enh6","ENSG00000175707"
4616,"enh6","ENSG00000105700"
4617,"enh10","ENSG00000165661"
4618,"enh14","ENSG00000165688"
4619,"enh4","ENSG00000161677"
4620,"enh13","ENSG00000198746"
4621,"enh1","ENSG00000115091"
4622,"enh13","ENSG00000213988"
4623,"enh14","ENSG00000064787"
4624,"enh8","ENSG00000158711"
4625,"enh12","ENSG00000149806"
4626,"enh2","ENSG00000136830"
4627,"enh13","ENSG00000136842"
4628,"enh12","ENSG00000030582"
4629,"enh3","ENSG00000133065"
4630,"enh9","ENSG00000108840"
4631,"enh12","ENSG00000122140"
4632,"enh2","ENSG00000142784"
4633,"enh1","ENSG00000250067"
4634,"enh9","ENSG00000102978"
4635,"enh1","ENSG00000162419"
4636,"enh4","ENSG00000196550"
4637,"enh6","ENSG00000174842"
4638,"enh9","ENSG00000165661"
4639,"enh8","ENSG00000178093"
4640,"enh8","ENSG00000185761"
4641,"enh9","ENSG00000070770"
4642,"enh7","ENSG00000119333"
4643,"enh7","ENSG00000117625"
4644,"enh1","ENSG00000014216"
4645,"enh11","ENSG00000174606"
4646,"enh3","ENSG00000160325"
4647,"enh10","ENSG00000105053"
4648,"enh6","ENSG00000173465"
4649,"enh3","ENSG00000099622"
4650,"enh1","ENSG00000173465"
4651,"enh5","ENSG00000140848"
4652,"enh3","ENSG00000065600"
4653,"enh10","ENSG00000147454"
4654,"enh3","ENSG00000180098"
4655,"enh11","ENSG00000142733"
4656,"enh14","ENSG00000148334"
4657,"enh1","ENSG00000180448"
4658,"enh14","ENSG00000162298"
4659,"enh11","ENSG00000090020"
4660,"enh1","ENSG00000135046"
4661,"enh1","ENSG00000175221"
4662,"enh14","ENSG00000160325"
4663,"enh13","ENSG00000130559"
4664,"enh1","ENSG00000171169"
4665,"enh6","ENSG00000115084"
4666,"enh2","ENSG00000241852"
4667,"enh5","ENSG00000160563"
4668,"enh6","ENSG00000127540"
4669,"enh13","ENSG00000115286"
4670,"enh4","ENSG00000108849"
4671,"enh11","ENSG00000102978"
4672,"enh8","ENSG00000101132"
4673,"enh14","ENSG00000105701"
4674,"enh3","ENSG00000149806"
4675,"enh11","ENSG00000181773"
4676,"enh10","ENSG00000108852"
4677,"enh7","ENSG00000186010"
4678,"enh12","ENSG00000168591"
4679,"enh5","ENSG00000174529"
4680,"enh10","ENSG00000135870"
4681,"enh12","ENSG00000105696"
4682,"enh14","ENSG00000196312"
4683,"enh11","ENSG00000149806"
4684,"enh1","ENSG00000088682"
4685,"enh12","ENSG00000189195"
4686,"enh9","ENSG00000180098"
4687,"enh5","ENSG00000117751"
4688,"enh12","ENSG00000136448"
4689,"enh6","ENSG00000106785"
4690,"enh13","ENSG00000183831"
4691,"enh13","ENSG00000152061"
4692,"enh7","ENSG00000148337"
4693,"enh5","ENSG00000138036"
4694,"enh11","ENSG00000167747"
4695,"enh6","ENSG00000064787"
4696,"enh2","ENSG00000066027"
4697,"enh5","ENSG00000197766"
4698,"enh2","ENSG00000108852"
4699,"enh5","ENSG00000091947"
4700,"enh12","ENSG00000064787"
4701,"enh13","ENSG00000162976"
4702,"enh14","ENSG00000196152"
4703,"enh7","ENSG00000135046"
4704,"enh11","ENSG00000175467"
4705,"enh4","ENSG00000115970"
4706,"enh3","ENSG00000129933"
4707,"enh6","ENSG00000149823"
4708,"enh2","ENSG00000187024"
4709,"enh6","ENSG00000174516"
4710,"enh7","ENSG00000070388"
4711,"enh10","ENSG00000160325"
4712,"enh8","ENSG00000196415"
4713,"enh8","ENSG00000160445"
4714,"enh12","ENSG00000107372"
4715,"enh14","ENSG00000198917"
4716,"enh9","ENSG00000069482"
4717,"enh11","ENSG00000117691"
4718,"enh4","ENSG00000130513"
4719,"enh5","ENSG00000131094"
4720,"enh7","ENSG00000153208"
4721,"enh4","ENSG00000162298"
4722,"enh5","ENSG00000165698"
4723,"enh12","ENSG00000136932"
4724,"enh12","ENSG00000153214"
4725,"enh11","ENSG00000144136"
4726,"enh3","ENSG00000087152"
4727,"enh1","ENSG00000119333"
4728,"enh1","ENSG00000148334"
4729,"enh7","ENSG00000168056"
4730,"enh4","ENSG00000136943"
4731,"enh12","ENSG00000204710"
4732,"enh10","ENSG00000171219"
4733,"enh3","ENSG00000120656"
4734,"enh8","ENSG00000162300"
4735,"enh4","ENSG00000136854"
4736,"enh12","ENSG00000117758"
4737,"enh5","ENSG00000120334"
4738,"enh12","ENSG00000105669"
4739,"enh3","ENSG00000115268"
4740,"enh12","ENSG00000115756"
4741,"enh8","ENSG00000198786"
4742,"enh4","ENSG00000006015"
4743,"enh13","ENSG00000130513"
4744,"enh9","ENSG00000129946"
4745,"enh6","ENSG00000010361"
4746,"enh4","ENSG00000175115"
4747,"enh4","ENSG00000152527"
4748,"enh3","ENSG00000064687"
4749,"enh7","ENSG00000160404"
4750,"enh6","ENSG00000099624"
4751,"enh9","ENSG00000051108"
4752,"enh4","ENSG00000213988"
4753,"enh2","ENSG00000148337"
4754,"enh2","ENSG00000254986"
4755,"enh14","ENSG00000238227"
4756,"enh14","ENSG00000009780"
4757,"enh3","ENSG00000115084"
4758,"enh14","ENSG00000120334"
4759,"enh5","ENSG00000129933"
4760,"enh9","ENSG00000130768"
4761,"enh14","ENSG00000167470"
4762,"enh7","ENSG00000127540"
4763,"enh5","ENSG00000241852"
4764,"enh12","ENSG00000102996"
4765,"enh5","ENSG00000186185"
4766,"enh7","ENSG00000119514"
4767,"enh1","ENSG00000115750"
4768,"enh9","ENSG00000133895"
4769,"enh11","ENSG00000162300"
4770,"enh2","ENSG00000106803"
4771,"enh1","ENSG00000070423"
4772,"enh14","ENSG00000174276"
4773,"enh10","ENSG00000213221"
4774,"enh13","ENSG00000204138"
4775,"enh9","ENSG00000105726"
4776,"enh6","ENSG00000105676"
4777,"enh6","ENSG00000142733"
4778,"enh4","ENSG00000175573"
4779,"enh12","ENSG00000213465"
4780,"enh1","ENSG00000174529"
4781,"enh14","ENSG00000173442"
4782,"enh10","ENSG00000125319"
4783,"enh1","ENSG00000174684"
4784,"enh5","ENSG00000115286"
4785,"enh5","ENSG00000008853"
4786,"enh14","ENSG00000122026"
4787,"enh7","ENSG00000125611"
4788,"enh7","ENSG00000149798"
4789,"enh9","ENSG00000160953"
4790,"enh4","ENSG00000108312"
4791,"enh13","ENSG00000167106"
4792,"enh2","ENSG00000131094"
4793,"enh7","ENSG00000160293"
4794,"enh11","ENSG00000068831"
4795,"enh7","ENSG00000087365"
4796,"enh5","ENSG00000136895"
4797,"enh11","ENSG00000125618"
4798,"enh5","ENSG00000115761"
4799,"enh6","ENSG00000254901"
4800,"enh9","ENSG00000067596"
4801,"enh2","ENSG00000171159"
4802,"enh14","ENSG00000108861"
4803,"enh9","ENSG00000064490"
4804,"enh13","ENSG00000119185"
4805,"enh11","ENSG00000129951"
4806,"enh1","ENSG00000142186"
4807,"enh7","ENSG00000170385"
4808,"enh14","ENSG00000160445"
4809,"enh11","ENSG00000120656"
4810,"enh11","ENSG00000160161"
4811,"enh7","ENSG00000174547"
4812,"enh8","ENSG00000186501"
4813,"enh1","ENSG00000160404"
4814,"enh11","ENSG00000066027"
4815,"enh6","ENSG00000115761"
4816,"enh1","ENSG00000175707"
4817,"enh8","ENSG00000161671"
4818,"enh10","ENSG00000167110"
4819,"enh1","ENSG00000176890"
4820,"enh10","ENSG00000167136"
4821,"enh13","ENSG00000134308"
4822,"enh3","ENSG00000187024"
4823,"enh9","ENSG00000117691"
4824,"enh2","ENSG00000105655"
4825,"enh3","ENSG00000171940"
4826,"enh13","ENSG00000130511"
4827,"enh9","ENSG00000167136"
4828,"enh11","ENSG00000172977"
4829,"enh7","ENSG00000064607"
4830,"enh11","ENSG00000126705"
4831,"enh3","ENSG00000123685"
4832,"enh7","ENSG00000039650"
4833,"enh9","ENSG00000116017"
4834,"enh10","ENSG00000159461"
4835,"enh3","ENSG00000167759"
4836,"enh14","ENSG00000168056"
4837,"enh10","ENSG00000162669"
4838,"enh11","ENSG00000172232"
4839,"enh9","ENSG00000105662"
4840,"enh8","ENSG00000198746"
4841,"enh3","ENSG00000155380"
4842,"enh4","ENSG00000136937"
4843,"enh10","ENSG00000159579"
4844,"enh12","ENSG00000115091"
4845,"enh13","ENSG00000180198"
4846,"enh4","ENSG00000167113"
4847,"enh9","ENSG00000140848"
4848,"enh1","ENSG00000168061"
4849,"enh12","ENSG00000101132"
4850,"enh11","ENSG00000171940"
4851,"enh3","ENSG00000168056"
4852,"enh11","ENSG00000130005"
4853,"enh14","ENSG00000167113"
4854,"enh4","ENSG00000125124"
4855,"enh9","ENSG00000136448"
4856,"enh10","ENSG00000167470"
4857,"enh10","ENSG00000125618"
4858,"enh9","ENSG00000133059"
4859,"enh13","ENSG00000103005"
4860,"enh14","ENSG00000104689"
4861,"enh1","ENSG00000167103"
4862,"enh7","ENSG00000152061"
4863,"enh14","ENSG00000082512"
4864,"enh4","ENSG00000198917"
4865,"enh4","ENSG00000160953"
4866,"enh13","ENSG00000105383"
4867,"enh2","ENSG00000136854"
4868,"enh11","ENSG00000129933"
4869,"enh12","ENSG00000133895"
4870,"enh3","ENSG00000143476"
4871,"enh5","ENSG00000167113"
4872,"enh11","ENSG00000136932"
4873,"enh6","ENSG00000203705"
4874,"enh2","ENSG00000130511"
4875,"enh1","ENSG00000105656"
4876,"enh14","ENSG00000105656"
4877,"enh4","ENSG00000173825"
4878,"enh11","ENSG00000161671"
4879,"enh14","ENSG00000135046"
4880,"enh14","ENSG00000051128"
4881,"enh3","ENSG00000172775"
4882,"enh7","ENSG00000070404"
4883,"enh10","ENSG00000148290"
4884,"enh14","ENSG00000062822"
4885,"enh9","ENSG00000173442"
4886,"enh9","ENSG00000143924"
4887,"enh2","ENSG00000213221"
4888,"enh4","ENSG00000008853"
4889,"enh10","ENSG00000076321"
4890,"enh6","ENSG00000170385"
4891,"enh3","ENSG00000167110"
4892,"enh9","ENSG00000167748"
4893,"enh14","ENSG00000181513"
4894,"enh13","ENSG00000125611"
4895,"enh4","ENSG00000071626"
4896,"enh1","ENSG00000175115"
4897,"enh3","ENSG00000070388"
4898,"enh7","ENSG00000162976"
4899,"enh7","ENSG00000065000"
4900,"enh12","ENSG00000176973"
4901,"enh14","ENSG00000105696"
4902,"enh14","ENSG00000148300"
4903,"enh13","ENSG00000213465"
4904,"enh10","ENSG00000182963"
4905,"enh6","ENSG00000167112"
4906,"enh14","ENSG00000064666"
4907,"enh7","ENSG00000174516"
4908,"enh6","ENSG00000105726"
4909,"enh4","ENSG00000134317"
4910,"enh2","ENSG00000160271"
4911,"enh2","ENSG00000068976"
4912,"enh2","ENSG00000148290"
4913,"enh14","ENSG00000180329"
4914,"enh9","ENSG00000172757"
4915,"enh9","ENSG00000114999"
4916,"enh1","ENSG00000130766"
4917,"enh10","ENSG00000030582"
4918,"enh5","ENSG00000144130"
4919,"enh12","ENSG00000125630"
4920,"enh5","ENSG00000148290"
4921,"enh10","ENSG00000171940"
4922,"enh10","ENSG00000005194"
4923,"enh8","ENSG00000125319"
4924,"enh14","ENSG00000173327"
4925,"enh13","ENSG00000129933"
4926,"enh2","ENSG00000136936"
4927,"enh14","ENSG00000014138"
4928,"enh4","ENSG00000181513"
4929,"enh7","ENSG00000178093"
4930,"enh8","ENSG00000005961"
4931,"enh4","ENSG00000087152"
4932,"enh9","ENSG00000103021"
4933,"enh6","ENSG00000006015"
4934,"enh8","ENSG00000135736"
4935,"enh7","ENSG00000120896"
4936,"enh2","ENSG00000011304"
4937,"enh1","ENSG00000068976"
4938,"enh2","ENSG00000013306"
4939,"enh2","ENSG00000180340"
4940,"enh13","ENSG00000174950"
4941,"enh8","ENSG00000174669"
4942,"enh13","ENSG00000105662"
4943,"enh7","ENSG00000108309"
4944,"enh10","ENSG00000204710"
4945,"enh14","ENSG00000070388"
4946,"enh8","ENSG00000155380"
4947,"enh5","ENSG00000105053"
4948,"enh4","ENSG00000126391"
4949,"enh3","ENSG00000168061"
4950,"enh1","ENSG00000064607"
4951,"enh1","ENSG00000182087"
4952,"enh7","ENSG00000064490"
4953,"enh9","ENSG00000171159"
4954,"enh5","ENSG00000167487"
4955,"enh9","ENSG00000197816"
4956,"enh14","ENSG00000100316"
4957,"enh12","ENSG00000115255"
4958,"enh4","ENSG00000175221"
4959,"enh7","ENSG00000162669"
4960,"enh8","ENSG00000148296"
4961,"enh4","ENSG00000105717"
4962,"enh8","ENSG00000131097"
4963,"enh9","ENSG00000160293"
4964,"enh1","ENSG00000134330"
4965,"enh9","ENSG00000161677"
4966,"enh5","ENSG00000133884"
4967,"enh6","ENSG00000005194"
4968,"enh5","ENSG00000105655"
4969,"enh3","ENSG00000115750"
4970,"enh6","ENSG00000198917"
4971,"enh10","ENSG00000013306"
4972,"enh1","ENSG00000162298"
4973,"enh7","ENSG00000198417"
4974,"enh14","ENSG00000167759"
4975,"enh14","ENSG00000130005"
4976,"enh3","ENSG00000130775"
4977,"enh14","ENSG00000104960"
4978,"enh5","ENSG00000126698"
4979,"enh9","ENSG00000143493"
4980,"enh9","ENSG00000131094"
4981,"enh5","ENSG00000143870"
4982,"enh4","ENSG00000160563"
4983,"enh4","ENSG00000070770"
4984,"enh2","ENSG00000142765"
4985,"enh13","ENSG00000172081"
4986,"enh9","ENSG00000125482"
4987,"enh13","ENSG00000134317"
4988,"enh6","ENSG00000213638"
4989,"enh14","ENSG00000068831"
4990,"enh6","ENSG00000117758"
4991,"enh14","ENSG00000104897"
4992,"enh11","ENSG00000099622"
4993,"enh10","ENSG00000125148"
4994,"enh2","ENSG00000141933"
4995,"enh10","ENSG00000129968"
4996,"enh11","ENSG00000213023"
4997,"enh5","ENSG00000162241"
4998,"enh10","ENSG00000144136"
4999,"enh7","ENSG00000104960"
5000,"enh5","ENSG00000198746"
5001,"enh6","ENSG00000160161"
5002,"enh5","ENSG00000117266"
5003,"enh9","ENSG00000186501"
5004,"enh3","ENSG00000181513"
5005,"enh5","ENSG00000165661"
5006,"enh8","ENSG00000108849"
5007,"enh6","ENSG00000136925"
5008,"enh3","ENSG00000176890"
5009,"enh11","ENSG00000110046"
5010,"enh10","ENSG00000133069"
5011,"enh1","ENSG00000171219"
5012,"enh10","ENSG00000165702"
5013,"enh9","ENSG00000174669"
5014,"enh2","ENSG00000105726"
5015,"enh6","ENSG00000136895"
5016,"enh4","ENSG00000166188"
5017,"enh2","ENSG00000174547"
5018,"enh2","ENSG00000090020"
5019,"enh8","ENSG00000119185"
5020,"enh1","ENSG00000160953"
5021,"enh8","ENSG00000152527"
5022,"enh5","ENSG00000172992"
5023,"enh7","ENSG00000104885"
5024,"enh12","ENSG00000104679"
5025,"enh2","ENSG00000174851"
5026,"enh13","ENSG00000198417"
5027,"enh12","ENSG00000158195"
5028,"enh1","ENSG00000175602"
5029,"enh10","ENSG00000186185"
5030,"enh12","ENSG00000180448"
5031,"enh5","ENSG00000181896"
5032,"enh4","ENSG00000165092"
5033,"enh12","ENSG00000171848"
5034,"enh10","ENSG00000169136"
5035,"enh5","ENSG00000160404"
5036,"enh5","ENSG00000149792"
5037,"enh12","ENSG00000161671"
5038,"enh10","ENSG00000203705"
5039,"enh9","ENSG00000197694"
5040,"enh12","ENSG00000148411"
5041,"enh4","ENSG00000089639"
5042,"enh2","ENSG00000105374"
5043,"enh8","ENSG00000144130"
5044,"enh12","ENSG00000120889"
5045,"enh12","ENSG00000165138"
5046,"enh13","ENSG00000160953"
5047,"enh10","ENSG00000102978"
5048,"enh14","ENSG00000142544"
5049,"enh14","ENSG00000115761"
5050,"enh2","ENSG00000105696"
5051,"enh12","ENSG00000117751"
5052,"enh4","ENSG00000106976"
5053,"enh3","ENSG00000106785"
5054,"enh8","ENSG00000119392"
5055,"enh7","ENSG00000160445"
5056,"enh11","ENSG00000153214"
5057,"enh6","ENSG00000187024"
5058,"enh11","ENSG00000091947"
5059,"enh5","ENSG00000147439"
5060,"enh3","ENSG00000104886"
5061,"enh13","ENSG00000117691"
5062,"enh13","ENSG00000161647"
5063,"enh2","ENSG00000119335"
5064,"enh8","ENSG00000136830"
5065,"enh9","ENSG00000161654"
5066,"enh11","ENSG00000182087"
5067,"enh10","ENSG00000165689"
5068,"enh11","ENSG00000138756"
5069,"enh11","ENSG00000159461"
5070,"enh10","ENSG00000160293"
5071,"enh1","ENSG00000102978"
5072,"enh3","ENSG00000185278"
5073,"enh2","ENSG00000071655"
5074,"enh5","ENSG00000149823"
5075,"enh11","ENSG00000101132"
5076,"enh7","ENSG00000068976"
5077,"enh6","ENSG00000143493"
5078,"enh14","ENSG00000141934"
5079,"enh14","ENSG00000148291"
5080,"enh12","ENSG00000133884"
5081,"enh11","ENSG00000119523"
5082,"enh2","ENSG00000129968"
5083,"enh11","ENSG00000147439"
5084,"enh13","ENSG00000104973"
5085,"enh4","ENSG00000097046"
5086,"enh11","ENSG00000125484"
5087,"enh12","ENSG00000173327"
5088,"enh6","ENSG00000162298"
5089,"enh8","ENSG00000011304"
5090,"enh5","ENSG00000228300"
5091,"enh1","ENSG00000238227"
5092,"enh3","ENSG00000135870"
5093,"enh3","ENSG00000067596"
5094,"enh9","ENSG00000167113"
5095,"enh13","ENSG00000097046"
5096,"enh5","ENSG00000125319"
5097,"enh4","ENSG00000196415"
5098,"enh1","ENSG00000010361"
5099,"enh12","ENSG00000172977"
5100,"enh4","ENSG00000143476"
5101,"enh3","ENSG00000133059"
5102,"enh10","ENSG00000142733"
5103,"enh2","ENSG00000104897"
5104,"enh3","ENSG00000136895"
5105,"enh13","ENSG00000123685"
5106,"enh5","ENSG00000155380"
5107,"enh2","ENSG00000105472"
5108,"enh14","ENSG00000115255"
5109,"enh12","ENSG00000115970"
5110,"enh10","ENSG00000129933"
5111,"enh12","ENSG00000131400"
5112,"enh11","ENSG00000174516"
5113,"enh7","ENSG00000130770"
5114,"enh10","ENSG00000106991"
5115,"enh10","ENSG00000099622"
5116,"enh10","ENSG00000159648"
5117,"enh3","ENSG00000186566"
5118,"enh1","ENSG00000117748"
5119,"enh13","ENSG00000158161"
5120,"enh13","ENSG00000168066"
5121,"enh14","ENSG00000174529"
5122,"enh3","ENSG00000099866"
5123,"enh8","ENSG00000169136"
5124,"enh11","ENSG00000187024"
5125,"enh1","ENSG00000136874"
5126,"enh3","ENSG00000106803"
5127,"enh6","ENSG00000130770"
5128,"enh9","ENSG00000254470"
5129,"enh13","ENSG00000103021"
5130,"enh8","ENSG00000070404"
5131,"enh9","ENSG00000129933"
5132,"enh14","ENSG00000039650"
5133,"enh6","ENSG00000172732"
5134,"enh2","ENSG00000235034"
5135,"enh11","ENSG00000136925"
5136,"enh12","ENSG00000104946"
5137,"enh14","ENSG00000133065"
5138,"enh4","ENSG00000172922"
5139,"enh6","ENSG00000133069"
5140,"enh12","ENSG00000167759"
5141,"enh8","ENSG00000115944"
5142,"enh4","ENSG00000256771"
5143,"enh6","ENSG00000115944"
5144,"enh1","ENSG00000189195"
5145,"enh7","ENSG00000168067"
5146,"enh1","ENSG00000006015"
5147,"enh1","ENSG00000173327"
5148,"enh2","ENSG00000065268"
5149,"enh12","ENSG00000130560"
5150,"enh12","ENSG00000181896"
5151,"enh6","ENSG00000196312"
5152,"enh12","ENSG00000172081"
5153,"enh7","ENSG00000186806"
5154,"enh5","ENSG00000172270"
5155,"enh11","ENSG00000102931"
5156,"enh13","ENSG00000087152"
5157,"enh1","ENSG00000165699"
5158,"enh1","ENSG00000091947"
5159,"enh3","ENSG00000197816"
5160,"enh7","ENSG00000105053"
5161,"enh5","ENSG00000204710"
5162,"enh12","ENSG00000186010"
5163,"enh13","ENSG00000130270"
5164,"enh10","ENSG00000198786"
5165,"enh13","ENSG00000167487"
5166,"enh3","ENSG00000163297"
5167,"enh2","ENSG00000065600"
5168,"enh13","ENSG00000174606"
5169,"enh12","ENSG00000198786"
5170,"enh4","ENSG00000167468"
5171,"enh14","ENSG00000172732"
5172,"enh5","ENSG00000095383"
5173,"enh3","ENSG00000130511"
5174,"enh9","ENSG00000235034"
5175,"enh3","ENSG00000105669"
5176,"enh4","ENSG00000158715"
5177,"enh1","ENSG00000165688"
5178,"enh6","ENSG00000116017"
5179,"enh14","ENSG00000140859"
5180,"enh8","ENSG00000130768"
5181,"enh3","ENSG00000170385"
5182,"enh4","ENSG00000138756"
5183,"enh4","ENSG00000126705"
5184,"enh7","ENSG00000099866"
5185,"enh11","ENSG00000115750"
5186,"enh12","ENSG00000153208"
5187,"enh3","ENSG00000162873"
5188,"enh13","ENSG00000197136"
5189,"enh10","ENSG00000105556"
5190,"enh8","ENSG00000203705"
5191,"enh3","ENSG00000148300"
5192,"enh3","ENSG00000105379"
5193,"enh11","ENSG00000181513"
5194,"enh5","ENSG00000161692"
5195,"enh3","ENSG00000198417"
5196,"enh1","ENSG00000148337"
5197,"enh13","ENSG00000161714"
5198,"enh11","ENSG00000197540"
5199,"enh11","ENSG00000129946"
5200,"enh8","ENSG00000235034"
5201,"enh8","ENSG00000174516"
5202,"enh9","ENSG00000162772"
5203,"enh11","ENSG00000175832"
5204,"enh12","ENSG00000129946"
5205,"enh14","ENSG00000136840"
5206,"enh7","ENSG00000131400"
5207,"enh7","ENSG00000175467"
5208,"enh14","ENSG00000115750"
5209,"enh8","ENSG00000104973"
5210,"enh10","ENSG00000148300"
5211,"enh9","ENSG00000136932"
5212,"enh6","ENSG00000135046"
5213,"enh5","ENSG00000142784"
5214,"enh13","ENSG00000159579"
5215,"enh7","ENSG00000119203"
5216,"enh4","ENSG00000100316"
5217,"enh4","ENSG00000110047"
5218,"enh3","ENSG00000148288"
5219,"enh10","ENSG00000149809"
5220,"enh14","ENSG00000117650"
5221,"enh12","ENSG00000148290"
5222,"enh5","ENSG00000131409"
5223,"enh6","ENSG00000115750"
5224,"enh2","ENSG00000175854"
5225,"enh7","ENSG00000188177"
5226,"enh11","ENSG00000173825"
5227,"enh5","ENSG00000169403"
5228,"enh2","ENSG00000131097"
5229,"enh8","ENSG00000125148"
5230,"enh12","ENSG00000133069"
5231,"enh4","ENSG00000064547"
5232,"enh4","ENSG00000174684"
5233,"enh6","ENSG00000130513"
5234,"enh6","ENSG00000173442"
5235,"enh7","ENSG00000196961"
5236,"enh9","ENSG00000064787"
5237,"enh12","ENSG00000117280"
5238,"enh11","ENSG00000105696"
5239,"enh8","ENSG00000181035"
5240,"enh11","ENSG00000173465"
5241,"enh7","ENSG00000196683"
5242,"enh3","ENSG00000104946"
5243,"enh1","ENSG00000213465"
5244,"enh4","ENSG00000136856"
5245,"enh12","ENSG00000158711"
5246,"enh11","ENSG00000120334"
5247,"enh6","ENSG00000009780"
5248,"enh8","ENSG00000136643"
5249,"enh2","ENSG00000125170"
5250,"enh2","ENSG00000152518"
5251,"enh12","ENSG00000175467"
5252,"enh6","ENSG00000136856"
5253,"enh6","ENSG00000105717"
5254,"enh9","ENSG00000161671"
5255,"enh7","ENSG00000223802"
5256,"enh8","ENSG00000174871"
5257,"enh1","ENSG00000148356"
5258,"enh1","ENSG00000097046"
5259,"enh9","ENSG00000134308"
5260,"enh10","ENSG00000122484"
5261,"enh10","ENSG00000213988"
5262,"enh13","ENSG00000160325"
5263,"enh8","ENSG00000099866"
5264,"enh10","ENSG00000105655"
5265,"enh8","ENSG00000066027"
5266,"enh7","ENSG00000136937"
5267,"enh2","ENSG00000087263"
5268,"enh10","ENSG00000140859"
5269,"enh12","ENSG00000117593"
5270,"enh14","ENSG00000117593"
5271,"enh4","ENSG00000117758"
5272,"enh14","ENSG00000136811"
5273,"enh7","ENSG00000123685"
5274,"enh13","ENSG00000105671"
5275,"enh8","ENSG00000115970"
5276,"enh9","ENSG00000148300"
5277,"enh5","ENSG00000136932"
5278,"enh2","ENSG00000182963"
5279,"enh4","ENSG00000120656"
5280,"enh2","ENSG00000173442"
5281,"enh12","ENSG00000119125"
5282,"enh10","ENSG00000173825"
5283,"enh4","ENSG00000158941"
5284,"enh3","ENSG00000169136"
5285,"enh9","ENSG00000196415"
5286,"enh10","ENSG00000006016"
5287,"enh14","ENSG00000138036"
5288,"enh5","ENSG00000076321"
5289,"enh14","ENSG00000136877"
5290,"enh2","ENSG00000102934"
5291,"enh11","ENSG00000174529"
5292,"enh1","ENSG00000108849"
5293,"enh2","ENSG00000161677"
5294,"enh13","ENSG00000126698"
5295,"enh5","ENSG00000165138"
5296,"enh6","ENSG00000160345"
5297,"enh12","ENSG00000160447"
5298,"enh2","ENSG00000115750"
5299,"enh5","ENSG00000012048"
5300,"enh1","ENSG00000165684"
5301,"enh6","ENSG00000169288"
5302,"enh4","ENSG00000135736"
5303,"enh1","ENSG00000176973"
5304,"enh13","ENSG00000102934"
5305,"enh12","ENSG00000129933"
5306,"enh11","ENSG00000168067"
5307,"enh6","ENSG00000168591"
5308,"enh7","ENSG00000141349"
5309,"enh5","ENSG00000070770"
5310,"enh9","ENSG00000241852"
5311,"enh5","ENSG00000115255"
5312,"enh12","ENSG00000182087"
5313,"enh3","ENSG00000197136"
5314,"enh14","ENSG00000213023"
5315,"enh12","ENSG00000173039"
5316,"enh7","ENSG00000130005"
5317,"enh12","ENSG00000064547"
5318,"enh8","ENSG00000159461"
5319,"enh10","ENSG00000136828"
5320,"enh6","ENSG00000174669"
5321,"enh12","ENSG00000163291"
5322,"enh11","ENSG00000136854"
5323,"enh9","ENSG00000158161"
5324,"enh3","ENSG00000159461"
5325,"enh2","ENSG00000149798"
5326,"enh6","ENSG00000105556"
5327,"enh1","ENSG00000169288"
5328,"enh8","ENSG00000117601"
5329,"enh8","ENSG00000122140"
5330,"enh1","ENSG00000119523"
5331,"enh10","ENSG00000254901"
5332,"enh9","ENSG00000105556"
5333,"enh13","ENSG00000115750"
5334,"enh1","ENSG00000160445"
5335,"enh9","ENSG00000174744"
5336,"enh14","ENSG00000160408"
5337,"enh5","ENSG00000147669"
5338,"enh3","ENSG00000173825"
5339,"enh6","ENSG00000167468"
5340,"enh14","ENSG00000067596"
5341,"enh2","ENSG00000176973"
5342,"enh2","ENSG00000097046"
5343,"enh10","ENSG00000106992"
5344,"enh4","ENSG00000148411"
5345,"enh11","ENSG00000160345"
5346,"enh8","ENSG00000129911"
5347,"enh9","ENSG00000165092"
5348,"enh10","ENSG00000099624"
5349,"enh7","ENSG00000171159"
5350,"enh2","ENSG00000130768"
5351,"enh8","ENSG00000177125"
5352,"enh6","ENSG00000136807"
5353,"enh3","ENSG00000172732"
5354,"enh6","ENSG00000064547"
5355,"enh7","ENSG00000100316"
5356,"enh1","ENSG00000241852"
5357,"enh10","ENSG00000129946"
5358,"enh14","ENSG00000158941"
5359,"enh1","ENSG00000172270"
5360,"enh1","ENSG00000165138"
5361,"enh14","ENSG00000087152"
5362,"enh3","ENSG00000142530"
5363,"enh12","ENSG00000144136"
5364,"enh1","ENSG00000106799"
5365,"enh4","ENSG00000160161"
5366,"enh13","ENSG00000136895"
5367,"enh1","ENSG00000011304"
5368,"enh4","ENSG00000160360"
5369,"enh5","ENSG00000171848"
5370,"enh5","ENSG00000198870"
5371,"enh4","ENSG00000087365"
5372,"enh3","ENSG00000115257"
5373,"enh1","ENSG00000134308"
5374,"enh9","ENSG00000198870"
5375,"enh2","ENSG00000105656"
5376,"enh4","ENSG00000115761"
5377,"enh3","ENSG00000104679"
5378,"enh2","ENSG00000117625"
5379,"enh6","ENSG00000148339"
5380,"enh2","ENSG00000198786"
5381,"enh2","ENSG00000117758"
5382,"enh14","ENSG00000138767"
5383,"enh3","ENSG00000064545"
5384,"enh10","ENSG00000165699"
5385,"enh6","ENSG00000099866"
5386,"enh13","ENSG00000115084"
5387,"enh11","ENSG00000103005"
5388,"enh5","ENSG00000177125"
5389,"enh8","ENSG00000162878"
5390,"enh7","ENSG00000099840"
5391,"enh10","ENSG00000162976"
5392,"enh6","ENSG00000213445"
5393,"enh6","ENSG00000136908"
5394,"enh6","ENSG00000071626"
5395,"enh6","ENSG00000196961"
5396,"enh14","ENSG00000187193"
5397,"enh10","ENSG00000135821"
5398,"enh12","ENSG00000213988"
5399,"enh13","ENSG00000067596"
5400,"enh11","ENSG00000148356"
5401,"enh8","ENSG00000172232"
5402,"enh5","ENSG00000172732"
5403,"enh9","ENSG00000082512"
5404,"enh3","ENSG00000099804"
5405,"enh4","ENSG00000151694"
5406,"enh14","ENSG00000142784"
5407,"enh2","ENSG00000068831"
5408,"enh2","ENSG00000197136"
5409,"enh8","ENSG00000161654"
5410,"enh8","ENSG00000197958"
5411,"enh2","ENSG00000167113"
5412,"enh7","ENSG00000174606"
5413,"enh3","ENSG00000105374"
5414,"enh10","ENSG00000148411"
5415,"enh7","ENSG00000143493"
5416,"enh3","ENSG00000197217"
5417,"enh4","ENSG00000180098"
5418,"enh14","ENSG00000148308"
5419,"enh12","ENSG00000142544"
5420,"enh6","ENSG00000091947"
5421,"enh2","ENSG00000117748"
5422,"enh14","ENSG00000064490"
5423,"enh7","ENSG00000181896"
5424,"enh11","ENSG00000120896"
5425,"enh4","ENSG00000198840"
5426,"enh8","ENSG00000117691"
5427,"enh6","ENSG00000105671"
5428,"enh1","ENSG00000125637"
5429,"enh10","ENSG00000162241"
5430,"enh13","ENSG00000161682"
5431,"enh2","ENSG00000129946"
5432,"enh2","ENSG00000174996"
5433,"enh6","ENSG00000143870"
5434,"enh3","ENSG00000158161"
5435,"enh8","ENSG00000105379"
5436,"enh4","ENSG00000162419"
5437,"enh10","ENSG00000143924"
5438,"enh11","ENSG00000105676"
5439,"enh6","ENSG00000160404"
5440,"enh9","ENSG00000136937"
5441,"enh5","ENSG00000115758"
5442,"enh10","ENSG00000136932"
5443,"enh9","ENSG00000162976"
5444,"enh4","ENSG00000175550"
5445,"enh4","ENSG00000204138"
5446,"enh2","ENSG00000169607"
5447,"enh13","ENSG00000162300"
5448,"enh7","ENSG00000126698"
5449,"enh12","ENSG00000087152"
5450,"enh9","ENSG00000104973"
5451,"enh12","ENSG00000070761"
5452,"enh10","ENSG00000142784"
5453,"enh13","ENSG00000167123"
5454,"enh10","ENSG00000117691"
5455,"enh6","ENSG00000152518"
5456,"enh4","ENSG00000241852"
5457,"enh13","ENSG00000104885"
5458,"enh4","ENSG00000068971"
5459,"enh13","ENSG00000148303"
5460,"enh4","ENSG00000198746"
5461,"enh11","ENSG00000130513"
5462,"enh14","ENSG00000119514"
5463,"enh12","ENSG00000152061"
5464,"enh9","ENSG00000119185"
5465,"enh6","ENSG00000107021"
5466,"enh8","ENSG00000117758"
5467,"enh8","ENSG00000102931"
5468,"enh5","ENSG00000168056"
5469,"enh11","ENSG00000133243"
5470,"enh11","ENSG00000116014"
5471,"enh10","ENSG00000175573"
5472,"enh2","ENSG00000030582"
5473,"enh14","ENSG00000115970"
5474,"enh5","ENSG00000119523"
5475,"enh7","ENSG00000171848"
5476,"enh14","ENSG00000168067"
5477,"enh13","ENSG00000108849"
5478,"enh12","ENSG00000117625"
5479,"enh5","ENSG00000005007"
5480,"enh6","ENSG00000167005"
5481,"enh5","ENSG00000168067"
5482,"enh13","ENSG00000174842"
5483,"enh14","ENSG00000198870"
5484,"enh12","ENSG00000142186"
5485,"enh10","ENSG00000119125"
5486,"enh10","ENSG00000166188"
5487,"enh10","ENSG00000068831"
5488,"enh3","ENSG00000172059"
5489,"enh11","ENSG00000143870"
5490,"enh2","ENSG00000136937"
5491,"enh6","ENSG00000105383"
5492,"enh14","ENSG00000105705"
5493,"enh2","ENSG00000171219"
5494,"enh13","ENSG00000197766"
5495,"enh1","ENSG00000162873"
5496,"enh3","ENSG00000174276"
5497,"enh4","ENSG00000159579"
5498,"enh10","ENSG00000051128"
5499,"enh7","ENSG00000176890"
5500,"enh5","ENSG00000167123"
5501,"enh11","ENSG00000070423"
5502,"enh8","ENSG00000006015"
5503,"enh3","ENSG00000070770"
5504,"enh7","ENSG00000160953"
5505,"enh13","ENSG00000129911"
5506,"enh6","ENSG00000122482"
5507,"enh13","ENSG00000117748"
5508,"enh12","ENSG00000126705"
5509,"enh2","ENSG00000172992"
5510,"enh5","ENSG00000142544"
5511,"enh10","ENSG00000099817"
5512,"enh4","ENSG00000082512"
5513,"enh6","ENSG00000182087"
5514,"enh1","ENSG00000158941"
5515,"enh7","ENSG00000117758"
5516,"enh12","ENSG00000149798"
5517,"enh2","ENSG00000160404"
5518,"enh1","ENSG00000051128"
5519,"enh10","ENSG00000181513"
5520,"enh4","ENSG00000213465"
5521,"enh9","ENSG00000030582"
5522,"enh13","ENSG00000162669"
5523,"enh1","ENSG00000106991"
5524,"enh7","ENSG00000153214"
5525,"enh6","ENSG00000057935"
5526,"enh3","ENSG00000117650"
5527,"enh10","ENSG00000168066"
5528,"enh3","ENSG00000204710"
5529,"enh6","ENSG00000198840"
5530,"enh11","ENSG00000161677"
5531,"enh8","ENSG00000125484"
5532,"enh3","ENSG00000198858"
5533,"enh12","ENSG00000184988"
5534,"enh10","ENSG00000105700"
5535,"enh10","ENSG00000153214"
5536,"enh6","ENSG00000227500"
5537,"enh1","ENSG00000144130"
5538,"enh6","ENSG00000148356"
5539,"enh1","ENSG00000104679"
5540,"enh10","ENSG00000198917"
5541,"enh5","ENSG00000162873"
5542,"enh2","ENSG00000088682"
5543,"enh7","ENSG00000185198"
5544,"enh3","ENSG00000160360"
5545,"enh3","ENSG00000136830"
5546,"enh1","ENSG00000125319"
5547,"enh6","ENSG00000099875"
5548,"enh2","ENSG00000198492"
5549,"enh14","ENSG00000070423"
5550,"enh3","ENSG00000110046"
5551,"enh5","ENSG00000198492"
5552,"enh9","ENSG00000155380"
5553,"enh1","ENSG00000148303"
5554,"enh1","ENSG00000213023"
5555,"enh14","ENSG00000126391"
5556,"enh14","ENSG00000221983"
5557,"enh14","ENSG00000213445"
5558,"enh6","ENSG00000006016"
5559,"enh10","ENSG00000172992"
5560,"enh12","ENSG00000168066"
5561,"enh13","ENSG00000133895"
5562,"enh13","ENSG00000102978"
5563,"enh5","ENSG00000262874"
5564,"enh12","ENSG00000108840"
5565,"enh11","ENSG00000175221"
5566,"enh11","ENSG00000254986"
5567,"enh8","ENSG00000213465"
5568,"enh11","ENSG00000167005"
5569,"enh1","ENSG00000129946"
5570,"enh14","ENSG00000160161"
5571,"enh5","ENSG00000160325"
5572,"enh6","ENSG00000223802"
5573,"enh12","ENSG00000186566"
5574,"enh13","ENSG00000039650"
5575,"enh7","ENSG00000174669"
5576,"enh4","ENSG00000117266"
5577,"enh1","ENSG00000070770"
5578,"enh7","ENSG00000165138"
5579,"enh9","ENSG00000172081"
5580,"enh10","ENSG00000142530"
5581,"enh6","ENSG00000165702"
5582,"enh7","ENSG00000162769"
5583,"enh11","ENSG00000175376"
5584,"enh2","ENSG00000149806"
5585,"enh7","ENSG00000133243"
5586,"enh6","ENSG00000136842"
5587,"enh12","ENSG00000136937"
5588,"enh3","ENSG00000115756"
5589,"enh3","ENSG00000213023"
5590,"enh10","ENSG00000161647"
5591,"enh13","ENSG00000142528"
5592,"enh3","ENSG00000153107"
5593,"enh11","ENSG00000107372"
5594,"enh4","ENSG00000122026"
5595,"enh13","ENSG00000174669"
5596,"enh11","ENSG00000117650"
5597,"enh1","ENSG00000123684"
5598,"enh10","ENSG00000120889"
5599,"enh11","ENSG00000051128"
5600,"enh9","ENSG00000152061"
5601,"enh3","ENSG00000196422"
5602,"enh13","ENSG00000196961"
5603,"enh12","ENSG00000119559"
5604,"enh10","ENSG00000105676"
5605,"enh13","ENSG00000149798"
5606,"enh11","ENSG00000014138"
5607,"enh9","ENSG00000136943"
5608,"enh12","ENSG00000130766"
5609,"enh6","ENSG00000065600"
5610,"enh3","ENSG00000089639"
5611,"enh1","ENSG00000167491"
5612,"enh13","ENSG00000175294"
5613,"enh3","ENSG00000165689"
5614,"enh11","ENSG00000146670"
5615,"enh4","ENSG00000108840"
5616,"enh14","ENSG00000153214"
5617,"enh14","ENSG00000014216"
5618,"enh3","ENSG00000105700"
5619,"enh12","ENSG00000068971"
5620,"enh3","ENSG00000126698"
5621,"enh7","ENSG00000174996"
5622,"enh14","ENSG00000149806"
5623,"enh7","ENSG00000131409"
5624,"enh2","ENSG00000156269"
5625,"enh6","ENSG00000162669"
5626,"enh4","ENSG00000158711"
5627,"enh14","ENSG00000130766"
5628,"enh3","ENSG00000135046"
5629,"enh6","ENSG00000186010"
5630,"enh2","ENSG00000064932"
5631,"enh2","ENSG00000008853"
5632,"enh5","ENSG00000183831"
5633,"enh12","ENSG00000160326"
5634,"enh7","ENSG00000148290"
5635,"enh6","ENSG00000099821"
5636,"enh4","ENSG00000204673"
5637,"enh11","ENSG00000105655"
5638,"enh14","ENSG00000136830"
5639,"enh3","ENSG00000116014"
5640,"enh9","ENSG00000138767"
5641,"enh14","ENSG00000162669"
5642,"enh5","ENSG00000176973"
5643,"enh10","ENSG00000136643"
5644,"enh11","ENSG00000108883"
5645,"enh9","ENSG00000148411"
5646,"enh2","ENSG00000104689"
5647,"enh10","ENSG00000133884"
5648,"enh14","ENSG00000099624"
5649,"enh4","ENSG00000123684"
5650,"enh5","ENSG00000135046"
5651,"enh7","ENSG00000140854"
5652,"enh4","ENSG00000108309"
5653,"enh1","ENSG00000148297"
5654,"enh8","ENSG00000099622"
5655,"enh5","ENSG00000167103"
5656,"enh4","ENSG00000133895"
5657,"enh9","ENSG00000198786"
5658,"enh3","ENSG00000187193"
5659,"enh14","ENSG00000168061"
5660,"enh12","ENSG00000149823"
5661,"enh4","ENSG00000115944"
5662,"enh13","ENSG00000069702"
5663,"enh3","ENSG00000104973"
5664,"enh8","ENSG00000167468"
5665,"enh9","ENSG00000158195"
5666,"enh7","ENSG00000135870"
5667,"enh1","ENSG00000183831"
5668,"enh14","ENSG00000181781"
5669,"enh2","ENSG00000108883"
5670,"enh4","ENSG00000171159"
5671,"enh3","ENSG00000095380"
5672,"enh14","ENSG00000136842"
5673,"enh6","ENSG00000171169"
5674,"enh11","ENSG00000142530"
5675,"enh2","ENSG00000103021"
5676,"enh2","ENSG00000165661"
5677,"enh9","ENSG00000108883"
5678,"enh3","ENSG00000223802"
5679,"enh3","ENSG00000221983"
5680,"enh10","ENSG00000152527"
5681,"enh8","ENSG00000196683"
5682,"enh13","ENSG00000115268"
5683,"enh13","ENSG00000107290"
5684,"enh8","ENSG00000136925"
5685,"enh7","ENSG00000136682"
5686,"enh5","ENSG00000196550"
5687,"enh5","ENSG00000116014"
5688,"enh9","ENSG00000148303"
5689,"enh10","ENSG00000105472"
5690,"enh3","ENSG00000162419"
5691,"enh13","ENSG00000051128"
5692,"enh12","ENSG00000099875"
5693,"enh12","ENSG00000091947"
5694,"enh2","ENSG00000181513"
5695,"enh12","ENSG00000142765"
5696,"enh14","ENSG00000184162"
5697,"enh2","ENSG00000172732"
5698,"enh10","ENSG00000134318"
5699,"enh2","ENSG00000138772"
5700,"enh11","ENSG00000104886"
5701,"enh12","ENSG00000119514"
5702,"enh11","ENSG00000161647"
5703,"enh2","ENSG00000160325"
5704,"enh7","ENSG00000197540"
5705,"enh3","ENSG00000136929"
5706,"enh4","ENSG00000250067"
5707,"enh2","ENSG00000187840"
5708,"enh5","ENSG00000134317"
5709,"enh5","ENSG00000167136"
5710,"enh14","ENSG00000136938"
5711,"enh13","ENSG00000136811"
5712,"enh4","ENSG00000120889"
5713,"enh13","ENSG00000160445"
5714,"enh4","ENSG00000174996"
5715,"enh8","ENSG00000204291"
5716,"enh8","ENSG00000104897"
5717,"enh14","ENSG00000117625"
5718,"enh10","ENSG00000057935"
5719,"enh10","ENSG00000158715"
5720,"enh13","ENSG00000131408"
5721,"enh7","ENSG00000064787"
5722,"enh9","ENSG00000069275"
5723,"enh13","ENSG00000126705"
5724,"enh6","ENSG00000213023"
5725,"enh3","ENSG00000105708"
5726,"enh14","ENSG00000178093"
5727,"enh14","ENSG00000160345"
5728,"enh11","ENSG00000133065"
5729,"enh1","ENSG00000196550"
5730,"enh2","ENSG00000221983"
5731,"enh6","ENSG00000005007"
5732,"enh3","ENSG00000076321"
5733,"enh9","ENSG00000131398"
5734,"enh13","ENSG00000167114"
5735,"enh9","ENSG00000180329"
5736,"enh9","ENSG00000144161"
5737,"enh11","ENSG00000162873"
5738,"enh6","ENSG00000160445"
5739,"enh6","ENSG00000172500"
5740,"enh3","ENSG00000148308"
5741,"enh14","ENSG00000110046"
5742,"enh11","ENSG00000160360"
5743,"enh6","ENSG00000171940"
5744,"enh10","ENSG00000196188"
5745,"enh13","ENSG00000082512"
5746,"enh12","ENSG00000204673"
5747,"enh1","ENSG00000175294"
5748,"enh3","ENSG00000228300"
5749,"enh12","ENSG00000004939"
5750,"enh4","ENSG00000160271"
5751,"enh6","ENSG00000197217"
5752,"enh14","ENSG00000149823"
5753,"enh12","ENSG00000099821"
5754,"enh6","ENSG00000066027"
5755,"enh10","ENSG00000136682"
5756,"enh8","ENSG00000102934"
5757,"enh1","ENSG00000161692"
5758,"enh4","ENSG00000130770"
5759,"enh7","ENSG00000172757"
5760,"enh11","ENSG00000005194"
5761,"enh5","ENSG00000175906"
5762,"enh11","ENSG00000105717"
5763,"enh5","ENSG00000105662"
5764,"enh9","ENSG00000131097"
5765,"enh11","ENSG00000119203"
5766,"enh8","ENSG00000062822"
5767,"enh7","ENSG00000136840"
5768,"enh1","ENSG00000131094"
5769,"enh5","ENSG00000223802"
5770,"enh4","ENSG00000115758"
5771,"enh8","ENSG00000141349"
5772,"enh13","ENSG00000129951"
5773,"enh14","ENSG00000147457"
5774,"enh5","ENSG00000099622"
5775,"enh1","ENSG00000105556"
5776,"enh12","ENSG00000136811"
5777,"enh12","ENSG00000144161"
5778,"enh13","ENSG00000174996"
5779,"enh9","ENSG00000186010"
5780,"enh13","ENSG00000144161"
5781,"enh12","ENSG00000110047"
5782,"enh2","ENSG00000161654"
5783,"enh12","ENSG00000125637"
5784,"enh2","ENSG00000070761"
5785,"enh10","ENSG00000160953"
5786,"enh1","ENSG00000103021"
5787,"enh13","ENSG00000175334"
5788,"enh3","ENSG00000057935"
5789,"enh5","ENSG00000103021"
5790,"enh2","ENSG00000133069"
5791,"enh1","ENSG00000148291"
5792,"enh12","ENSG00000235034"
5793,"enh8","ENSG00000133884"
5794,"enh12","ENSG00000064932"
5795,"enh5","ENSG00000105669"
5796,"enh12","ENSG00000105708"
5797,"enh3","ENSG00000167123"
5798,"enh8","ENSG00000064607"
5799,"enh5","ENSG00000117758"
5800,"enh2","ENSG00000106992"
5801,"enh13","ENSG00000227500"
5802,"enh10","ENSG00000106976"
5803,"enh1","ENSG00000186010"
5804,"enh9","ENSG00000105053"
5805,"enh10","ENSG00000160271"
5806,"enh4","ENSG00000175376"
5807,"enh7","ENSG00000161671"
5808,"enh5","ENSG00000130768"
5809,"enh6","ENSG00000172081"
5810,"enh7","ENSG00000254470"
5811,"enh13","ENSG00000171219"
5812,"enh12","ENSG00000165689"
5813,"enh4","ENSG00000159648"
5814,"enh9","ENSG00000099622"
5815,"enh9","ENSG00000156269"
5816,"enh6","ENSG00000175467"
5817,"enh7","ENSG00000186185"
5818,"enh10","ENSG00000262874"
5819,"enh14","ENSG00000006016"
5820,"enh11","ENSG00000196116"
5821,"enh9","ENSG00000122026"
5822,"enh14","ENSG00000180098"
5823,"enh4","ENSG00000103005"
5824,"enh10","ENSG00000138756"
5825,"enh14","ENSG00000099817"
5826,"enh7","ENSG00000163297"
5827,"enh3","ENSG00000168062"
5828,"enh3","ENSG00000197958"
5829,"enh12","ENSG00000187024"
5830,"enh13","ENSG00000197694"
5831,"enh6","ENSG00000148291"
5832,"enh6","ENSG00000175221"
5833,"enh7","ENSG00000104131"
5834,"enh13","ENSG00000099866"
5835,"enh6","ENSG00000198492"
5836,"enh8","ENSG00000105705"
5837,"enh7","ENSG00000203705"
5838,"enh1","ENSG00000262874"
5839,"enh9","ENSG00000161714"
5840,"enh13","ENSG00000172500"
5841,"enh11","ENSG00000105705"
5842,"enh1","ENSG00000197136"
5843,"enh13","ENSG00000125148"
5844,"enh1","ENSG00000196188"
5845,"enh8","ENSG00000165684"
5846,"enh11","ENSG00000135870"
5847,"enh8","ENSG00000008853"
5848,"enh10","ENSG00000133275"
5849,"enh14","ENSG00000138756"
5850,"enh9","ENSG00000130559"
5851,"enh7","ENSG00000180329"
5852,"enh8","ENSG00000162241"
5853,"enh13","ENSG00000171169"
5854,"enh5","ENSG00000254470"
5855,"enh10","ENSG00000136830"
5856,"enh1","ENSG00000181513"
5857,"enh8","ENSG00000262874"
5858,"enh3","ENSG00000160447"
5859,"enh4","ENSG00000123685"
5860,"enh11","ENSG00000176890"
5861,"enh13","ENSG00000105669"
5862,"enh13","ENSG00000197540"
5863,"enh3","ENSG00000167487"
5864,"enh5","ENSG00000070404"
5865,"enh7","ENSG00000120656"
5866,"enh10","ENSG00000163291"
5867,"enh12","ENSG00000181781"
5868,"enh14","ENSG00000136929"
5869,"enh10","ENSG00000165698"
5870,"enh11","ENSG00000069482"
5871,"enh1","ENSG00000095383"
5872,"enh5","ENSG00000196415"
5873,"enh9","ENSG00000160325"
5874,"enh5","ENSG00000122140"
5875,"enh3","ENSG00000064607"
5876,"enh7","ENSG00000136842"
5877,"enh9","ENSG00000120896"
5878,"enh9","ENSG00000097046"
5879,"enh13","ENSG00000051108"
5880,"enh14","ENSG00000186501"
5881,"enh12","ENSG00000131097"
5882,"enh3","ENSG00000184988"
5883,"enh7","ENSG00000188554"
5884,"enh8","ENSG00000160447"
5885,"enh8","ENSG00000126391"
5886,"enh5","ENSG00000175592"
5887,"enh10","ENSG00000197816"
5888,"enh2","ENSG00000118046"
5889,"enh8","ENSG00000196116"
5890,"enh5","ENSG00000104973"
5891,"enh10","ENSG00000169288"
5892,"enh11","ENSG00000198492"
5893,"enh4","ENSG00000106799"
5894,"enh4","ENSG00000122140"
5895,"enh5","ENSG00000148288"
5896,"enh8","ENSG00000160446"
5897,"enh13","ENSG00000160447"
5898,"enh8","ENSG00000167118"
5899,"enh13","ENSG00000175115"
5900,"enh8","ENSG00000174996"
5901,"enh5","ENSG00000174851"
5902,"enh14","ENSG00000203705"
5903,"enh12","ENSG00000142733"
5904,"enh6","ENSG00000172977"
5905,"enh10","ENSG00000151694"
5906,"enh6","ENSG00000187840"
5907,"enh4","ENSG00000186566"
5908,"enh3","ENSG00000213445"
5909,"enh3","ENSG00000005007"
5910,"enh2","ENSG00000162769"
5911,"enh4","ENSG00000130766"
5912,"enh9","ENSG00000160318"
5913,"enh1","ENSG00000167136"
5914,"enh5","ENSG00000213988"
5915,"enh1","ENSG00000149798"
5916,"enh12","ENSG00000136938"
5917,"enh6","ENSG00000106976"
5918,"enh3","ENSG00000120896"
5919,"enh4","ENSG00000129933"
5920,"enh10","ENSG00000117593"
5921,"enh9","ENSG00000091947"
5922,"enh4","ENSG00000227500"
5923,"enh3","ENSG00000105497"
5924,"enh12","ENSG00000104960"
5925,"enh5","ENSG00000105705"
5926,"enh11","ENSG00000105374"
5927,"enh8","ENSG00000160345"
5928,"enh8","ENSG00000165661"
5929,"enh13","ENSG00000254901"
5930,"enh3","ENSG00000030582"
5931,"enh4","ENSG00000105708"
5932,"enh2","ENSG00000125637"
5933,"enh10","ENSG00000167759"
5934,"enh9","ENSG00000105676"
5935,"enh11","ENSG00000167759"
5936,"enh9","ENSG00000171940"
5937,"enh13","ENSG00000165698"
5938,"enh5","ENSG00000167110"
5939,"enh6","ENSG00000120334"
5940,"enh13","ENSG00000014216"
5941,"enh6","ENSG00000185278"
5942,"enh2","ENSG00000148296"
5943,"enh1","ENSG00000213024"
5944,"enh10","ENSG00000130270"
5945,"enh5","ENSG00000198417"
5946,"enh13","ENSG00000105700"
5947,"enh12","ENSG00000115761"
5948,"enh8","ENSG00000117697"
5949,"enh13","ENSG00000065600"
5950,"enh14","ENSG00000197217"
5951,"enh12","ENSG00000108309"
5952,"enh2","ENSG00000158195"
5953,"enh9","ENSG00000160447"
5954,"enh1","ENSG00000104131"
5955,"enh1","ENSG00000099625"
5956,"enh13","ENSG00000135870"
5957,"enh13","ENSG00000160326"
5958,"enh14","ENSG00000130775"
5959,"enh1","ENSG00000143476"
5960,"enh11","ENSG00000156269"
5961,"enh5","ENSG00000125637"
5962,"enh6","ENSG00000134308"
5963,"enh5","ENSG00000117691"
5964,"enh13","ENSG00000175550"
5965,"enh5","ENSG00000171169"
5966,"enh4","ENSG00000104960"
5967,"enh4","ENSG00000148248"
5968,"enh10","ENSG00000125485"
5969,"enh5","ENSG00000148337"
5970,"enh8","ENSG00000198858"
5971,"enh3","ENSG00000165138"
5972,"enh11","ENSG00000064545"
5973,"enh11","ENSG00000125611"
5974,"enh3","ENSG00000188554"
5975,"enh10","ENSG00000172232"
5976,"enh8","ENSG00000173825"
5977,"enh14","ENSG00000188177"
5978,"enh7","ENSG00000167114"
5979,"enh4","ENSG00000106789"
5980,"enh12","ENSG00000133065"
5981,"enh11","ENSG00000130511"
5982,"enh12","ENSG00000203705"
5983,"enh2","ENSG00000117592"
5984,"enh6","ENSG00000122026"
5985,"enh2","ENSG00000158161"
5986,"enh4","ENSG00000181896"
5987,"enh11","ENSG00000143924"
5988,"enh1","ENSG00000122140"
5989,"enh13","ENSG00000136938"
5990,"enh2","ENSG00000144134"
5991,"enh6","ENSG00000174744"
5992,"enh7","ENSG00000125124"
5993,"enh11","ENSG00000105497"
5994,"enh6","ENSG00000173825"
5995,"enh2","ENSG00000158941"
5996,"enh11","ENSG00000070404"
5997,"enh14","ENSG00000101132"
5998,"enh12","ENSG00000148339"
5999,"enh5","ENSG00000102900"
6000,"enh6","ENSG00000189195"
6001,"enh3","ENSG00000122482"
6002,"enh13","ENSG00000105696"
6003,"enh11","ENSG00000071564"
6004,"enh5","ENSG00000125144"
6005,"enh7","ENSG00000135736"
6006,"enh5","ENSG00000117593"
6007,"enh13","ENSG00000167118"
6008,"enh1","ENSG00000180198"
6009,"enh10","ENSG00000064687"
6010,"enh11","ENSG00000262874"
6011,"enh11","ENSG00000153208"
6012,"enh13","ENSG00000006016"
6013,"enh1","ENSG00000101132"
6014,"enh12","ENSG00000162298"
6015,"enh8","ENSG00000158715"
6016,"enh4","ENSG00000171169"
6017,"enh6","ENSG00000119125"
6018,"enh8","ENSG00000167114"
6019,"enh8","ENSG00000116017"
6020,"enh4","ENSG00000162878"
6021,"enh10","ENSG00000117625"
6022,"enh13","ENSG00000106785"
6023,"enh4","ENSG00000197136"
6024,"enh6","ENSG00000138756"
6025,"enh11","ENSG00000176973"
6026,"enh1","ENSG00000120889"
6027,"enh4","ENSG00000133243"
6028,"enh8","ENSG00000140854"
6029,"enh5","ENSG00000167106"
6030,"enh10","ENSG00000123684"
6031,"enh6","ENSG00000160325"
6032,"enh12","ENSG00000156269"
6033,"enh5","ENSG00000235034"
6034,"enh13","ENSG00000148339"
6035,"enh5","ENSG00000119514"
6036,"enh6","ENSG00000180098"
6037,"enh7","ENSG00000069702"
6038,"enh1","ENSG00000148308"
6039,"enh11","ENSG00000167112"
6040,"enh3","ENSG00000071655"
6041,"enh7","ENSG00000102934"
6042,"enh7","ENSG00000116014"
6043,"enh9","ENSG00000180448"
6044,"enh8","ENSG00000110046"
6045,"enh11","ENSG00000204710"
6046,"enh8","ENSG00000187840"
6047,"enh11","ENSG00000180340"
6048,"enh6","ENSG00000182963"
6049,"enh8","ENSG00000071626"
6050,"enh6","ENSG00000174606"
6051,"enh3","ENSG00000175550"
6052,"enh10","ENSG00000117748"
6053,"enh14","ENSG00000162769"
6054,"enh13","ENSG00000117222"
6055,"enh5","ENSG00000134330"
6056,"enh14","ENSG00000069482"
6057,"enh2","ENSG00000130766"
6058,"enh3","ENSG00000108861"
6059,"enh8","ENSG00000068831"
6060,"enh2","ENSG00000213465"
6061,"enh10","ENSG00000213023"
6062,"enh8","ENSG00000013306"
6063,"enh11","ENSG00000108852"
6064,"enh6","ENSG00000117593"
6065,"enh12","ENSG00000134317"
6066,"enh8","ENSG00000070423"
6067,"enh1","ENSG00000141349"
6068,"enh10","ENSG00000160318"
6069,"enh4","ENSG00000172977"
6070,"enh8","ENSG00000125144"
6071,"enh7","ENSG00000129911"
6072,"enh13","ENSG00000009780"
6073,"enh1","ENSG00000117222"
6074,"enh9","ENSG00000133065"
6075,"enh5","ENSG00000144136"
6076,"enh6","ENSG00000126709"
6077,"enh9","ENSG00000125319"
6078,"enh1","ENSG00000105669"
6079,"enh2","ENSG00000196683"
6080,"enh7","ENSG00000134308"
6081,"enh9","ENSG00000197540"
6082,"enh14","ENSG00000115758"
6083,"enh4","ENSG00000068831"
6084,"enh7","ENSG00000009780"
6085,"enh5","ENSG00000189195"
6086,"enh7","ENSG00000138772"
6087,"enh13","ENSG00000160404"
6088,"enh1","ENSG00000004939"
6089,"enh9","ENSG00000066027"
6090,"enh1","ENSG00000131408"
6091,"enh5","ENSG00000119392"
6092,"enh9","ENSG00000151694"
6093,"enh8","ENSG00000105556"
6094,"enh7","ENSG00000120913"
6095,"enh5","ENSG00000160447"
6096,"enh14","ENSG00000160360"
6097,"enh2","ENSG00000175592"
6098,"enh4","ENSG00000102900"
6099,"enh9","ENSG00000185278"
6100,"enh10","ENSG00000127540"
6101,"enh1","ENSG00000148300"
6102,"enh1","ENSG00000071655"
6103,"enh13","ENSG00000071626"
6104,"enh2","ENSG00000174276"
6105,"enh12","ENSG00000143924"
6106,"enh4","ENSG00000140854"
6107,"enh4","ENSG00000148291"
6108,"enh8","ENSG00000148300"
6109,"enh1","ENSG00000228300"
6110,"enh12","ENSG00000136842"
6111,"enh13","ENSG00000136856"
6112,"enh13","ENSG00000130560"
6113,"enh1","ENSG00000156269"
6114,"enh1","ENSG00000134318"
6115,"enh1","ENSG00000136811"
6116,"enh10","ENSG00000165684"
6117,"enh12","ENSG00000165092"
6118,"enh8","ENSG00000120656"
6119,"enh10","ENSG00000071626"
6120,"enh1","ENSG00000105726"
6121,"enh8","ENSG00000167470"
6122,"enh13","ENSG00000198858"
6123,"enh11","ENSG00000131097"
6124,"enh11","ENSG00000169288"
6125,"enh9","ENSG00000186806"
6126,"enh5","ENSG00000174903"
6127,"enh5","ENSG00000250067"
6128,"enh14","ENSG00000167747"
6129,"enh7","ENSG00000133275"
6130,"enh3","ENSG00000138756"
6131,"enh11","ENSG00000173039"
6132,"enh12","ENSG00000174684"
6133,"enh11","ENSG00000144161"
6134,"enh13","ENSG00000095383"
6135,"enh3","ENSG00000173327"
6136,"enh2","ENSG00000176890"
6137,"enh9","ENSG00000117266"
6138,"enh9","ENSG00000196116"
6139,"enh11","ENSG00000130766"
6140,"enh2","ENSG00000262874"
6141,"enh1","ENSG00000065600"
6142,"enh6","ENSG00000101132"
6143,"enh11","ENSG00000158161"
6144,"enh8","ENSG00000110047"
6145,"enh2","ENSG00000250067"
6146,"enh14","ENSG00000171219"
6147,"enh9","ENSG00000136830"
6148,"enh14","ENSG00000133275"
6149,"enh12","ENSG00000119333"
6150,"enh9","ENSG00000204710"
6151,"enh8","ENSG00000161677"
6152,"enh13","ENSG00000105472"
6153,"enh7","ENSG00000165661"
6154,"enh4","ENSG00000110046"
6155,"enh5","ENSG00000185198"
6156,"enh12","ENSG00000138036"
6157,"enh11","ENSG00000030582"
6158,"enh8","ENSG00000142733"
6159,"enh10","ENSG00000130513"
6160,"enh2","ENSG00000104946"
6161,"enh5","ENSG00000188177"
6162,"enh9","ENSG00000181513"
6163,"enh4","ENSG00000155380"
6164,"enh1","ENSG00000166188"
6165,"enh1","ENSG00000167113"
6166,"enh2","ENSG00000105708"
6167,"enh8","ENSG00000105671"
6168,"enh8","ENSG00000228300"
6169,"enh2","ENSG00000105662"
6170,"enh13","ENSG00000189195"
6171,"enh7","ENSG00000070423"
6172,"enh1","ENSG00000068971"
6173,"enh5","ENSG00000108309"
6174,"enh9","ENSG00000174903"
6175,"enh6","ENSG00000129933"
6176,"enh4","ENSG00000105379"
6177,"enh11","ENSG00000198870"
6178,"enh4","ENSG00000120334"
6179,"enh3","ENSG00000125484"
6180,"enh7","ENSG00000165702"
6181,"enh5","ENSG00000168061"
6182,"enh6","ENSG00000188554"
6183,"enh1","ENSG00000104973"
6184,"enh14","ENSG00000105662"
6185,"enh11","ENSG00000180329"
6186,"enh10","ENSG00000168061"
6187,"enh1","ENSG00000188177"
6188,"enh6","ENSG00000165688"
6189,"enh4","ENSG00000030582"
6190,"enh1","ENSG00000130559"
6191,"enh14","ENSG00000158161"
6192,"enh9","ENSG00000104689"
6193,"enh14","ENSG00000182963"
6194,"enh3","ENSG00000122140"
6195,"enh7","ENSG00000122140"
6196,"enh8","ENSG00000196961"
6197,"enh5","ENSG00000102934"
6198,"enh13","ENSG00000160293"
6199,"enh13","ENSG00000135046"
6200,"enh4","ENSG00000174547"
6201,"enh14","ENSG00000172977"
6202,"enh5","ENSG00000148300"
6203,"enh14","ENSG00000102996"
6204,"enh14","ENSG00000183831"
6205,"enh1","ENSG00000174606"
6206,"enh11","ENSG00000130775"
6207,"enh14","ENSG00000120656"
6208,"enh5","ENSG00000169607"
6209,"enh7","ENSG00000117691"
6210,"enh13","ENSG00000133069"
6211,"enh3","ENSG00000177125"
6212,"enh7","ENSG00000099622"
6213,"enh13","ENSG00000134318"
6214,"enh9","ENSG00000065268"
6215,"enh10","ENSG00000141933"
6216,"enh11","ENSG00000197217"
6217,"enh4","ENSG00000148290"
6218,"enh9","ENSG00000158941"
6219,"enh10","ENSG00000129951"
6220,"enh6","ENSG00000174903"
6221,"enh9","ENSG00000160445"
6222,"enh12","ENSG00000196683"
6223,"enh11","ENSG00000158941"
6224,"enh11","ENSG00000125170"
6225,"enh14","ENSG00000174547"
6226,"enh6","ENSG00000104131"
6227,"enh14","ENSG00000174903"
6228,"enh12","ENSG00000106789"
6229,"enh12","ENSG00000148334"
6230,"enh4","ENSG00000197816"
6231,"enh13","ENSG00000172977"
6232,"enh13","ENSG00000117751"
6233,"enh2","ENSG00000175602"
6234,"enh14","ENSG00000158195"
6235,"enh6","ENSG00000012048"
6236,"enh1","ENSG00000125482"
6237,"enh11","ENSG00000136929"
6238,"enh5","ENSG00000066027"
6239,"enh9","ENSG00000152527"
6240,"enh11","ENSG00000134308"
6241,"enh14","ENSG00000005007"
6242,"enh13","ENSG00000120896"
6243,"enh6","ENSG00000197816"
6244,"enh1","ENSG00000186806"
6245,"enh12","ENSG00000105671"
6246,"enh4","ENSG00000160408"
6247,"enh11","ENSG00000163297"
6248,"enh11","ENSG00000148297"
6249,"enh14","ENSG00000131094"
6250,"enh11","ENSG00000070388"
6251,"enh1","ENSG00000106976"
6252,"enh11","ENSG00000142528"
6253,"enh12","ENSG00000167114"
6254,"enh14","ENSG00000105700"
6255,"enh9","ENSG00000106803"
6256,"enh6","ENSG00000185761"
6257,"enh9","ENSG00000198840"
6258,"enh7","ENSG00000117592"
6259,"enh9","ENSG00000071655"
6260,"enh6","ENSG00000186806"
6261,"enh7","ENSG00000115944"
6262,"enh8","ENSG00000115268"
6263,"enh5","ENSG00000172059"
6264,"enh5","ENSG00000120656"
6265,"enh14","ENSG00000134317"
6266,"enh4","ENSG00000104689"
6267,"enh10","ENSG00000171848"
6268,"enh2","ENSG00000130513"
6269,"enh4","ENSG00000167491"
6270,"enh8","ENSG00000069482"
6271,"enh4","ENSG00000131409"
6272,"enh4","ENSG00000115091"
6273,"enh4","ENSG00000168056"
6274,"enh5","ENSG00000105717"
6275,"enh3","ENSG00000167103"
6276,"enh13","ENSG00000142544"
6277,"enh3","ENSG00000064932"
6278,"enh2","ENSG00000127540"
6279,"enh11","ENSG00000005007"
6280,"enh4","ENSG00000103021"
6281,"enh2","ENSG00000165689"
6282,"enh13","ENSG00000187193"
6283,"enh1","ENSG00000186185"
6284,"enh13","ENSG00000136943"
6285,"enh12","ENSG00000120334"
6286,"enh7","ENSG00000116017"
6287,"enh8","ENSG00000107372"
6288,"enh7","ENSG00000161654"
6289,"enh13","ENSG00000099840"
6290,"enh11","ENSG00000175294"
6291,"enh4","ENSG00000130270"
6292,"enh9","ENSG00000162298"
6293,"enh6","ENSG00000168067"
6294,"enh12","ENSG00000148300"
6295,"enh1","ENSG00000013306"
6296,"enh2","ENSG00000117222"
6297,"enh12","ENSG00000133275"
6298,"enh1","ENSG00000129968"
6299,"enh6","ENSG00000173039"
6300,"enh8","ENSG00000105374"
6301,"enh12","ENSG00000136943"
6302,"enh2","ENSG00000167491"
6303,"enh8","ENSG00000241852"
6304,"enh5","ENSG00000068971"
6305,"enh12","ENSG00000167118"
6306,"enh8","ENSG00000136842"
6307,"enh12","ENSG00000180329"
6308,"enh4","ENSG00000099866"
6309,"enh6","ENSG00000105053"
6310,"enh11","ENSG00000134330"
6311,"enh1","ENSG00000115761"
6312,"enh6","ENSG00000162241"
6313,"enh13","ENSG00000136840"
6314,"enh8","ENSG00000130766"
6315,"enh12","ENSG00000148337"
6316,"enh1","ENSG00000159461"
6317,"enh7","ENSG00000142528"
6318,"enh10","ENSG00000123685"
6319,"enh13","ENSG00000138756"
6320,"enh7","ENSG00000138756"
6321,"enh1","ENSG00000172059"
6322,"enh9","ENSG00000130772"
6323,"enh9","ENSG00000144136"
6324,"enh10","ENSG00000117222"
6325,"enh9","ENSG00000068976"
6326,"enh2","ENSG00000136943"
6327,"enh11","ENSG00000148308"
6328,"enh10","ENSG00000125484"
6329,"enh6","ENSG00000119514"
6330,"enh6","ENSG00000104897"
6331,"enh4","ENSG00000133065"
6332,"enh6","ENSG00000105472"
6333,"enh2","ENSG00000187193"
6334,"enh10","ENSG00000183831"
6335,"enh6","ENSG00000117697"
6336,"enh9","ENSG00000153107"
6337,"enh8","ENSG00000197816"
6338,"enh14","ENSG00000091947"
6339,"enh10","ENSG00000254986"
6340,"enh8","ENSG00000130775"
6341,"enh5","ENSG00000174871"
6342,"enh12","ENSG00000198417"
6343,"enh8","ENSG00000064490"
6344,"enh6","ENSG00000146670"
6345,"enh4","ENSG00000117625"
6346,"enh9","ENSG00000172500"
6347,"enh3","ENSG00000198840"
6348,"enh5","ENSG00000180340"
6349,"enh9","ENSG00000140859"
6350,"enh3","ENSG00000140854"
6351,"enh7","ENSG00000099875"
6352,"enh14","ENSG00000158711"
6353,"enh9","ENSG00000167468"
6354,"enh5","ENSG00000162769"
6355,"enh5","ENSG00000106799"
6356,"enh10","ENSG00000130559"
6357,"enh3","ENSG00000167136"
6358,"enh6","ENSG00000110046"
6359,"enh13","ENSG00000136932"
6360,"enh5","ENSG00000134318"
6361,"enh8","ENSG00000182963"
6362,"enh9","ENSG00000167005"
6363,"enh12","ENSG00000106799"
6364,"enh14","ENSG00000213024"
6365,"enh7","ENSG00000177125"
6366,"enh8","ENSG00000095380"
6367,"enh12","ENSG00000105655"
6368,"enh3","ENSG00000065268"
6369,"enh4","ENSG00000175602"
6370,"enh4","ENSG00000106992"
6371,"enh10","ENSG00000197136"
6372,"enh3","ENSG00000062822"
6373,"enh5","ENSG00000103005"
6374,"enh5","ENSG00000175602"
6375,"enh6","ENSG00000167103"
6376,"enh2","ENSG00000148334"
6377,"enh9","ENSG00000120889"
6378,"enh5","ENSG00000196152"
6379,"enh9","ENSG00000115944"
6380,"enh3","ENSG00000167106"
6381,"enh9","ENSG00000135736"
6382,"enh6","ENSG00000136840"
6383,"enh1","ENSG00000152061"
6384,"enh7","ENSG00000108852"
6385,"enh11","ENSG00000227500"
6386,"enh2","ENSG00000064666"
6387,"enh8","ENSG00000065268"
6388,"enh14","ENSG00000147454"
6389,"enh2","ENSG00000069702"
6390,"enh11","ENSG00000104885"
6391,"enh1","ENSG00000171159"
6392,"enh4","ENSG00000068976"
6393,"enh13","ENSG00000176973"
6394,"enh14","ENSG00000136448"
6395,"enh6","ENSG00000102978"
6396,"enh5","ENSG00000144134"
6397,"enh5","ENSG00000136842"
6398,"enh10","ENSG00000167106"
6399,"enh2","ENSG00000223802"
6400,"enh6","ENSG00000115758"
6401,"enh9","ENSG00000159579"
6402,"enh8","ENSG00000064547"
6403,"enh13","ENSG00000069275"
6404,"enh4","ENSG00000162669"
6405,"enh12","ENSG00000173825"
6406,"enh10","ENSG00000068976"
6407,"enh10","ENSG00000138767"
6408,"enh8","ENSG00000213023"
6409,"enh10","ENSG00000099875"
6410,"enh11","ENSG00000175707"
6411,"enh12","ENSG00000165702"
6412,"enh2","ENSG00000122484"
6413,"enh13","ENSG00000079313"
6414,"enh6","ENSG00000136828"
6415,"enh2","ENSG00000136895"
6416,"enh11","ENSG00000006015"
6417,"enh13","ENSG00000105655"
6418,"enh4","ENSG00000009780"
6419,"enh7","ENSG00000122484"
6420,"enh1","ENSG00000099875"
6421,"enh5","ENSG00000110047"
6422,"enh8","ENSG00000148334"
6423,"enh10","ENSG00000160408"
6424,"enh6","ENSG00000169136"
6425,"enh13","ENSG00000076321"
6426,"enh4","ENSG00000175906"
6427,"enh5","ENSG00000143924"
6428,"enh6","ENSG00000102900"
6429,"enh5","ENSG00000064932"
6430,"enh13","ENSG00000221983"
6431,"enh4","ENSG00000148303"
6432,"enh5","ENSG00000051128"
6433,"enh6","ENSG00000159648"
6434,"enh3","ENSG00000160953"
6435,"enh5","ENSG00000006015"
6436,"enh13","ENSG00000010361"
6437,"enh13","ENSG00000174684"
6438,"enh8","ENSG00000104886"
6439,"enh7","ENSG00000181035"
6440,"enh4","ENSG00000125485"
6441,"enh11","ENSG00000180198"
6442,"enh11","ENSG00000126391"
6443,"enh9","ENSG00000213023"
6444,"enh8","ENSG00000090273"
6445,"enh11","ENSG00000197766"
6446,"enh9","ENSG00000068831"
6447,"enh7","ENSG00000129946"
6448,"enh3","ENSG00000213221"
6449,"enh6","ENSG00000120896"
6450,"enh9","ENSG00000161692"
6451,"enh10","ENSG00000177125"
6452,"enh14","ENSG00000068976"
6453,"enh1","ENSG00000148248"
6454,"enh9","ENSG00000136929"
6455,"enh12","ENSG00000087365"
6456,"enh10","ENSG00000134317"
6457,"enh11","ENSG00000198840"
6458,"enh8","ENSG00000102978"
6459,"enh13","ENSG00000120656"
6460,"enh9","ENSG00000173039"
6461,"enh6","ENSG00000142530"
6462,"enh11","ENSG00000175115"
6463,"enh7","ENSG00000125630"
6464,"enh1","ENSG00000133069"
6465,"enh1","ENSG00000099622"
6466,"enh13","ENSG00000173465"
6467,"enh1","ENSG00000136807"
6468,"enh11","ENSG00000105671"
6469,"enh6","ENSG00000114999"
6470,"enh14","ENSG00000115944"
6471,"enh1","ENSG00000039650"
6472,"enh12","ENSG00000181773"
6473,"enh13","ENSG00000147457"
6474,"enh2","ENSG00000149809"
6475,"enh7","ENSG00000162241"
6476,"enh4","ENSG00000136682"
6477,"enh8","ENSG00000141934"
6478,"enh3","ENSG00000105655"
6479,"enh8","ENSG00000198917"
6480,"enh14","ENSG00000117222"
6481,"enh1","ENSG00000187024"
6482,"enh5","ENSG00000161671"
6483,"enh14","ENSG00000115084"
6484,"enh13","ENSG00000110046"
6485,"enh7","ENSG00000005194"
6486,"enh6","ENSG00000142751"
6487,"enh9","ENSG00000161647"
6488,"enh3","ENSG00000091947"
6489,"enh5","ENSG00000108312"
6490,"enh3","ENSG00000125485"
6491,"enh4","ENSG00000115084"
6492,"enh14","ENSG00000106785"
6493,"enh14","ENSG00000184988"
6494,"enh8","ENSG00000143870"
6495,"enh14","ENSG00000172992"
6496,"enh11","ENSG00000174684"
6497,"enh3","ENSG00000176973"
6498,"enh11","ENSG00000129911"
6499,"enh10","ENSG00000087263"
6500,"enh12","ENSG00000105676"
6501,"enh7","ENSG00000167491"
6502,"enh9","ENSG00000105705"
6503,"enh14","ENSG00000126698"
6504,"enh7","ENSG00000198870"
6505,"enh10","ENSG00000175707"
6506,"enh12","ENSG00000106976"
6507,"enh8","ENSG00000197766"
6508,"enh8","ENSG00000125124"
6509,"enh8","ENSG00000175115"
6510,"enh1","ENSG00000117650"
6511,"enh1","ENSG00000119392"
6512,"enh13","ENSG00000125637"
6513,"enh9","ENSG00000198492"
6514,"enh7","ENSG00000105717"
6515,"enh13","ENSG00000030582"
6516,"enh10","ENSG00000198417"
6517,"enh9","ENSG00000144134"
6518,"enh5","ENSG00000167114"
6519,"enh14","ENSG00000071564"
6520,"enh6","ENSG00000172922"
6521,"enh10","ENSG00000065268"
6522,"enh11","ENSG00000198786"
6523,"enh14","ENSG00000143870"
6524,"enh14","ENSG00000071626"
6525,"enh13","ENSG00000148290"
6526,"enh5","ENSG00000175376"
6527,"enh13","ENSG00000057935"
6528,"enh1","ENSG00000089639"
6529,"enh10","ENSG00000131398"
6530,"enh8","ENSG00000181896"
6531,"enh11","ENSG00000175906"
6532,"enh6","ENSG00000125611"
6533,"enh1","ENSG00000126391"
6534,"enh9","ENSG00000159648"
6535,"enh2","ENSG00000196961"
6536,"enh10","ENSG00000115255"
6537,"enh3","ENSG00000136856"
6538,"enh10","ENSG00000172270"
6539,"enh7","ENSG00000105472"
6540,"enh5","ENSG00000148297"
6541,"enh9","ENSG00000070423"
6542,"enh2","ENSG00000175707"
6543,"enh1","ENSG00000105497"
6544,"enh6","ENSG00000197694"
6545,"enh13","ENSG00000125618"
6546,"enh10","ENSG00000099864"
6547,"enh12","ENSG00000196961"
6548,"enh12","ENSG00000163297"
6549,"enh6","ENSG00000136682"
6550,"enh7","ENSG00000130270"
6551,"enh5","ENSG00000117748"
6552,"enh5","ENSG00000117222"
6553,"enh14","ENSG00000125144"
6554,"enh2","ENSG00000148291"
6555,"enh8","ENSG00000120913"
6556,"enh13","ENSG00000091947"
6557,"enh7","ENSG00000104679"
6558,"enh14","ENSG00000105497"
6559,"enh14","ENSG00000174871"
6560,"enh14","ENSG00000181896"
6561,"enh9","ENSG00000181773"
6562,"enh2","ENSG00000162241"
6563,"enh11","ENSG00000136830"
6564,"enh7","ENSG00000189195"
6565,"enh13","ENSG00000064490"
6566,"enh6","ENSG00000099864"
6567,"enh8","ENSG00000105669"
6568,"enh12","ENSG00000167106"
6569,"enh5","ENSG00000130772"
6570,"enh11","ENSG00000104897"
6571,"enh8","ENSG00000009780"
6572,"enh8","ENSG00000117751"
6573,"enh8","ENSG00000136874"
6574,"enh10","ENSG00000095383"
6575,"enh3","ENSG00000153214"
6576,"enh2","ENSG00000147457"
6577,"enh4","ENSG00000183831"
6578,"enh1","ENSG00000158161"
6579,"enh13","ENSG00000087365"
6580,"enh14","ENSG00000125319"
6581,"enh13","ENSG00000110047"
6582,"enh11","ENSG00000125637"
6583,"enh14","ENSG00000114999"
6584,"enh13","ENSG00000120889"
6585,"enh13","ENSG00000136925"
6586,"enh13","ENSG00000136830"
6587,"enh12","ENSG00000144134"
6588,"enh7","ENSG00000196188"
6589,"enh5","ENSG00000172775"
6590,"enh12","ENSG00000221983"
6591,"enh6","ENSG00000153107"
6592,"enh7","ENSG00000182087"
6593,"enh2","ENSG00000129911"
6594,"enh4","ENSG00000104886"
6595,"enh10","ENSG00000143870"
6596,"enh4","ENSG00000160345"
6597,"enh2","ENSG00000173327"
6598,"enh4","ENSG00000172732"
6599,"enh6","ENSG00000197766"
6600,"enh9","ENSG00000135821"
6601,"enh12","ENSG00000099840"
6602,"enh13","ENSG00000186806"
6603,"enh2","ENSG00000160293"
6604,"enh6","ENSG00000148411"
6605,"enh9","ENSG00000185198"
6606,"enh11","ENSG00000117280"
6607,"enh7","ENSG00000168062"
6608,"enh6","ENSG00000068971"
6609,"enh1","ENSG00000099804"
6610,"enh5","ENSG00000006016"
6611,"enh2","ENSG00000196312"
6612,"enh9","ENSG00000105383"
6613,"enh14","ENSG00000175294"
6614,"enh8","ENSG00000160408"
6615,"enh10","ENSG00000039650"
6616,"enh4","ENSG00000171940"
6617,"enh5","ENSG00000197136"
6618,"enh7","ENSG00000175294"
6619,"enh13","ENSG00000256771"
6620,"enh3","ENSG00000196961"
6621,"enh5","ENSG00000227500"
6622,"enh13","ENSG00000170385"
6623,"enh6","ENSG00000064666"
6624,"enh11","ENSG00000174851"
6625,"enh3","ENSG00000187840"
6626,"enh5","ENSG00000160293"
6627,"enh12","ENSG00000142530"
6628,"enh1","ENSG00000131097"
6629,"enh10","ENSG00000126698"
6630,"enh14","ENSG00000141933"
6631,"enh14","ENSG00000175832"
6632,"enh10","ENSG00000167487"
6633,"enh12","ENSG00000104886"
6634,"enh9","ENSG00000107290"
6635,"enh3","ENSG00000182963"
6636,"enh1","ENSG00000066027"
6637,"enh5","ENSG00000253368"
6638,"enh4","ENSG00000115257"
6639,"enh4","ENSG00000254901"
6640,"enh7","ENSG00000108861"
6641,"enh3","ENSG00000095383"
6642,"enh14","ENSG00000204710"
6643,"enh5","ENSG00000182087"
6644,"enh5","ENSG00000122484"
6645,"enh4","ENSG00000120913"
6646,"enh14","ENSG00000182087"
6647,"enh10","ENSG00000099625"
6648,"enh10","ENSG00000148303"
6649,"enh8","ENSG00000174547"
6650,"enh11","ENSG00000133895"
6651,"enh10","ENSG00000196961"
6652,"enh4","ENSG00000115268"
6653,"enh7","ENSG00000108840"
6654,"enh7","ENSG00000160325"
6655,"enh11","ENSG00000147454"
6656,"enh13","ENSG00000168062"
6657,"enh6","ENSG00000130270"
6658,"enh13","ENSG00000087263"
6659,"enh13","ENSG00000160318"
6660,"enh3","ENSG00000134317"
6661,"enh3","ENSG00000175906"
6662,"enh13","ENSG00000177125"
6663,"enh14","ENSG00000147669"
6664,"enh6","ENSG00000105705"
6665,"enh10","ENSG00000105656"
6666,"enh3","ENSG00000167470"
6667,"enh11","ENSG00000198858"
6668,"enh9","ENSG00000175467"
6669,"enh10","ENSG00000087365"
6670,"enh5","ENSG00000102931"
6671,"enh8","ENSG00000100316"
6672,"enh12","ENSG00000160408"
6673,"enh5","ENSG00000130513"
6674,"enh6","ENSG00000130511"
6675,"enh9","ENSG00000167118"
6676,"enh6","ENSG00000151694"
6677,"enh11","ENSG00000125124"
6678,"enh11","ENSG00000186185"
6679,"enh13","ENSG00000174529"
6680,"enh1","ENSG00000064547"
6681,"enh12","ENSG00000089639"
6682,"enh3","ENSG00000131094"
6683,"enh6","ENSG00000181896"
6684,"enh12","ENSG00000198858"
6685,"enh10","ENSG00000172081"
6686,"enh3","ENSG00000186806"
6687,"enh3","ENSG00000159648"
6688,"enh1","ENSG00000117592"
6689,"enh1","ENSG00000161671"
6690,"enh4","ENSG00000172232"
6691,"enh14","ENSG00000167114"
6692,"enh3","ENSG00000181896"
6693,"enh5","ENSG00000141933"
6694,"enh1","ENSG00000107372"
6695,"enh13","ENSG00000188554"
6696,"enh10","ENSG00000173465"
6697,"enh8","ENSG00000254986"
6698,"enh14","ENSG00000136807"
6699,"enh12","ENSG00000172232"
6700,"enh12","ENSG00000125482"
6701,"enh14","ENSG00000180448"
6702,"enh7","ENSG00000115758"
6703,"enh11","ENSG00000014216"
6704,"enh7","ENSG00000167136"
6705,"enh10","ENSG00000174606"
6706,"enh10","ENSG00000099804"
6707,"enh3","ENSG00000184162"
6708,"enh6","ENSG00000159461"
6709,"enh5","ENSG00000108883"
6710,"enh1","ENSG00000148411"
6711,"enh14","ENSG00000088682"
6712,"enh4","ENSG00000158161"
6713,"enh11","ENSG00000136874"
6714,"enh10","ENSG00000162419"
6715,"enh13","ENSG00000172732"
6716,"enh12","ENSG00000129951"
6717,"enh14","ENSG00000262874"
6718,"enh3","ENSG00000105656"
6719,"enh6","ENSG00000161647"
6720,"enh9","ENSG00000119333"
6721,"enh12","ENSG00000161677"
6722,"enh10","ENSG00000009780"
6723,"enh11","ENSG00000004939"
6724,"enh12","ENSG00000172922"
6725,"enh14","ENSG00000162873"
6726,"enh4","ENSG00000064607"
6727,"enh7","ENSG00000131094"
6728,"enh2","ENSG00000106976"
6729,"enh3","ENSG00000196312"
6730,"enh12","ENSG00000123684"
6731,"enh13","ENSG00000153214"
6732,"enh13","ENSG00000196683"
6733,"enh3","ENSG00000174669"
6734,"enh2","ENSG00000006016"
6735,"enh7","ENSG00000071564"
6736,"enh13","ENSG00000158711"
6737,"enh7","ENSG00000158715"
6738,"enh11","ENSG00000102900"
6739,"enh4","ENSG00000134318"
6740,"enh11","ENSG00000174903"
6741,"enh3","ENSG00000169288"
6742,"enh12","ENSG00000168067"
6743,"enh4","ENSG00000143870"
6744,"enh9","ENSG00000070404"
6745,"enh11","ENSG00000069275"
6746,"enh7","ENSG00000134317"
6747,"enh10","ENSG00000133059"
6748,"enh1","ENSG00000168067"
6749,"enh14","ENSG00000167123"
6750,"enh2","ENSG00000178093"
6751,"enh5","ENSG00000130270"
6752,"enh14","ENSG00000133895"
6753,"enh11","ENSG00000117758"
6754,"enh13","ENSG00000117697"
6755,"enh6","ENSG00000213024"
6756,"enh13","ENSG00000161692"
6757,"enh1","ENSG00000105676"
6758,"enh7","ENSG00000165699"
6759,"enh9","ENSG00000175376"
6760,"enh2","ENSG00000143924"
6761,"enh11","ENSG00000184988"
6762,"enh2","ENSG00000095383"
6763,"enh3","ENSG00000119185"
6764,"enh5","ENSG00000254901"
6765,"enh10","ENSG00000180329"
6766,"enh8","ENSG00000105700"
6767,"enh12","ENSG00000117691"
6768,"enh3","ENSG00000131400"
6769,"enh8","ENSG00000070770"
6770,"enh2","ENSG00000099864"
6771,"enh8","ENSG00000122026"
6772,"enh1","ENSG00000143924"
6773,"enh4","ENSG00000116014"
6774,"enh8","ENSG00000136908"
6775,"enh14","ENSG00000079313"
6776,"enh9","ENSG00000108309"
6777,"enh13","ENSG00000070770"
6778,"enh6","ENSG00000160326"
6779,"enh8","ENSG00000172757"
6780,"enh2","ENSG00000069275"
6781,"enh7","ENSG00000162300"
6782,"enh7","ENSG00000173039"
6783,"enh4","ENSG00000172992"
6784,"enh8","ENSG00000153208"
6785,"enh11","ENSG00000104689"
6786,"enh10","ENSG00000180098"
6787,"enh5","ENSG00000160360"
6788,"enh11","ENSG00000159648"
6789,"enh11","ENSG00000105708"
6790,"enh8","ENSG00000186566"
6791,"enh3","ENSG00000010361"
6792,"enh7","ENSG00000070761"
6793,"enh14","ENSG00000119335"
6794,"enh8","ENSG00000183831"
6795,"enh8","ENSG00000175294"
6796,"enh3","ENSG00000125170"
6797,"enh13","ENSG00000169136"
6798,"enh6","ENSG00000108852"
6799,"enh7","ENSG00000167470"
6800,"enh9","ENSG00000172922"
6801,"enh10","ENSG00000165138"
6802,"enh14","ENSG00000158715"
6803,"enh6","ENSG00000161677"
6804,"enh10","ENSG00000168062"
6805,"enh6","ENSG00000136929"
6806,"enh6","ENSG00000126705"
6807,"enh7","ENSG00000148339"
6808,"enh10","ENSG00000115944"
6809,"enh3","ENSG00000160563"
6810,"enh5","ENSG00000204673"
6811,"enh11","ENSG00000090273"
6812,"enh3","ENSG00000165661"
6813,"enh12","ENSG00000008853"
6814,"enh3","ENSG00000153208"
6815,"enh4","ENSG00000170385"
6816,"enh14","ENSG00000125630"
6817,"enh11","ENSG00000184162"
6818,"enh5","ENSG00000180329"
6819,"enh11","ENSG00000125630"
6820,"enh7","ENSG00000147457"
6821,"enh8","ENSG00000105383"
6822,"enh9","ENSG00000142733"
6823,"enh2","ENSG00000136682"
6824,"enh11","ENSG00000174950"
6825,"enh5","ENSG00000149809"
6826,"enh3","ENSG00000197766"
6827,"enh5","ENSG00000057935"
6828,"enh7","ENSG00000153107"
6829,"enh9","ENSG00000148337"
6830,"enh9","ENSG00000172059"
6831,"enh7","ENSG00000142733"
6832,"enh13","ENSG00000167005"
6833,"enh11","ENSG00000228300"
6834,"enh1","ENSG00000119185"
6835,"enh5","ENSG00000099804"
6836,"enh6","ENSG00000130766"
6837,"enh3","ENSG00000174842"
6838,"enh12","ENSG00000014216"
6839,"enh11","ENSG00000186501"
6840,"enh8","ENSG00000165699"
6841,"enh11","ENSG00000115268"
6842,"enh1","ENSG00000099866"
6843,"enh3","ENSG00000148356"
6844,"enh1","ENSG00000196961"
6845,"enh12","ENSG00000158715"
6846,"enh10","ENSG00000135046"
6847,"enh5","ENSG00000051108"
6848,"enh8","ENSG00000104679"
6849,"enh1","ENSG00000160345"
6850,"enh12","ENSG00000140848"
6851,"enh14","ENSG00000120889"
6852,"enh8","ENSG00000143924"
6853,"enh5","ENSG00000133069"
6854,"enh3","ENSG00000117751"
6855,"enh3","ENSG00000148334"
6856,"enh10","ENSG00000184162"
6857,"enh13","ENSG00000160161"
6858,"enh12","ENSG00000175592"
6859,"enh1","ENSG00000122482"
6860,"enh12","ENSG00000174516"
6861,"enh2","ENSG00000204138"
6862,"enh13","ENSG00000105708"
6863,"enh10","ENSG00000122026"
6864,"enh4","ENSG00000173465"
6865,"enh14","ENSG00000125611"
6866,"enh8","ENSG00000196188"
6867,"enh11","ENSG00000136682"
6868,"enh14","ENSG00000108849"
6869,"enh1","ENSG00000051108"
6870,"enh13","ENSG00000159461"
6871,"enh9","ENSG00000079313"
6872,"enh14","ENSG00000119185"
6873,"enh1","ENSG00000117691"
6874,"enh3","ENSG00000167491"
6875,"enh10","ENSG00000120913"
6876,"enh8","ENSG00000148356"
6877,"enh14","ENSG00000005194"
6878,"enh6","ENSG00000158941"
6879,"enh4","ENSG00000066027"
6880,"enh5","ENSG00000105671"
6881,"enh8","ENSG00000148248"
6882,"enh11","ENSG00000144134"
6883,"enh9","ENSG00000174529"
6884,"enh2","ENSG00000115091"
6885,"enh4","ENSG00000131398"
6886,"enh7","ENSG00000067596"
6887,"enh12","ENSG00000174950"
6888,"enh3","ENSG00000254470"
6889,"enh10","ENSG00000125124"
6890,"enh3","ENSG00000180340"
6891,"enh1","ENSG00000172232"
6892,"enh8","ENSG00000168591"
6893,"enh4","ENSG00000160325"
6894,"enh2","ENSG00000126698"
6895,"enh12","ENSG00000082512"
6896,"enh5","ENSG00000106785"
6897,"enh6","ENSG00000238227"
6898,"enh7","ENSG00000136877"
6899,"enh3","ENSG00000136943"
6900,"enh12","ENSG00000162300"
6901,"enh1","ENSG00000130270"
6902,"enh2","ENSG00000175832"
6903,"enh3","ENSG00000174516"
6904,"enh2","ENSG00000149792"
6905,"enh12","ENSG00000254986"
6906,"enh4","ENSG00000175592"
6907,"enh7","ENSG00000204673"
6908,"enh14","ENSG00000172081"
6909,"enh6","ENSG00000115286"
6910,"enh10","ENSG00000176973"
6911,"enh8","ENSG00000117650"
6912,"enh3","ENSG00000130560"
6913,"enh12","ENSG00000148288"
6914,"enh2","ENSG00000102978"
6915,"enh10","ENSG00000196422"
6916,"enh11","ENSG00000129968"
6917,"enh14","ENSG00000197766"
6918,"enh4","ENSG00000062822"
6919,"enh11","ENSG00000172059"
6920,"enh7","ENSG00000174851"
6921,"enh1","ENSG00000188554"
6922,"enh10","ENSG00000106799"
6923,"enh12","ENSG00000196152"
6924,"enh4","ENSG00000127540"
6925,"enh12","ENSG00000148296"
6926,"enh10","ENSG00000161714"
6927,"enh9","ENSG00000181035"
6928,"enh9","ENSG00000076321"
6929,"enh6","ENSG00000175854"
6930,"enh3","ENSG00000161682"
6931,"enh13","ENSG00000180448"
6932,"enh9","ENSG00000172992"
6933,"enh11","ENSG00000125144"
6934,"enh2","ENSG00000181773"
6935,"enh2","ENSG00000167110"
6936,"enh8","ENSG00000087365"
6937,"enh12","ENSG00000135736"
6938,"enh8","ENSG00000117266"
6939,"enh3","ENSG00000119125"
6940,"enh6","ENSG00000155380"
6941,"enh3","ENSG00000148303"
6942,"enh14","ENSG00000196116"
6943,"enh8","ENSG00000172732"
6944,"enh6","ENSG00000105696"
6945,"enh14","ENSG00000167136"
6946,"enh5","ENSG00000106976"
6947,"enh5","ENSG00000161714"
6948,"enh11","ENSG00000131398"
6949,"enh1","ENSG00000144134"
6950,"enh14","ENSG00000119559"
6951,"enh13","ENSG00000173442"
6952,"enh1","ENSG00000254470"
6953,"enh6","ENSG00000196550"
6954,"enh8","ENSG00000134330"
6955,"enh10","ENSG00000122482"
6956,"enh8","ENSG00000138767"
6957,"enh4","ENSG00000122482"
6958,"enh12","ENSG00000014138"
6959,"enh9","ENSG00000136854"
6960,"enh4","ENSG00000065600"
6961,"enh8","ENSG00000213024"
6962,"enh2","ENSG00000186185"
6963,"enh8","ENSG00000167487"
6964,"enh8","ENSG00000099804"
6965,"enh6","ENSG00000159579"
6966,"enh10","ENSG00000117601"
6967,"enh9","ENSG00000103005"
6968,"enh2","ENSG00000136929"
6969,"enh4","ENSG00000213638"
6970,"enh13","ENSG00000147669"
6971,"enh12","ENSG00000103021"
6972,"enh5","ENSG00000135736"
6973,"enh4","ENSG00000105705"
6974,"enh4","ENSG00000106803"
6975,"enh12","ENSG00000250067"
6976,"enh13","ENSG00000115970"
6977,"enh6","ENSG00000105379"
6978,"enh1","ENSG00000172775"
6979,"enh7","ENSG00000005007"
6980,"enh1","ENSG00000119125"
6981,"enh13","ENSG00000167103"
6982,"enh14","ENSG00000151694"
6983,"enh11","ENSG00000158711"
6984,"enh5","ENSG00000161677"
6985,"enh12","ENSG00000071626"
6986,"enh6","ENSG00000065000"
6987,"enh9","ENSG00000185761"
6988,"enh6","ENSG00000162873"
6989,"enh5","ENSG00000186501"
6990,"enh4","ENSG00000090273"
6991,"enh6","ENSG00000147454"
6992,"enh10","ENSG00000162873"
6993,"enh2","ENSG00000062822"
6994,"enh7","ENSG00000136854"
6995,"enh14","ENSG00000167491"
6996,"enh10","ENSG00000125611"
6997,"enh12","ENSG00000117222"
6998,"enh7","ENSG00000071655"
6999,"enh13","ENSG00000119559"
7000,"enh14","ENSG00000099804"
7001,"enh7","ENSG00000051108"
7002,"enh3","ENSG00000068971"
7003,"enh11","ENSG00000213445"
7004,"enh12","ENSG00000104689"
7005,"enh14","ENSG00000169403"
7006,"enh8","ENSG00000115091"
7007,"enh11","ENSG00000168062"
7008,"enh7","ENSG00000172059"
7009,"enh13","ENSG00000142530"
7010,"enh1","ENSG00000105700"
7011,"enh12","ENSG00000256771"
7012,"enh6","ENSG00000149792"
7013,"enh4","ENSG00000185278"
7014,"enh13","ENSG00000238227"
7015,"enh4","ENSG00000071564"
7016,"enh9","ENSG00000174842"
7017,"enh4","ENSG00000140848"
7018,"enh13","ENSG00000162419"
7019,"enh5","ENSG00000213023"
7020,"enh14","ENSG00000013306"
7021,"enh12","ENSG00000105726"
7022,"enh7","ENSG00000161647"
7023,"enh3","ENSG00000167747"
7024,"enh3","ENSG00000136842"
7025,"enh13","ENSG00000068971"
7026,"enh5","ENSG00000162669"
7027,"enh4","ENSG00000175854"
7028,"enh4","ENSG00000119514"
7029,"enh14","ENSG00000173825"
7030,"enh1","ENSG00000129951"
7031,"enh7","ENSG00000185278"
7032,"enh1","ENSG00000167748"
7033,"enh1","ENSG00000196116"
7034,"enh7","ENSG00000064545"
7035,"enh12","ENSG00000184162"
7036,"enh8","ENSG00000197136"
7037,"enh13","ENSG00000142784"
7038,"enh1","ENSG00000198840"
7039,"enh6","ENSG00000119203"
7040,"enh10","ENSG00000105383"
7041,"enh14","ENSG00000102934"
7042,"enh8","ENSG00000130511"
7043,"enh14","ENSG00000090020"
7044,"enh3","ENSG00000142765"
7045,"enh9","ENSG00000105671"
7046,"enh9","ENSG00000175334"
7047,"enh6","ENSG00000089639"
7048,"enh5","ENSG00000079313"
7049,"enh8","ENSG00000162419"
7050,"enh12","ENSG00000104131"
7051,"enh9","ENSG00000099821"
7052,"enh8","ENSG00000158161"
7053,"enh12","ENSG00000151694"
7054,"enh10","ENSG00000196683"
7055,"enh1","ENSG00000147457"
7056,"enh9","ENSG00000105701"
7057,"enh2","ENSG00000174950"
7058,"enh11","ENSG00000062822"
7059,"enh3","ENSG00000142784"
7060,"enh8","ENSG00000103021"
7061,"enh6","ENSG00000148288"
7062,"enh11","ENSG00000115257"
7063,"enh12","ENSG00000108312"
7064,"enh6","ENSG00000174851"
7065,"enh12","ENSG00000143882"
7066,"enh8","ENSG00000149806"
7067,"enh10","ENSG00000172500"
7068,"enh4","ENSG00000125144"
7069,"enh7","ENSG00000160447"
7070,"enh1","ENSG00000102996"
7071,"enh1","ENSG00000131409"
7072,"enh9","ENSG00000104960"
7073,"enh8","ENSG00000149823"
7074,"enh9","ENSG00000090273"
7075,"enh7","ENSG00000106976"
7076,"enh3","ENSG00000148337"
7077,"enh7","ENSG00000171169"
7078,"enh10","ENSG00000160447"
7079,"enh10","ENSG00000089639"
7080,"enh14","ENSG00000005961"
7081,"enh9","ENSG00000196683"
7082,"enh4","ENSG00000144130"
7083,"enh14","ENSG00000134308"
7084,"enh13","ENSG00000198492"
7085,"enh9","ENSG00000064547"
7086,"enh8","ENSG00000119335"
7087,"enh4","ENSG00000162300"
7088,"enh7","ENSG00000064932"
7089,"enh14","ENSG00000104679"
7090,"enh11","ENSG00000118046"
7091,"enh10","ENSG00000189195"
7092,"enh7","ENSG00000184988"
7093,"enh2","ENSG00000130770"
7094,"enh7","ENSG00000099821"
7095,"enh9","ENSG00000253368"
7096,"enh7","ENSG00000144161"
7097,"enh6","ENSG00000069275"
7098,"enh14","ENSG00000136937"
7099,"enh10","ENSG00000118046"
7100,"enh11","ENSG00000115970"
7101,"enh3","ENSG00000133275"
7102,"enh5","ENSG00000136856"
7103,"enh10","ENSG00000064932"
7104,"enh13","ENSG00000068831"
7105,"enh12","ENSG00000168061"
7106,"enh13","ENSG00000064666"
7107,"enh5","ENSG00000105374"
7108,"enh9","ENSG00000117650"
7109,"enh11","ENSG00000153107"
7110,"enh2","ENSG00000133059"
7111,"enh2","ENSG00000070404"
7112,"enh8","ENSG00000142784"
7113,"enh3","ENSG00000156269"
7114,"enh12","ENSG00000161654"
7115,"enh8","ENSG00000188177"
7116,"enh4","ENSG00000153208"
7117,"enh6","ENSG00000165092"
7118,"enh9","ENSG00000136840"
7119,"enh4","ENSG00000160447"
7120,"enh6","ENSG00000136874"
7121,"enh11","ENSG00000087152"
7122,"enh11","ENSG00000106789"
7123,"enh10","ENSG00000064547"
7124,"enh3","ENSG00000134318"
7125,"enh6","ENSG00000162878"
7126,"enh5","ENSG00000162298"
7127,"enh12","ENSG00000166188"
7128,"enh5","ENSG00000148291"
7129,"enh1","ENSG00000167470"
7130,"enh4","ENSG00000167487"
7131,"enh11","ENSG00000104679"
7132,"enh2","ENSG00000106991"
7133,"enh1","ENSG00000170385"
7134,"enh8","ENSG00000162298"
7135,"enh14","ENSG00000095380"
7136,"enh5","ENSG00000167468"
7137,"enh11","ENSG00000152518"
7138,"enh11","ENSG00000126698"
7139,"enh5","ENSG00000126709"
7140,"enh8","ENSG00000161647"
7141,"enh8","ENSG00000142751"
7142,"enh13","ENSG00000136643"
7143,"enh6","ENSG00000176890"
7144,"enh7","ENSG00000196415"
7145,"enh14","ENSG00000254901"
7146,"enh5","ENSG00000181588"
7147,"enh3","ENSG00000126391"
7148,"enh5","ENSG00000136807"
7149,"enh10","ENSG00000167491"
7150,"enh7","ENSG00000254901"
7151,"enh13","ENSG00000008853"
7152,"enh5","ENSG00000070761"
7153,"enh7","ENSG00000143924"
7154,"enh2","ENSG00000122482"
7155,"enh2","ENSG00000104886"
7156,"enh1","ENSG00000067596"
7157,"enh14","ENSG00000069702"
7158,"enh3","ENSG00000169607"
7159,"enh10","ENSG00000161654"
7160,"enh13","ENSG00000117601"
7161,"enh8","ENSG00000169403"
7162,"enh6","ENSG00000177125"
7163,"enh13","ENSG00000106789"
7164,"enh8","ENSG00000129933"
7165,"enh8","ENSG00000130005"
7166,"enh7","ENSG00000142751"
7167,"enh3","ENSG00000167114"
7168,"enh2","ENSG00000079313"
7169,"enh1","ENSG00000160360"
7170,"enh14","ENSG00000070770"
7171,"enh9","ENSG00000186566"
7172,"enh6","ENSG00000160446"
7173,"enh7","ENSG00000107021"
7174,"enh14","ENSG00000105726"
7175,"enh7","ENSG00000130775"
7176,"enh5","ENSG00000117601"
7177,"enh9","ENSG00000197217"
7178,"enh10","ENSG00000160446"
7179,"enh10","ENSG00000115257"
7180,"enh2","ENSG00000160408"
7181,"enh10","ENSG00000185198"
7182,"enh13","ENSG00000147439"
7183,"enh13","ENSG00000115255"
7184,"enh12","ENSG00000172775"
7185,"enh5","ENSG00000254986"
7186,"enh7","ENSG00000136938"
7187,"enh12","ENSG00000169607"
7188,"enh13","ENSG00000107021"
7189,"enh9","ENSG00000130560"
7190,"enh6","ENSG00000204673"
7191,"enh5","ENSG00000184988"
7192,"enh10","ENSG00000181781"
7193,"enh8","ENSG00000125637"
7194,"enh9","ENSG00000105708"
7195,"enh2","ENSG00000198917"
7196,"enh4","ENSG00000014216"
7197,"enh8","ENSG00000129951"
7198,"enh14","ENSG00000149798"
7199,"enh10","ENSG00000119203"
7200,"enh11","ENSG00000183831"
7201,"enh8","ENSG00000119203"
7202,"enh7","ENSG00000148297"
7203,"enh10","ENSG00000136856"
7204,"enh13","ENSG00000135821"
7205,"enh1","ENSG00000071626"
7206,"enh3","ENSG00000011304"
7207,"enh7","ENSG00000173327"
7208,"enh8","ENSG00000175573"
7209,"enh6","ENSG00000102996"
7210,"enh14","ENSG00000133884"
7211,"enh2","ENSG00000158715"
7212,"enh1","ENSG00000149806"
7213,"enh9","ENSG00000110047"
7214,"enh12","ENSG00000095383"
7215,"enh9","ENSG00000149809"
7216,"enh2","ENSG00000105676"
7217,"enh8","ENSG00000117593"
7218,"enh2","ENSG00000174744"
7219,"enh5","ENSG00000108840"
7220,"enh8","ENSG00000204138"
7221,"enh6","ENSG00000117266"
7222,"enh8","ENSG00000175592"
7223,"enh6","ENSG00000090020"
7224,"enh1","ENSG00000122026"
7225,"enh2","ENSG00000204673"
7226,"enh4","ENSG00000235034"
7227,"enh11","ENSG00000165688"
7228,"enh4","ENSG00000152061"
7229,"enh5","ENSG00000169288"
7230,"enh1","ENSG00000160318"
7231,"enh6","ENSG00000125637"
7232,"enh4","ENSG00000144134"
7233,"enh4","ENSG00000142530"
7234,"enh1","ENSG00000126698"
7235,"enh2","ENSG00000170385"
7236,"enh5","ENSG00000196188"
7237,"enh4","ENSG00000165698"
7238,"enh3","ENSG00000110047"
7239,"enh6","ENSG00000134318"
7240,"enh8","ENSG00000105655"
7241,"enh1","ENSG00000162772"
7242,"enh2","ENSG00000254470"
7243,"enh4","ENSG00000136448"
7244,"enh5","ENSG00000107372"
7245,"enh13","ENSG00000160446"
7246,"enh9","ENSG00000213445"
7247,"enh13","ENSG00000122140"
7248,"enh7","ENSG00000162878"
7249,"enh1","ENSG00000174516"
7250,"enh4","ENSG00000119392"
7251,"enh4","ENSG00000130560"
7252,"enh9","ENSG00000162241"
7253,"enh12","ENSG00000141933"
7254,"enh13","ENSG00000172757"
7255,"enh13","ENSG00000174276"
7256,"enh12","ENSG00000105379"
7257,"enh11","ENSG00000148291"
7258,"enh5","ENSG00000122482"
7259,"enh5","ENSG00000165689"
7260,"enh11","ENSG00000095383"
7261,"enh7","ENSG00000167005"
7262,"enh4","ENSG00000196188"
7263,"enh9","ENSG00000196188"
7264,"enh5","ENSG00000070388"
7265,"enh3","ENSG00000160446"
7266,"enh11","ENSG00000162298"
7267,"enh2","ENSG00000181896"
7268,"enh11","ENSG00000071626"
7269,"enh13","ENSG00000153208"
7270,"enh3","ENSG00000129911"
7271,"enh5","ENSG00000136937"
7272,"enh1","ENSG00000160325"
7273,"enh14","ENSG00000057935"
7274,"enh7","ENSG00000103005"
7275,"enh1","ENSG00000136830"
7276,"enh12","ENSG00000069702"
7277,"enh4","ENSG00000169403"
7278,"enh1","ENSG00000136854"
7279,"enh14","ENSG00000186566"
7280,"enh11","ENSG00000136643"
7281,"enh5","ENSG00000172081"
7282,"enh1","ENSG00000174996"
7283,"enh12","ENSG00000149792"
7284,"enh6","ENSG00000161671"
7285,"enh8","ENSG00000064545"
7286,"enh12","ENSG00000196415"
7287,"enh5","ENSG00000143476"
7288,"enh2","ENSG00000149823"
7289,"enh2","ENSG00000099622"
7290,"enh13","ENSG00000131400"
7291,"enh14","ENSG00000065268"
7292,"enh9","ENSG00000175550"
7293,"enh4","ENSG00000174871"
7294,"enh11","ENSG00000162769"
7295,"enh6","ENSG00000196188"
7296,"enh12","ENSG00000130511"
7297,"enh12","ENSG00000115750"
7298,"enh2","ENSG00000174842"
7299,"enh5","ENSG00000120889"
7300,"enh5","ENSG00000069482"
7301,"enh7","ENSG00000011304"
7302,"enh4","ENSG00000174950"
7303,"enh11","ENSG00000126709"
7304,"enh11","ENSG00000136895"
7305,"enh7","ENSG00000136448"
7306,"enh4","ENSG00000133884"
7307,"enh12","ENSG00000065268"
7308,"enh1","ENSG00000204673"
7309,"enh3","ENSG00000106799"
7310,"enh12","ENSG00000148248"
7311,"enh4","ENSG00000099625"
7312,"enh13","ENSG00000125124"
7313,"enh12","ENSG00000076321"
7314,"enh12","ENSG00000213638"
7315,"enh11","ENSG00000108309"
7316,"enh12","ENSG00000006016"
7317,"enh7","ENSG00000014138"
7318,"enh12","ENSG00000136895"
7319,"enh9","ENSG00000130005"
7320,"enh14","ENSG00000119203"
7321,"enh13","ENSG00000167747"
7322,"enh4","ENSG00000039650"
7323,"enh6","ENSG00000174547"
7324,"enh5","ENSG00000104886"
7325,"enh7","ENSG00000175707"
7326,"enh11","ENSG00000099875"
7327,"enh5","ENSG00000136682"
7328,"enh13","ENSG00000149809"
7329,"enh6","ENSG00000184162"
7330,"enh12","ENSG00000160325"
7331,"enh1","ENSG00000104946"
7332,"enh6","ENSG00000130005"
7333,"enh9","ENSG00000169136"
7334,"enh14","ENSG00000120913"
7335,"enh11","ENSG00000120913"
7336,"enh2","ENSG00000123684"
7337,"enh11","ENSG00000155380"
7338,"enh1","ENSG00000108883"
7339,"enh6","ENSG00000119333"
7340,"enh14","ENSG00000090273"
7341,"enh3","ENSG00000125319"
7342,"enh6","ENSG00000087365"
7343,"enh4","ENSG00000162769"
7344,"enh2","ENSG00000130772"
7345,"enh9","ENSG00000160271"
7346,"enh13","ENSG00000117650"
7347,"enh1","ENSG00000133275"
7348,"enh2","ENSG00000162419"
7349,"enh14","ENSG00000166188"
7350,"enh13","ENSG00000174903"
7351,"enh9","ENSG00000130770"
7352,"enh7","ENSG00000108312"
7353,"enh6","ENSG00000062822"
7354,"enh13","ENSG00000140854"
7355,"enh10","ENSG00000136807"
7356,"enh13","ENSG00000105053"
7357,"enh10","ENSG00000110047"
7358,"enh3","ENSG00000168066"
7359,"enh3","ENSG00000079313"
7360,"enh2","ENSG00000198858"
7361,"enh4","ENSG00000005961"
7362,"enh5","ENSG00000167470"
7363,"enh4","ENSG00000004939"
7364,"enh10","ENSG00000141349"
