"selection_order","grna_target","response_id"
1,"enh2","ENSG00000185198"
2,"enh2","ENSG00000171159"
3,"enh9","ENSG00000198840"
4,"enh2","ENSG00000160325"
5,"enh8","ENSG00000091947"
6,"enh5","ENSG00000167106"
7,"enh9","ENSG00000167106"
8,"enh2","ENSG00000119185"
9,"enh14","ENSG00000160360"
10,"enh11","ENSG00000196116"
11,"enh12","ENSG00000254470"
12,"enh14","ENSG00000148288"
13,"enh6","ENSG00000110046"
14,"enh3","ENSG00000227500"
15,"enh12","ENSG00000159648"
16,"enh6","ENSG00000198917"
17,"enh7","ENSG00000119125"
18,"enh2","ENSG00000119335"
19,"enh14","ENSG00000065600"
20,"enh10","ENSG00000105383"
21,"enh7","ENSG00000148291"
22,"enh9","ENSG00000130005"
23,"enh13","ENSG00000175906"
24,"enh6","ENSG00000129933"
25,"enh14","ENSG00000119125"
26,"enh14","ENSG00000014138"
27,"enh2","ENSG00000161654"
28,"enh14","ENSG00000107021"
29,"enh14","ENSG00000165661"
30,"enh5","ENSG00000136929"
31,"enh2","ENSG00000123684"
32,"enh9","ENSG00000197694"
33,"enh11","ENSG00000181588"
34,"enh9","ENSG00000169607"
35,"enh8","ENSG00000117601"
36,"enh9","ENSG00000065600"
37,"enh3","ENSG00000102996"
38,"enh11","ENSG00000165092"
39,"enh13","ENSG00000250067"
40,"enh4","ENSG00000176973"
41,"enh4","ENSG00000126709"
42,"enh6","ENSG00000148356"
43,"enh6","ENSG00000115286"
44,"enh3","ENSG00000168066"
45,"enh7","ENSG00000104886"
46,"enh14","ENSG00000127540"
47,"enh9","ENSG00000119514"
48,"enh13","ENSG00000203705"
49,"enh4","ENSG00000095383"
50,"enh13","ENSG00000130772"
51,"enh10","ENSG00000099625"
52,"enh4","ENSG00000136877"
53,"enh9","ENSG00000203705"
54,"enh9","ENSG00000105696"
55,"enh5","ENSG00000175115"
56,"enh1","ENSG00000138036"
57,"enh12","ENSG00000147439"
58,"enh6","ENSG00000129911"
59,"enh5","ENSG00000178093"
60,"enh14","ENSG00000125611"
61,"enh9","ENSG00000181035"
62,"enh11","ENSG00000125319"
63,"enh11","ENSG00000172757"
64,"enh8","ENSG00000119523"
65,"enh8","ENSG00000130270"
66,"enh5","ENSG00000169136"
67,"enh13","ENSG00000160271"
68,"enh3","ENSG00000076321"
69,"enh3","ENSG00000057935"
70,"enh9","ENSG00000064547"
71,"enh3","ENSG00000099875"
72,"enh9","ENSG00000177125"
73,"enh13","ENSG00000167005"
74,"enh12","ENSG00000148288"
75,"enh7","ENSG00000174276"
76,"enh9","ENSG00000119203"
77,"enh6","ENSG00000099625"
78,"enh8","ENSG00000105383"
79,"enh1","ENSG00000167759"
80,"enh8","ENSG00000065268"
81,"enh5","ENSG00000104897"
82,"enh9","ENSG00000181513"
83,"enh5","ENSG00000011304"
84,"enh9","ENSG00000115970"
85,"enh10","ENSG00000168591"
86,"enh9","ENSG00000119559"
87,"enh4","ENSG00000198492"
88,"enh14","ENSG00000069275"
89,"enh3","ENSG00000151694"
90,"enh12","ENSG00000198840"
91,"enh12","ENSG00000126698"
92,"enh2","ENSG00000168591"
93,"enh13","ENSG00000125148"
94,"enh1","ENSG00000169136"
95,"enh14","ENSG00000180448"
96,"enh13","ENSG00000104946"
97,"enh11","ENSG00000142530"
98,"enh3","ENSG00000159461"
99,"enh14","ENSG00000175467"
100,"enh4","ENSG00000134318"
101,"enh9","ENSG00000198917"
102,"enh1","ENSG00000133065"
103,"enh10","ENSG00000169136"
104,"enh6","ENSG00000167106"
105,"enh1","ENSG00000117280"
106,"enh13","ENSG00000162772"
107,"enh11","ENSG00000136877"
108,"enh7","ENSG00000126709"
109,"enh3","ENSG00000130559"
110,"enh3","ENSG00000097046"
111,"enh11","ENSG00000196550"
112,"enh14","ENSG00000221983"
113,"enh14","ENSG00000148339"
114,"enh3","ENSG00000167470"
115,"enh9","ENSG00000114999"
116,"enh2","ENSG00000149798"
117,"enh5","ENSG00000174684"
118,"enh9","ENSG00000135736"
119,"enh2","ENSG00000115257"
120,"enh12","ENSG00000204291"
121,"enh10","ENSG00000175376"
122,"enh9","ENSG00000197136"
123,"enh10","ENSG00000152061"
124,"enh2","ENSG00000149806"
125,"enh8","ENSG00000187840"
126,"enh11","ENSG00000117601"
127,"enh1","ENSG00000082512"
128,"enh12","ENSG00000198746"
129,"enh2","ENSG00000105662"
130,"enh6","ENSG00000149823"
131,"enh4","ENSG00000213988"
132,"enh13","ENSG00000262874"
133,"enh5","ENSG00000168591"
134,"enh14","ENSG00000167110"
135,"enh11","ENSG00000105717"
136,"enh13","ENSG00000172500"
137,"enh9","ENSG00000070404"
138,"enh8","ENSG00000162772"
139,"enh7","ENSG00000131400"
140,"enh7","ENSG00000070423"
141,"enh9","ENSG00000189195"
142,"enh3","ENSG00000105655"
143,"enh13","ENSG00000174950"
144,"enh6","ENSG00000165092"
145,"enh3","ENSG00000174516"
146,"enh10","ENSG00000256771"
147,"enh1","ENSG00000005007"
148,"enh9","ENSG00000167103"
149,"enh4","ENSG00000120896"
150,"enh10","ENSG00000136682"
151,"enh3","ENSG00000165092"
152,"enh1","ENSG00000175550"
153,"enh9","ENSG00000175467"
154,"enh9","ENSG00000167118"
155,"enh9","ENSG00000161671"
156,"enh6","ENSG00000117650"
157,"enh11","ENSG00000136936"
158,"enh4","ENSG00000122140"
159,"enh3","ENSG00000136811"
160,"enh6","ENSG00000125618"
161,"enh1","ENSG00000004939"
162,"enh9","ENSG00000126709"
163,"enh9","ENSG00000122140"
164,"enh2","ENSG00000105717"
165,"enh2","ENSG00000158715"
166,"enh10","ENSG00000071626"
167,"enh11","ENSG00000203705"
168,"enh9","ENSG00000104131"
169,"enh1","ENSG00000087263"
170,"enh3","ENSG00000175602"
171,"enh5","ENSG00000136854"
172,"enh5","ENSG00000172977"
173,"enh12","ENSG00000104885"
174,"enh14","ENSG00000123685"
175,"enh9","ENSG00000174529"
176,"enh3","ENSG00000119392"
177,"enh2","ENSG00000173039"
178,"enh8","ENSG00000161671"
179,"enh12","ENSG00000254901"
180,"enh3","ENSG00000174276"
181,"enh5","ENSG00000120889"
182,"enh12","ENSG00000142528"
183,"enh11","ENSG00000117593"
184,"enh14","ENSG00000010361"
185,"enh9","ENSG00000174744"
186,"enh13","ENSG00000117266"
187,"enh3","ENSG00000189195"
188,"enh8","ENSG00000181588"
189,"enh6","ENSG00000105705"
190,"enh5","ENSG00000097046"
191,"enh2","ENSG00000167470"
192,"enh2","ENSG00000102996"
193,"enh13","ENSG00000108883"
194,"enh12","ENSG00000159579"
195,"enh9","ENSG00000158195"
196,"enh1","ENSG00000213638"
197,"enh11","ENSG00000147669"
198,"enh7","ENSG00000136842"
199,"enh6","ENSG00000184162"
200,"enh13","ENSG00000115944"
201,"enh5","ENSG00000186566"
202,"enh9","ENSG00000014216"
203,"enh10","ENSG00000115257"
204,"enh10","ENSG00000172992"
205,"enh2","ENSG00000161682"
206,"enh1","ENSG00000165702"
207,"enh1","ENSG00000105379"
208,"enh11","ENSG00000158715"
209,"enh7","ENSG00000140859"
210,"enh2","ENSG00000144130"
211,"enh1","ENSG00000104946"
212,"enh5","ENSG00000167110"
213,"enh10","ENSG00000167106"
214,"enh12","ENSG00000185761"
215,"enh9","ENSG00000108852"
216,"enh10","ENSG00000142528"
217,"enh11","ENSG00000126705"
218,"enh14","ENSG00000030582"
219,"enh8","ENSG00000079313"
220,"enh11","ENSG00000107290"
221,"enh6","ENSG00000173465"
222,"enh14","ENSG00000065000"
223,"enh13","ENSG00000185761"
224,"enh10","ENSG00000117691"
225,"enh10","ENSG00000186501"
226,"enh4","ENSG00000115758"
227,"enh2","ENSG00000115255"
228,"enh6","ENSG00000172500"
229,"enh14","ENSG00000064545"
230,"enh3","ENSG00000012048"
231,"enh2","ENSG00000130559"
232,"enh2","ENSG00000174950"
233,"enh2","ENSG00000151694"
234,"enh13","ENSG00000130513"
235,"enh13","ENSG00000070770"
236,"enh9","ENSG00000160447"
237,"enh3","ENSG00000160271"
238,"enh8","ENSG00000105379"
239,"enh9","ENSG00000142544"
240,"enh11","ENSG00000105669"
241,"enh10","ENSG00000135821"
242,"enh12","ENSG00000122484"
243,"enh14","ENSG00000160446"
244,"enh5","ENSG00000105556"
245,"enh12","ENSG00000115750"
246,"enh8","ENSG00000131408"
247,"enh1","ENSG00000228300"
248,"enh10","ENSG00000105717"
249,"enh12","ENSG00000168066"
250,"enh11","ENSG00000169607"
251,"enh6","ENSG00000134318"
252,"enh6","ENSG00000143924"
253,"enh13","ENSG00000068976"
254,"enh10","ENSG00000117266"
255,"enh5","ENSG00000064932"
256,"enh7","ENSG00000131398"
257,"enh11","ENSG00000196415"
258,"enh8","ENSG00000198746"
259,"enh6","ENSG00000185198"
260,"enh14","ENSG00000213638"
261,"enh5","ENSG00000147669"
262,"enh5","ENSG00000227500"
263,"enh2","ENSG00000005007"
264,"enh9","ENSG00000120656"
265,"enh13","ENSG00000198858"
266,"enh4","ENSG00000135736"
267,"enh5","ENSG00000065268"
268,"enh2","ENSG00000168067"
269,"enh12","ENSG00000168067"
270,"enh1","ENSG00000166188"
271,"enh14","ENSG00000142733"
272,"enh7","ENSG00000138767"
273,"enh14","ENSG00000176890"
274,"enh8","ENSG00000254901"
275,"enh6","ENSG00000119514"
276,"enh6","ENSG00000136929"
277,"enh3","ENSG00000014138"
278,"enh5","ENSG00000122484"
279,"enh9","ENSG00000013306"
280,"enh11","ENSG00000142751"
281,"enh4","ENSG00000089639"
282,"enh6","ENSG00000071626"
283,"enh13","ENSG00000148297"
284,"enh1","ENSG00000172922"
285,"enh14","ENSG00000159648"
286,"enh9","ENSG00000185198"
287,"enh11","ENSG00000119392"
288,"enh14","ENSG00000172992"
289,"enh7","ENSG00000125482"
290,"enh10","ENSG00000110046"
291,"enh9","ENSG00000134318"
292,"enh12","ENSG00000165684"
293,"enh3","ENSG00000160446"
294,"enh7","ENSG00000175832"
295,"enh2","ENSG00000135736"
296,"enh1","ENSG00000149806"
297,"enh11","ENSG00000165661"
298,"enh12","ENSG00000004939"
299,"enh6","ENSG00000130559"
300,"enh8","ENSG00000070388"
301,"enh5","ENSG00000123685"
302,"enh5","ENSG00000102978"
303,"enh8","ENSG00000133275"
304,"enh5","ENSG00000172232"
305,"enh13","ENSG00000167759"
306,"enh4","ENSG00000254470"
307,"enh1","ENSG00000117592"
308,"enh8","ENSG00000115255"
309,"enh4","ENSG00000170385"
310,"enh3","ENSG00000175592"
311,"enh9","ENSG00000136895"
312,"enh3","ENSG00000187840"
313,"enh14","ENSG00000171940"
314,"enh7","ENSG00000184162"
315,"enh7","ENSG00000144130"
316,"enh4","ENSG00000136828"
317,"enh4","ENSG00000174851"
318,"enh6","ENSG00000235034"
319,"enh9","ENSG00000196415"
320,"enh6","ENSG00000148296"
321,"enh5","ENSG00000101132"
322,"enh10","ENSG00000068976"
323,"enh12","ENSG00000108852"
324,"enh10","ENSG00000095383"
325,"enh9","ENSG00000070770"
326,"enh13","ENSG00000152061"
327,"enh11","ENSG00000172232"
328,"enh8","ENSG00000161654"
329,"enh10","ENSG00000196683"
330,"enh13","ENSG00000204291"
331,"enh9","ENSG00000204138"
332,"enh4","ENSG00000174950"
333,"enh4","ENSG00000161671"
334,"enh11","ENSG00000115255"
335,"enh13","ENSG00000136943"
336,"enh13","ENSG00000197766"
337,"enh14","ENSG00000133275"
338,"enh4","ENSG00000108861"
339,"enh8","ENSG00000148339"
340,"enh10","ENSG00000188177"
341,"enh7","ENSG00000105662"
342,"enh13","ENSG00000108309"
343,"enh10","ENSG00000167468"
344,"enh9","ENSG00000163297"
345,"enh13","ENSG00000159461"
346,"enh13","ENSG00000160446"
347,"enh9","ENSG00000107290"
348,"enh6","ENSG00000151694"
349,"enh11","ENSG00000159648"
350,"enh5","ENSG00000142544"
351,"enh9","ENSG00000198492"
352,"enh12","ENSG00000198917"
353,"enh12","ENSG00000173442"
354,"enh4","ENSG00000104886"
355,"enh10","ENSG00000174842"
356,"enh7","ENSG00000130513"
357,"enh14","ENSG00000068831"
358,"enh5","ENSG00000136908"
359,"enh4","ENSG00000104679"
360,"enh5","ENSG00000117748"
361,"enh11","ENSG00000131409"
362,"enh1","ENSG00000140854"
363,"enh14","ENSG00000196550"
364,"enh10","ENSG00000070761"
365,"enh4","ENSG00000172081"
366,"enh1","ENSG00000117222"
367,"enh11","ENSG00000066027"
368,"enh5","ENSG00000115257"
369,"enh3","ENSG00000241852"
370,"enh5","ENSG00000165699"
371,"enh5","ENSG00000175592"
372,"enh9","ENSG00000119335"
373,"enh4","ENSG00000175221"
374,"enh5","ENSG00000106976"
375,"enh14","ENSG00000160271"
376,"enh5","ENSG00000117266"
377,"enh11","ENSG00000115756"
378,"enh3","ENSG00000197217"
379,"enh12","ENSG00000204138"
380,"enh2","ENSG00000174851"
381,"enh7","ENSG00000174842"
382,"enh7","ENSG00000009780"
383,"enh13","ENSG00000127540"
384,"enh1","ENSG00000172992"
385,"enh5","ENSG00000005194"
386,"enh13","ENSG00000167118"
387,"enh13","ENSG00000106789"
388,"enh10","ENSG00000174669"
389,"enh12","ENSG00000120913"
390,"enh14","ENSG00000160161"
391,"enh2","ENSG00000125484"
392,"enh2","ENSG00000118046"
393,"enh8","ENSG00000119333"
394,"enh1","ENSG00000066027"
395,"enh7","ENSG00000104973"
396,"enh5","ENSG00000130770"
397,"enh8","ENSG00000095380"
398,"enh3","ENSG00000136643"
399,"enh9","ENSG00000004939"
400,"enh4","ENSG00000174516"
401,"enh7","ENSG00000117751"
402,"enh11","ENSG00000159461"
403,"enh9","ENSG00000119333"
404,"enh7","ENSG00000160953"
405,"enh12","ENSG00000172232"
406,"enh1","ENSG00000105701"
407,"enh10","ENSG00000180098"
408,"enh13","ENSG00000172775"
409,"enh4","ENSG00000142530"
410,"enh6","ENSG00000069702"
411,"enh5","ENSG00000140854"
412,"enh11","ENSG00000117266"
413,"enh8","ENSG00000167114"
414,"enh9","ENSG00000175221"
415,"enh1","ENSG00000162298"
416,"enh11","ENSG00000088682"
417,"enh10","ENSG00000160446"
418,"enh11","ENSG00000175294"
419,"enh13","ENSG00000099821"
420,"enh10","ENSG00000131094"
421,"enh9","ENSG00000197816"
422,"enh4","ENSG00000070770"
423,"enh1","ENSG00000011304"
424,"enh7","ENSG00000119335"
425,"enh9","ENSG00000069275"
426,"enh3","ENSG00000115257"
427,"enh12","ENSG00000147669"
428,"enh7","ENSG00000069482"
429,"enh9","ENSG00000142733"
430,"enh12","ENSG00000161692"
431,"enh4","ENSG00000130772"
432,"enh5","ENSG00000105379"
433,"enh5","ENSG00000143882"
434,"enh2","ENSG00000136807"
435,"enh7","ENSG00000102996"
436,"enh14","ENSG00000134308"
437,"enh14","ENSG00000115268"
438,"enh14","ENSG00000108852"
439,"enh8","ENSG00000174547"
440,"enh7","ENSG00000148411"
441,"enh10","ENSG00000198858"
442,"enh4","ENSG00000008853"
443,"enh8","ENSG00000180448"
444,"enh12","ENSG00000039650"
445,"enh5","ENSG00000117650"
446,"enh4","ENSG00000159579"
447,"enh8","ENSG00000171169"
448,"enh4","ENSG00000204710"
449,"enh4","ENSG00000148288"
450,"enh11","ENSG00000136830"
451,"enh1","ENSG00000167748"
452,"enh4","ENSG00000153208"
453,"enh14","ENSG00000149809"
454,"enh1","ENSG00000144161"
455,"enh6","ENSG00000168591"
456,"enh2","ENSG00000125170"
457,"enh9","ENSG00000107372"
458,"enh2","ENSG00000065000"
459,"enh14","ENSG00000204291"
460,"enh7","ENSG00000213465"
461,"enh8","ENSG00000162976"
462,"enh6","ENSG00000148303"
463,"enh12","ENSG00000149823"
464,"enh5","ENSG00000136874"
465,"enh7","ENSG00000161714"
466,"enh7","ENSG00000118046"
467,"enh5","ENSG00000136937"
468,"enh12","ENSG00000070404"
469,"enh9","ENSG00000089639"
470,"enh11","ENSG00000125611"
471,"enh2","ENSG00000105383"
472,"enh8","ENSG00000129951"
473,"enh14","ENSG00000213024"
474,"enh2","ENSG00000167005"
475,"enh10","ENSG00000172270"
476,"enh12","ENSG00000136874"
477,"enh6","ENSG00000160408"
478,"enh4","ENSG00000177125"
479,"enh11","ENSG00000117592"
480,"enh8","ENSG00000138767"
481,"enh14","ENSG00000099864"
482,"enh10","ENSG00000119335"
483,"enh11","ENSG00000115084"
484,"enh8","ENSG00000160447"
485,"enh14","ENSG00000119523"
486,"enh8","ENSG00000131400"
487,"enh12","ENSG00000106803"
488,"enh4","ENSG00000221983"
489,"enh13","ENSG00000198417"
490,"enh9","ENSG00000105701"
491,"enh10","ENSG00000165138"
492,"enh2","ENSG00000185278"
493,"enh10","ENSG00000117280"
494,"enh2","ENSG00000143476"
495,"enh3","ENSG00000160445"
496,"enh5","ENSG00000168066"
497,"enh12","ENSG00000130513"
498,"enh6","ENSG00000165684"
499,"enh12","ENSG00000175467"
500,"enh3","ENSG00000136448"
501,"enh13","ENSG00000133884"
502,"enh12","ENSG00000131409"
503,"enh13","ENSG00000115756"
504,"enh6","ENSG00000119203"
505,"enh10","ENSG00000180329"
506,"enh3","ENSG00000008853"
507,"enh12","ENSG00000223802"
508,"enh11","ENSG00000106803"
509,"enh11","ENSG00000173825"
510,"enh10","ENSG00000153107"
511,"enh8","ENSG00000125485"
512,"enh12","ENSG00000165689"
513,"enh6","ENSG00000161714"
514,"enh6","ENSG00000105655"
515,"enh8","ENSG00000115257"
516,"enh10","ENSG00000106785"
517,"enh14","ENSG00000011304"
518,"enh3","ENSG00000175115"
519,"enh1","ENSG00000253368"
520,"enh11","ENSG00000104897"
521,"enh11","ENSG00000168591"
522,"enh11","ENSG00000115758"
523,"enh2","ENSG00000167748"
524,"enh11","ENSG00000180340"
525,"enh5","ENSG00000079313"
526,"enh2","ENSG00000136643"
527,"enh4","ENSG00000104946"
528,"enh2","ENSG00000254986"
529,"enh11","ENSG00000115268"
530,"enh8","ENSG00000238227"
531,"enh5","ENSG00000175707"
532,"enh8","ENSG00000161647"
533,"enh10","ENSG00000117593"
534,"enh12","ENSG00000062822"
535,"enh9","ENSG00000076321"
536,"enh6","ENSG00000105669"
537,"enh7","ENSG00000189195"
538,"enh14","ENSG00000115255"
539,"enh8","ENSG00000051108"
540,"enh9","ENSG00000167748"
541,"enh7","ENSG00000120896"
542,"enh12","ENSG00000122026"
543,"enh6","ENSG00000134308"
544,"enh2","ENSG00000119203"
545,"enh8","ENSG00000130559"
546,"enh2","ENSG00000115750"
547,"enh1","ENSG00000162241"
548,"enh9","ENSG00000136929"
549,"enh11","ENSG00000161692"
550,"enh10","ENSG00000110047"
551,"enh2","ENSG00000115268"
552,"enh7","ENSG00000167759"
553,"enh6","ENSG00000140859"
554,"enh14","ENSG00000108883"
555,"enh4","ENSG00000131409"
556,"enh11","ENSG00000136925"
557,"enh12","ENSG00000180329"
558,"enh4","ENSG00000175906"
559,"enh2","ENSG00000130560"
560,"enh11","ENSG00000174996"
561,"enh6","ENSG00000152061"
562,"enh12","ENSG00000181896"
563,"enh6","ENSG00000011304"
564,"enh7","ENSG00000103021"
565,"enh11","ENSG00000170385"
566,"enh14","ENSG00000091947"
567,"enh12","ENSG00000097046"
568,"enh11","ENSG00000174669"
569,"enh14","ENSG00000160293"
570,"enh6","ENSG00000138036"
571,"enh2","ENSG00000138756"
572,"enh8","ENSG00000165092"
573,"enh14","ENSG00000173039"
574,"enh4","ENSG00000167491"
575,"enh5","ENSG00000119185"
576,"enh9","ENSG00000105656"
577,"enh13","ENSG00000011304"
578,"enh7","ENSG00000148288"
579,"enh14","ENSG00000106976"
580,"enh3","ENSG00000186501"
581,"enh1","ENSG00000105374"
582,"enh12","ENSG00000180448"
583,"enh13","ENSG00000152527"
584,"enh13","ENSG00000213988"
585,"enh6","ENSG00000175573"
586,"enh8","ENSG00000064787"
587,"enh3","ENSG00000213024"
588,"enh7","ENSG00000174684"
589,"enh14","ENSG00000125148"
590,"enh13","ENSG00000105669"
591,"enh10","ENSG00000105671"
592,"enh11","ENSG00000171219"
593,"enh14","ENSG00000160318"
594,"enh4","ENSG00000142186"
595,"enh12","ENSG00000197816"
596,"enh13","ENSG00000175294"
597,"enh13","ENSG00000136932"
598,"enh6","ENSG00000136682"
599,"enh3","ENSG00000172992"
600,"enh2","ENSG00000115944"
601,"enh1","ENSG00000102900"
602,"enh7","ENSG00000175854"
603,"enh11","ENSG00000130005"
604,"enh4","ENSG00000119203"
605,"enh2","ENSG00000171940"
606,"enh2","ENSG00000148334"
607,"enh8","ENSG00000197816"
608,"enh7","ENSG00000173039"
609,"enh13","ENSG00000160318"
610,"enh10","ENSG00000119125"
611,"enh12","ENSG00000181588"
612,"enh1","ENSG00000171169"
613,"enh9","ENSG00000221983"
614,"enh7","ENSG00000115761"
615,"enh10","ENSG00000014138"
616,"enh7","ENSG00000107290"
617,"enh12","ENSG00000172500"
618,"enh8","ENSG00000172270"
619,"enh13","ENSG00000106785"
620,"enh1","ENSG00000120334"
621,"enh14","ENSG00000160326"
622,"enh3","ENSG00000133275"
623,"enh3","ENSG00000159579"
624,"enh10","ENSG00000136828"
625,"enh7","ENSG00000125484"
626,"enh3","ENSG00000133884"
627,"enh14","ENSG00000082512"
628,"enh1","ENSG00000105383"
629,"enh14","ENSG00000105696"
630,"enh4","ENSG00000140848"
631,"enh6","ENSG00000070388"
632,"enh11","ENSG00000175376"
633,"enh1","ENSG00000151694"
634,"enh5","ENSG00000005007"
635,"enh7","ENSG00000223802"
636,"enh3","ENSG00000064932"
637,"enh13","ENSG00000005961"
638,"enh11","ENSG00000235034"
639,"enh4","ENSG00000148339"
640,"enh7","ENSG00000160360"
641,"enh6","ENSG00000130270"
642,"enh10","ENSG00000107021"
643,"enh8","ENSG00000090273"
644,"enh1","ENSG00000174851"
645,"enh11","ENSG00000188177"
646,"enh6","ENSG00000064545"
647,"enh1","ENSG00000181896"
648,"enh2","ENSG00000105556"
649,"enh8","ENSG00000105717"
650,"enh12","ENSG00000136932"
651,"enh12","ENSG00000087365"
652,"enh13","ENSG00000115091"
653,"enh8","ENSG00000105662"
654,"enh13","ENSG00000136895"
655,"enh3","ENSG00000171848"
656,"enh2","ENSG00000076321"
657,"enh10","ENSG00000070770"
658,"enh1","ENSG00000008853"
659,"enh3","ENSG00000198417"
660,"enh14","ENSG00000089639"
661,"enh12","ENSG00000142765"
662,"enh2","ENSG00000095383"
663,"enh5","ENSG00000125630"
664,"enh1","ENSG00000104689"
665,"enh11","ENSG00000168066"
666,"enh13","ENSG00000254901"
667,"enh3","ENSG00000167112"
668,"enh12","ENSG00000153208"
669,"enh10","ENSG00000133065"
670,"enh1","ENSG00000130775"
671,"enh7","ENSG00000172059"
672,"enh10","ENSG00000089639"
673,"enh4","ENSG00000108840"
674,"enh8","ENSG00000223802"
675,"enh3","ENSG00000106785"
676,"enh1","ENSG00000131097"
677,"enh12","ENSG00000213023"
678,"enh1","ENSG00000103021"
679,"enh3","ENSG00000125630"
680,"enh14","ENSG00000138767"
681,"enh6","ENSG00000069275"
682,"enh13","ENSG00000131400"
683,"enh1","ENSG00000177125"
684,"enh4","ENSG00000125630"
685,"enh4","ENSG00000106789"
686,"enh13","ENSG00000133895"
687,"enh3","ENSG00000115758"
688,"enh9","ENSG00000099622"
689,"enh8","ENSG00000117592"
690,"enh4","ENSG00000066027"
691,"enh8","ENSG00000180340"
692,"enh11","ENSG00000143493"
693,"enh11","ENSG00000126698"
694,"enh12","ENSG00000110047"
695,"enh1","ENSG00000167747"
696,"enh9","ENSG00000174851"
697,"enh11","ENSG00000129946"
698,"enh7","ENSG00000198870"
699,"enh8","ENSG00000175334"
700,"enh7","ENSG00000125485"
701,"enh13","ENSG00000175573"
702,"enh12","ENSG00000005194"
703,"enh8","ENSG00000196116"
704,"enh10","ENSG00000087152"
705,"enh13","ENSG00000165689"
706,"enh5","ENSG00000188177"
707,"enh11","ENSG00000101132"
708,"enh14","ENSG00000162241"
709,"enh4","ENSG00000135046"
710,"enh7","ENSG00000105383"
711,"enh3","ENSG00000105726"
712,"enh2","ENSG00000160446"
713,"enh6","ENSG00000105708"
714,"enh13","ENSG00000147454"
715,"enh12","ENSG00000005961"
716,"enh5","ENSG00000163297"
717,"enh7","ENSG00000005007"
718,"enh3","ENSG00000169136"
719,"enh1","ENSG00000051108"
720,"enh10","ENSG00000152518"
721,"enh3","ENSG00000160408"
722,"enh13","ENSG00000160161"
723,"enh3","ENSG00000167487"
724,"enh1","ENSG00000126698"
725,"enh3","ENSG00000131408"
726,"enh7","ENSG00000130511"
727,"enh5","ENSG00000125144"
728,"enh11","ENSG00000160345"
729,"enh8","ENSG00000136925"
730,"enh13","ENSG00000148248"
731,"enh3","ENSG00000204710"
732,"enh7","ENSG00000008853"
733,"enh7","ENSG00000161671"
734,"enh14","ENSG00000198746"
735,"enh4","ENSG00000169288"
736,"enh4","ENSG00000161647"
737,"enh10","ENSG00000175221"
738,"enh7","ENSG00000067596"
739,"enh6","ENSG00000158195"
740,"enh3","ENSG00000174744"
741,"enh11","ENSG00000160447"
742,"enh6","ENSG00000174996"
743,"enh8","ENSG00000136938"
744,"enh2","ENSG00000197766"
745,"enh14","ENSG00000004939"
746,"enh14","ENSG00000006015"
747,"enh12","ENSG00000130772"
748,"enh7","ENSG00000005961"
749,"enh14","ENSG00000162419"
750,"enh10","ENSG00000103005"
751,"enh8","ENSG00000177125"
752,"enh5","ENSG00000186010"
753,"enh3","ENSG00000169607"
754,"enh9","ENSG00000197766"
755,"enh6","ENSG00000117266"
756,"enh7","ENSG00000130772"
757,"enh2","ENSG00000153208"
758,"enh5","ENSG00000167114"
759,"enh6","ENSG00000167112"
760,"enh10","ENSG00000162241"
761,"enh2","ENSG00000117592"
762,"enh11","ENSG00000065268"
763,"enh13","ENSG00000175854"
764,"enh6","ENSG00000133884"
765,"enh13","ENSG00000110046"
766,"enh5","ENSG00000256771"
767,"enh7","ENSG00000167468"
768,"enh11","ENSG00000079313"
769,"enh1","ENSG00000162419"
770,"enh5","ENSG00000204710"
771,"enh1","ENSG00000067596"
772,"enh11","ENSG00000099804"
773,"enh11","ENSG00000165138"
774,"enh7","ENSG00000068976"
775,"enh14","ENSG00000117601"
776,"enh8","ENSG00000175115"
777,"enh11","ENSG00000143476"
778,"enh13","ENSG00000175467"
779,"enh6","ENSG00000104885"
780,"enh1","ENSG00000105662"
781,"enh5","ENSG00000148411"
782,"enh6","ENSG00000125630"
783,"enh12","ENSG00000142530"
784,"enh14","ENSG00000142186"
785,"enh13","ENSG00000107021"
786,"enh14","ENSG00000165092"
787,"enh1","ENSG00000101132"
788,"enh4","ENSG00000196188"
789,"enh3","ENSG00000119203"
790,"enh11","ENSG00000160161"
791,"enh9","ENSG00000160161"
792,"enh1","ENSG00000134330"
793,"enh13","ENSG00000173442"
794,"enh8","ENSG00000160293"
795,"enh8","ENSG00000165661"
796,"enh4","ENSG00000181035"
797,"enh7","ENSG00000064490"
798,"enh14","ENSG00000155380"
799,"enh8","ENSG00000117697"
800,"enh4","ENSG00000187840"
801,"enh4","ENSG00000175467"
802,"enh2","ENSG00000068971"
803,"enh10","ENSG00000064932"
804,"enh3","ENSG00000136682"
805,"enh4","ENSG00000117601"
806,"enh7","ENSG00000172922"
807,"enh13","ENSG00000254986"
808,"enh9","ENSG00000165688"
809,"enh5","ENSG00000169607"
810,"enh1","ENSG00000158715"
811,"enh2","ENSG00000162772"
812,"enh9","ENSG00000174842"
813,"enh6","ENSG00000136448"
814,"enh3","ENSG00000144130"
815,"enh11","ENSG00000119203"
816,"enh7","ENSG00000064787"
817,"enh7","ENSG00000213221"
818,"enh2","ENSG00000147669"
819,"enh13","ENSG00000065268"
820,"enh3","ENSG00000213445"
821,"enh1","ENSG00000130005"
822,"enh14","ENSG00000070761"
823,"enh3","ENSG00000142544"
824,"enh3","ENSG00000181896"
825,"enh14","ENSG00000125485"
826,"enh4","ENSG00000172757"
827,"enh7","ENSG00000174606"
828,"enh4","ENSG00000125637"
829,"enh12","ENSG00000162298"
830,"enh13","ENSG00000162298"
831,"enh13","ENSG00000140859"
832,"enh1","ENSG00000076321"
833,"enh4","ENSG00000125618"
834,"enh6","ENSG00000180098"
835,"enh14","ENSG00000174669"
836,"enh4","ENSG00000167118"
837,"enh4","ENSG00000198870"
838,"enh9","ENSG00000090273"
839,"enh12","ENSG00000136938"
840,"enh14","ENSG00000106785"
841,"enh8","ENSG00000133065"
842,"enh7","ENSG00000172500"
843,"enh7","ENSG00000110046"
844,"enh5","ENSG00000167759"
845,"enh9","ENSG00000105655"
846,"enh3","ENSG00000174903"
847,"enh14","ENSG00000178093"
848,"enh8","ENSG00000069702"
849,"enh8","ENSG00000167487"
850,"enh8","ENSG00000106803"
851,"enh6","ENSG00000105656"
852,"enh2","ENSG00000174903"
853,"enh8","ENSG00000196961"
854,"enh4","ENSG00000197958"
855,"enh6","ENSG00000159648"
856,"enh3","ENSG00000180448"
857,"enh4","ENSG00000125124"
858,"enh2","ENSG00000189195"
859,"enh4","ENSG00000173327"
860,"enh14","ENSG00000087152"
861,"enh4","ENSG00000099821"
862,"enh2","ENSG00000135870"
863,"enh2","ENSG00000153107"
864,"enh14","ENSG00000167487"
865,"enh3","ENSG00000149809"
866,"enh6","ENSG00000133069"
867,"enh6","ENSG00000168061"
868,"enh11","ENSG00000175221"
869,"enh6","ENSG00000158711"
870,"enh5","ENSG00000161677"
871,"enh4","ENSG00000125148"
872,"enh5","ENSG00000161714"
873,"enh3","ENSG00000116017"
874,"enh2","ENSG00000079313"
875,"enh10","ENSG00000117748"
876,"enh10","ENSG00000087263"
877,"enh11","ENSG00000119523"
878,"enh3","ENSG00000177125"
879,"enh9","ENSG00000262874"
880,"enh14","ENSG00000149806"
881,"enh9","ENSG00000105717"
882,"enh6","ENSG00000120334"
883,"enh14","ENSG00000241852"
884,"enh5","ENSG00000100316"
885,"enh6","ENSG00000125124"
886,"enh12","ENSG00000256771"
887,"enh1","ENSG00000180448"
888,"enh7","ENSG00000186010"
889,"enh13","ENSG00000099840"
890,"enh11","ENSG00000100316"
891,"enh7","ENSG00000068831"
892,"enh11","ENSG00000198746"
893,"enh11","ENSG00000174842"
894,"enh9","ENSG00000187840"
895,"enh11","ENSG00000135736"
896,"enh1","ENSG00000108840"
897,"enh8","ENSG00000071564"
898,"enh14","ENSG00000213465"
899,"enh13","ENSG00000117751"
900,"enh4","ENSG00000136856"
901,"enh8","ENSG00000102931"
902,"enh2","ENSG00000116017"
903,"enh5","ENSG00000105708"
904,"enh12","ENSG00000144161"
905,"enh2","ENSG00000167759"
906,"enh5","ENSG00000166188"
907,"enh7","ENSG00000105701"
908,"enh10","ENSG00000064687"
909,"enh8","ENSG00000196422"
910,"enh7","ENSG00000051108"
911,"enh14","ENSG00000099866"
912,"enh5","ENSG00000070423"
913,"enh5","ENSG00000130560"
914,"enh1","ENSG00000148291"
915,"enh6","ENSG00000105383"
916,"enh11","ENSG00000105700"
917,"enh10","ENSG00000149792"
918,"enh9","ENSG00000065000"
919,"enh10","ENSG00000235034"
920,"enh13","ENSG00000174842"
921,"enh4","ENSG00000070388"
922,"enh8","ENSG00000106976"
923,"enh2","ENSG00000171169"
924,"enh14","ENSG00000168061"
925,"enh9","ENSG00000122026"
926,"enh12","ENSG00000131398"
927,"enh7","ENSG00000165699"
928,"enh7","ENSG00000167005"
929,"enh7","ENSG00000254470"
930,"enh5","ENSG00000130270"
931,"enh12","ENSG00000169288"
932,"enh1","ENSG00000070423"
933,"enh2","ENSG00000130766"
934,"enh8","ENSG00000198917"
935,"enh12","ENSG00000142544"
936,"enh1","ENSG00000167005"
937,"enh4","ENSG00000149806"
938,"enh11","ENSG00000142544"
939,"enh9","ENSG00000148303"
940,"enh1","ENSG00000125618"
941,"enh3","ENSG00000198746"
942,"enh1","ENSG00000087365"
943,"enh4","ENSG00000104131"
944,"enh2","ENSG00000087365"
945,"enh7","ENSG00000238227"
946,"enh9","ENSG00000175334"
947,"enh2","ENSG00000140859"
948,"enh12","ENSG00000108883"
949,"enh9","ENSG00000196116"
950,"enh9","ENSG00000136937"
951,"enh1","ENSG00000039650"
952,"enh4","ENSG00000099625"
953,"enh13","ENSG00000160404"
954,"enh1","ENSG00000119335"
955,"enh11","ENSG00000118046"
956,"enh1","ENSG00000115750"
957,"enh3","ENSG00000135046"
958,"enh11","ENSG00000197816"
959,"enh5","ENSG00000235034"
960,"enh1","ENSG00000105705"
961,"enh13","ENSG00000143882"
962,"enh12","ENSG00000136840"
963,"enh12","ENSG00000174903"
964,"enh7","ENSG00000129951"
965,"enh1","ENSG00000198858"
966,"enh10","ENSG00000180340"
967,"enh4","ENSG00000213024"
968,"enh2","ENSG00000136936"
969,"enh6","ENSG00000160345"
970,"enh14","ENSG00000133059"
971,"enh7","ENSG00000183831"
972,"enh9","ENSG00000148291"
973,"enh13","ENSG00000108849"
974,"enh8","ENSG00000254986"
975,"enh5","ENSG00000133243"
976,"enh12","ENSG00000221983"
977,"enh7","ENSG00000115750"
978,"enh9","ENSG00000143924"
979,"enh6","ENSG00000064666"
980,"enh12","ENSG00000119125"
981,"enh5","ENSG00000105472"
982,"enh9","ENSG00000104886"
983,"enh9","ENSG00000254986"
984,"enh14","ENSG00000197540"
985,"enh12","ENSG00000108309"
986,"enh2","ENSG00000174276"
987,"enh10","ENSG00000169607"
988,"enh3","ENSG00000138767"
989,"enh14","ENSG00000062822"
990,"enh14","ENSG00000115286"
991,"enh8","ENSG00000125124"
992,"enh14","ENSG00000161682"
993,"enh8","ENSG00000167470"
994,"enh3","ENSG00000162241"
995,"enh10","ENSG00000115286"
996,"enh5","ENSG00000105497"
997,"enh3","ENSG00000099817"
998,"enh6","ENSG00000180329"
999,"enh11","ENSG00000148339"
1000,"enh9","ENSG00000171169"
1001,"enh1","ENSG00000105708"
1002,"enh11","ENSG00000126709"
1003,"enh7","ENSG00000181513"
1004,"enh14","ENSG00000175334"
1005,"enh10","ENSG00000136643"
1006,"enh5","ENSG00000107290"
1007,"enh6","ENSG00000105053"
1008,"enh1","ENSG00000089639"
1009,"enh7","ENSG00000171159"
1010,"enh11","ENSG00000198870"
1011,"enh13","ENSG00000136929"
1012,"enh6","ENSG00000142751"
1013,"enh10","ENSG00000136856"
1014,"enh5","ENSG00000142530"
1015,"enh6","ENSG00000174529"
1016,"enh5","ENSG00000174276"
1017,"enh12","ENSG00000196422"
1018,"enh6","ENSG00000173039"
1019,"enh12","ENSG00000162419"
1020,"enh5","ENSG00000099817"
1021,"enh2","ENSG00000171848"
1022,"enh2","ENSG00000162976"
1023,"enh9","ENSG00000102931"
1024,"enh12","ENSG00000174851"
1025,"enh8","ENSG00000105726"
1026,"enh9","ENSG00000162769"
1027,"enh9","ENSG00000117266"
1028,"enh4","ENSG00000117650"
1029,"enh10","ENSG00000125485"
1030,"enh12","ENSG00000136828"
1031,"enh6","ENSG00000129946"
1032,"enh9","ENSG00000106991"
1033,"enh8","ENSG00000104885"
1034,"enh2","ENSG00000198786"
1035,"enh4","ENSG00000130766"
1036,"enh3","ENSG00000185278"
1037,"enh6","ENSG00000125148"
1038,"enh11","ENSG00000135046"
1039,"enh4","ENSG00000115268"
1040,"enh6","ENSG00000115750"
1041,"enh2","ENSG00000102978"
1042,"enh9","ENSG00000174547"
1043,"enh9","ENSG00000186010"
1044,"enh13","ENSG00000172922"
1045,"enh13","ENSG00000051128"
1046,"enh12","ENSG00000068971"
1047,"enh3","ENSG00000198492"
1048,"enh8","ENSG00000174276"
1049,"enh6","ENSG00000115944"
1050,"enh8","ENSG00000062822"
1051,"enh4","ENSG00000152527"
1052,"enh8","ENSG00000213023"
1053,"enh13","ENSG00000133243"
1054,"enh1","ENSG00000152061"
1055,"enh7","ENSG00000136895"
1056,"enh13","ENSG00000173327"
1057,"enh9","ENSG00000131094"
1058,"enh12","ENSG00000136925"
1059,"enh1","ENSG00000136938"
1060,"enh13","ENSG00000102934"
1061,"enh7","ENSG00000119523"
1062,"enh10","ENSG00000133243"
1063,"enh13","ENSG00000130770"
1064,"enh8","ENSG00000148356"
1065,"enh9","ENSG00000120334"
1066,"enh5","ENSG00000167123"
1067,"enh3","ENSG00000174684"
1068,"enh13","ENSG00000013306"
1069,"enh2","ENSG00000198917"
1070,"enh6","ENSG00000068971"
1071,"enh4","ENSG00000174529"
1072,"enh9","ENSG00000136854"
1073,"enh4","ENSG00000119523"
1074,"enh12","ENSG00000125482"
1075,"enh4","ENSG00000172775"
1076,"enh13","ENSG00000130005"
1077,"enh12","ENSG00000051108"
1078,"enh11","ENSG00000104886"
1079,"enh14","ENSG00000138036"
1080,"enh5","ENSG00000076321"
1081,"enh11","ENSG00000136854"
1082,"enh5","ENSG00000122140"
1083,"enh6","ENSG00000167113"
1084,"enh1","ENSG00000120913"
1085,"enh8","ENSG00000171159"
1086,"enh8","ENSG00000162669"
1087,"enh11","ENSG00000174950"
1088,"enh12","ENSG00000131097"
1089,"enh6","ENSG00000070770"
1090,"enh9","ENSG00000119523"
1091,"enh10","ENSG00000144161"
1092,"enh8","ENSG00000184988"
1093,"enh12","ENSG00000115761"
1094,"enh6","ENSG00000162873"
1095,"enh4","ENSG00000197136"
1096,"enh12","ENSG00000125630"
1097,"enh14","ENSG00000149823"
1098,"enh7","ENSG00000175334"
1099,"enh6","ENSG00000188177"
1100,"enh9","ENSG00000161677"
1101,"enh13","ENSG00000147457"
1102,"enh5","ENSG00000125485"
1103,"enh12","ENSG00000117650"
1104,"enh8","ENSG00000188554"
1105,"enh4","ENSG00000122484"
1106,"enh5","ENSG00000127540"
1107,"enh10","ENSG00000174276"
1108,"enh1","ENSG00000174744"
1109,"enh3","ENSG00000119559"
1110,"enh5","ENSG00000125124"
1111,"enh6","ENSG00000175115"
1112,"enh8","ENSG00000148291"
1113,"enh13","ENSG00000167747"
1114,"enh5","ENSG00000262874"
1115,"enh10","ENSG00000136811"
1116,"enh14","ENSG00000064666"
1117,"enh2","ENSG00000188177"
1118,"enh9","ENSG00000158715"
1119,"enh12","ENSG00000167491"
1120,"enh10","ENSG00000183831"
1121,"enh6","ENSG00000136874"
1122,"enh11","ENSG00000095383"
1123,"enh13","ENSG00000151694"
1124,"enh2","ENSG00000105696"
1125,"enh5","ENSG00000140848"
1126,"enh7","ENSG00000108849"
1127,"enh11","ENSG00000067596"
1128,"enh1","ENSG00000136682"
1129,"enh5","ENSG00000196961"
1130,"enh7","ENSG00000185278"
1131,"enh4","ENSG00000198746"
1132,"enh4","ENSG00000105708"
1133,"enh11","ENSG00000256771"
1134,"enh8","ENSG00000087365"
1135,"enh7","ENSG00000102978"
1136,"enh4","ENSG00000064787"
1137,"enh8","ENSG00000156269"
1138,"enh6","ENSG00000095383"
1139,"enh13","ENSG00000198786"
1140,"enh9","ENSG00000126705"
1141,"enh4","ENSG00000099622"
1142,"enh10","ENSG00000168067"
1143,"enh1","ENSG00000162878"
1144,"enh7","ENSG00000068971"
1145,"enh9","ENSG00000196152"
1146,"enh3","ENSG00000004939"
1147,"enh14","ENSG00000136682"
1148,"enh4","ENSG00000129968"
1149,"enh5","ENSG00000158711"
1150,"enh7","ENSG00000198786"
1151,"enh6","ENSG00000167110"
1152,"enh2","ENSG00000148297"
1153,"enh5","ENSG00000065600"
1154,"enh7","ENSG00000167136"
1155,"enh9","ENSG00000196550"
1156,"enh4","ENSG00000175854"
1157,"enh14","ENSG00000136811"
1158,"enh6","ENSG00000175550"
1159,"enh3","ENSG00000136908"
1160,"enh11","ENSG00000135821"
1161,"enh13","ENSG00000141349"
1162,"enh3","ENSG00000168591"
1163,"enh1","ENSG00000069482"
1164,"enh4","ENSG00000136842"
1165,"enh3","ENSG00000148334"
1166,"enh12","ENSG00000167470"
1167,"enh6","ENSG00000184988"
1168,"enh9","ENSG00000161692"
1169,"enh2","ENSG00000136854"
1170,"enh2","ENSG00000174684"
1171,"enh8","ENSG00000184162"
1172,"enh7","ENSG00000198746"
1173,"enh8","ENSG00000108840"
1174,"enh13","ENSG00000108840"
1175,"enh14","ENSG00000142784"
1176,"enh13","ENSG00000071655"
1177,"enh5","ENSG00000010361"
1178,"enh5","ENSG00000115255"
1179,"enh6","ENSG00000118046"
1180,"enh6","ENSG00000155380"
1181,"enh11","ENSG00000186010"
1182,"enh14","ENSG00000143493"
1183,"enh5","ENSG00000172500"
1184,"enh3","ENSG00000158715"
1185,"enh7","ENSG00000142733"
1186,"enh6","ENSG00000254901"
1187,"enh10","ENSG00000165092"
1188,"enh10","ENSG00000187024"
1189,"enh5","ENSG00000198840"
1190,"enh5","ENSG00000125637"
1191,"enh13","ENSG00000162300"
1192,"enh10","ENSG00000159648"
1193,"enh10","ENSG00000125618"
1194,"enh8","ENSG00000182087"
1195,"enh6","ENSG00000197766"
1196,"enh3","ENSG00000136936"
1197,"enh12","ENSG00000125618"
1198,"enh5","ENSG00000090273"
1199,"enh1","ENSG00000143882"
1200,"enh10","ENSG00000158195"
1201,"enh14","ENSG00000186185"
1202,"enh10","ENSG00000088682"
1203,"enh11","ENSG00000148291"
1204,"enh1","ENSG00000196152"
1205,"enh4","ENSG00000168061"
1206,"enh4","ENSG00000136929"
1207,"enh6","ENSG00000163297"
1208,"enh11","ENSG00000146670"
1209,"enh10","ENSG00000103021"
1210,"enh9","ENSG00000125148"
1211,"enh5","ENSG00000177125"
1212,"enh14","ENSG00000006016"
1213,"enh1","ENSG00000106992"
1214,"enh2","ENSG00000119559"
1215,"enh13","ENSG00000070388"
1216,"enh14","ENSG00000126709"
1217,"enh5","ENSG00000160404"
1218,"enh12","ENSG00000106992"
1219,"enh1","ENSG00000136448"
1220,"enh9","ENSG00000144136"
1221,"enh13","ENSG00000115970"
1222,"enh10","ENSG00000165684"
1223,"enh3","ENSG00000099866"
1224,"enh1","ENSG00000147457"
1225,"enh5","ENSG00000172732"
1226,"enh1","ENSG00000198746"
1227,"enh1","ENSG00000167110"
1228,"enh13","ENSG00000143493"
1229,"enh10","ENSG00000104886"
1230,"enh3","ENSG00000106976"
1231,"enh9","ENSG00000256771"
1232,"enh14","ENSG00000197766"
1233,"enh5","ENSG00000172081"
1234,"enh11","ENSG00000103005"
1235,"enh11","ENSG00000117758"
1236,"enh1","ENSG00000174871"
1237,"enh1","ENSG00000064607"
1238,"enh2","ENSG00000174547"
1239,"enh11","ENSG00000172500"
1240,"enh3","ENSG00000105705"
1241,"enh6","ENSG00000221983"
1242,"enh10","ENSG00000175602"
1243,"enh3","ENSG00000161647"
1244,"enh2","ENSG00000012048"
1245,"enh6","ENSG00000071655"
1246,"enh4","ENSG00000166188"
1247,"enh11","ENSG00000130270"
1248,"enh13","ENSG00000119203"
1249,"enh9","ENSG00000117593"
1250,"enh3","ENSG00000107372"
1251,"enh4","ENSG00000167487"
1252,"enh6","ENSG00000105472"
1253,"enh9","ENSG00000171219"
1254,"enh10","ENSG00000119559"
1255,"enh4","ENSG00000069275"
1256,"enh12","ENSG00000134308"
1257,"enh1","ENSG00000153214"
1258,"enh1","ENSG00000108312"
1259,"enh14","ENSG00000117280"
1260,"enh4","ENSG00000149792"
1261,"enh11","ENSG00000197540"
1262,"enh8","ENSG00000119185"
1263,"enh7","ENSG00000064607"
1264,"enh8","ENSG00000141933"
1265,"enh8","ENSG00000115286"
1266,"enh9","ENSG00000167123"
1267,"enh14","ENSG00000198786"
1268,"enh14","ENSG00000105472"
1269,"enh3","ENSG00000123684"
1270,"enh4","ENSG00000120889"
1271,"enh2","ENSG00000160345"
1272,"enh13","ENSG00000155380"
1273,"enh12","ENSG00000099804"
1274,"enh13","ENSG00000144134"
1275,"enh1","ENSG00000065000"
1276,"enh3","ENSG00000170385"
1277,"enh3","ENSG00000160345"
1278,"enh8","ENSG00000136932"
1279,"enh1","ENSG00000099821"
1280,"enh10","ENSG00000129911"
1281,"enh9","ENSG00000136448"
1282,"enh3","ENSG00000105708"
1283,"enh4","ENSG00000104689"
1284,"enh13","ENSG00000168061"
1285,"enh7","ENSG00000125611"
1286,"enh9","ENSG00000162873"
1287,"enh11","ENSG00000143870"
1288,"enh9","ENSG00000105676"
1289,"enh7","ENSG00000158711"
1290,"enh3","ENSG00000188177"
1291,"enh6","ENSG00000070423"
1292,"enh12","ENSG00000160408"
1293,"enh5","ENSG00000141349"
1294,"enh3","ENSG00000140854"
1295,"enh6","ENSG00000152518"
1296,"enh11","ENSG00000068976"
1297,"enh14","ENSG00000185278"
1298,"enh4","ENSG00000134330"
1299,"enh7","ENSG00000117691"
1300,"enh13","ENSG00000148356"
1301,"enh4","ENSG00000197694"
1302,"enh1","ENSG00000198917"
1303,"enh1","ENSG00000134308"
1304,"enh11","ENSG00000197694"
1305,"enh3","ENSG00000160325"
1306,"enh10","ENSG00000138767"
1307,"enh8","ENSG00000105472"
1308,"enh4","ENSG00000167136"
1309,"enh8","ENSG00000140848"
1310,"enh12","ENSG00000184162"
1311,"enh8","ENSG00000147454"
1312,"enh9","ENSG00000116017"
1313,"enh13","ENSG00000120896"
1314,"enh9","ENSG00000082512"
1315,"enh4","ENSG00000174669"
1316,"enh1","ENSG00000197540"
1317,"enh12","ENSG00000153107"
1318,"enh7","ENSG00000196152"
1319,"enh10","ENSG00000107372"
1320,"enh8","ENSG00000115756"
1321,"enh8","ENSG00000119335"
1322,"enh11","ENSG00000180448"
1323,"enh7","ENSG00000174903"
1324,"enh10","ENSG00000160326"
1325,"enh9","ENSG00000143870"
1326,"enh12","ENSG00000186185"
1327,"enh11","ENSG00000099622"
1328,"enh5","ENSG00000104679"
1329,"enh3","ENSG00000127540"
1330,"enh9","ENSG00000136840"
1331,"enh14","ENSG00000223802"
1332,"enh1","ENSG00000152518"
1333,"enh3","ENSG00000125637"
1334,"enh3","ENSG00000182963"
1335,"enh12","ENSG00000069275"
1336,"enh12","ENSG00000158711"
1337,"enh6","ENSG00000117592"
1338,"enh2","ENSG00000227500"
1339,"enh12","ENSG00000171169"
1340,"enh13","ENSG00000130766"
1341,"enh1","ENSG00000070761"
1342,"enh5","ENSG00000152527"
1343,"enh7","ENSG00000167487"
1344,"enh11","ENSG00000014138"
1345,"enh2","ENSG00000105379"
1346,"enh13","ENSG00000129911"
1347,"enh2","ENSG00000068976"
1348,"enh2","ENSG00000148291"
1349,"enh2","ENSG00000009780"
1350,"enh11","ENSG00000134318"
1351,"enh7","ENSG00000162241"
1352,"enh13","ENSG00000135870"
1353,"enh3","ENSG00000175467"
1354,"enh4","ENSG00000136925"
1355,"enh12","ENSG00000173039"
1356,"enh1","ENSG00000105655"
1357,"enh6","ENSG00000108883"
1358,"enh7","ENSG00000099875"
1359,"enh2","ENSG00000131398"
1360,"enh4","ENSG00000129946"
1361,"enh13","ENSG00000188177"
1362,"enh6","ENSG00000104946"
1363,"enh12","ENSG00000238227"
1364,"enh10","ENSG00000158941"
1365,"enh13","ENSG00000136842"
1366,"enh3","ENSG00000180340"
1367,"enh4","ENSG00000117222"
1368,"enh3","ENSG00000102934"
1369,"enh12","ENSG00000175334"
1370,"enh5","ENSG00000165092"
1371,"enh4","ENSG00000175115"
1372,"enh7","ENSG00000013306"
1373,"enh3","ENSG00000165138"
1374,"enh2","ENSG00000130270"
1375,"enh2","ENSG00000102900"
1376,"enh3","ENSG00000174851"
1377,"enh8","ENSG00000165699"
1378,"enh14","ENSG00000180198"
1379,"enh8","ENSG00000105708"
1380,"enh7","ENSG00000174547"
1381,"enh11","ENSG00000213988"
1382,"enh4","ENSG00000182963"
1383,"enh11","ENSG00000167110"
1384,"enh5","ENSG00000187840"
1385,"enh2","ENSG00000104886"
1386,"enh12","ENSG00000148356"
1387,"enh5","ENSG00000175334"
1388,"enh8","ENSG00000172757"
1389,"enh11","ENSG00000095380"
1390,"enh7","ENSG00000188177"
1391,"enh5","ENSG00000167136"
1392,"enh14","ENSG00000102996"
1393,"enh10","ENSG00000204710"
1394,"enh13","ENSG00000171848"
1395,"enh5","ENSG00000167118"
1396,"enh5","ENSG00000171219"
1397,"enh11","ENSG00000152518"
1398,"enh2","ENSG00000125630"
1399,"enh11","ENSG00000184988"
1400,"enh6","ENSG00000106785"
1401,"enh8","ENSG00000105705"
1402,"enh5","ENSG00000146670"
1403,"enh13","ENSG00000105696"
1404,"enh12","ENSG00000103005"
1405,"enh1","ENSG00000160408"
1406,"enh3","ENSG00000254986"
1407,"enh3","ENSG00000136929"
1408,"enh2","ENSG00000175221"
1409,"enh10","ENSG00000198417"
1410,"enh3","ENSG00000129946"
1411,"enh12","ENSG00000091947"
1412,"enh7","ENSG00000125319"
1413,"enh2","ENSG00000099817"
1414,"enh5","ENSG00000181773"
1415,"enh8","ENSG00000127540"
1416,"enh1","ENSG00000175221"
1417,"enh14","ENSG00000160563"
1418,"enh9","ENSG00000165138"
1419,"enh11","ENSG00000065000"
1420,"enh7","ENSG00000123684"
1421,"enh13","ENSG00000120889"
1422,"enh3","ENSG00000141933"
1423,"enh8","ENSG00000142765"
1424,"enh4","ENSG00000165688"
1425,"enh3","ENSG00000171169"
1426,"enh9","ENSG00000102978"
1427,"enh4","ENSG00000116017"
1428,"enh11","ENSG00000119125"
1429,"enh4","ENSG00000160325"
1430,"enh7","ENSG00000134318"
1431,"enh13","ENSG00000104885"
1432,"enh2","ENSG00000099864"
1433,"enh8","ENSG00000008853"
1434,"enh9","ENSG00000105671"
1435,"enh14","ENSG00000171159"
1436,"enh9","ENSG00000136938"
1437,"enh4","ENSG00000136807"
1438,"enh7","ENSG00000122140"
1439,"enh11","ENSG00000070761"
1440,"enh8","ENSG00000204673"
1441,"enh7","ENSG00000204138"
1442,"enh8","ENSG00000115750"
1443,"enh2","ENSG00000204138"
1444,"enh8","ENSG00000165684"
1445,"enh12","ENSG00000135821"
1446,"enh2","ENSG00000104131"
1447,"enh8","ENSG00000014216"
1448,"enh4","ENSG00000106785"
1449,"enh14","ENSG00000105374"
1450,"enh14","ENSG00000147439"
1451,"enh14","ENSG00000165702"
1452,"enh1","ENSG00000153107"
1453,"enh6","ENSG00000204138"
1454,"enh5","ENSG00000153208"
1455,"enh5","ENSG00000120913"
1456,"enh5","ENSG00000160161"
1457,"enh7","ENSG00000148339"
1458,"enh10","ENSG00000213465"
1459,"enh8","ENSG00000159648"
1460,"enh1","ENSG00000071655"
1461,"enh12","ENSG00000227500"
1462,"enh11","ENSG00000213024"
1463,"enh14","ENSG00000115758"
1464,"enh14","ENSG00000254901"
1465,"enh10","ENSG00000175115"
1466,"enh3","ENSG00000117592"
1467,"enh12","ENSG00000129951"
1468,"enh7","ENSG00000148356"
1469,"enh14","ENSG00000095383"
1470,"enh3","ENSG00000009780"
1471,"enh10","ENSG00000165702"
1472,"enh11","ENSG00000136943"
1473,"enh10","ENSG00000115268"
1474,"enh1","ENSG00000162300"
1475,"enh13","ENSG00000129946"
1476,"enh14","ENSG00000013306"
1477,"enh9","ENSG00000142784"
1478,"enh6","ENSG00000141349"
1479,"enh10","ENSG00000254470"
1480,"enh2","ENSG00000180198"
1481,"enh5","ENSG00000167491"
1482,"enh12","ENSG00000101132"
1483,"enh5","ENSG00000142186"
1484,"enh10","ENSG00000147457"
1485,"enh10","ENSG00000197958"
1486,"enh13","ENSG00000180448"
1487,"enh14","ENSG00000102931"
1488,"enh5","ENSG00000108861"
1489,"enh13","ENSG00000087365"
1490,"enh4","ENSG00000091947"
1491,"enh3","ENSG00000238227"
1492,"enh7","ENSG00000051128"
1493,"enh2","ENSG00000203705"
1494,"enh1","ENSG00000119514"
1495,"enh4","ENSG00000005194"
1496,"enh7","ENSG00000213638"
1497,"enh12","ENSG00000186010"
1498,"enh3","ENSG00000105053"
1499,"enh10","ENSG00000213988"
1500,"enh6","ENSG00000160360"
1501,"enh8","ENSG00000104973"
1502,"enh5","ENSG00000189195"
1503,"enh10","ENSG00000014216"
1504,"enh1","ENSG00000172059"
1505,"enh3","ENSG00000152518"
1506,"enh6","ENSG00000134330"
1507,"enh5","ENSG00000151694"
1508,"enh3","ENSG00000142528"
1509,"enh3","ENSG00000172977"
1510,"enh3","ENSG00000105669"
1511,"enh8","ENSG00000104689"
1512,"enh3","ENSG00000068976"
1513,"enh8","ENSG00000198492"
1514,"enh6","ENSG00000171169"
1515,"enh4","ENSG00000131400"
1516,"enh2","ENSG00000165138"
1517,"enh5","ENSG00000136830"
1518,"enh6","ENSG00000182963"
1519,"enh14","ENSG00000131408"
1520,"enh4","ENSG00000130511"
1521,"enh5","ENSG00000126709"
1522,"enh4","ENSG00000115091"
1523,"enh5","ENSG00000135821"
1524,"enh7","ENSG00000104960"
1525,"enh5","ENSG00000104885"
1526,"enh5","ENSG00000136877"
1527,"enh5","ENSG00000115970"
1528,"enh2","ENSG00000167747"
1529,"enh10","ENSG00000171219"
1530,"enh6","ENSG00000106799"
1531,"enh9","ENSG00000115758"
1532,"enh2","ENSG00000172500"
1533,"enh3","ENSG00000136828"
1534,"enh12","ENSG00000129911"
1535,"enh9","ENSG00000130775"
1536,"enh2","ENSG00000106991"
1537,"enh12","ENSG00000169607"
1538,"enh1","ENSG00000133895"
1539,"enh14","ENSG00000197217"
1540,"enh11","ENSG00000105379"
1541,"enh7","ENSG00000105676"
1542,"enh10","ENSG00000167110"
1543,"enh6","ENSG00000131398"
1544,"enh10","ENSG00000105708"
1545,"enh9","ENSG00000142528"
1546,"enh2","ENSG00000175376"
1547,"enh7","ENSG00000117601"
1548,"enh8","ENSG00000133884"
1549,"enh11","ENSG00000136938"
1550,"enh7","ENSG00000177125"
1551,"enh11","ENSG00000115970"
1552,"enh14","ENSG00000136830"
1553,"enh10","ENSG00000250067"
1554,"enh1","ENSG00000168062"
1555,"enh2","ENSG00000138036"
1556,"enh8","ENSG00000122482"
1557,"enh10","ENSG00000068971"
1558,"enh2","ENSG00000161677"
1559,"enh11","ENSG00000144130"
1560,"enh2","ENSG00000147457"
1561,"enh4","ENSG00000161714"
1562,"enh12","ENSG00000167747"
1563,"enh11","ENSG00000174516"
1564,"enh10","ENSG00000160404"
1565,"enh1","ENSG00000099864"
1566,"enh4","ENSG00000117593"
1567,"enh2","ENSG00000187840"
1568,"enh1","ENSG00000120656"
1569,"enh6","ENSG00000167759"
1570,"enh7","ENSG00000170385"
1571,"enh12","ENSG00000196683"
1572,"enh9","ENSG00000135870"
1573,"enh1","ENSG00000254470"
1574,"enh5","ENSG00000119203"
1575,"enh10","ENSG00000115758"
1576,"enh8","ENSG00000160345"
1577,"enh3","ENSG00000172922"
1578,"enh2","ENSG00000005194"
1579,"enh5","ENSG00000174851"
1580,"enh6","ENSG00000064607"
1581,"enh13","ENSG00000175115"
1582,"enh3","ENSG00000148339"
1583,"enh1","ENSG00000130560"
1584,"enh1","ENSG00000160293"
1585,"enh11","ENSG00000162769"
1586,"enh13","ENSG00000198917"
1587,"enh14","ENSG00000160325"
1588,"enh13","ENSG00000165092"
1589,"enh5","ENSG00000130513"
1590,"enh3","ENSG00000117601"
1591,"enh7","ENSG00000099804"
1592,"enh12","ENSG00000142186"
1593,"enh12","ENSG00000131094"
1594,"enh11","ENSG00000167114"
1595,"enh3","ENSG00000143924"
1596,"enh10","ENSG00000108840"
1597,"enh10","ENSG00000105700"
1598,"enh11","ENSG00000169136"
1599,"enh2","ENSG00000159579"
1600,"enh2","ENSG00000165698"
1601,"enh6","ENSG00000166188"
1602,"enh6","ENSG00000138756"
1603,"enh8","ENSG00000136854"
1604,"enh3","ENSG00000104897"
1605,"enh5","ENSG00000108852"
1606,"enh10","ENSG00000168066"
1607,"enh8","ENSG00000175832"
1608,"enh14","ENSG00000125124"
1609,"enh6","ENSG00000106992"
1610,"enh8","ENSG00000069275"
1611,"enh1","ENSG00000160271"
1612,"enh12","ENSG00000012048"
1613,"enh9","ENSG00000149806"
1614,"enh10","ENSG00000138772"
1615,"enh7","ENSG00000155380"
1616,"enh14","ENSG00000198492"
1617,"enh4","ENSG00000180198"
1618,"enh7","ENSG00000136932"
1619,"enh3","ENSG00000184162"
1620,"enh7","ENSG00000106992"
1621,"enh11","ENSG00000138756"
1622,"enh5","ENSG00000102900"
1623,"enh7","ENSG00000185198"
1624,"enh14","ENSG00000144161"
1625,"enh11","ENSG00000167136"
1626,"enh3","ENSG00000221983"
1627,"enh10","ENSG00000070404"
1628,"enh12","ENSG00000175707"
1629,"enh3","ENSG00000090273"
1630,"enh11","ENSG00000115286"
1631,"enh5","ENSG00000174529"
1632,"enh13","ENSG00000114999"
1633,"enh6","ENSG00000104131"
1634,"enh7","ENSG00000079313"
1635,"enh13","ENSG00000106803"
1636,"enh1","ENSG00000181035"
1637,"enh2","ENSG00000064666"
1638,"enh1","ENSG00000213023"
1639,"enh10","ENSG00000130770"
1640,"enh8","ENSG00000148288"
1641,"enh12","ENSG00000125319"
1642,"enh1","ENSG00000107290"
1643,"enh10","ENSG00000129951"
1644,"enh1","ENSG00000115257"
1645,"enh11","ENSG00000213638"
1646,"enh7","ENSG00000196116"
1647,"enh12","ENSG00000175294"
1648,"enh10","ENSG00000119523"
1649,"enh3","ENSG00000117748"
1650,"enh7","ENSG00000136643"
1651,"enh5","ENSG00000180340"
1652,"enh12","ENSG00000235034"
1653,"enh11","ENSG00000167106"
1654,"enh10","ENSG00000174903"
1655,"enh3","ENSG00000069702"
1656,"enh1","ENSG00000117625"
1657,"enh7","ENSG00000103005"
1658,"enh14","ENSG00000120889"
1659,"enh14","ENSG00000069702"
1660,"enh9","ENSG00000172922"
1661,"enh13","ENSG00000148308"
1662,"enh8","ENSG00000099866"
1663,"enh14","ENSG00000104973"
1664,"enh10","ENSG00000105655"
1665,"enh3","ENSG00000136807"
1666,"enh11","ENSG00000175550"
1667,"enh2","ENSG00000122484"
1668,"enh3","ENSG00000065600"
1669,"enh11","ENSG00000131398"
1670,"enh13","ENSG00000204138"
1671,"enh4","ENSG00000186566"
1672,"enh1","ENSG00000099622"
1673,"enh3","ENSG00000144136"
1674,"enh12","ENSG00000183831"
1675,"enh8","ENSG00000099622"
1676,"enh14","ENSG00000204673"
1677,"enh7","ENSG00000149806"
1678,"enh10","ENSG00000108883"
1679,"enh10","ENSG00000182087"
1680,"enh4","ENSG00000110047"
1681,"enh12","ENSG00000107372"
1682,"enh7","ENSG00000120656"
1683,"enh4","ENSG00000160445"
1684,"enh4","ENSG00000174996"
1685,"enh14","ENSG00000158711"
1686,"enh2","ENSG00000177125"
1687,"enh9","ENSG00000254901"
1688,"enh13","ENSG00000105053"
1689,"enh13","ENSG00000162669"
1690,"enh9","ENSG00000136842"
1691,"enh4","ENSG00000099875"
1692,"enh10","ENSG00000143476"
1693,"enh6","ENSG00000125482"
1694,"enh12","ENSG00000188177"
1695,"enh12","ENSG00000163297"
1696,"enh9","ENSG00000131408"
1697,"enh8","ENSG00000130005"
1698,"enh3","ENSG00000136925"
1699,"enh1","ENSG00000136877"
1700,"enh12","ENSG00000071626"
1701,"enh14","ENSG00000182963"
1702,"enh10","ENSG00000070388"
1703,"enh13","ENSG00000006015"
1704,"enh4","ENSG00000133243"
1705,"enh2","ENSG00000134317"
1706,"enh4","ENSG00000130560"
1707,"enh5","ENSG00000136895"
1708,"enh4","ENSG00000142528"
1709,"enh12","ENSG00000228300"
1710,"enh8","ENSG00000117748"
1711,"enh12","ENSG00000069482"
1712,"enh5","ENSG00000136842"
1713,"enh1","ENSG00000165684"
1714,"enh1","ENSG00000149798"
1715,"enh3","ENSG00000125482"
1716,"enh5","ENSG00000173465"
1717,"enh8","ENSG00000142733"
1718,"enh7","ENSG00000162419"
1719,"enh2","ENSG00000161671"
1720,"enh1","ENSG00000119125"
1721,"enh6","ENSG00000174547"
1722,"enh14","ENSG00000115257"
1723,"enh8","ENSG00000168061"
1724,"enh5","ENSG00000140859"
1725,"enh1","ENSG00000160325"
1726,"enh11","ENSG00000117280"
1727,"enh2","ENSG00000130775"
1728,"enh13","ENSG00000051108"
1729,"enh3","ENSG00000173039"
1730,"enh5","ENSG00000174996"
1731,"enh3","ENSG00000138756"
1732,"enh2","ENSG00000136938"
1733,"enh11","ENSG00000175707"
1734,"enh4","ENSG00000180340"
1735,"enh7","ENSG00000180198"
1736,"enh11","ENSG00000107021"
1737,"enh10","ENSG00000136936"
1738,"enh10","ENSG00000172922"
1739,"enh1","ENSG00000204710"
1740,"enh13","ENSG00000126709"
1741,"enh1","ENSG00000119333"
1742,"enh10","ENSG00000136448"
1743,"enh9","ENSG00000095380"
1744,"enh9","ENSG00000115091"
1745,"enh8","ENSG00000117222"
1746,"enh3","ENSG00000136830"
1747,"enh5","ENSG00000117758"
1748,"enh12","ENSG00000136937"
1749,"enh5","ENSG00000009780"
1750,"enh7","ENSG00000066027"
1751,"enh10","ENSG00000171169"
1752,"enh6","ENSG00000168056"
1753,"enh12","ENSG00000133065"
1754,"enh4","ENSG00000198417"
1755,"enh6","ENSG00000161671"
1756,"enh6","ENSG00000135821"
1757,"enh12","ENSG00000064490"
1758,"enh1","ENSG00000197694"
1759,"enh3","ENSG00000185198"
1760,"enh6","ENSG00000172977"
1761,"enh6","ENSG00000165699"
1762,"enh7","ENSG00000115268"
1763,"enh3","ENSG00000173825"
1764,"enh6","ENSG00000165689"
1765,"enh3","ENSG00000173327"
1766,"enh2","ENSG00000070770"
1767,"enh2","ENSG00000125319"
1768,"enh14","ENSG00000174950"
1769,"enh4","ENSG00000125485"
1770,"enh11","ENSG00000125148"
1771,"enh14","ENSG00000108312"
1772,"enh11","ENSG00000169403"
1773,"enh3","ENSG00000182087"
1774,"enh9","ENSG00000105726"
1775,"enh9","ENSG00000136932"
1776,"enh2","ENSG00000103005"
1777,"enh3","ENSG00000235034"
1778,"enh11","ENSG00000119335"
1779,"enh7","ENSG00000070404"
1780,"enh14","ENSG00000168067"
1781,"enh3","ENSG00000172775"
1782,"enh1","ENSG00000136830"
1783,"enh13","ENSG00000148334"
1784,"enh2","ENSG00000064687"
1785,"enh9","ENSG00000122482"
1786,"enh12","ENSG00000120896"
1787,"enh14","ENSG00000136828"
1788,"enh5","ENSG00000135046"
1789,"enh1","ENSG00000235034"
1790,"enh2","ENSG00000108861"
1791,"enh6","ENSG00000153107"
1792,"enh5","ENSG00000144130"
1793,"enh14","ENSG00000069482"
1794,"enh1","ENSG00000106976"
1795,"enh5","ENSG00000120656"
1796,"enh10","ENSG00000057935"
1797,"enh4","ENSG00000105472"
1798,"enh8","ENSG00000134330"
1799,"enh4","ENSG00000115761"
1800,"enh10","ENSG00000102996"
1801,"enh14","ENSG00000174606"
1802,"enh11","ENSG00000155380"
1803,"enh2","ENSG00000169403"
1804,"enh9","ENSG00000104960"
1805,"enh6","ENSG00000136643"
1806,"enh12","ENSG00000087152"
1807,"enh9","ENSG00000117691"
1808,"enh11","ENSG00000119185"
1809,"enh13","ENSG00000174669"
1810,"enh1","ENSG00000167136"
1811,"enh11","ENSG00000104131"
1812,"enh3","ENSG00000131398"
1813,"enh13","ENSG00000064547"
1814,"enh4","ENSG00000082512"
1815,"enh14","ENSG00000148290"
1816,"enh3","ENSG00000102931"
1817,"enh4","ENSG00000159648"
1818,"enh11","ENSG00000148356"
1819,"enh5","ENSG00000196422"
1820,"enh1","ENSG00000125124"
1821,"enh10","ENSG00000147439"
1822,"enh14","ENSG00000135736"
1823,"enh1","ENSG00000110047"
1824,"enh10","ENSG00000133895"
1825,"enh14","ENSG00000204710"
1826,"enh7","ENSG00000162772"
1827,"enh2","ENSG00000117266"
1828,"enh2","ENSG00000182087"
1829,"enh13","ENSG00000160345"
1830,"enh10","ENSG00000146670"
1831,"enh5","ENSG00000091947"
1832,"enh4","ENSG00000147457"
1833,"enh14","ENSG00000162300"
1834,"enh8","ENSG00000119514"
1835,"enh14","ENSG00000160404"
1836,"enh13","ENSG00000174996"
1837,"enh2","ENSG00000115970"
1838,"enh13","ENSG00000009780"
1839,"enh7","ENSG00000105700"
1840,"enh2","ENSG00000117748"
1841,"enh12","ENSG00000160446"
1842,"enh7","ENSG00000175221"
1843,"enh4","ENSG00000198858"
1844,"enh10","ENSG00000172232"
1845,"enh9","ENSG00000153107"
1846,"enh5","ENSG00000172992"
1847,"enh4","ENSG00000136908"
1848,"enh14","ENSG00000175550"
1849,"enh3","ENSG00000160563"
1850,"enh4","ENSG00000165661"
1851,"enh1","ENSG00000095383"
1852,"enh12","ENSG00000064687"
1853,"enh3","ENSG00000130775"
1854,"enh4","ENSG00000100316"
1855,"enh6","ENSG00000198870"
1856,"enh13","ENSG00000168056"
1857,"enh3","ENSG00000126709"
1858,"enh2","ENSG00000167123"
1859,"enh3","ENSG00000175906"
1860,"enh8","ENSG00000189195"
1861,"enh10","ENSG00000152527"
1862,"enh11","ENSG00000064607"
1863,"enh1","ENSG00000174516"
1864,"enh1","ENSG00000117601"
1865,"enh7","ENSG00000108852"
1866,"enh9","ENSG00000064932"
1867,"enh10","ENSG00000187840"
1868,"enh1","ENSG00000161692"
1869,"enh5","ENSG00000107372"
1870,"enh5","ENSG00000071564"
1871,"enh7","ENSG00000213023"
1872,"enh6","ENSG00000012048"
1873,"enh13","ENSG00000189195"
1874,"enh9","ENSG00000140854"
1875,"enh3","ENSG00000196961"
1876,"enh7","ENSG00000104131"
1877,"enh8","ENSG00000181896"
1878,"enh12","ENSG00000197766"
1879,"enh1","ENSG00000186185"
1880,"enh4","ENSG00000103021"
1881,"enh10","ENSG00000168061"
1882,"enh12","ENSG00000196415"
1883,"enh5","ENSG00000181513"
1884,"enh4","ENSG00000148296"
1885,"enh10","ENSG00000204673"
1886,"enh8","ENSG00000163297"
1887,"enh12","ENSG00000159461"
1888,"enh11","ENSG00000131400"
1889,"enh2","ENSG00000169136"
1890,"enh2","ENSG00000235034"
1891,"enh7","ENSG00000159461"
1892,"enh12","ENSG00000185278"
1893,"enh12","ENSG00000067596"
1894,"enh11","ENSG00000135870"
1895,"enh5","ENSG00000102996"
1896,"enh1","ENSG00000099817"
1897,"enh12","ENSG00000122140"
1898,"enh7","ENSG00000136908"
1899,"enh11","ENSG00000165684"
1900,"enh13","ENSG00000105472"
1901,"enh14","ENSG00000068971"
1902,"enh10","ENSG00000102978"
1903,"enh1","ENSG00000136874"
1904,"enh5","ENSG00000147439"
1905,"enh13","ENSG00000140848"
1906,"enh1","ENSG00000126391"
1907,"enh7","ENSG00000165688"
1908,"enh8","ENSG00000068971"
1909,"enh10","ENSG00000197136"
1910,"enh7","ENSG00000186806"
1911,"enh3","ENSG00000125611"
1912,"enh10","ENSG00000105669"
1913,"enh12","ENSG00000175115"
1914,"enh2","ENSG00000011304"
1915,"enh6","ENSG00000167123"
1916,"enh14","ENSG00000161692"
1917,"enh13","ENSG00000185278"
1918,"enh1","ENSG00000006015"
1919,"enh5","ENSG00000071626"
1920,"enh11","ENSG00000130768"
1921,"enh8","ENSG00000172500"
1922,"enh8","ENSG00000119125"
1923,"enh7","ENSG00000130559"
1924,"enh7","ENSG00000175573"
1925,"enh1","ENSG00000160404"
1926,"enh2","ENSG00000142733"
1927,"enh3","ENSG00000147439"
1928,"enh1","ENSG00000064666"
1929,"enh2","ENSG00000196415"
1930,"enh10","ENSG00000133884"
1931,"enh14","ENSG00000130513"
1932,"enh7","ENSG00000173327"
1933,"enh9","ENSG00000198746"
1934,"enh6","ENSG00000174871"
1935,"enh13","ENSG00000186010"
1936,"enh4","ENSG00000105383"
1937,"enh1","ENSG00000161671"
1938,"enh3","ENSG00000161671"
1939,"enh2","ENSG00000213988"
1940,"enh7","ENSG00000158715"
1941,"enh12","ENSG00000162669"
1942,"enh2","ENSG00000115286"
1943,"enh14","ENSG00000172232"
1944,"enh6","ENSG00000125144"
1945,"enh1","ENSG00000117697"
1946,"enh13","ENSG00000147669"
1947,"enh10","ENSG00000130766"
1948,"enh4","ENSG00000165684"
1949,"enh6","ENSG00000102996"
1950,"enh8","ENSG00000171848"
1951,"enh8","ENSG00000011304"
1952,"enh8","ENSG00000161692"
1953,"enh6","ENSG00000176973"
1954,"enh7","ENSG00000173825"
1955,"enh14","ENSG00000196188"
1956,"enh4","ENSG00000117758"
1957,"enh1","ENSG00000182087"
1958,"enh7","ENSG00000087152"
1959,"enh2","ENSG00000115758"
1960,"enh7","ENSG00000241852"
1961,"enh3","ENSG00000115091"
1962,"enh1","ENSG00000129968"
1963,"enh13","ENSG00000148288"
1964,"enh1","ENSG00000125485"
1965,"enh2","ENSG00000066027"
1966,"enh14","ENSG00000117222"
1967,"enh4","ENSG00000198786"
1968,"enh4","ENSG00000115257"
1969,"enh1","ENSG00000172732"
1970,"enh14","ENSG00000103021"
1971,"enh2","ENSG00000099866"
1972,"enh4","ENSG00000115970"
1973,"enh14","ENSG00000104679"
1974,"enh14","ENSG00000070404"
1975,"enh11","ENSG00000099840"
1976,"enh4","ENSG00000185198"
1977,"enh12","ENSG00000140859"
1978,"enh8","ENSG00000122026"
1979,"enh3","ENSG00000105676"
1980,"enh6","ENSG00000173825"
1981,"enh12","ENSG00000185198"
1982,"enh11","ENSG00000116017"
1983,"enh7","ENSG00000097046"
1984,"enh3","ENSG00000135821"
1985,"enh12","ENSG00000204710"
1986,"enh2","ENSG00000250067"
1987,"enh5","ENSG00000115084"
1988,"enh12","ENSG00000165092"
1989,"enh3","ENSG00000108861"
1990,"enh8","ENSG00000241852"
1991,"enh12","ENSG00000122482"
1992,"enh7","ENSG00000136811"
1993,"enh10","ENSG00000125630"
1994,"enh2","ENSG00000165092"
1995,"enh8","ENSG00000129911"
1996,"enh3","ENSG00000172270"
1997,"enh5","ENSG00000204673"
1998,"enh14","ENSG00000153208"
1999,"enh8","ENSG00000126698"
2000,"enh1","ENSG00000126709"
2001,"enh5","ENSG00000160325"
2002,"enh14","ENSG00000254986"
2003,"enh11","ENSG00000187193"
2004,"enh7","ENSG00000213988"
2005,"enh2","ENSG00000106789"
2006,"enh5","ENSG00000213221"
2007,"enh9","ENSG00000198858"
2008,"enh11","ENSG00000180098"
2009,"enh5","ENSG00000160447"
2010,"enh4","ENSG00000117592"
2011,"enh10","ENSG00000181513"
2012,"enh12","ENSG00000158715"
2013,"enh8","ENSG00000143882"
2014,"enh13","ENSG00000129968"
2015,"enh1","ENSG00000130768"
2016,"enh2","ENSG00000125124"
2017,"enh8","ENSG00000174606"
2018,"enh6","ENSG00000102931"
2019,"enh4","ENSG00000105700"
2020,"enh2","ENSG00000120334"
2021,"enh1","ENSG00000104973"
2022,"enh14","ENSG00000213988"
2023,"enh13","ENSG00000057935"
2024,"enh10","ENSG00000148290"
2025,"enh11","ENSG00000131094"
2026,"enh4","ENSG00000147439"
2027,"enh4","ENSG00000167759"
2028,"enh7","ENSG00000123685"
2029,"enh1","ENSG00000133884"
2030,"enh7","ENSG00000174516"
2031,"enh8","ENSG00000104960"
2032,"enh2","ENSG00000197217"
2033,"enh11","ENSG00000125484"
2034,"enh14","ENSG00000167005"
2035,"enh12","ENSG00000160563"
2036,"enh9","ENSG00000180098"
2037,"enh8","ENSG00000198870"
2038,"enh6","ENSG00000165688"
2039,"enh12","ENSG00000105656"
2040,"enh6","ENSG00000175221"
2041,"enh11","ENSG00000125144"
2042,"enh7","ENSG00000122026"
2043,"enh13","ENSG00000196415"
2044,"enh2","ENSG00000125618"
2045,"enh5","ENSG00000160953"
2046,"enh10","ENSG00000189195"
2047,"enh4","ENSG00000131097"
2048,"enh14","ENSG00000165698"
2049,"enh2","ENSG00000186185"
2050,"enh4","ENSG00000130775"
2051,"enh9","ENSG00000160408"
2052,"enh5","ENSG00000130768"
2053,"enh14","ENSG00000188554"
2054,"enh1","ENSG00000160161"
2055,"enh13","ENSG00000115758"
2056,"enh5","ENSG00000223802"
2057,"enh4","ENSG00000148334"
2058,"enh12","ENSG00000158195"
2059,"enh9","ENSG00000168591"
2060,"enh7","ENSG00000136877"
2061,"enh12","ENSG00000160293"
2062,"enh10","ENSG00000117601"
2063,"enh1","ENSG00000108861"
2064,"enh3","ENSG00000106799"
2065,"enh1","ENSG00000103005"
2066,"enh9","ENSG00000088682"
2067,"enh8","ENSG00000168067"
2068,"enh3","ENSG00000105701"
2069,"enh12","ENSG00000010361"
2070,"enh2","ENSG00000099625"
2071,"enh4","ENSG00000135870"
2072,"enh3","ENSG00000156269"
2073,"enh4","ENSG00000005961"
2074,"enh14","ENSG00000115944"
2075,"enh5","ENSG00000069275"
2076,"enh4","ENSG00000117280"
2077,"enh6","ENSG00000099840"
2078,"enh7","ENSG00000106976"
2079,"enh7","ENSG00000141349"
2080,"enh11","ENSG00000008853"
2081,"enh13","ENSG00000196152"
2082,"enh4","ENSG00000133884"
2083,"enh5","ENSG00000213465"
2084,"enh14","ENSG00000144130"
2085,"enh9","ENSG00000160293"
2086,"enh11","ENSG00000167487"
2087,"enh5","ENSG00000136807"
2088,"enh1","ENSG00000013306"
2089,"enh2","ENSG00000197694"
2090,"enh7","ENSG00000176890"
2091,"enh14","ENSG00000104897"
2092,"enh5","ENSG00000160563"
2093,"enh6","ENSG00000168066"
2094,"enh8","ENSG00000120896"
2095,"enh3","ENSG00000130005"
2096,"enh3","ENSG00000153208"
2097,"enh6","ENSG00000070761"
2098,"enh10","ENSG00000105374"
2099,"enh4","ENSG00000122026"
2100,"enh9","ENSG00000117650"
2101,"enh6","ENSG00000091947"
2102,"enh3","ENSG00000161677"
2103,"enh11","ENSG00000129933"
2104,"enh13","ENSG00000180198"
2105,"enh9","ENSG00000197540"
2106,"enh4","ENSG00000253368"
2107,"enh6","ENSG00000142733"
2108,"enh3","ENSG00000198917"
2109,"enh13","ENSG00000136854"
2110,"enh12","ENSG00000196312"
2111,"enh10","ENSG00000013306"
2112,"enh2","ENSG00000097046"
2113,"enh4","ENSG00000064932"
2114,"enh10","ENSG00000142733"
2115,"enh8","ENSG00000262874"
2116,"enh5","ENSG00000148296"
2117,"enh4","ENSG00000171169"
2118,"enh5","ENSG00000104131"
2119,"enh6","ENSG00000130766"
2120,"enh8","ENSG00000175221"
2121,"enh14","ENSG00000087263"
2122,"enh1","ENSG00000136932"
2123,"enh8","ENSG00000108312"
2124,"enh7","ENSG00000126391"
2125,"enh4","ENSG00000256771"
2126,"enh7","ENSG00000172270"
2127,"enh10","ENSG00000122140"
2128,"enh1","ENSG00000064687"
2129,"enh12","ENSG00000136929"
2130,"enh13","ENSG00000117592"
2131,"enh14","ENSG00000169607"
2132,"enh7","ENSG00000171219"
2133,"enh1","ENSG00000142733"
2134,"enh9","ENSG00000105708"
2135,"enh1","ENSG00000079313"
2136,"enh10","ENSG00000228300"
2137,"enh10","ENSG00000163291"
2138,"enh14","ENSG00000136895"
2139,"enh7","ENSG00000082512"
2140,"enh10","ENSG00000141349"
2141,"enh14","ENSG00000122140"
2142,"enh4","ENSG00000134308"
2143,"enh11","ENSG00000071655"
2144,"enh7","ENSG00000197958"
2145,"enh1","ENSG00000172270"
2146,"enh12","ENSG00000099866"
2147,"enh14","ENSG00000184162"
2148,"enh7","ENSG00000105556"
2149,"enh4","ENSG00000175592"
2150,"enh8","ENSG00000174950"
2151,"enh8","ENSG00000136936"
2152,"enh1","ENSG00000254986"
2153,"enh8","ENSG00000090020"
2154,"enh10","ENSG00000140859"
2155,"enh3","ENSG00000197816"
2156,"enh14","ENSG00000136842"
2157,"enh5","ENSG00000119333"
2158,"enh8","ENSG00000005007"
2159,"enh2","ENSG00000158941"
2160,"enh5","ENSG00000143870"
2161,"enh1","ENSG00000142544"
2162,"enh6","ENSG00000147669"
2163,"enh2","ENSG00000108840"
2164,"enh6","ENSG00000181588"
2165,"enh10","ENSG00000143870"
2166,"enh11","ENSG00000123685"
2167,"enh10","ENSG00000262874"
2168,"enh8","ENSG00000175592"
2169,"enh11","ENSG00000174606"
2170,"enh10","ENSG00000160408"
2171,"enh10","ENSG00000130768"
2172,"enh9","ENSG00000005194"
2173,"enh5","ENSG00000198417"
2174,"enh11","ENSG00000136807"
2175,"enh7","ENSG00000142751"
2176,"enh1","ENSG00000064932"
2177,"enh1","ENSG00000176890"
2178,"enh1","ENSG00000115268"
2179,"enh13","ENSG00000196683"
2180,"enh5","ENSG00000198870"
2181,"enh6","ENSG00000182087"
2182,"enh8","ENSG00000176973"
2183,"enh14","ENSG00000105662"
2184,"enh14","ENSG00000169403"
2185,"enh13","ENSG00000213638"
2186,"enh2","ENSG00000175467"
2187,"enh9","ENSG00000087263"
2188,"enh2","ENSG00000105676"
2189,"enh5","ENSG00000105705"
2190,"enh12","ENSG00000151694"
2191,"enh5","ENSG00000106803"
2192,"enh12","ENSG00000162878"
2193,"enh1","ENSG00000115756"
2194,"enh5","ENSG00000125482"
2195,"enh9","ENSG00000174276"
2196,"enh7","ENSG00000115255"
2197,"enh3","ENSG00000107290"
2198,"enh3","ENSG00000130768"
2199,"enh4","ENSG00000148300"
2200,"enh11","ENSG00000136840"
2201,"enh6","ENSG00000144134"
2202,"enh9","ENSG00000160404"
2203,"enh12","ENSG00000133275"
2204,"enh4","ENSG00000196312"
2205,"enh3","ENSG00000133895"
2206,"enh4","ENSG00000116014"
2207,"enh2","ENSG00000162300"
2208,"enh8","ENSG00000125319"
2209,"enh11","ENSG00000105656"
2210,"enh1","ENSG00000107021"
2211,"enh14","ENSG00000115756"
2212,"enh4","ENSG00000162873"
2213,"enh12","ENSG00000147457"
2214,"enh8","ENSG00000125148"
2215,"enh12","ENSG00000160360"
2216,"enh11","ENSG00000174851"
2217,"enh11","ENSG00000136643"
2218,"enh1","ENSG00000174842"
2219,"enh5","ENSG00000064787"
2220,"enh5","ENSG00000066027"
2221,"enh9","ENSG00000162878"
2222,"enh13","ENSG00000167113"
2223,"enh8","ENSG00000125484"
2224,"enh13","ENSG00000130775"
2225,"enh4","ENSG00000187024"
2226,"enh11","ENSG00000130511"
2227,"enh11","ENSG00000105701"
2228,"enh13","ENSG00000142530"
2229,"enh4","ENSG00000147669"
2230,"enh5","ENSG00000106785"
2231,"enh1","ENSG00000125148"
2232,"enh1","ENSG00000065268"
2233,"enh14","ENSG00000115091"
2234,"enh11","ENSG00000176973"
2235,"enh12","ENSG00000065268"
2236,"enh14","ENSG00000141933"
2237,"enh5","ENSG00000099625"
2238,"enh9","ENSG00000099875"
2239,"enh10","ENSG00000105696"
2240,"enh4","ENSG00000180329"
2241,"enh14","ENSG00000161647"
2242,"enh1","ENSG00000130270"
2243,"enh1","ENSG00000173442"
2244,"enh12","ENSG00000104897"
2245,"enh10","ENSG00000155380"
2246,"enh9","ENSG00000030582"
2247,"enh8","ENSG00000106785"
2248,"enh6","ENSG00000185761"
2249,"enh8","ENSG00000148290"
2250,"enh7","ENSG00000101132"
2251,"enh9","ENSG00000196312"
2252,"enh13","ENSG00000161671"
2253,"enh13","ENSG00000097046"
2254,"enh11","ENSG00000070404"
2255,"enh2","ENSG00000204710"
2256,"enh10","ENSG00000160325"
2257,"enh11","ENSG00000167112"
2258,"enh12","ENSG00000115286"
2259,"enh2","ENSG00000221983"
2260,"enh3","ENSG00000250067"
2261,"enh13","ENSG00000170385"
2262,"enh5","ENSG00000253368"
2263,"enh2","ENSG00000136937"
2264,"enh13","ENSG00000213221"
2265,"enh3","ENSG00000174871"
2266,"enh2","ENSG00000125485"
2267,"enh12","ENSG00000144134"
2268,"enh9","ENSG00000174903"
2269,"enh14","ENSG00000136877"
2270,"enh8","ENSG00000071626"
2271,"enh4","ENSG00000167112"
2272,"enh14","ENSG00000125637"
2273,"enh11","ENSG00000125618"
2274,"enh11","ENSG00000183831"
2275,"enh13","ENSG00000105556"
2276,"enh11","ENSG00000166188"
2277,"enh4","ENSG00000123685"
2278,"enh9","ENSG00000148337"
2279,"enh14","ENSG00000130270"
2280,"enh12","ENSG00000117601"
2281,"enh14","ENSG00000105700"
2282,"enh11","ENSG00000108312"
2283,"enh8","ENSG00000221983"
2284,"enh14","ENSG00000172500"
2285,"enh5","ENSG00000115758"
2286,"enh14","ENSG00000067596"
2287,"enh5","ENSG00000064547"
2288,"enh6","ENSG00000158941"
2289,"enh11","ENSG00000241852"
2290,"enh5","ENSG00000174903"
2291,"enh2","ENSG00000006015"
2292,"enh2","ENSG00000204673"
2293,"enh8","ENSG00000107372"
2294,"enh12","ENSG00000148334"
2295,"enh14","ENSG00000148297"
2296,"enh6","ENSG00000129968"
2297,"enh9","ENSG00000180329"
2298,"enh7","ENSG00000204673"
2299,"enh8","ENSG00000105656"
2300,"enh10","ENSG00000149809"
2301,"enh12","ENSG00000187840"
2302,"enh11","ENSG00000087152"
2303,"enh7","ENSG00000115756"
2304,"enh7","ENSG00000163297"
2305,"enh1","ENSG00000148334"
2306,"enh12","ENSG00000160325"
2307,"enh3","ENSG00000142784"
2308,"enh6","ENSG00000149798"
2309,"enh10","ENSG00000108852"
2310,"enh9","ENSG00000198417"
2311,"enh6","ENSG00000066027"
2312,"enh5","ENSG00000173825"
2313,"enh3","ENSG00000213465"
2314,"enh9","ENSG00000099866"
2315,"enh1","ENSG00000173825"
2316,"enh6","ENSG00000196550"
2317,"enh10","ENSG00000131097"
2318,"enh3","ENSG00000149806"
2319,"enh1","ENSG00000116014"
2320,"enh6","ENSG00000089639"
2321,"enh6","ENSG00000105726"
2322,"enh12","ENSG00000068831"
2323,"enh1","ENSG00000160445"
2324,"enh11","ENSG00000185278"
2325,"enh3","ENSG00000197766"
2326,"enh14","ENSG00000136807"
2327,"enh3","ENSG00000102900"
2328,"enh2","ENSG00000134318"
2329,"enh8","ENSG00000213024"
2330,"enh5","ENSG00000241852"
2331,"enh2","ENSG00000172732"
2332,"enh6","ENSG00000149809"
2333,"enh2","ENSG00000051108"
2334,"enh3","ENSG00000184988"
2335,"enh13","ENSG00000095383"
2336,"enh10","ENSG00000136877"
2337,"enh4","ENSG00000064545"
2338,"enh10","ENSG00000148356"
2339,"enh4","ENSG00000175573"
2340,"enh3","ENSG00000104960"
2341,"enh5","ENSG00000129933"
2342,"enh5","ENSG00000167112"
2343,"enh14","ENSG00000097046"
2344,"enh3","ENSG00000152527"
2345,"enh2","ENSG00000133895"
2346,"enh10","ENSG00000167136"
2347,"enh3","ENSG00000158161"
2348,"enh14","ENSG00000138756"
2349,"enh9","ENSG00000125637"
2350,"enh8","ENSG00000136643"
2351,"enh7","ENSG00000171940"
2352,"enh8","ENSG00000005194"
2353,"enh4","ENSG00000162241"
2354,"enh12","ENSG00000119392"
2355,"enh9","ENSG00000197958"
2356,"enh12","ENSG00000167110"
2357,"enh3","ENSG00000167005"
2358,"enh13","ENSG00000253368"
2359,"enh5","ENSG00000105676"
2360,"enh5","ENSG00000099624"
2361,"enh2","ENSG00000136828"
2362,"enh9","ENSG00000165702"
2363,"enh12","ENSG00000160326"
2364,"enh9","ENSG00000180198"
2365,"enh4","ENSG00000172977"
2366,"enh7","ENSG00000117758"
2367,"enh3","ENSG00000165688"
2368,"enh3","ENSG00000089639"
2369,"enh10","ENSG00000203705"
2370,"enh4","ENSG00000070404"
2371,"enh4","ENSG00000178093"
2372,"enh9","ENSG00000064787"
2373,"enh1","ENSG00000165661"
2374,"enh5","ENSG00000117691"
2375,"enh4","ENSG00000159461"
2376,"enh2","ENSG00000091947"
2377,"enh4","ENSG00000158715"
2378,"enh1","ENSG00000221983"
2379,"enh10","ENSG00000176890"
2380,"enh13","ENSG00000153208"
2381,"enh8","ENSG00000181773"
2382,"enh7","ENSG00000148300"
2383,"enh12","ENSG00000152527"
2384,"enh8","ENSG00000160408"
2385,"enh14","ENSG00000156269"
2386,"enh12","ENSG00000138756"
2387,"enh8","ENSG00000135046"
2388,"enh14","ENSG00000197816"
2389,"enh7","ENSG00000144134"
2390,"enh5","ENSG00000175602"
2391,"enh7","ENSG00000163291"
2392,"enh5","ENSG00000129911"
2393,"enh13","ENSG00000171940"
2394,"enh14","ENSG00000159579"
2395,"enh13","ENSG00000071564"
2396,"enh2","ENSG00000005961"
2397,"enh1","ENSG00000104897"
2398,"enh3","ENSG00000196188"
2399,"enh4","ENSG00000079313"
2400,"enh8","ENSG00000169607"
2401,"enh4","ENSG00000130270"
2402,"enh10","ENSG00000123684"
2403,"enh5","ENSG00000087365"
2404,"enh12","ENSG00000161647"
2405,"enh2","ENSG00000213638"
2406,"enh9","ENSG00000131400"
2407,"enh11","ENSG00000160408"
2408,"enh12","ENSG00000161654"
2409,"enh11","ENSG00000141349"
2410,"enh1","ENSG00000136643"
2411,"enh13","ENSG00000088682"
2412,"enh12","ENSG00000167005"
2413,"enh14","ENSG00000099840"
2414,"enh12","ENSG00000148339"
2415,"enh14","ENSG00000167748"
2416,"enh1","ENSG00000149823"
2417,"enh9","ENSG00000181773"
2418,"enh3","ENSG00000066027"
2419,"enh12","ENSG00000162300"
2420,"enh11","ENSG00000185761"
2421,"enh10","ENSG00000105662"
2422,"enh13","ENSG00000181781"
2423,"enh5","ENSG00000198746"
2424,"enh14","ENSG00000175294"
2425,"enh7","ENSG00000108309"
2426,"enh12","ENSG00000064787"
2427,"enh4","ENSG00000161682"
2428,"enh1","ENSG00000115255"
2429,"enh5","ENSG00000133059"
2430,"enh7","ENSG00000130775"
2431,"enh2","ENSG00000127540"
2432,"enh3","ENSG00000155380"
2433,"enh9","ENSG00000115286"
2434,"enh3","ENSG00000180098"
2435,"enh13","ENSG00000125485"
2436,"enh5","ENSG00000142528"
2437,"enh13","ENSG00000065600"
2438,"enh5","ENSG00000119392"
2439,"enh7","ENSG00000213445"
2440,"enh2","ENSG00000253368"
2441,"enh12","ENSG00000176973"
2442,"enh10","ENSG00000141933"
2443,"enh13","ENSG00000186501"
2444,"enh13","ENSG00000115255"
2445,"enh12","ENSG00000181513"
2446,"enh9","ENSG00000105379"
2447,"enh3","ENSG00000117697"
2448,"enh14","ENSG00000138772"
2449,"enh5","ENSG00000171848"
2450,"enh2","ENSG00000105472"
2451,"enh12","ENSG00000129968"
2452,"enh1","ENSG00000136854"
2453,"enh1","ENSG00000014216"
2454,"enh5","ENSG00000068971"
2455,"enh5","ENSG00000125170"
2456,"enh7","ENSG00000140848"
2457,"enh1","ENSG00000174903"
2458,"enh4","ENSG00000152518"
2459,"enh10","ENSG00000125170"
2460,"enh5","ENSG00000153107"
2461,"enh12","ENSG00000105696"
2462,"enh8","ENSG00000120334"
2463,"enh10","ENSG00000165688"
2464,"enh7","ENSG00000131094"
2465,"enh9","ENSG00000148334"
2466,"enh14","ENSG00000148303"
2467,"enh5","ENSG00000167113"
2468,"enh10","ENSG00000143882"
2469,"enh13","ENSG00000133069"
2470,"enh11","ENSG00000117222"
2471,"enh7","ENSG00000167113"
2472,"enh8","ENSG00000170385"
2473,"enh11","ENSG00000064547"
2474,"enh14","ENSG00000250067"
2475,"enh1","ENSG00000167114"
2476,"enh1","ENSG00000102934"
2477,"enh9","ENSG00000158161"
2478,"enh11","ENSG00000160293"
2479,"enh12","ENSG00000167123"
2480,"enh3","ENSG00000099821"
2481,"enh7","ENSG00000090020"
2482,"enh14","ENSG00000175602"
2483,"enh6","ENSG00000117691"
2484,"enh5","ENSG00000013306"
2485,"enh1","ENSG00000140848"
2486,"enh9","ENSG00000135046"
2487,"enh6","ENSG00000051128"
2488,"enh1","ENSG00000262874"
2489,"enh6","ENSG00000197816"
2490,"enh3","ENSG00000148248"
2491,"enh7","ENSG00000158195"
2492,"enh12","ENSG00000186501"
2493,"enh4","ENSG00000162419"
2494,"enh9","ENSG00000136908"
2495,"enh12","ENSG00000133059"
2496,"enh2","ENSG00000117280"
2497,"enh8","ENSG00000107290"
2498,"enh13","ENSG00000158161"
2499,"enh8","ENSG00000012048"
2500,"enh10","ENSG00000142751"
2501,"enh13","ENSG00000136830"
2502,"enh11","ENSG00000158711"
2503,"enh3","ENSG00000172059"
2504,"enh12","ENSG00000115084"
2505,"enh13","ENSG00000172232"
2506,"enh4","ENSG00000136840"
2507,"enh5","ENSG00000204291"
2508,"enh7","ENSG00000235034"
2509,"enh13","ENSG00000120334"
2510,"enh8","ENSG00000254470"
2511,"enh5","ENSG00000197136"
2512,"enh9","ENSG00000167112"
2513,"enh13","ENSG00000130511"
2514,"enh3","ENSG00000165661"
2515,"enh13","ENSG00000104897"
2516,"enh8","ENSG00000186566"
2517,"enh10","ENSG00000064787"
2518,"enh10","ENSG00000136830"
2519,"enh10","ENSG00000197694"
2520,"enh12","ENSG00000118046"
2521,"enh7","ENSG00000071626"
2522,"enh14","ENSG00000174516"
2523,"enh2","ENSG00000104960"
2524,"enh11","ENSG00000174744"
2525,"enh12","ENSG00000177125"
2526,"enh4","ENSG00000117625"
2527,"enh2","ENSG00000057935"
2528,"enh13","ENSG00000136938"
2529,"enh12","ENSG00000104886"
2530,"enh13","ENSG00000119335"
2531,"enh2","ENSG00000197816"
2532,"enh2","ENSG00000099875"
2533,"enh14","ENSG00000105053"
2534,"enh2","ENSG00000110047"
2535,"enh12","ENSG00000168056"
2536,"enh5","ENSG00000172922"
2537,"enh3","ENSG00000070404"
2538,"enh2","ENSG00000254470"
2539,"enh6","ENSG00000070404"
2540,"enh5","ENSG00000108883"
2541,"enh9","ENSG00000241852"
2542,"enh1","ENSG00000065600"
2543,"enh13","ENSG00000130559"
2544,"enh9","ENSG00000066027"
2545,"enh10","ENSG00000158161"
2546,"enh13","ENSG00000102996"
2547,"enh2","ENSG00000125148"
2548,"enh3","ENSG00000136874"
2549,"enh6","ENSG00000142765"
2550,"enh2","ENSG00000196683"
2551,"enh9","ENSG00000198870"
2552,"enh5","ENSG00000160293"
2553,"enh10","ENSG00000148300"
2554,"enh5","ENSG00000180198"
2555,"enh9","ENSG00000134317"
2556,"enh9","ENSG00000105705"
2557,"enh3","ENSG00000104689"
2558,"enh5","ENSG00000134308"
2559,"enh11","ENSG00000198840"
2560,"enh1","ENSG00000187840"
2561,"enh9","ENSG00000169403"
2562,"enh11","ENSG00000131097"
2563,"enh7","ENSG00000196961"
2564,"enh2","ENSG00000136448"
2565,"enh8","ENSG00000126709"
2566,"enh11","ENSG00000167747"
2567,"enh8","ENSG00000196550"
2568,"enh4","ENSG00000102934"
2569,"enh6","ENSG00000106803"
2570,"enh7","ENSG00000125124"
2571,"enh2","ENSG00000162241"
2572,"enh7","ENSG00000198858"
2573,"enh11","ENSG00000117751"
2574,"enh7","ENSG00000176973"
2575,"enh2","ENSG00000105671"
2576,"enh4","ENSG00000165092"
2577,"enh3","ENSG00000095383"
2578,"enh8","ENSG00000213638"
2579,"enh13","ENSG00000223802"
2580,"enh7","ENSG00000161654"
2581,"enh6","ENSG00000143882"
2582,"enh12","ENSG00000172775"
2583,"enh9","ENSG00000143882"
2584,"enh8","ENSG00000167106"
2585,"enh11","ENSG00000144161"
2586,"enh6","ENSG00000087152"
2587,"enh2","ENSG00000142186"
2588,"enh7","ENSG00000198917"
2589,"enh11","ENSG00000213023"
2590,"enh7","ENSG00000117280"
2591,"enh4","ENSG00000180448"
2592,"enh7","ENSG00000102931"
2593,"enh3","ENSG00000168062"
2594,"enh8","ENSG00000070770"
2595,"enh14","ENSG00000198917"
2596,"enh9","ENSG00000110047"
2597,"enh11","ENSG00000148297"
2598,"enh13","ENSG00000175376"
2599,"enh8","ENSG00000181781"
2600,"enh13","ENSG00000163297"
2601,"enh11","ENSG00000161647"
2602,"enh5","ENSG00000175573"
2603,"enh8","ENSG00000099875"
2604,"enh14","ENSG00000172732"
2605,"enh10","ENSG00000186806"
2606,"enh9","ENSG00000148297"
2607,"enh10","ENSG00000099866"
2608,"enh1","ENSG00000129933"
2609,"enh2","ENSG00000134330"
2610,"enh12","ENSG00000108840"
2611,"enh3","ENSG00000141349"
2612,"enh10","ENSG00000127540"
2613,"enh14","ENSG00000130511"
2614,"enh8","ENSG00000148300"
2615,"enh4","ENSG00000107372"
2616,"enh3","ENSG00000144134"
2617,"enh7","ENSG00000168061"
2618,"enh9","ENSG00000130270"
2619,"enh1","ENSG00000147439"
2620,"enh10","ENSG00000064607"
2621,"enh10","ENSG00000172081"
2622,"enh1","ENSG00000181513"
2623,"enh14","ENSG00000175707"
2624,"enh4","ENSG00000133069"
2625,"enh4","ENSG00000009780"
2626,"enh2","ENSG00000105708"
2627,"enh13","ENSG00000167468"
2628,"enh12","ENSG00000082512"
2629,"enh11","ENSG00000181773"
2630,"enh8","ENSG00000115268"
2631,"enh12","ENSG00000130005"
2632,"enh14","ENSG00000168591"
2633,"enh1","ENSG00000088682"
2634,"enh10","ENSG00000131409"
2635,"enh2","ENSG00000148308"
2636,"enh4","ENSG00000130768"
2637,"enh3","ENSG00000181773"
2638,"enh5","ENSG00000105655"
2639,"enh9","ENSG00000147439"
2640,"enh13","ENSG00000105717"
2641,"enh5","ENSG00000129951"
2642,"enh14","ENSG00000102934"
2643,"enh13","ENSG00000149798"
2644,"enh10","ENSG00000148296"
2645,"enh8","ENSG00000100316"
2646,"enh2","ENSG00000142528"
2647,"enh9","ENSG00000155380"
2648,"enh4","ENSG00000169403"
2649,"enh14","ENSG00000108861"
2650,"enh8","ENSG00000116014"
2651,"enh6","ENSG00000253368"
2652,"enh6","ENSG00000010361"
2653,"enh3","ENSG00000126698"
2654,"enh14","ENSG00000181773"
2655,"enh13","ENSG00000125637"
2656,"enh5","ENSG00000196312"
2657,"enh5","ENSG00000162878"
2658,"enh3","ENSG00000196422"
2659,"enh6","ENSG00000204673"
2660,"enh5","ENSG00000213024"
2661,"enh12","ENSG00000136895"
2662,"enh5","ENSG00000143476"
2663,"enh6","ENSG00000105374"
2664,"enh4","ENSG00000148291"
2665,"enh4","ENSG00000106976"
2666,"enh6","ENSG00000167491"
2667,"enh14","ENSG00000197694"
2668,"enh5","ENSG00000167487"
2669,"enh6","ENSG00000213638"
2670,"enh4","ENSG00000129911"
2671,"enh13","ENSG00000117625"
2672,"enh3","ENSG00000067596"
2673,"enh9","ENSG00000067596"
2674,"enh9","ENSG00000119125"
2675,"enh4","ENSG00000090020"
2676,"enh13","ENSG00000115750"
2677,"enh8","ENSG00000227500"
2678,"enh9","ENSG00000175376"
2679,"enh3","ENSG00000187193"
2680,"enh12","ENSG00000160345"
2681,"enh6","ENSG00000162976"
2682,"enh4","ENSG00000174842"
2683,"enh4","ENSG00000172922"
2684,"enh11","ENSG00000148300"
2685,"enh6","ENSG00000119125"
2686,"enh2","ENSG00000133243"
2687,"enh4","ENSG00000148308"
2688,"enh9","ENSG00000175602"
2689,"enh5","ENSG00000103005"
2690,"enh1","ENSG00000146670"
2691,"enh13","ENSG00000142186"
2692,"enh11","ENSG00000108852"
2693,"enh1","ENSG00000129951"
2694,"enh13","ENSG00000138756"
2695,"enh4","ENSG00000148411"
2696,"enh12","ENSG00000161682"
2697,"enh3","ENSG00000175221"
2698,"enh3","ENSG00000148297"
2699,"enh14","ENSG00000136908"
2700,"enh1","ENSG00000172977"
2701,"enh14","ENSG00000140848"
2702,"enh2","ENSG00000168062"
2703,"enh10","ENSG00000175334"
2704,"enh7","ENSG00000108840"
2705,"enh13","ENSG00000185198"
2706,"enh12","ENSG00000167487"
2707,"enh9","ENSG00000156269"
2708,"enh10","ENSG00000175906"
2709,"enh14","ENSG00000122026"
2710,"enh1","ENSG00000161647"
2711,"enh14","ENSG00000110046"
2712,"enh11","ENSG00000254470"
2713,"enh4","ENSG00000213023"
2714,"enh3","ENSG00000105383"
2715,"enh14","ENSG00000115761"
2716,"enh8","ENSG00000117691"
2717,"enh3","ENSG00000171159"
2718,"enh9","ENSG00000173442"
2719,"enh12","ENSG00000108849"
2720,"enh2","ENSG00000136943"
2721,"enh10","ENSG00000167113"
2722,"enh6","ENSG00000148339"
2723,"enh8","ENSG00000103021"
2724,"enh14","ENSG00000180340"
2725,"enh9","ENSG00000108312"
2726,"enh5","ENSG00000181035"
2727,"enh14","ENSG00000177125"
2728,"enh9","ENSG00000144130"
2729,"enh4","ENSG00000171159"
2730,"enh10","ENSG00000133069"
2731,"enh10","ENSG00000204138"
2732,"enh7","ENSG00000175906"
2733,"enh5","ENSG00000174669"
2734,"enh12","ENSG00000090273"
2735,"enh14","ENSG00000099625"
2736,"enh12","ENSG00000104973"
2737,"enh1","ENSG00000106799"
2738,"enh7","ENSG00000181773"
2739,"enh6","ENSG00000162878"
2740,"enh14","ENSG00000158941"
2741,"enh1","ENSG00000105556"
2742,"enh14","ENSG00000136938"
2743,"enh8","ENSG00000175707"
2744,"enh11","ENSG00000153214"
2745,"enh4","ENSG00000126705"
2746,"enh6","ENSG00000006016"
2747,"enh3","ENSG00000148291"
2748,"enh8","ENSG00000186501"
2749,"enh2","ENSG00000104946"
2750,"enh5","ENSG00000108309"
2751,"enh1","ENSG00000163291"
2752,"enh13","ENSG00000188554"
2753,"enh14","ENSG00000189195"
2754,"enh4","ENSG00000102978"
2755,"enh7","ENSG00000120334"
2756,"enh14","ENSG00000165699"
2757,"enh6","ENSG00000169403"
2758,"enh11","ENSG00000162669"
2759,"enh3","ENSG00000123685"
2760,"enh14","ENSG00000071655"
2761,"enh8","ENSG00000115761"
2762,"enh4","ENSG00000172992"
2763,"enh11","ENSG00000180198"
2764,"enh4","ENSG00000129933"
2765,"enh7","ENSG00000165689"
2766,"enh7","ENSG00000160325"
2767,"enh10","ENSG00000148248"
2768,"enh14","ENSG00000064490"
2769,"enh13","ENSG00000158941"
2770,"enh3","ENSG00000133059"
2771,"enh2","ENSG00000141934"
2772,"enh8","ENSG00000099804"
2773,"enh12","ENSG00000134318"
2774,"enh11","ENSG00000133065"
2775,"enh7","ENSG00000136828"
2776,"enh1","ENSG00000213445"
2777,"enh11","ENSG00000057935"
2778,"enh10","ENSG00000168056"
2779,"enh11","ENSG00000175334"
2780,"enh5","ENSG00000014138"
2781,"enh13","ENSG00000134318"
2782,"enh11","ENSG00000125124"
2783,"enh11","ENSG00000010361"
2784,"enh4","ENSG00000102996"
2785,"enh13","ENSG00000141934"
2786,"enh7","ENSG00000142784"
2787,"enh8","ENSG00000174529"
2788,"enh3","ENSG00000196152"
2789,"enh12","ENSG00000064545"
2790,"enh5","ENSG00000160345"
2791,"enh7","ENSG00000115758"
2792,"enh1","ENSG00000148339"
2793,"enh12","ENSG00000105708"
2794,"enh1","ENSG00000105497"
2795,"enh6","ENSG00000186010"
2796,"enh14","ENSG00000064547"
2797,"enh12","ENSG00000198858"
2798,"enh13","ENSG00000064607"
2799,"enh5","ENSG00000136811"
2800,"enh9","ENSG00000153214"
2801,"enh9","ENSG00000118046"
2802,"enh11","ENSG00000167103"
2803,"enh10","ENSG00000173327"
2804,"enh2","ENSG00000099622"
2805,"enh10","ENSG00000198840"
2806,"enh3","ENSG00000166188"
2807,"enh8","ENSG00000142528"
2808,"enh6","ENSG00000254470"
2809,"enh3","ENSG00000159648"
2810,"enh10","ENSG00000064545"
2811,"enh4","ENSG00000125319"
2812,"enh5","ENSG00000005961"
2813,"enh6","ENSG00000169288"
2814,"enh10","ENSG00000165661"
2815,"enh6","ENSG00000107021"
2816,"enh14","ENSG00000182087"
2817,"enh6","ENSG00000108852"
2818,"enh12","ENSG00000119335"
2819,"enh12","ENSG00000119523"
2820,"enh7","ENSG00000153214"
2821,"enh1","ENSG00000175832"
2822,"enh1","ENSG00000227500"
2823,"enh5","ENSG00000171159"
2824,"enh12","ENSG00000165661"
2825,"enh11","ENSG00000136682"
2826,"enh2","ENSG00000172775"
2827,"enh1","ENSG00000107372"
2828,"enh7","ENSG00000167118"
2829,"enh14","ENSG00000186010"
2830,"enh3","ENSG00000120656"
2831,"enh11","ENSG00000147439"
2832,"enh9","ENSG00000196188"
2833,"enh4","ENSG00000196422"
2834,"enh6","ENSG00000125170"
2835,"enh3","ENSG00000136943"
2836,"enh12","ENSG00000172757"
2837,"enh10","ENSG00000106976"
2838,"enh3","ENSG00000162300"
2839,"enh14","ENSG00000167118"
2840,"enh12","ENSG00000213221"
2841,"enh8","ENSG00000105696"
2842,"enh3","ENSG00000130766"
2843,"enh13","ENSG00000158195"
2844,"enh2","ENSG00000155380"
2845,"enh7","ENSG00000091947"
2846,"enh4","ENSG00000136854"
2847,"enh6","ENSG00000171848"
2848,"enh14","ENSG00000104960"
2849,"enh1","ENSG00000175854"
2850,"enh1","ENSG00000106789"
2851,"enh2","ENSG00000172922"
2852,"enh6","ENSG00000122140"
2853,"enh12","ENSG00000116017"
2854,"enh1","ENSG00000174276"
2855,"enh8","ENSG00000138756"
2856,"enh9","ENSG00000148356"
2857,"enh1","ENSG00000174996"
2858,"enh9","ENSG00000184162"
2859,"enh12","ENSG00000136908"
2860,"enh11","ENSG00000099875"
2861,"enh6","ENSG00000122026"
2862,"enh13","ENSG00000076321"
2863,"enh8","ENSG00000148411"
2864,"enh9","ENSG00000183831"
2865,"enh4","ENSG00000010361"
2866,"enh11","ENSG00000064932"
2867,"enh9","ENSG00000039650"
2868,"enh3","ENSG00000010361"
2869,"enh3","ENSG00000167114"
2870,"enh5","ENSG00000125618"
2871,"enh11","ENSG00000165689"
2872,"enh13","ENSG00000175592"
2873,"enh2","ENSG00000158195"
2874,"enh8","ENSG00000162241"
2875,"enh9","ENSG00000123685"
2876,"enh6","ENSG00000175592"
2877,"enh2","ENSG00000117650"
2878,"enh9","ENSG00000069702"
2879,"enh10","ENSG00000105497"
2880,"enh10","ENSG00000172500"
2881,"enh14","ENSG00000136925"
2882,"enh10","ENSG00000167759"
2883,"enh9","ENSG00000134330"
2884,"enh5","ENSG00000144136"
2885,"enh8","ENSG00000253368"
2886,"enh1","ENSG00000136929"
2887,"enh4","ENSG00000172270"
2888,"enh9","ENSG00000168062"
2889,"enh10","ENSG00000142530"
2890,"enh7","ENSG00000129911"
2891,"enh4","ENSG00000143870"
2892,"enh10","ENSG00000125124"
2893,"enh2","ENSG00000173327"
2894,"enh9","ENSG00000144161"
2895,"enh2","ENSG00000087152"
2896,"enh11","ENSG00000141933"
2897,"enh10","ENSG00000117592"
2898,"enh1","ENSG00000149792"
2899,"enh1","ENSG00000165138"
2900,"enh1","ENSG00000133275"
2901,"enh10","ENSG00000151694"
2902,"enh7","ENSG00000039650"
2903,"enh7","ENSG00000064545"
2904,"enh12","ENSG00000069702"
2905,"enh3","ENSG00000196550"
2906,"enh6","ENSG00000187840"
2907,"enh4","ENSG00000168591"
2908,"enh1","ENSG00000142528"
2909,"enh11","ENSG00000106799"
2910,"enh5","ENSG00000004939"
2911,"enh6","ENSG00000213465"
2912,"enh3","ENSG00000108312"
2913,"enh5","ENSG00000165684"
2914,"enh10","ENSG00000171848"
2915,"enh8","ENSG00000143493"
2916,"enh5","ENSG00000185278"
2917,"enh4","ENSG00000130005"
2918,"enh2","ENSG00000115084"
2919,"enh6","ENSG00000153208"
2920,"enh5","ENSG00000159461"
2921,"enh4","ENSG00000119185"
2922,"enh10","ENSG00000174851"
2923,"enh9","ENSG00000125170"
2924,"enh9","ENSG00000160325"
2925,"enh14","ENSG00000106991"
2926,"enh14","ENSG00000183831"
2927,"enh12","ENSG00000065000"
2928,"enh7","ENSG00000095383"
2929,"enh13","ENSG00000228300"
2930,"enh11","ENSG00000204291"
2931,"enh7","ENSG00000175550"
2932,"enh6","ENSG00000140848"
2933,"enh6","ENSG00000099804"
2934,"enh7","ENSG00000197540"
2935,"enh7","ENSG00000196415"
2936,"enh2","ENSG00000135821"
2937,"enh1","ENSG00000162772"
2938,"enh11","ENSG00000142765"
2939,"enh7","ENSG00000122482"
2940,"enh1","ENSG00000130766"
2941,"enh5","ENSG00000110046"
2942,"enh2","ENSG00000130770"
2943,"enh5","ENSG00000064545"
2944,"enh14","ENSG00000143476"
2945,"enh6","ENSG00000198840"
2946,"enh4","ENSG00000103005"
2947,"enh6","ENSG00000152527"
2948,"enh10","ENSG00000117650"
2949,"enh11","ENSG00000158941"
2950,"enh13","ENSG00000138036"
2951,"enh6","ENSG00000203705"
2952,"enh14","ENSG00000213445"
2953,"enh6","ENSG00000180448"
2954,"enh4","ENSG00000120656"
2955,"enh5","ENSG00000187024"
2956,"enh5","ENSG00000142733"
2957,"enh13","ENSG00000108861"
2958,"enh6","ENSG00000122484"
2959,"enh14","ENSG00000166188"
2960,"enh11","ENSG00000130770"
2961,"enh11","ENSG00000108861"
2962,"enh4","ENSG00000162669"
2963,"enh13","ENSG00000180098"
2964,"enh14","ENSG00000099817"
2965,"enh2","ENSG00000064547"
2966,"enh10","ENSG00000136943"
2967,"enh6","ENSG00000106789"
2968,"enh8","ENSG00000120656"
2969,"enh3","ENSG00000140859"
2970,"enh1","ENSG00000131094"
2971,"enh12","ENSG00000160953"
2972,"enh8","ENSG00000131097"
2973,"enh10","ENSG00000197766"
2974,"enh5","ENSG00000175376"
2975,"enh3","ENSG00000125124"
2976,"enh2","ENSG00000175602"
2977,"enh8","ENSG00000126391"
2978,"enh9","ENSG00000160345"
2979,"enh9","ENSG00000108840"
2980,"enh10","ENSG00000171159"
2981,"enh12","ENSG00000102978"
2982,"enh13","ENSG00000099804"
2983,"enh9","ENSG00000064545"
2984,"enh8","ENSG00000167103"
2985,"enh9","ENSG00000172081"
2986,"enh12","ENSG00000066027"
2987,"enh1","ENSG00000133069"
2988,"enh8","ENSG00000131409"
2989,"enh14","ENSG00000126698"
2990,"enh2","ENSG00000172081"
2991,"enh12","ENSG00000105701"
2992,"enh13","ENSG00000180329"
2993,"enh12","ENSG00000197136"
2994,"enh11","ENSG00000130559"
2995,"enh5","ENSG00000126391"
2996,"enh13","ENSG00000172081"
2997,"enh14","ENSG00000066027"
2998,"enh5","ENSG00000197958"
2999,"enh4","ENSG00000129951"
3000,"enh6","ENSG00000167103"
3001,"enh2","ENSG00000173465"
3002,"enh13","ENSG00000167470"
3003,"enh7","ENSG00000014138"
3004,"enh2","ENSG00000103021"
3005,"enh12","ENSG00000108312"
3006,"enh5","ENSG00000152061"
3007,"enh7","ENSG00000143882"
3008,"enh11","ENSG00000148411"
3009,"enh7","ENSG00000030582"
3010,"enh5","ENSG00000130772"
3011,"enh2","ENSG00000120896"
3012,"enh10","ENSG00000165698"
3013,"enh9","ENSG00000130513"
3014,"enh14","ENSG00000142528"
3015,"enh7","ENSG00000167470"
3016,"enh14","ENSG00000175854"
3017,"enh3","ENSG00000088682"
3018,"enh9","ENSG00000115750"
3019,"enh9","ENSG00000162298"
3020,"enh13","ENSG00000172270"
3021,"enh5","ENSG00000129946"
3022,"enh7","ENSG00000153208"
3023,"enh3","ENSG00000115761"
3024,"enh1","ENSG00000158711"
3025,"enh14","ENSG00000014216"
3026,"enh11","ENSG00000136932"
3027,"enh4","ENSG00000136811"
3028,"enh4","ENSG00000099817"
3029,"enh1","ENSG00000090020"
3030,"enh12","ENSG00000182963"
3031,"enh1","ENSG00000183831"
3032,"enh8","ENSG00000071655"
3033,"enh11","ENSG00000082512"
3034,"enh12","ENSG00000174276"
3035,"enh12","ENSG00000167114"
3036,"enh8","ENSG00000182963"
3037,"enh4","ENSG00000119335"
3038,"enh5","ENSG00000171940"
3039,"enh7","ENSG00000099817"
3040,"enh1","ENSG00000141349"
3041,"enh10","ENSG00000167748"
3042,"enh1","ENSG00000123684"
3043,"enh10","ENSG00000076321"
3044,"enh12","ENSG00000064666"
3045,"enh10","ENSG00000099622"
3046,"enh14","ENSG00000133069"
3047,"enh13","ENSG00000105671"
3048,"enh13","ENSG00000235034"
3049,"enh10","ENSG00000167114"
3050,"enh7","ENSG00000117748"
3051,"enh12","ENSG00000196550"
3052,"enh12","ENSG00000160404"
3053,"enh6","ENSG00000148334"
3054,"enh4","ENSG00000133065"
3055,"enh13","ENSG00000162873"
3056,"enh9","ENSG00000099625"
3057,"enh1","ENSG00000204291"
3058,"enh13","ENSG00000117601"
3059,"enh5","ENSG00000174744"
3060,"enh3","ENSG00000180198"
3061,"enh1","ENSG00000125630"
3062,"enh9","ENSG00000125482"
3063,"enh4","ENSG00000153107"
3064,"enh4","ENSG00000105497"
3065,"enh9","ENSG00000148288"
3066,"enh4","ENSG00000115750"
3067,"enh10","ENSG00000115761"
3068,"enh10","ENSG00000005961"
3069,"enh8","ENSG00000136908"
3070,"enh7","ENSG00000175294"
3071,"enh11","ENSG00000133275"
3072,"enh1","ENSG00000064490"
3073,"enh7","ENSG00000198492"
3074,"enh8","ENSG00000067596"
3075,"enh11","ENSG00000062822"
3076,"enh11","ENSG00000173465"
3077,"enh11","ENSG00000162419"
3078,"enh10","ENSG00000069702"
3079,"enh7","ENSG00000065000"
3080,"enh10","ENSG00000174871"
3081,"enh6","ENSG00000160271"
3082,"enh12","ENSG00000115091"
3083,"enh13","ENSG00000167123"
3084,"enh9","ENSG00000143493"
3085,"enh6","ENSG00000175334"
3086,"enh9","ENSG00000172977"
3087,"enh4","ENSG00000118046"
3088,"enh11","ENSG00000076321"
3089,"enh14","ENSG00000099821"
3090,"enh7","ENSG00000186185"
3091,"enh14","ENSG00000103005"
3092,"enh12","ENSG00000186566"
3093,"enh11","ENSG00000213221"
3094,"enh7","ENSG00000069275"
3095,"enh2","ENSG00000010361"
3096,"enh3","ENSG00000161682"
3097,"enh13","ENSG00000119559"
3098,"enh5","ENSG00000174871"
3099,"enh7","ENSG00000104885"
3100,"enh12","ENSG00000143924"
3101,"enh14","ENSG00000142544"
3102,"enh14","ENSG00000184988"
3103,"enh5","ENSG00000051128"
3104,"enh2","ENSG00000107290"
3105,"enh10","ENSG00000175467"
3106,"enh9","ENSG00000213023"
3107,"enh9","ENSG00000175294"
3108,"enh8","ENSG00000105497"
3109,"enh4","ENSG00000172500"
3110,"enh13","ENSG00000095380"
3111,"enh1","ENSG00000115084"
3112,"enh3","ENSG00000117758"
3113,"enh5","ENSG00000170385"
3114,"enh7","ENSG00000129946"
3115,"enh3","ENSG00000147457"
3116,"enh2","ENSG00000064545"
3117,"enh11","ENSG00000162772"
3118,"enh9","ENSG00000180340"
3119,"enh2","ENSG00000198492"
3120,"enh9","ENSG00000173327"
3121,"enh5","ENSG00000148291"
3122,"enh9","ENSG00000051128"
3123,"enh2","ENSG00000169607"
3124,"enh1","ENSG00000196116"
3125,"enh1","ENSG00000180098"
3126,"enh5","ENSG00000107021"
3127,"enh8","ENSG00000131398"
3128,"enh11","ENSG00000134308"
3129,"enh4","ENSG00000105379"
3130,"enh1","ENSG00000136925"
3131,"enh11","ENSG00000196683"
3132,"enh9","ENSG00000091947"
3133,"enh12","ENSG00000149809"
3134,"enh3","ENSG00000103021"
3135,"enh8","ENSG00000136929"
3136,"enh14","ENSG00000120913"
3137,"enh8","ENSG00000173442"
3138,"enh13","ENSG00000136643"
3139,"enh2","ENSG00000117697"
3140,"enh9","ENSG00000127540"
3141,"enh4","ENSG00000130770"
3142,"enh3","ENSG00000105717"
3143,"enh1","ENSG00000160446"
3144,"enh12","ENSG00000160271"
3145,"enh10","ENSG00000175550"
3146,"enh9","ENSG00000178093"
3147,"enh2","ENSG00000141349"
3148,"enh10","ENSG00000126705"
3149,"enh11","ENSG00000175467"
3150,"enh11","ENSG00000254986"
3151,"enh5","ENSG00000136448"
3152,"enh7","ENSG00000133275"
3153,"enh13","ENSG00000174871"
3154,"enh6","ENSG00000064932"
3155,"enh13","ENSG00000256771"
3156,"enh3","ENSG00000100316"
3157,"enh11","ENSG00000172732"
3158,"enh13","ENSG00000005007"
3159,"enh3","ENSG00000175854"
3160,"enh5","ENSG00000188554"
3161,"enh7","ENSG00000143870"
3162,"enh12","ENSG00000161677"
3163,"enh7","ENSG00000171848"
3164,"enh2","ENSG00000160563"
3165,"enh11","ENSG00000110046"
3166,"enh12","ENSG00000175221"
3167,"enh10","ENSG00000148308"
3168,"enh5","ENSG00000115091"
3169,"enh3","ENSG00000198786"
3170,"enh12","ENSG00000104679"
3171,"enh14","ENSG00000105701"
3172,"enh5","ENSG00000173327"
3173,"enh3","ENSG00000082512"
3174,"enh1","ENSG00000125611"
3175,"enh3","ENSG00000106803"
3176,"enh8","ENSG00000125630"
3177,"enh1","ENSG00000155380"
3178,"enh1","ENSG00000130511"
3179,"enh1","ENSG00000125637"
3180,"enh2","ENSG00000115761"
3181,"enh2","ENSG00000175592"
3182,"enh4","ENSG00000136937"
3183,"enh5","ENSG00000161682"
3184,"enh11","ENSG00000136828"
3185,"enh1","ENSG00000160447"
3186,"enh9","ENSG00000175115"
3187,"enh6","ENSG00000173442"
3188,"enh8","ENSG00000134318"
3189,"enh8","ENSG00000144134"
3190,"enh10","ENSG00000105705"
3191,"enh14","ENSG00000141934"
3192,"enh14","ENSG00000147454"
3193,"enh7","ENSG00000168056"
3194,"enh4","ENSG00000099864"
3195,"enh14","ENSG00000147457"
3196,"enh10","ENSG00000140854"
3197,"enh11","ENSG00000198417"
3198,"enh14","ENSG00000119335"
3199,"enh2","ENSG00000090020"
3200,"enh8","ENSG00000129968"
3201,"enh14","ENSG00000076321"
3202,"enh3","ENSG00000160326"
3203,"enh6","ENSG00000065000"
3204,"enh1","ENSG00000213221"
3205,"enh2","ENSG00000196422"
3206,"enh5","ENSG00000131400"
3207,"enh2","ENSG00000082512"
3208,"enh11","ENSG00000106992"
3209,"enh4","ENSG00000173039"
3210,"enh12","ENSG00000126709"
3211,"enh9","ENSG00000122484"
3212,"enh5","ENSG00000142751"
3213,"enh8","ENSG00000087263"
3214,"enh11","ENSG00000158195"
3215,"enh12","ENSG00000117625"
3216,"enh6","ENSG00000135870"
3217,"enh2","ENSG00000117625"
3218,"enh2","ENSG00000125482"
3219,"enh6","ENSG00000174744"
3220,"enh11","ENSG00000204138"
3221,"enh11","ENSG00000165688"
3222,"enh12","ENSG00000175550"
3223,"enh6","ENSG00000180340"
3224,"enh6","ENSG00000148297"
3225,"enh1","ENSG00000185198"
3226,"enh4","ENSG00000144130"
3227,"enh11","ENSG00000105497"
3228,"enh3","ENSG00000181035"
3229,"enh4","ENSG00000125144"
3230,"enh2","ENSG00000168056"
3231,"enh3","ENSG00000062822"
3232,"enh7","ENSG00000221983"
3233,"enh11","ENSG00000069702"
3234,"enh7","ENSG00000014216"
3235,"enh1","ENSG00000108849"
3236,"enh7","ENSG00000167114"
3237,"enh9","ENSG00000108861"
3238,"enh11","ENSG00000198492"
3239,"enh12","ENSG00000187024"
3240,"enh3","ENSG00000108840"
3241,"enh8","ENSG00000125611"
3242,"enh12","ENSG00000174606"
3243,"enh13","ENSG00000186566"
3244,"enh14","ENSG00000119559"
3245,"enh9","ENSG00000158711"
3246,"enh4","ENSG00000133059"
3247,"enh9","ENSG00000162419"
3248,"enh1","ENSG00000105472"
3249,"enh3","ENSG00000136854"
3250,"enh9","ENSG00000197217"
3251,"enh14","ENSG00000163291"
3252,"enh9","ENSG00000099864"
3253,"enh4","ENSG00000197766"
3254,"enh11","ENSG00000091947"
3255,"enh7","ENSG00000198840"
3256,"enh8","ENSG00000131094"
3257,"enh7","ENSG00000253368"
3258,"enh7","ENSG00000162873"
3259,"enh12","ENSG00000065600"
3260,"enh5","ENSG00000175906"
3261,"enh13","ENSG00000174529"
3262,"enh1","ENSG00000182963"
3263,"enh5","ENSG00000134318"
3264,"enh14","ENSG00000196312"
3265,"enh1","ENSG00000250067"
3266,"enh5","ENSG00000221983"
3267,"enh14","ENSG00000104885"
3268,"enh14","ENSG00000105497"
3269,"enh5","ENSG00000138756"
3270,"enh3","ENSG00000117593"
3271,"enh14","ENSG00000174871"
3272,"enh10","ENSG00000143924"
3273,"enh4","ENSG00000198840"
3274,"enh8","ENSG00000167118"
3275,"enh4","ENSG00000197816"
3276,"enh14","ENSG00000130560"
3277,"enh6","ENSG00000197958"
3278,"enh5","ENSG00000133884"
3279,"enh2","ENSG00000105374"
3280,"enh3","ENSG00000172732"
3281,"enh5","ENSG00000135736"
3282,"enh6","ENSG00000160161"
3283,"enh7","ENSG00000175115"
3284,"enh8","ENSG00000117280"
3285,"enh10","ENSG00000174547"
3286,"enh1","ENSG00000162976"
3287,"enh1","ENSG00000254901"
3288,"enh7","ENSG00000004939"
3289,"enh7","ENSG00000087365"
3290,"enh9","ENSG00000186806"
3291,"enh9","ENSG00000254470"
3292,"enh13","ENSG00000174851"
3293,"enh4","ENSG00000130559"
3294,"enh12","ENSG00000143882"
3295,"enh6","ENSG00000120889"
3296,"enh12","ENSG00000014138"
3297,"enh14","ENSG00000107372"
3298,"enh8","ENSG00000108849"
3299,"enh14","ENSG00000170385"
3300,"enh10","ENSG00000167123"
3301,"enh7","ENSG00000115084"
3302,"enh11","ENSG00000174871"
3303,"enh9","ENSG00000172992"
3304,"enh10","ENSG00000140848"
3305,"enh4","ENSG00000203705"
3306,"enh2","ENSG00000162298"
3307,"enh9","ENSG00000105053"
3308,"enh11","ENSG00000169288"
3309,"enh13","ENSG00000168591"
3310,"enh7","ENSG00000136943"
3311,"enh8","ENSG00000117625"
3312,"enh14","ENSG00000142751"
3313,"enh2","ENSG00000136895"
3314,"enh10","ENSG00000198492"
3315,"enh4","ENSG00000122482"
3316,"enh11","ENSG00000174276"
3317,"enh14","ENSG00000167491"
3318,"enh6","ENSG00000115758"
3319,"enh7","ENSG00000148248"
3320,"enh10","ENSG00000158715"
3321,"enh1","ENSG00000115970"
3322,"enh10","ENSG00000136854"
3323,"enh2","ENSG00000105700"
3324,"enh6","ENSG00000165661"
3325,"enh2","ENSG00000165688"
3326,"enh8","ENSG00000099864"
3327,"enh2","ENSG00000160447"
3328,"enh13","ENSG00000087152"
3329,"enh13","ENSG00000148290"
3330,"enh10","ENSG00000120889"
3331,"enh8","ENSG00000142751"
3332,"enh10","ENSG00000125319"
3333,"enh4","ENSG00000171219"
3334,"enh9","ENSG00000125630"
3335,"enh10","ENSG00000177125"
3336,"enh6","ENSG00000106976"
3337,"enh10","ENSG00000148303"
3338,"enh8","ENSG00000064607"
3339,"enh12","ENSG00000105556"
3340,"enh5","ENSG00000130559"
3341,"enh10","ENSG00000213024"
3342,"enh9","ENSG00000125618"
3343,"enh12","ENSG00000171940"
3344,"enh12","ENSG00000165698"
3345,"enh2","ENSG00000167118"
3346,"enh4","ENSG00000125170"
3347,"enh1","ENSG00000142186"
3348,"enh13","ENSG00000149806"
3349,"enh8","ENSG00000140859"
3350,"enh7","ENSG00000167747"
3351,"enh9","ENSG00000120896"
3352,"enh10","ENSG00000172059"
3353,"enh10","ENSG00000136938"
3354,"enh13","ENSG00000175602"
3355,"enh9","ENSG00000136807"
3356,"enh13","ENSG00000119514"
3357,"enh10","ENSG00000102900"
3358,"enh6","ENSG00000064787"
3359,"enh10","ENSG00000253368"
3360,"enh12","ENSG00000163291"
3361,"enh6","ENSG00000175467"
3362,"enh8","ENSG00000175906"
3363,"enh1","ENSG00000175906"
3364,"enh2","ENSG00000136682"
3365,"enh1","ENSG00000160953"
3366,"enh7","ENSG00000262874"
3367,"enh13","ENSG00000099875"
3368,"enh4","ENSG00000105656"
3369,"enh3","ENSG00000130511"
3370,"enh11","ENSG00000110047"
3371,"enh1","ENSG00000158195"
3372,"enh3","ENSG00000133069"
3373,"enh7","ENSG00000143493"
3374,"enh6","ENSG00000117751"
3375,"enh6","ENSG00000188554"
3376,"enh5","ENSG00000196550"
3377,"enh3","ENSG00000125148"
3378,"enh10","ENSG00000065600"
3379,"enh11","ENSG00000147454"
3380,"enh4","ENSG00000110046"
3381,"enh10","ENSG00000115091"
3382,"enh5","ENSG00000089639"
3383,"enh14","ENSG00000174996"
3384,"enh7","ENSG00000143476"
3385,"enh5","ENSG00000147454"
3386,"enh5","ENSG00000174606"
3387,"enh10","ENSG00000006015"
3388,"enh8","ENSG00000105676"
3389,"enh7","ENSG00000196683"
3390,"enh1","ENSG00000174950"
3391,"enh6","ENSG00000161677"
3392,"enh3","ENSG00000168056"
3393,"enh7","ENSG00000065600"
3394,"enh14","ENSG00000108849"
3395,"enh14","ENSG00000115970"
3396,"enh8","ENSG00000153107"
3397,"enh10","ENSG00000196188"
3398,"enh6","ENSG00000138767"
3399,"enh2","ENSG00000241852"
3400,"enh11","ENSG00000108849"
3401,"enh12","ENSG00000171219"
3402,"enh11","ENSG00000197217"
3403,"enh13","ENSG00000014216"
3404,"enh5","ENSG00000116017"
3405,"enh3","ENSG00000167468"
3406,"enh12","ENSG00000262874"
3407,"enh1","ENSG00000117593"
3408,"enh2","ENSG00000131408"
3409,"enh5","ENSG00000162241"
3410,"enh4","ENSG00000167470"
3411,"enh3","ENSG00000148300"
3412,"enh10","ENSG00000130772"
3413,"enh10","ENSG00000130560"
3414,"enh9","ENSG00000133243"
3415,"enh2","ENSG00000136929"
3416,"enh4","ENSG00000070423"
3417,"enh13","ENSG00000171159"
3418,"enh11","ENSG00000130513"
3419,"enh13","ENSG00000148296"
3420,"enh4","ENSG00000165698"
3421,"enh13","ENSG00000136840"
3422,"enh9","ENSG00000138036"
3423,"enh3","ENSG00000110047"
3424,"enh11","ENSG00000167468"
3425,"enh1","ENSG00000099840"
3426,"enh10","ENSG00000162419"
3427,"enh9","ENSG00000175550"
3428,"enh4","ENSG00000115944"
3429,"enh7","ENSG00000136682"
3430,"enh12","ENSG00000117280"
3431,"enh2","ENSG00000105497"
3432,"enh7","ENSG00000174950"
3433,"enh9","ENSG00000068831"
3434,"enh10","ENSG00000134318"
3435,"enh4","ENSG00000162878"
3436,"enh11","ENSG00000104960"
3437,"enh6","ENSG00000213221"
3438,"enh14","ENSG00000125144"
3439,"enh13","ENSG00000125618"
3440,"enh3","ENSG00000013306"
3441,"enh2","ENSG00000188554"
3442,"enh12","ENSG00000143493"
3443,"enh10","ENSG00000051128"
3444,"enh9","ENSG00000106799"
3445,"enh4","ENSG00000162769"
3446,"enh7","ENSG00000116017"
3447,"enh5","ENSG00000198786"
3448,"enh2","ENSG00000104679"
3449,"enh3","ENSG00000167748"
3450,"enh6","ENSG00000105676"
3451,"enh7","ENSG00000142530"
3452,"enh14","ENSG00000161654"
3453,"enh11","ENSG00000181896"
3454,"enh12","ENSG00000105472"
3455,"enh9","ENSG00000138767"
3456,"enh3","ENSG00000188554"
3457,"enh12","ENSG00000134330"
3458,"enh10","ENSG00000105656"
3459,"enh11","ENSG00000196422"
3460,"enh1","ENSG00000168591"
3461,"enh1","ENSG00000163297"
3462,"enh6","ENSG00000250067"
3463,"enh9","ENSG00000176973"
3464,"enh1","ENSG00000198492"
3465,"enh12","ENSG00000170385"
3466,"enh10","ENSG00000166188"
3467,"enh5","ENSG00000064607"
3468,"enh3","ENSG00000148337"
3469,"enh8","ENSG00000106992"
3470,"enh1","ENSG00000188177"
3471,"enh11","ENSG00000087365"
3472,"enh5","ENSG00000138036"
3473,"enh4","ENSG00000125611"
3474,"enh9","ENSG00000071626"
3475,"enh4","ENSG00000087365"
3476,"enh5","ENSG00000102931"
3477,"enh6","ENSG00000065600"
3478,"enh12","ENSG00000125485"
3479,"enh14","ENSG00000148248"
3480,"enh9","ENSG00000070761"
3481,"enh12","ENSG00000197694"
3482,"enh12","ENSG00000104689"
3483,"enh14","ENSG00000105556"
3484,"enh8","ENSG00000143924"
3485,"enh14","ENSG00000172081"
3486,"enh5","ENSG00000105656"
3487,"enh10","ENSG00000125484"
3488,"enh14","ENSG00000165689"
3489,"enh9","ENSG00000162300"
3490,"enh8","ENSG00000175854"
3491,"enh14","ENSG00000172922"
3492,"enh5","ENSG00000186806"
3493,"enh8","ENSG00000099821"
3494,"enh6","ENSG00000141934"
3495,"enh9","ENSG00000107021"
3496,"enh5","ENSG00000167103"
3497,"enh1","ENSG00000010361"
3498,"enh1","ENSG00000196312"
3499,"enh8","ENSG00000186185"
3500,"enh3","ENSG00000254901"
3501,"enh1","ENSG00000180329"
3502,"enh7","ENSG00000185761"
3503,"enh2","ENSG00000165684"
3504,"enh2","ENSG00000131094"
3505,"enh14","ENSG00000068976"
3506,"enh13","ENSG00000182087"
3507,"enh6","ENSG00000181773"
3508,"enh9","ENSG00000173825"
3509,"enh9","ENSG00000227500"
3510,"enh10","ENSG00000082512"
3511,"enh6","ENSG00000013306"
3512,"enh5","ENSG00000162976"
3513,"enh3","ENSG00000162419"
3514,"enh9","ENSG00000181896"
3515,"enh6","ENSG00000087263"
3516,"enh1","ENSG00000071626"
3517,"enh2","ENSG00000105701"
3518,"enh7","ENSG00000105696"
3519,"enh4","ENSG00000174276"
3520,"enh10","ENSG00000148339"
3521,"enh6","ENSG00000131094"
3522,"enh1","ENSG00000057935"
3523,"enh9","ENSG00000120889"
3524,"enh6","ENSG00000133059"
3525,"enh11","ENSG00000167113"
3526,"enh14","ENSG00000079313"
3527,"enh1","ENSG00000167103"
3528,"enh6","ENSG00000160447"
3529,"enh4","ENSG00000160447"
3530,"enh7","ENSG00000070388"
3531,"enh3","ENSG00000186185"
3532,"enh13","ENSG00000148303"
3533,"enh5","ENSG00000159579"
3534,"enh9","ENSG00000159579"
3535,"enh7","ENSG00000172757"
3536,"enh6","ENSG00000162298"
3537,"enh14","ENSG00000165138"
3538,"enh7","ENSG00000165684"
3539,"enh12","ENSG00000104131"
3540,"enh7","ENSG00000105726"
3541,"enh14","ENSG00000188177"
3542,"enh11","ENSG00000198858"
3543,"enh7","ENSG00000169136"
3544,"enh4","ENSG00000172232"
3545,"enh14","ENSG00000160953"
3546,"enh14","ENSG00000162873"
3547,"enh6","ENSG00000158161"
3548,"enh1","ENSG00000197958"
3549,"enh11","ENSG00000159579"
3550,"enh1","ENSG00000167487"
3551,"enh2","ENSG00000138767"
3552,"enh4","ENSG00000168062"
3553,"enh13","ENSG00000198840"
3554,"enh8","ENSG00000186010"
3555,"enh9","ENSG00000174950"
3556,"enh14","ENSG00000187840"
3557,"enh7","ENSG00000069702"
3558,"enh8","ENSG00000069482"
3559,"enh13","ENSG00000175334"
3560,"enh1","ENSG00000175592"
3561,"enh5","ENSG00000158941"
3562,"enh3","ENSG00000144161"
3563,"enh12","ENSG00000182087"
3564,"enh8","ENSG00000160563"
3565,"enh6","ENSG00000110047"
3566,"enh5","ENSG00000099840"
3567,"enh11","ENSG00000129951"
3568,"enh9","ENSG00000213988"
3569,"enh8","ENSG00000158715"
3570,"enh14","ENSG00000146670"
3571,"enh6","ENSG00000167114"
3572,"enh14","ENSG00000163297"
3573,"enh7","ENSG00000135821"
3574,"enh1","ENSG00000178093"
3575,"enh12","ENSG00000162772"
3576,"enh3","ENSG00000162976"
3577,"enh13","ENSG00000136936"
3578,"enh9","ENSG00000130768"
3579,"enh2","ENSG00000107021"
3580,"enh6","ENSG00000115970"
3581,"enh6","ENSG00000119392"
3582,"enh3","ENSG00000104131"
3583,"enh12","ENSG00000115970"
3584,"enh11","ENSG00000151694"
3585,"enh4","ENSG00000148337"
3586,"enh9","ENSG00000104679"
3587,"enh4","ENSG00000105053"
3588,"enh9","ENSG00000115756"
3589,"enh9","ENSG00000160953"
3590,"enh1","ENSG00000136828"
3591,"enh6","ENSG00000119335"
3592,"enh9","ENSG00000141934"
3593,"enh4","ENSG00000138036"
3594,"enh10","ENSG00000147669"
3595,"enh14","ENSG00000102978"
3596,"enh3","ENSG00000253368"
3597,"enh9","ENSG00000120913"
3598,"enh9","ENSG00000010361"
3599,"enh5","ENSG00000148288"
3600,"enh10","ENSG00000162300"
3601,"enh2","ENSG00000160404"
3602,"enh13","ENSG00000106799"
3603,"enh10","ENSG00000161677"
3604,"enh8","ENSG00000117758"
3605,"enh13","ENSG00000125124"
3606,"enh9","ENSG00000175573"
3607,"enh13","ENSG00000167136"
3608,"enh6","ENSG00000187024"
3609,"enh11","ENSG00000140859"
3610,"enh11","ENSG00000174529"
3611,"enh3","ENSG00000064666"
3612,"enh9","ENSG00000135821"
3613,"enh8","ENSG00000162873"
3614,"enh10","ENSG00000134308"
3615,"enh4","ENSG00000099840"
3616,"enh4","ENSG00000167468"
3617,"enh5","ENSG00000175467"
3618,"enh12","ENSG00000123684"
3619,"enh13","ENSG00000122482"
3620,"enh7","ENSG00000133243"
3621,"enh12","ENSG00000158161"
3622,"enh12","ENSG00000130560"
3623,"enh3","ENSG00000116014"
3624,"enh3","ENSG00000129968"
3625,"enh3","ENSG00000064607"
3626,"enh14","ENSG00000235034"
3627,"enh9","ENSG00000204291"
3628,"enh9","ENSG00000104946"
3629,"enh10","ENSG00000122026"
3630,"enh5","ENSG00000117222"
3631,"enh10","ENSG00000119203"
3632,"enh9","ENSG00000149823"
3633,"enh9","ENSG00000102934"
3634,"enh9","ENSG00000148411"
3635,"enh12","ENSG00000136877"
3636,"enh14","ENSG00000104689"
3637,"enh7","ENSG00000099866"
3638,"enh12","ENSG00000135870"
3639,"enh1","ENSG00000135821"
3640,"enh6","ENSG00000147454"
3641,"enh6","ENSG00000123685"
3642,"enh8","ENSG00000165688"
3643,"enh2","ENSG00000167491"
3644,"enh3","ENSG00000068971"
3645,"enh10","ENSG00000186185"
3646,"enh9","ENSG00000168067"
3647,"enh8","ENSG00000172922"
3648,"enh8","ENSG00000148308"
3649,"enh12","ENSG00000161714"
3650,"enh3","ENSG00000181588"
3651,"enh6","ENSG00000185278"
3652,"enh14","ENSG00000117758"
3653,"enh9","ENSG00000160271"
3654,"enh12","ENSG00000184988"
3655,"enh3","ENSG00000152061"
3656,"enh10","ENSG00000133059"
3657,"enh13","ENSG00000104886"
3658,"enh10","ENSG00000172757"
3659,"enh11","ENSG00000197766"
3660,"enh6","ENSG00000172059"
3661,"enh6","ENSG00000140854"
3662,"enh3","ENSG00000148288"
3663,"enh2","ENSG00000181896"
3664,"enh13","ENSG00000162976"
3665,"enh5","ENSG00000117601"
3666,"enh8","ENSG00000213221"
3667,"enh8","ENSG00000105053"
3668,"enh5","ENSG00000167005"
3669,"enh11","ENSG00000143882"
3670,"enh14","ENSG00000117691"
3671,"enh7","ENSG00000196550"
3672,"enh5","ENSG00000012048"
3673,"enh5","ENSG00000135870"
3674,"enh2","ENSG00000174871"
3675,"enh10","ENSG00000099840"
3676,"enh9","ENSG00000174871"
3677,"enh2","ENSG00000152527"
3678,"enh6","ENSG00000104689"
3679,"enh14","ENSG00000117748"
3680,"enh6","ENSG00000174606"
3681,"enh1","ENSG00000167112"
3682,"enh14","ENSG00000175906"
3683,"enh9","ENSG00000172732"
3684,"enh13","ENSG00000173825"
3685,"enh4","ENSG00000106803"
3686,"enh10","ENSG00000134317"
3687,"enh6","ENSG00000133895"
3688,"enh8","ENSG00000005961"
3689,"enh6","ENSG00000196152"
3690,"enh5","ENSG00000180098"
3691,"enh2","ENSG00000160271"
3692,"enh3","ENSG00000130513"
3693,"enh5","ENSG00000099804"
3694,"enh3","ENSG00000091947"
3695,"enh11","ENSG00000167118"
3696,"enh5","ENSG00000070770"
3697,"enh6","ENSG00000172232"
3698,"enh3","ENSG00000119185"
3699,"enh12","ENSG00000165699"
3700,"enh8","ENSG00000144130"
3701,"enh5","ENSG00000186501"
3702,"enh4","ENSG00000133895"
3703,"enh7","ENSG00000168062"
3704,"enh13","ENSG00000175550"
3705,"enh3","ENSG00000117650"
3706,"enh7","ENSG00000119559"
3707,"enh10","ENSG00000160447"
3708,"enh1","ENSG00000099866"
3709,"enh4","ENSG00000162298"
3710,"enh5","ENSG00000138767"
3711,"enh9","ENSG00000136682"
3712,"enh6","ENSG00000116017"
3713,"enh9","ENSG00000174669"
3714,"enh14","ENSG00000171848"
3715,"enh9","ENSG00000133065"
3716,"enh10","ENSG00000104885"
3717,"enh13","ENSG00000183831"
3718,"enh2","ENSG00000105726"
3719,"enh3","ENSG00000136877"
3720,"enh9","ENSG00000051108"
3721,"enh3","ENSG00000120896"
3722,"enh9","ENSG00000069482"
3723,"enh6","ENSG00000122482"
3724,"enh1","ENSG00000165688"
3725,"enh5","ENSG00000172059"
3726,"enh5","ENSG00000165661"
3727,"enh14","ENSG00000134317"
3728,"enh13","ENSG00000138767"
3729,"enh2","ENSG00000130511"
3730,"enh14","ENSG00000176973"
3731,"enh14","ENSG00000119333"
3732,"enh3","ENSG00000173442"
3733,"enh5","ENSG00000133065"
3734,"enh6","ENSG00000097046"
3735,"enh2","ENSG00000238227"
3736,"enh2","ENSG00000198858"
3737,"enh14","ENSG00000105655"
3738,"enh8","ENSG00000087152"
3739,"enh2","ENSG00000158711"
3740,"enh2","ENSG00000165702"
3741,"enh8","ENSG00000076321"
3742,"enh5","ENSG00000134330"
3743,"enh14","ENSG00000071626"
3744,"enh4","ENSG00000136448"
3745,"enh7","ENSG00000125148"
3746,"enh9","ENSG00000204673"
3747,"enh10","ENSG00000012048"
3748,"enh10","ENSG00000119514"
3749,"enh14","ENSG00000171219"
3750,"enh7","ENSG00000062822"
3751,"enh10","ENSG00000090020"
3752,"enh13","ENSG00000069275"
3753,"enh11","ENSG00000133884"
3754,"enh14","ENSG00000168062"
3755,"enh4","ENSG00000143924"
3756,"enh1","ENSG00000119523"
3757,"enh3","ENSG00000160953"
3758,"enh7","ENSG00000105708"
3759,"enh4","ENSG00000120334"
3760,"enh14","ENSG00000051128"
3761,"enh6","ENSG00000130005"
3762,"enh14","ENSG00000147669"
3763,"enh7","ENSG00000142765"
3764,"enh13","ENSG00000148291"
3765,"enh5","ENSG00000175221"
3766,"enh8","ENSG00000141349"
3767,"enh2","ENSG00000141933"
3768,"enh2","ENSG00000117758"
3769,"enh2","ENSG00000030582"
3770,"enh8","ENSG00000130511"
3771,"enh6","ENSG00000196312"
3772,"enh9","ENSG00000064687"
3773,"enh14","ENSG00000107290"
3774,"enh10","ENSG00000167103"
3775,"enh10","ENSG00000101132"
3776,"enh12","ENSG00000181035"
3777,"enh14","ENSG00000167759"
3778,"enh13","ENSG00000102900"
3779,"enh6","ENSG00000119333"
3780,"enh9","ENSG00000129968"
3781,"enh3","ENSG00000142186"
3782,"enh9","ENSG00000099817"
3783,"enh5","ENSG00000168061"
3784,"enh10","ENSG00000162878"
3785,"enh8","ENSG00000168591"
3786,"enh6","ENSG00000159461"
3787,"enh13","ENSG00000065000"
3788,"enh8","ENSG00000167112"
3789,"enh10","ENSG00000149823"
3790,"enh13","ENSG00000174744"
3791,"enh7","ENSG00000180448"
3792,"enh8","ENSG00000104886"
3793,"enh9","ENSG00000148296"
3794,"enh5","ENSG00000185761"
3795,"enh11","ENSG00000120913"
3796,"enh2","ENSG00000160953"
3797,"enh2","ENSG00000213465"
3798,"enh11","ENSG00000196188"
3799,"enh13","ENSG00000115268"
3800,"enh1","ENSG00000104679"
3801,"enh11","ENSG00000186501"
3802,"enh13","ENSG00000174606"
3803,"enh4","ENSG00000136643"
3804,"enh10","ENSG00000148288"
3805,"enh1","ENSG00000120896"
3806,"enh10","ENSG00000064547"
3807,"enh4","ENSG00000068976"
3808,"enh2","ENSG00000133059"
3809,"enh1","ENSG00000213988"
3810,"enh14","ENSG00000162769"
3811,"enh11","ENSG00000162976"
3812,"enh7","ENSG00000180340"
3813,"enh1","ENSG00000172081"
3814,"enh14","ENSG00000152061"
3815,"enh8","ENSG00000160318"
3816,"enh7","ENSG00000142544"
3817,"enh9","ENSG00000184988"
3818,"enh3","ENSG00000006016"
3819,"enh6","ENSG00000117601"
3820,"enh8","ENSG00000175376"
3821,"enh11","ENSG00000196961"
3822,"enh12","ENSG00000136682"
3823,"enh7","ENSG00000136854"
3824,"enh9","ENSG00000176890"
3825,"enh9","ENSG00000196683"
3826,"enh14","ENSG00000142765"
3827,"enh13","ENSG00000142733"
3828,"enh4","ENSG00000126698"
3829,"enh13","ENSG00000107372"
3830,"enh4","ENSG00000161692"
3831,"enh6","ENSG00000148290"
3832,"enh2","ENSG00000062822"
3833,"enh8","ENSG00000161714"
3834,"enh5","ENSG00000148297"
3835,"enh9","ENSG00000160326"
3836,"enh7","ENSG00000119203"
3837,"enh6","ENSG00000116014"
3838,"enh7","ENSG00000142528"
3839,"enh7","ENSG00000095380"
3840,"enh12","ENSG00000106785"
3841,"enh2","ENSG00000152061"
3842,"enh4","ENSG00000069702"
3843,"enh2","ENSG00000156269"
3844,"enh2","ENSG00000167113"
3845,"enh13","ENSG00000122140"
3846,"enh6","ENSG00000136895"
3847,"enh13","ENSG00000069482"
3848,"enh9","ENSG00000117751"
3849,"enh3","ENSG00000174950"
3850,"enh7","ENSG00000160293"
3851,"enh1","ENSG00000105696"
3852,"enh11","ENSG00000162300"
3853,"enh4","ENSG00000105669"
3854,"enh5","ENSG00000176890"
3855,"enh8","ENSG00000136937"
3856,"enh4","ENSG00000106992"
3857,"enh9","ENSG00000167136"
3858,"enh6","ENSG00000186806"
3859,"enh10","ENSG00000149806"
3860,"enh3","ENSG00000143882"
3861,"enh2","ENSG00000122140"
3862,"enh10","ENSG00000119392"
3863,"enh5","ENSG00000126705"
3864,"enh4","ENSG00000196550"
3865,"enh13","ENSG00000143924"
3866,"enh3","ENSG00000125319"
3867,"enh14","ENSG00000148300"
3868,"enh4","ENSG00000197217"
3869,"enh3","ENSG00000107021"
3870,"enh5","ENSG00000110047"
3871,"enh7","ENSG00000175707"
3872,"enh12","ENSG00000126705"
3873,"enh8","ENSG00000153214"
3874,"enh14","ENSG00000256771"
3875,"enh13","ENSG00000197217"
3876,"enh3","ENSG00000173465"
3877,"enh12","ENSG00000180198"
3878,"enh11","ENSG00000142528"
3879,"enh7","ENSG00000105671"
3880,"enh1","ENSG00000159461"
3881,"enh13","ENSG00000123684"
3882,"enh12","ENSG00000167112"
3883,"enh6","ENSG00000071564"
3884,"enh2","ENSG00000131409"
3885,"enh5","ENSG00000105701"
3886,"enh10","ENSG00000174684"
3887,"enh2","ENSG00000039650"
3888,"enh4","ENSG00000136874"
3889,"enh3","ENSG00000105497"
3890,"enh13","ENSG00000117697"
3891,"enh12","ENSG00000103021"
3892,"enh9","ENSG00000125144"
3893,"enh14","ENSG00000117697"
3894,"enh2","ENSG00000114999"
3895,"enh3","ENSG00000129933"
3896,"enh14","ENSG00000174744"
3897,"enh11","ENSG00000160446"
3898,"enh13","ENSG00000143870"
3899,"enh13","ENSG00000149792"
3900,"enh12","ENSG00000169403"
3901,"enh12","ENSG00000142733"
3902,"enh4","ENSG00000068971"
3903,"enh8","ENSG00000174903"
3904,"enh7","ENSG00000136929"
3905,"enh13","ENSG00000068831"
3906,"enh2","ENSG00000120656"
3907,"enh3","ENSG00000099864"
3908,"enh2","ENSG00000088682"
3909,"enh3","ENSG00000169288"
3910,"enh13","ENSG00000161647"
3911,"enh2","ENSG00000106803"
3912,"enh13","ENSG00000196422"
3913,"enh5","ENSG00000119125"
3914,"enh4","ENSG00000142784"
3915,"enh9","ENSG00000180448"
3916,"enh8","ENSG00000171219"
3917,"enh11","ENSG00000105708"
3918,"enh6","ENSG00000198492"
3919,"enh3","ENSG00000125170"
3920,"enh2","ENSG00000051128"
3921,"enh13","ENSG00000104973"
3922,"enh11","ENSG00000148337"
3923,"enh2","ENSG00000160360"
3924,"enh5","ENSG00000153214"
3925,"enh5","ENSG00000149809"
3926,"enh3","ENSG00000143493"
3927,"enh14","ENSG00000099624"
3928,"enh9","ENSG00000117697"
3929,"enh10","ENSG00000071564"
3930,"enh2","ENSG00000115091"
3931,"enh13","ENSG00000133275"
3932,"enh14","ENSG00000162878"
3933,"enh13","ENSG00000162878"
3934,"enh6","ENSG00000196961"
3935,"enh10","ENSG00000068831"
3936,"enh11","ENSG00000068971"
3937,"enh4","ENSG00000142544"
3938,"enh12","ENSG00000162976"
3939,"enh6","ENSG00000126391"
3940,"enh11","ENSG00000114999"
3941,"enh14","ENSG00000136854"
3942,"enh14","ENSG00000130770"
3943,"enh2","ENSG00000262874"
3944,"enh14","ENSG00000129968"
3945,"enh11","ENSG00000070388"
3946,"enh4","ENSG00000101132"
3947,"enh9","ENSG00000131398"
3948,"enh2","ENSG00000116014"
3949,"enh9","ENSG00000064666"
3950,"enh13","ENSG00000115286"
3951,"enh1","ENSG00000165698"
3952,"enh12","ENSG00000169136"
3953,"enh8","ENSG00000105700"
3954,"enh3","ENSG00000142530"
3955,"enh3","ENSG00000174606"
3956,"enh1","ENSG00000127540"
3957,"enh6","ENSG00000108309"
3958,"enh10","ENSG00000169288"
3959,"enh2","ENSG00000175707"
3960,"enh10","ENSG00000126391"
3961,"enh11","ENSG00000160953"
3962,"enh5","ENSG00000125484"
3963,"enh5","ENSG00000064687"
3964,"enh9","ENSG00000123684"
3965,"enh4","ENSG00000140859"
3966,"enh14","ENSG00000181781"
3967,"enh10","ENSG00000227500"
3968,"enh13","ENSG00000186806"
3969,"enh11","ENSG00000108309"
3970,"enh9","ENSG00000106785"
3971,"enh6","ENSG00000108312"
3972,"enh11","ENSG00000115761"
3973,"enh10","ENSG00000213023"
3974,"enh13","ENSG00000158715"
3975,"enh4","ENSG00000135821"
3976,"enh9","ENSG00000095383"
3977,"enh5","ENSG00000186185"
3978,"enh10","ENSG00000254986"
3979,"enh3","ENSG00000108883"
3980,"enh12","ENSG00000071564"
3981,"enh5","ENSG00000182087"
3982,"enh8","ENSG00000136895"
3983,"enh9","ENSG00000165661"
3984,"enh6","ENSG00000161654"
3985,"enh2","ENSG00000162878"
3986,"enh2","ENSG00000213445"
3987,"enh6","ENSG00000127540"
3988,"enh10","ENSG00000167487"
3989,"enh14","ENSG00000136856"
3990,"enh7","ENSG00000197217"
3991,"enh10","ENSG00000185761"
3992,"enh6","ENSG00000100316"
3993,"enh10","ENSG00000099817"
3994,"enh11","ENSG00000196312"
3995,"enh4","ENSG00000152061"
3996,"enh11","ENSG00000156269"
3997,"enh13","ENSG00000131408"
3998,"enh6","ENSG00000115268"
3999,"enh6","ENSG00000103021"
4000,"enh5","ENSG00000014216"
4001,"enh3","ENSG00000175832"
4002,"enh7","ENSG00000181588"
4003,"enh5","ENSG00000115761"
4004,"enh5","ENSG00000069482"
4005,"enh1","ENSG00000105676"
4006,"enh9","ENSG00000087365"
4007,"enh2","ENSG00000197136"
4008,"enh7","ENSG00000181035"
4009,"enh13","ENSG00000148337"
4010,"enh7","ENSG00000187840"
4011,"enh10","ENSG00000123685"
4012,"enh10","ENSG00000131408"
4013,"enh8","ENSG00000160953"
4014,"enh8","ENSG00000172732"
4015,"enh4","ENSG00000071626"
4016,"enh12","ENSG00000175602"
4017,"enh12","ENSG00000162241"
4018,"enh14","ENSG00000129933"
4019,"enh5","ENSG00000105374"
4020,"enh2","ENSG00000120889"
4021,"enh5","ENSG00000144134"
4022,"enh3","ENSG00000134308"
4023,"enh6","ENSG00000079313"
4024,"enh10","ENSG00000118046"
4025,"enh12","ENSG00000131408"
4026,"enh8","ENSG00000162298"
4027,"enh14","ENSG00000088682"
4028,"enh7","ENSG00000138036"
4029,"enh12","ENSG00000133069"
4030,"enh6","ENSG00000160404"
4031,"enh14","ENSG00000174547"
4032,"enh11","ENSG00000187840"
4033,"enh4","ENSG00000148297"
4034,"enh8","ENSG00000235034"
4035,"enh3","ENSG00000117625"
4036,"enh3","ENSG00000108849"
4037,"enh11","ENSG00000184162"
4038,"enh12","ENSG00000011304"
4039,"enh3","ENSG00000071564"
4040,"enh12","ENSG00000105717"
4041,"enh8","ENSG00000180329"
4042,"enh12","ENSG00000165702"
4043,"enh6","ENSG00000005961"
4044,"enh3","ENSG00000064687"
4045,"enh8","ENSG00000147439"
4046,"enh14","ENSG00000165684"
4047,"enh11","ENSG00000172922"
4048,"enh8","ENSG00000149798"
4049,"enh12","ENSG00000008853"
4050,"enh5","ENSG00000174842"
4051,"enh14","ENSG00000167106"
4052,"enh12","ENSG00000144130"
4053,"enh11","ENSG00000148334"
4054,"enh10","ENSG00000147454"
4055,"enh12","ENSG00000125124"
4056,"enh14","ENSG00000095380"
4057,"enh1","ENSG00000136856"
4058,"enh11","ENSG00000187024"
4059,"enh7","ENSG00000105656"
4060,"enh11","ENSG00000227500"
4061,"enh1","ENSG00000203705"
4062,"enh2","ENSG00000071564"
4063,"enh1","ENSG00000125482"
4064,"enh14","ENSG00000131097"
4065,"enh4","ENSG00000169136"
4066,"enh10","ENSG00000130511"
4067,"enh5","ENSG00000133069"
4068,"enh14","ENSG00000238227"
4069,"enh9","ENSG00000161714"
4070,"enh3","ENSG00000138772"
4071,"enh9","ENSG00000165698"
4072,"enh1","ENSG00000105671"
4073,"enh10","ENSG00000167747"
4074,"enh10","ENSG00000238227"
4075,"enh1","ENSG00000162669"
4076,"enh7","ENSG00000076321"
4077,"enh12","ENSG00000104946"
4078,"enh13","ENSG00000136856"
4079,"enh12","ENSG00000162769"
4080,"enh1","ENSG00000115091"
4081,"enh10","ENSG00000104973"
4082,"enh14","ENSG00000142530"
4083,"enh12","ENSG00000167118"
4084,"enh6","ENSG00000136840"
4085,"enh7","ENSG00000203705"
4086,"enh7","ENSG00000148290"
4087,"enh5","ENSG00000238227"
4088,"enh8","ENSG00000138036"
4089,"enh11","ENSG00000148290"
4090,"enh2","ENSG00000130005"
4091,"enh11","ENSG00000180329"
4092,"enh4","ENSG00000099624"
4093,"enh12","ENSG00000105676"
4094,"enh14","ENSG00000152527"
4095,"enh12","ENSG00000115758"
4096,"enh4","ENSG00000119392"
4097,"enh2","ENSG00000178093"
4098,"enh3","ENSG00000161654"
4099,"enh14","ENSG00000119392"
4100,"enh14","ENSG00000175592"
4101,"enh10","ENSG00000087365"
4102,"enh5","ENSG00000165698"
4103,"enh9","ENSG00000136856"
4104,"enh5","ENSG00000181781"
4105,"enh8","ENSG00000175294"
4106,"enh10","ENSG00000170385"
4107,"enh14","ENSG00000064787"
4108,"enh7","ENSG00000204291"
4109,"enh9","ENSG00000106803"
4110,"enh13","ENSG00000030582"
4111,"enh2","ENSG00000142544"
4112,"enh8","ENSG00000088682"
4113,"enh3","ENSG00000108852"
4114,"enh8","ENSG00000130770"
4115,"enh10","ENSG00000142544"
4116,"enh13","ENSG00000070404"
4117,"enh14","ENSG00000197958"
4118,"enh10","ENSG00000188554"
4119,"enh7","ENSG00000125637"
4120,"enh12","ENSG00000070761"
4121,"enh12","ENSG00000155380"
4122,"enh8","ENSG00000102996"
4123,"enh14","ENSG00000136943"
4124,"enh10","ENSG00000172775"
4125,"enh1","ENSG00000129911"
4126,"enh13","ENSG00000167114"
4127,"enh5","ENSG00000165702"
4128,"enh7","ENSG00000175467"
4129,"enh2","ENSG00000099624"
4130,"enh11","ENSG00000104689"
4131,"enh5","ENSG00000099864"
4132,"enh11","ENSG00000105556"
4133,"enh7","ENSG00000148297"
4134,"enh4","ENSG00000142733"
4135,"enh10","ENSG00000167491"
4136,"enh11","ENSG00000148248"
4137,"enh10","ENSG00000122484"
4138,"enh6","ENSG00000136856"
4139,"enh7","ENSG00000106803"
4140,"enh3","ENSG00000165698"
4141,"enh13","ENSG00000089639"
4142,"enh12","ENSG00000156269"
4143,"enh2","ENSG00000099840"
4144,"enh3","ENSG00000256771"
4145,"enh4","ENSG00000197540"
4146,"enh1","ENSG00000062822"
4147,"enh4","ENSG00000254901"
4148,"enh2","ENSG00000125637"
4149,"enh8","ENSG00000203705"
4150,"enh13","ENSG00000108852"
4151,"enh4","ENSG00000148303"
4152,"enh10","ENSG00000213638"
4153,"enh3","ENSG00000187024"
4154,"enh11","ENSG00000120896"
4155,"enh10","ENSG00000136895"
4156,"enh1","ENSG00000159648"
4157,"enh2","ENSG00000161714"
4158,"enh2","ENSG00000138772"
4159,"enh13","ENSG00000126698"
4160,"enh7","ENSG00000152061"
4161,"enh4","ENSG00000213221"
4162,"enh12","ENSG00000108861"
4163,"enh4","ENSG00000148356"
4164,"enh10","ENSG00000181773"
4165,"enh5","ENSG00000057935"
4166,"enh7","ENSG00000122484"
4167,"enh13","ENSG00000181513"
4168,"enh10","ENSG00000181896"
4169,"enh7","ENSG00000105705"
4170,"enh1","ENSG00000180340"
4171,"enh14","ENSG00000204138"
4172,"enh3","ENSG00000162669"
4173,"enh7","ENSG00000136856"
4174,"enh7","ENSG00000105053"
4175,"enh10","ENSG00000175854"
4176,"enh2","ENSG00000134308"
4177,"enh9","ENSG00000117222"
4178,"enh9","ENSG00000105556"
4179,"enh9","ENSG00000105662"
4180,"enh6","ENSG00000159579"
4181,"enh5","ENSG00000198492"
4182,"enh4","ENSG00000136830"
4183,"enh13","ENSG00000171219"
4184,"enh3","ENSG00000186010"
4185,"enh11","ENSG00000173039"
4186,"enh1","ENSG00000117758"
4187,"enh7","ENSG00000186501"
4188,"enh2","ENSG00000071626"
4189,"enh9","ENSG00000167487"
4190,"enh13","ENSG00000122484"
4191,"enh10","ENSG00000105556"
4192,"enh13","ENSG00000165699"
4193,"enh12","ENSG00000099817"
4194,"enh2","ENSG00000104973"
4195,"enh1","ENSG00000162769"
4196,"enh9","ENSG00000125124"
4197,"enh1","ENSG00000105700"
4198,"enh8","ENSG00000108309"
4199,"enh11","ENSG00000130775"
4200,"enh6","ENSG00000005194"
4201,"enh5","ENSG00000181896"
4202,"enh6","ENSG00000168067"
4203,"enh12","ENSG00000138772"
4204,"enh8","ENSG00000167759"
4205,"enh3","ENSG00000122140"
4206,"enh9","ENSG00000100316"
4207,"enh2","ENSG00000172059"
4208,"enh9","ENSG00000099821"
4209,"enh8","ENSG00000174871"
4210,"enh11","ENSG00000165702"
4211,"enh7","ENSG00000178093"
4212,"enh9","ENSG00000115255"
4213,"enh12","ENSG00000136811"
4214,"enh1","ENSG00000167470"
4215,"enh1","ENSG00000160345"
4216,"enh1","ENSG00000117650"
4217,"enh8","ENSG00000160445"
4218,"enh9","ENSG00000159461"
4219,"enh5","ENSG00000130005"
4220,"enh10","ENSG00000005007"
4221,"enh6","ENSG00000102978"
4222,"enh10","ENSG00000169403"
4223,"enh11","ENSG00000162298"
4224,"enh8","ENSG00000125170"
4225,"enh6","ENSG00000174516"
4226,"enh13","ENSG00000181035"
4227,"enh2","ENSG00000105669"
4228,"enh14","ENSG00000133243"
4229,"enh13","ENSG00000105705"
4230,"enh13","ENSG00000172732"
4231,"enh6","ENSG00000148308"
4232,"enh1","ENSG00000099624"
4233,"enh2","ENSG00000172992"
4234,"enh10","ENSG00000130270"
4235,"enh2","ENSG00000108312"
4236,"enh3","ENSG00000181781"
4237,"enh3","ENSG00000153107"
4238,"enh11","ENSG00000228300"
4239,"enh12","ENSG00000140854"
4240,"enh10","ENSG00000173039"
4241,"enh3","ENSG00000064547"
4242,"enh3","ENSG00000175334"
4243,"enh12","ENSG00000148290"
4244,"enh11","ENSG00000064687"
4245,"enh9","ENSG00000175707"
4246,"enh12","ENSG00000105497"
4247,"enh10","ENSG00000115084"
4248,"enh11","ENSG00000181781"
4249,"enh14","ENSG00000148308"
4250,"enh1","ENSG00000198870"
4251,"enh9","ENSG00000198786"
4252,"enh1","ENSG00000144136"
4253,"enh6","ENSG00000213023"
4254,"enh14","ENSG00000180098"
4255,"enh7","ENSG00000197694"
4256,"enh6","ENSG00000175602"
4257,"enh4","ENSG00000138767"
4258,"enh13","ENSG00000182963"
4259,"enh5","ENSG00000152518"
4260,"enh7","ENSG00000099625"
4261,"enh4","ENSG00000181773"
4262,"enh9","ENSG00000172059"
4263,"enh10","ENSG00000099804"
4264,"enh2","ENSG00000158161"
4265,"enh12","ENSG00000172732"
4266,"enh8","ENSG00000147457"
4267,"enh11","ENSG00000009780"
4268,"enh14","ENSG00000158195"
4269,"enh9","ENSG00000117280"
4270,"enh9","ENSG00000064490"
4271,"enh9","ENSG00000099840"
4272,"enh9","ENSG00000105669"
4273,"enh14","ENSG00000173442"
4274,"enh4","ENSG00000228300"
4275,"enh7","ENSG00000254986"
4276,"enh12","ENSG00000120334"
4277,"enh6","ENSG00000105379"
4278,"enh1","ENSG00000130772"
4279,"enh10","ENSG00000160161"
4280,"enh13","ENSG00000177125"
4281,"enh3","ENSG00000165689"
4282,"enh2","ENSG00000119392"
4283,"enh13","ENSG00000126705"
4284,"enh5","ENSG00000175854"
4285,"enh3","ENSG00000197958"
4286,"enh14","ENSG00000135870"
4287,"enh11","ENSG00000185198"
4288,"enh11","ENSG00000172992"
4289,"enh1","ENSG00000136811"
4290,"enh9","ENSG00000174996"
4291,"enh13","ENSG00000131094"
4292,"enh5","ENSG00000090020"
4293,"enh1","ENSG00000156269"
4294,"enh10","ENSG00000030582"
4295,"enh6","ENSG00000172922"
4296,"enh2","ENSG00000160408"
4297,"enh7","ENSG00000130270"
4298,"enh1","ENSG00000197136"
4299,"enh9","ENSG00000110046"
4300,"enh5","ENSG00000117593"
4301,"enh1","ENSG00000125484"
4302,"enh8","ENSG00000198858"
4303,"enh6","ENSG00000133243"
4304,"enh14","ENSG00000172059"
4305,"enh14","ENSG00000196422"
4306,"enh12","ENSG00000253368"
4307,"enh8","ENSG00000102900"
4308,"enh6","ENSG00000119185"
4309,"enh7","ENSG00000197136"
4310,"enh6","ENSG00000160325"
4311,"enh3","ENSG00000106992"
4312,"enh12","ENSG00000138767"
4313,"enh4","ENSG00000087152"
4314,"enh13","ENSG00000174547"
4315,"enh6","ENSG00000136908"
4316,"enh7","ENSG00000125618"
4317,"enh1","ENSG00000104131"
4318,"enh10","ENSG00000115750"
4319,"enh14","ENSG00000087365"
4320,"enh12","ENSG00000175592"
4321,"enh10","ENSG00000105701"
4322,"enh2","ENSG00000143882"
4323,"enh13","ENSG00000117758"
4324,"enh14","ENSG00000125618"
4325,"enh4","ENSG00000108309"
4326,"enh12","ENSG00000204673"
4327,"enh5","ENSG00000254901"
4328,"enh5","ENSG00000142765"
4329,"enh12","ENSG00000174684"
4330,"enh5","ENSG00000141933"
4331,"enh2","ENSG00000196116"
4332,"enh12","ENSG00000064547"
4333,"enh6","ENSG00000186185"
4334,"enh8","ENSG00000142544"
4335,"enh6","ENSG00000148288"
4336,"enh11","ENSG00000152527"
4337,"enh13","ENSG00000213445"
4338,"enh1","ENSG00000149809"
4339,"enh6","ENSG00000204710"
4340,"enh8","ENSG00000130766"
4341,"enh5","ENSG00000117592"
4342,"enh11","ENSG00000173327"
4343,"enh7","ENSG00000188554"
4344,"enh1","ENSG00000174669"
4345,"enh11","ENSG00000142784"
4346,"enh9","ENSG00000162976"
4347,"enh3","ENSG00000135870"
4348,"enh5","ENSG00000118046"
4349,"enh2","ENSG00000186501"
4350,"enh13","ENSG00000104960"
4351,"enh11","ENSG00000064545"
4352,"enh2","ENSG00000160293"
4353,"enh2","ENSG00000071655"
4354,"enh2","ENSG00000070423"
4355,"enh6","ENSG00000069482"
4356,"enh8","ENSG00000151694"
4357,"enh4","ENSG00000184988"
4358,"enh10","ENSG00000122482"
4359,"enh2","ENSG00000087263"
4360,"enh13","ENSG00000148411"
4361,"enh14","ENSG00000253368"
4362,"enh14","ENSG00000064687"
4363,"enh7","ENSG00000130766"
4364,"enh2","ENSG00000115756"
4365,"enh14","ENSG00000105726"
4366,"enh12","ENSG00000131400"
4367,"enh6","ENSG00000108849"
4368,"enh9","ENSG00000188554"
4369,"enh10","ENSG00000099624"
4370,"enh8","ENSG00000158711"
4371,"enh14","ENSG00000172977"
4372,"enh2","ENSG00000004939"
4373,"enh9","ENSG00000152527"
4374,"enh4","ENSG00000143493"
4375,"enh2","ENSG00000167106"
4376,"enh7","ENSG00000071655"
4377,"enh12","ENSG00000099821"
4378,"enh12","ENSG00000105383"
4379,"enh11","ENSG00000144134"
4380,"enh10","ENSG00000144136"
4381,"enh8","ENSG00000196152"
4382,"enh11","ENSG00000099625"
4383,"enh2","ENSG00000069275"
4384,"enh6","ENSG00000076321"
4385,"enh2","ENSG00000129946"
4386,"enh1","ENSG00000167106"
4387,"enh3","ENSG00000071626"
4388,"enh9","ENSG00000133275"
4389,"enh4","ENSG00000065600"
4390,"enh5","ENSG00000160446"
4391,"enh2","ENSG00000162769"
4392,"enh14","ENSG00000175832"
4393,"enh11","ENSG00000175832"
4394,"enh7","ENSG00000153107"
4395,"enh11","ENSG00000107372"
4396,"enh3","ENSG00000198840"
4397,"enh1","ENSG00000143493"
4398,"enh2","ENSG00000181773"
4399,"enh9","ENSG00000169288"
4400,"enh3","ENSG00000174529"
4401,"enh13","ENSG00000166188"
4402,"enh4","ENSG00000167747"
4403,"enh3","ENSG00000070761"
4404,"enh5","ENSG00000148300"
4405,"enh4","ENSG00000117691"
4406,"enh6","ENSG00000143870"
4407,"enh5","ENSG00000161671"
4408,"enh3","ENSG00000105556"
4409,"enh8","ENSG00000064687"
4410,"enh5","ENSG00000136840"
4411,"enh3","ENSG00000172232"
4412,"enh1","ENSG00000138756"
4413,"enh7","ENSG00000165661"
4414,"enh11","ENSG00000174684"
4415,"enh14","ENSG00000120334"
4416,"enh12","ENSG00000168062"
4417,"enh10","ENSG00000100316"
4418,"enh3","ENSG00000167491"
4419,"enh2","ENSG00000160445"
4420,"enh4","ENSG00000149798"
4421,"enh12","ENSG00000099622"
4422,"enh3","ENSG00000117751"
4423,"enh1","ENSG00000148356"
4424,"enh5","ENSG00000162669"
4425,"enh5","ENSG00000116014"
4426,"enh7","ENSG00000117222"
4427,"enh6","ENSG00000136842"
4428,"enh13","ENSG00000238227"
4429,"enh13","ENSG00000161654"
4430,"enh5","ENSG00000197217"
4431,"enh14","ENSG00000125170"
4432,"enh14","ENSG00000133895"
4433,"enh6","ENSG00000105497"
4434,"enh6","ENSG00000117593"
4435,"enh7","ENSG00000135870"
4436,"enh7","ENSG00000162976"
4437,"enh5","ENSG00000119523"
4438,"enh13","ENSG00000148339"
4439,"enh6","ENSG00000162241"
4440,"enh2","ENSG00000198417"
4441,"enh7","ENSG00000088682"
4442,"enh2","ENSG00000064932"
4443,"enh14","ENSG00000162669"
4444,"enh13","ENSG00000071626"
4445,"enh11","ENSG00000070423"
4446,"enh6","ENSG00000136925"
4447,"enh2","ENSG00000213024"
4448,"enh10","ENSG00000104897"
4449,"enh12","ENSG00000140848"
4450,"enh8","ENSG00000148337"
4451,"enh2","ENSG00000099821"
4452,"enh6","ENSG00000181896"
4453,"enh7","ENSG00000213024"
4454,"enh11","ENSG00000197958"
4455,"enh11","ENSG00000117691"
4456,"enh13","ENSG00000153107"
4457,"enh12","ENSG00000196961"
4458,"enh13","ENSG00000068971"
4459,"enh5","ENSG00000122482"
4460,"enh7","ENSG00000105655"
4461,"enh10","ENSG00000117625"
4462,"enh9","ENSG00000129951"
4463,"enh2","ENSG00000180340"
4464,"enh9","ENSG00000185761"
4465,"enh14","ENSG00000119203"
4466,"enh8","ENSG00000204710"
4467,"enh8","ENSG00000064490"
4468,"enh10","ENSG00000099875"
4469,"enh13","ENSG00000172059"
4470,"enh6","ENSG00000130511"
4471,"enh4","ENSG00000262874"
4472,"enh1","ENSG00000115944"
4473,"enh3","ENSG00000161714"
4474,"enh9","ENSG00000119392"
4475,"enh5","ENSG00000105717"
4476,"enh2","ENSG00000174744"
4477,"enh12","ENSG00000144136"
4478,"enh7","ENSG00000057935"
4479,"enh12","ENSG00000130766"
4480,"enh13","ENSG00000107290"
4481,"enh14","ENSG00000009780"
4482,"enh6","ENSG00000149792"
4483,"enh10","ENSG00000115756"
4484,"enh10","ENSG00000097046"
4485,"enh1","ENSG00000173465"
4486,"enh10","ENSG00000162873"
4487,"enh1","ENSG00000131398"
4488,"enh6","ENSG00000104960"
4489,"enh8","ENSG00000172232"
4490,"enh10","ENSG00000130559"
4491,"enh10","ENSG00000162769"
4492,"enh13","ENSG00000152518"
4493,"enh9","ENSG00000090020"
4494,"enh6","ENSG00000136807"
4495,"enh5","ENSG00000158195"
4496,"enh5","ENSG00000176973"
4497,"enh13","ENSG00000172977"
4498,"enh5","ENSG00000105053"
4499,"enh13","ENSG00000197136"
4500,"enh8","ENSG00000066027"
4501,"enh11","ENSG00000165699"
4502,"enh2","ENSG00000008853"
4503,"enh12","ENSG00000158941"
4504,"enh1","ENSG00000186501"
4505,"enh6","ENSG00000067596"
4506,"enh10","ENSG00000070423"
4507,"enh6","ENSG00000005007"
4508,"enh8","ENSG00000136943"
4509,"enh13","ENSG00000158711"
4510,"enh8","ENSG00000167491"
4511,"enh9","ENSG00000147454"
4512,"enh3","ENSG00000105472"
4513,"enh8","ENSG00000146670"
4514,"enh6","ENSG00000103005"
4515,"enh13","ENSG00000165661"
4516,"enh13","ENSG00000105379"
4517,"enh3","ENSG00000105374"
4518,"enh14","ENSG00000039650"
4519,"enh9","ENSG00000173465"
4520,"enh2","ENSG00000102931"
4521,"enh3","ENSG00000125144"
4522,"enh8","ENSG00000105669"
4523,"enh5","ENSG00000131097"
4524,"enh6","ENSG00000176890"
4525,"enh4","ENSG00000107021"
4526,"enh4","ENSG00000196415"
4527,"enh11","ENSG00000136908"
4528,"enh8","ENSG00000089639"
4529,"enh2","ENSG00000228300"
4530,"enh13","ENSG00000136925"
4531,"enh6","ENSG00000130775"
4532,"enh9","ENSG00000125611"
4533,"enh7","ENSG00000104679"
4534,"enh2","ENSG00000180448"
4535,"enh1","ENSG00000168067"
4536,"enh11","ENSG00000167748"
4537,"enh8","ENSG00000051128"
4538,"enh2","ENSG00000204291"
4539,"enh6","ENSG00000068831"
4540,"enh3","ENSG00000090020"
4541,"enh2","ENSG00000184162"
4542,"enh10","ENSG00000185278"
4543,"enh2","ENSG00000117222"
4544,"enh11","ENSG00000167759"
4545,"enh3","ENSG00000087365"
4546,"enh5","ENSG00000183831"
4547,"enh4","ENSG00000165702"
4548,"enh9","ENSG00000144134"
4549,"enh5","ENSG00000165688"
4550,"enh5","ENSG00000105696"
4551,"enh7","ENSG00000134330"
4552,"enh5","ENSG00000160326"
4553,"enh9","ENSG00000117758"
4554,"enh6","ENSG00000213988"
4555,"enh14","ENSG00000198870"
4556,"enh1","ENSG00000064787"
4557,"enh6","ENSG00000147439"
4558,"enh5","ENSG00000167470"
4559,"enh7","ENSG00000228300"
4560,"enh9","ENSG00000213465"
4561,"enh8","ENSG00000172775"
4562,"enh8","ENSG00000070423"
4563,"enh4","ENSG00000227500"
4564,"enh10","ENSG00000099864"
4565,"enh5","ENSG00000182963"
4566,"enh11","ENSG00000125482"
4567,"enh13","ENSG00000070761"
4568,"enh6","ENSG00000196683"
4569,"enh1","ENSG00000131409"
4570,"enh14","ENSG00000108840"
4571,"enh10","ENSG00000175707"
4572,"enh8","ENSG00000140854"
4573,"enh11","ENSG00000149809"
4574,"enh5","ENSG00000103021"
4575,"enh10","ENSG00000174516"
4576,"enh3","ENSG00000099624"
4577,"enh7","ENSG00000174871"
4578,"enh3","ENSG00000176890"
4579,"enh3","ENSG00000119333"
4580,"enh7","ENSG00000130768"
4581,"enh10","ENSG00000095380"
4582,"enh11","ENSG00000117697"
4583,"enh2","ENSG00000173442"
4584,"enh6","ENSG00000173327"
4585,"enh7","ENSG00000160326"
4586,"enh4","ENSG00000168056"
4587,"enh13","ENSG00000101132"
4588,"enh14","ENSG00000173465"
4589,"enh6","ENSG00000117758"
4590,"enh7","ENSG00000105374"
4591,"enh4","ENSG00000013306"
4592,"enh6","ENSG00000108861"
4593,"enh6","ENSG00000136877"
4594,"enh13","ENSG00000175832"
4595,"enh2","ENSG00000175334"
4596,"enh10","ENSG00000104679"
4597,"enh2","ENSG00000105656"
4598,"enh7","ENSG00000147669"
4599,"enh8","ENSG00000183831"
4600,"enh1","ENSG00000167113"
4601,"enh13","ENSG00000115084"
4602,"enh6","ENSG00000144136"
4603,"enh5","ENSG00000196415"
4604,"enh1","ENSG00000185761"
4605,"enh14","ENSG00000117625"
4606,"enh6","ENSG00000125637"
4607,"enh13","ENSG00000144130"
4608,"enh9","ENSG00000167747"
4609,"enh12","ENSG00000175376"
4610,"enh5","ENSG00000125148"
4611,"enh8","ENSG00000165702"
4612,"enh14","ENSG00000125630"
4613,"enh3","ENSG00000104679"
4614,"enh5","ENSG00000087263"
4615,"enh13","ENSG00000213023"
4616,"enh5","ENSG00000115286"
4617,"enh14","ENSG00000064932"
4618,"enh1","ENSG00000005194"
4619,"enh14","ENSG00000099875"
4620,"enh11","ENSG00000105374"
4621,"enh5","ENSG00000149806"
4622,"enh1","ENSG00000186806"
4623,"enh7","ENSG00000131409"
4624,"enh7","ENSG00000140854"
4625,"enh13","ENSG00000117691"
4626,"enh3","ENSG00000142733"
4627,"enh6","ENSG00000131408"
4628,"enh3","ENSG00000005194"
4629,"enh1","ENSG00000108852"
4630,"enh2","ENSG00000174842"
4631,"enh4","ENSG00000099804"
4632,"enh11","ENSG00000161714"
4633,"enh12","ENSG00000188554"
4634,"enh2","ENSG00000167112"
4635,"enh11","ENSG00000134330"
4636,"enh5","ENSG00000162298"
4637,"enh7","ENSG00000136937"
4638,"enh2","ENSG00000142784"
4639,"enh9","ENSG00000162241"
4640,"enh3","ENSG00000064787"
4641,"enh4","ENSG00000180098"
4642,"enh7","ENSG00000135046"
4643,"enh7","ENSG00000187024"
4644,"enh11","ENSG00000102978"
4645,"enh11","ENSG00000102996"
4646,"enh8","ENSG00000068976"
4647,"enh14","ENSG00000102900"
4648,"enh3","ENSG00000168061"
4649,"enh2","ENSG00000117691"
4650,"enh6","ENSG00000115091"
4651,"enh2","ENSG00000131097"
4652,"enh13","ENSG00000115257"
4653,"enh6","ENSG00000174903"
4654,"enh5","ENSG00000133275"
4655,"enh6","ENSG00000161682"
4656,"enh1","ENSG00000090273"
4657,"enh3","ENSG00000197136"
4658,"enh11","ENSG00000161682"
4659,"enh3","ENSG00000117266"
4660,"enh8","ENSG00000102978"
4661,"enh9","ENSG00000102900"
4662,"enh5","ENSG00000106799"
4663,"enh12","ENSG00000130270"
4664,"enh10","ENSG00000148411"
4665,"enh1","ENSG00000104885"
4666,"enh4","ENSG00000125484"
4667,"enh7","ENSG00000173442"
4668,"enh11","ENSG00000127540"
4669,"enh5","ENSG00000167468"
4670,"enh8","ENSG00000122484"
4671,"enh3","ENSG00000148290"
4672,"enh13","ENSG00000105655"
4673,"enh12","ENSG00000148303"
4674,"enh8","ENSG00000148303"
4675,"enh4","ENSG00000064547"
4676,"enh3","ENSG00000198870"
4677,"enh4","ENSG00000105655"
4678,"enh13","ENSG00000165138"
4679,"enh3","ENSG00000162298"
4680,"enh1","ENSG00000256771"
4681,"enh6","ENSG00000181781"
4682,"enh3","ENSG00000136895"
4683,"enh3","ENSG00000148303"
4684,"enh11","ENSG00000090273"
4685,"enh7","ENSG00000064687"
4686,"enh12","ENSG00000143476"
4687,"enh2","ENSG00000254901"
4688,"enh12","ENSG00000173327"
4689,"enh2","ENSG00000106976"
4690,"enh7","ENSG00000126705"
4691,"enh10","ENSG00000136932"
4692,"enh10","ENSG00000125611"
4693,"enh10","ENSG00000133275"
4694,"enh14","ENSG00000120656"
4695,"enh8","ENSG00000174996"
4696,"enh10","ENSG00000176973"
4697,"enh2","ENSG00000147454"
4698,"enh5","ENSG00000120896"
4699,"enh1","ENSG00000102931"
4700,"enh6","ENSG00000177125"
4701,"enh6","ENSG00000165138"
4702,"enh7","ENSG00000161692"
4703,"enh3","ENSG00000204673"
4704,"enh3","ENSG00000070770"
4705,"enh1","ENSG00000188554"
4706,"enh14","ENSG00000143882"
4707,"enh9","ENSG00000141933"
4708,"enh10","ENSG00000162976"
4709,"enh8","ENSG00000204291"
4710,"enh9","ENSG00000070388"
4711,"enh3","ENSG00000108309"
4712,"enh4","ENSG00000165699"
4713,"enh9","ENSG00000158941"
4714,"enh12","ENSG00000148296"
4715,"enh5","ENSG00000115750"
4716,"enh8","ENSG00000115091"
4717,"enh2","ENSG00000172270"
4718,"enh10","ENSG00000107290"
4719,"enh8","ENSG00000160271"
4720,"enh9","ENSG00000108309"
4721,"enh12","ENSG00000160445"
4722,"enh14","ENSG00000153214"
4723,"enh14","ENSG00000131400"
4724,"enh13","ENSG00000105662"
4725,"enh5","ENSG00000213445"
4726,"enh10","ENSG00000196312"
4727,"enh13","ENSG00000176973"
4728,"enh5","ENSG00000148290"
4729,"enh10","ENSG00000142784"
4730,"enh8","ENSG00000129933"
4731,"enh11","ENSG00000138772"
4732,"enh6","ENSG00000136828"
4733,"enh2","ENSG00000104897"
4734,"enh13","ENSG00000110047"
4735,"enh12","ENSG00000105662"
4736,"enh13","ENSG00000067596"
4737,"enh1","ENSG00000135046"
4738,"enh13","ENSG00000168066"
4739,"enh7","ENSG00000099624"
4740,"enh8","ENSG00000136842"
4741,"enh6","ENSG00000130560"
4742,"enh11","ENSG00000115091"
4743,"enh12","ENSG00000203705"
4744,"enh9","ENSG00000174516"
4745,"enh2","ENSG00000131400"
4746,"enh11","ENSG00000065600"
4747,"enh8","ENSG00000165689"
4748,"enh11","ENSG00000125485"
4749,"enh11","ENSG00000123684"
4750,"enh4","ENSG00000213465"
4751,"enh13","ENSG00000079313"
4752,"enh10","ENSG00000160563"
4753,"enh2","ENSG00000105655"
4754,"enh12","ENSG00000070770"
4755,"enh10","ENSG00000161692"
4756,"enh1","ENSG00000160360"
4757,"enh5","ENSG00000168056"
4758,"enh12","ENSG00000064607"
4759,"enh13","ENSG00000125170"
4760,"enh4","ENSG00000168067"
4761,"enh13","ENSG00000204673"
4762,"enh6","ENSG00000090273"
4763,"enh3","ENSG00000162772"
4764,"enh5","ENSG00000006016"
4765,"enh13","ENSG00000160293"
4766,"enh1","ENSG00000168056"
4767,"enh5","ENSG00000136936"
4768,"enh14","ENSG00000141349"
4769,"enh13","ENSG00000143476"
4770,"enh6","ENSG00000175854"
4771,"enh13","ENSG00000108312"
4772,"enh12","ENSG00000071655"
4773,"enh6","ENSG00000143493"
4774,"enh5","ENSG00000108840"
4775,"enh3","ENSG00000163297"
4776,"enh6","ENSG00000141933"
4777,"enh8","ENSG00000187193"
4778,"enh2","ENSG00000165689"
4779,"enh3","ENSG00000070423"
4780,"enh6","ENSG00000102934"
4781,"enh1","ENSG00000196961"
4782,"enh3","ENSG00000106789"
4783,"enh3","ENSG00000105696"
4784,"enh4","ENSG00000136938"
4785,"enh8","ENSG00000148297"
4786,"enh13","ENSG00000099622"
4787,"enh2","ENSG00000101132"
4788,"enh2","ENSG00000136856"
4789,"enh13","ENSG00000187024"
4790,"enh12","ENSG00000105671"
4791,"enh3","ENSG00000134317"
4792,"enh7","ENSG00000169607"
4793,"enh3","ENSG00000171219"
4794,"enh12","ENSG00000196152"
4795,"enh7","ENSG00000100316"
4796,"enh8","ENSG00000160360"
4797,"enh4","ENSG00000204291"
4798,"enh3","ENSG00000105671"
4799,"enh12","ENSG00000133884"
4800,"enh1","ENSG00000140859"
4801,"enh6","ENSG00000087365"
4802,"enh11","ENSG00000140854"
4803,"enh9","ENSG00000148248"
4804,"enh2","ENSG00000013306"
4805,"enh11","ENSG00000172081"
4806,"enh8","ENSG00000148248"
4807,"enh7","ENSG00000174669"
4808,"enh7","ENSG00000149798"
4809,"enh13","ENSG00000005194"
4810,"enh6","ENSG00000162772"
4811,"enh10","ENSG00000198786"
4812,"enh14","ENSG00000125482"
4813,"enh7","ENSG00000138756"
4814,"enh8","ENSG00000119203"
4815,"enh2","ENSG00000167136"
4816,"enh12","ENSG00000186806"
4817,"enh10","ENSG00000196550"
4818,"enh13","ENSG00000105676"
4819,"enh13","ENSG00000116017"
4820,"enh11","ENSG00000149823"
4821,"enh12","ENSG00000100316"
4822,"enh14","ENSG00000161677"
4823,"enh1","ENSG00000117691"
4824,"enh4","ENSG00000115255"
4825,"enh11","ENSG00000125637"
4826,"enh3","ENSG00000115255"
4827,"enh13","ENSG00000167491"
4828,"enh3","ENSG00000039650"
4829,"enh10","ENSG00000117751"
4830,"enh2","ENSG00000104689"
4831,"enh13","ENSG00000184988"
4832,"enh11","ENSG00000102900"
4833,"enh5","ENSG00000148337"
4834,"enh6","ENSG00000064687"
4835,"enh8","ENSG00000099625"
4836,"enh10","ENSG00000104946"
4837,"enh6","ENSG00000131400"
4838,"enh6","ENSG00000167487"
4839,"enh5","ENSG00000184988"
4840,"enh11","ENSG00000167123"
4841,"enh10","ENSG00000104960"
4842,"enh6","ENSG00000129951"
4843,"enh3","ENSG00000005007"
4844,"enh3","ENSG00000006015"
4845,"enh14","ENSG00000148337"
4846,"enh12","ENSG00000070423"
4847,"enh2","ENSG00000067596"
4848,"enh3","ENSG00000102978"
4849,"enh9","ENSG00000099804"
4850,"enh11","ENSG00000102934"
4851,"enh10","ENSG00000196422"
4852,"enh2","ENSG00000119333"
4853,"enh12","ENSG00000013306"
4854,"enh4","ENSG00000131398"
4855,"enh7","ENSG00000119333"
4856,"enh14","ENSG00000180329"
4857,"enh3","ENSG00000106991"
4858,"enh1","ENSG00000169403"
4859,"enh5","ENSG00000149823"
4860,"enh12","ENSG00000198870"
4861,"enh4","ENSG00000175832"
4862,"enh10","ENSG00000162669"
4863,"enh4","ENSG00000107290"
4864,"enh7","ENSG00000119514"
4865,"enh14","ENSG00000064607"
4866,"enh14","ENSG00000174276"
4867,"enh12","ENSG00000102996"
4868,"enh12","ENSG00000070388"
4869,"enh9","ENSG00000117625"
4870,"enh8","ENSG00000144136"
4871,"enh9","ENSG00000011304"
4872,"enh2","ENSG00000104885"
4873,"enh14","ENSG00000167470"
4874,"enh7","ENSG00000160446"
4875,"enh1","ENSG00000099625"
4876,"enh1","ENSG00000174684"
4877,"enh8","ENSG00000136830"
4878,"enh6","ENSG00000099821"
4879,"enh10","ENSG00000120656"
4880,"enh11","ENSG00000120889"
4881,"enh2","ENSG00000176890"
4882,"enh13","ENSG00000129933"
4883,"enh4","ENSG00000119333"
4884,"enh11","ENSG00000161671"
4885,"enh13","ENSG00000142544"
4886,"enh7","ENSG00000131408"
4887,"enh7","ENSG00000196188"
4888,"enh8","ENSG00000110046"
4889,"enh9","ENSG00000104973"
4890,"enh1","ENSG00000014138"
4891,"enh14","ENSG00000167136"
4892,"enh14","ENSG00000070770"
4893,"enh14","ENSG00000136932"
4894,"enh12","ENSG00000095380"
4895,"enh10","ENSG00000167005"
4896,"enh10","ENSG00000182963"
4897,"enh7","ENSG00000197816"
4898,"enh4","ENSG00000143476"
4899,"enh10","ENSG00000129968"
4900,"enh6","ENSG00000115756"
4901,"enh7","ENSG00000135736"
4902,"enh8","ENSG00000148334"
4903,"enh11","ENSG00000069482"
4904,"enh6","ENSG00000136936"
4905,"enh4","ENSG00000146670"
4906,"enh7","ENSG00000148337"
4907,"enh5","ENSG00000174516"
4908,"enh7","ENSG00000136807"
4909,"enh8","ENSG00000126705"
4910,"enh13","ENSG00000181588"
4911,"enh7","ENSG00000165698"
4912,"enh11","ENSG00000108883"
4913,"enh8","ENSG00000167136"
4914,"enh12","ENSG00000115944"
4915,"enh10","ENSG00000181781"
4916,"enh1","ENSG00000136840"
4917,"enh1","ENSG00000197766"
4918,"enh8","ENSG00000161682"
4919,"enh8","ENSG00000165138"
4920,"enh3","ENSG00000149823"
4921,"enh12","ENSG00000196116"
4922,"enh6","ENSG00000167470"
4923,"enh3","ENSG00000051108"
4924,"enh6","ENSG00000162300"
4925,"enh13","ENSG00000174516"
4926,"enh11","ENSG00000106785"
4927,"enh2","ENSG00000140854"
4928,"enh14","ENSG00000106789"
4929,"enh9","ENSG00000125484"
4930,"enh9","ENSG00000131409"
4931,"enh11","ENSG00000175573"
4932,"enh2","ENSG00000142530"
4933,"enh11","ENSG00000174547"
4934,"enh13","ENSG00000161714"
4935,"enh13","ENSG00000160360"
4936,"enh14","ENSG00000174851"
4937,"enh5","ENSG00000213023"
4938,"enh9","ENSG00000168066"
4939,"enh7","ENSG00000182963"
4940,"enh7","ENSG00000125170"
4941,"enh14","ENSG00000136840"
4942,"enh5","ENSG00000082512"
4943,"enh5","ENSG00000168062"
4944,"enh10","ENSG00000153208"
4945,"enh5","ENSG00000105662"
4946,"enh4","ENSG00000070761"
4947,"enh13","ENSG00000162769"
4948,"enh1","ENSG00000102996"
4949,"enh5","ENSG00000065000"
4950,"enh14","ENSG00000149792"
4951,"enh7","ENSG00000006015"
4952,"enh8","ENSG00000160446"
4953,"enh6","ENSG00000136938"
4954,"enh5","ENSG00000160271"
4955,"enh9","ENSG00000213638"
4956,"enh9","ENSG00000115944"
4957,"enh8","ENSG00000115758"
4958,"enh14","ENSG00000115084"
4959,"enh9","ENSG00000116014"
4960,"enh13","ENSG00000087263"
4961,"enh4","ENSG00000131094"
4962,"enh9","ENSG00000142765"
4963,"enh9","ENSG00000181781"
4964,"enh13","ENSG00000167106"
4965,"enh4","ENSG00000175376"
4966,"enh3","ENSG00000136842"
4967,"enh10","ENSG00000142186"
4968,"enh13","ENSG00000102978"
4969,"enh14","ENSG00000110047"
4970,"enh14","ENSG00000136937"
4971,"enh1","ENSG00000198840"
4972,"enh11","ENSG00000160271"
4973,"enh5","ENSG00000174950"
4974,"enh7","ENSG00000159648"
4975,"enh3","ENSG00000014216"
4976,"enh3","ENSG00000158711"
4977,"enh13","ENSG00000091947"
4978,"enh5","ENSG00000119335"
4979,"enh7","ENSG00000141934"
4980,"enh9","ENSG00000174606"
4981,"enh8","ENSG00000198786"
4982,"enh5","ENSG00000130766"
4983,"enh12","ENSG00000141349"
4984,"enh7","ENSG00000174529"
4985,"enh10","ENSG00000196116"
4986,"enh4","ENSG00000162976"
4987,"enh4","ENSG00000105374"
4988,"enh13","ENSG00000064932"
4989,"enh12","ENSG00000198417"
4990,"enh6","ENSG00000181035"
4991,"enh10","ENSG00000069275"
4992,"enh9","ENSG00000167113"
4993,"enh7","ENSG00000147457"
4994,"enh4","ENSG00000141933"
4995,"enh4","ENSG00000105676"
4996,"enh6","ENSG00000174950"
4997,"enh2","ENSG00000198746"
4998,"enh1","ENSG00000108883"
4999,"enh10","ENSG00000136929"
5000,"enh11","ENSG00000130772"
5001,"enh4","ENSG00000143882"
5002,"enh8","ENSG00000158941"
5003,"enh13","ENSG00000105726"
5004,"enh14","ENSG00000105656"
5005,"enh13","ENSG00000197694"
5006,"enh9","ENSG00000136925"
5007,"enh13","ENSG00000204710"
5008,"enh10","ENSG00000105379"
5009,"enh12","ENSG00000125484"
5010,"enh6","ENSG00000125319"
5011,"enh6","ENSG00000099864"
5012,"enh5","ENSG00000123684"
5013,"enh12","ENSG00000136643"
5014,"enh7","ENSG00000133065"
5015,"enh8","ENSG00000185761"
5016,"enh8","ENSG00000134317"
5017,"enh4","ENSG00000006015"
5018,"enh4","ENSG00000119514"
5019,"enh10","ENSG00000116017"
5020,"enh2","ENSG00000129968"
5021,"enh11","ENSG00000005007"
5022,"enh11","ENSG00000250067"
5023,"enh2","ENSG00000117593"
5024,"enh11","ENSG00000204673"
5025,"enh9","ENSG00000117748"
5026,"enh4","ENSG00000106991"
5027,"enh3","ENSG00000130560"
5028,"enh1","ENSG00000198786"
5029,"enh13","ENSG00000135736"
5030,"enh5","ENSG00000068976"
5031,"enh12","ENSG00000106789"
5032,"enh8","ENSG00000133243"
5033,"enh8","ENSG00000123684"
5034,"enh11","ENSG00000141934"
5035,"enh1","ENSG00000213024"
5036,"enh1","ENSG00000099804"
5037,"enh10","ENSG00000159579"
5038,"enh6","ENSG00000102900"
5039,"enh5","ENSG00000197816"
5040,"enh12","ENSG00000152061"
5041,"enh5","ENSG00000134317"
5042,"enh7","ENSG00000167103"
5043,"enh9","ENSG00000149798"
5044,"enh3","ENSG00000125618"
5045,"enh10","ENSG00000161671"
5046,"enh11","ENSG00000254901"
5047,"enh12","ENSG00000168061"
5048,"enh1","ENSG00000175573"
5049,"enh1","ENSG00000136908"
5050,"enh7","ENSG00000167106"
5051,"enh1","ENSG00000071564"
5052,"enh13","ENSG00000129951"
5053,"enh13","ENSG00000175221"
5054,"enh10","ENSG00000108849"
5055,"enh9","ENSG00000115257"
5056,"enh11","ENSG00000099866"
5057,"enh4","ENSG00000162300"
5058,"enh11","ENSG00000104679"
5059,"enh7","ENSG00000133895"
5060,"enh1","ENSG00000130770"
5061,"enh3","ENSG00000167113"
5062,"enh7","ENSG00000116014"
5063,"enh1","ENSG00000106803"
5064,"enh3","ENSG00000051128"
5065,"enh11","ENSG00000167005"
5066,"enh2","ENSG00000070761"
5067,"enh11","ENSG00000172059"
5068,"enh14","ENSG00000227500"
5069,"enh1","ENSG00000171940"
5070,"enh4","ENSG00000185761"
5071,"enh12","ENSG00000176890"
5072,"enh1","ENSG00000161714"
5073,"enh11","ENSG00000172977"
5074,"enh4","ENSG00000108312"
5075,"enh12","ENSG00000175854"
5076,"enh9","ENSG00000068976"
5077,"enh1","ENSG00000148411"
5078,"enh1","ENSG00000135870"
5079,"enh9","ENSG00000070423"
5080,"enh8","ENSG00000148296"
5081,"enh7","ENSG00000159579"
5082,"enh5","ENSG00000184162"
5083,"enh3","ENSG00000104885"
5084,"enh7","ENSG00000136840"
5085,"enh10","ENSG00000160445"
5086,"enh11","ENSG00000160360"
5087,"enh8","ENSG00000180098"
5088,"enh12","ENSG00000174996"
5089,"enh4","ENSG00000186010"
5090,"enh5","ENSG00000099622"
5091,"enh4","ENSG00000115084"
5092,"enh1","ENSG00000110046"
5093,"enh1","ENSG00000070404"
5094,"enh9","ENSG00000006015"
5095,"enh10","ENSG00000120896"
5096,"enh14","ENSG00000148411"
5097,"enh4","ENSG00000134317"
5098,"enh2","ENSG00000070404"
5099,"enh3","ENSG00000138036"
5100,"enh6","ENSG00000174669"
5101,"enh1","ENSG00000187193"
5102,"enh6","ENSG00000126709"
5103,"enh4","ENSG00000065268"
5104,"enh8","ENSG00000009780"
5105,"enh3","ENSG00000131097"
5106,"enh14","ENSG00000065268"
5107,"enh11","ENSG00000105726"
5108,"enh1","ENSG00000116017"
5109,"enh1","ENSG00000134317"
5110,"enh13","ENSG00000131409"
5111,"enh6","ENSG00000196116"
5112,"enh2","ENSG00000162419"
5113,"enh5","ENSG00000105700"
5114,"enh6","ENSG00000117625"
5115,"enh9","ENSG00000117592"
5116,"enh6","ENSG00000130768"
5117,"enh2","ENSG00000144136"
5118,"enh6","ENSG00000125611"
5119,"enh6","ENSG00000254986"
5120,"enh7","ENSG00000105669"
5121,"enh5","ENSG00000114999"
5122,"enh2","ENSG00000126391"
5123,"enh9","ENSG00000136643"
5124,"enh14","ENSG00000165688"
5125,"enh12","ENSG00000136936"
5126,"enh9","ENSG00000172757"
5127,"enh11","ENSG00000099817"
5128,"enh1","ENSG00000162873"
5129,"enh7","ENSG00000099864"
5130,"enh13","ENSG00000130768"
5131,"enh12","ENSG00000116014"
5132,"enh1","ENSG00000161677"
5133,"enh5","ENSG00000117280"
5134,"enh2","ENSG00000147439"
5135,"enh13","ENSG00000105374"
5136,"enh3","ENSG00000125484"
5137,"enh1","ENSG00000108309"
5138,"enh8","ENSG00000101132"
5139,"enh8","ENSG00000185198"
5140,"enh5","ENSG00000067596"
5141,"enh6","ENSG00000167468"
5142,"enh11","ENSG00000178093"
5143,"enh5","ENSG00000175550"
5144,"enh6","ENSG00000105662"
5145,"enh3","ENSG00000005961"
5146,"enh13","ENSG00000090273"
5147,"enh11","ENSG00000105383"
5148,"enh6","ENSG00000099817"
5149,"enh11","ENSG00000099624"
5150,"enh11","ENSG00000160445"
5151,"enh3","ENSG00000167123"
5152,"enh10","ENSG00000187193"
5153,"enh2","ENSG00000136932"
5154,"enh4","ENSG00000105701"
5155,"enh4","ENSG00000148290"
5156,"enh11","ENSG00000104946"
5157,"enh14","ENSG00000162772"
5158,"enh2","ENSG00000146670"
5159,"enh5","ENSG00000131409"
5160,"enh1","ENSG00000148308"
5161,"enh10","ENSG00000106789"
5162,"enh10","ENSG00000069482"
5163,"enh5","ENSG00000095383"
5164,"enh6","ENSG00000198786"
5165,"enh7","ENSG00000120889"
5166,"enh14","ENSG00000175573"
5167,"enh13","ENSG00000178093"
5168,"enh1","ENSG00000142784"
5169,"enh2","ENSG00000197958"
5170,"enh6","ENSG00000172757"
5171,"enh12","ENSG00000115756"
5172,"enh5","ENSG00000149798"
5173,"enh8","ENSG00000213465"
5174,"enh9","ENSG00000169136"
5175,"enh14","ENSG00000196683"
5176,"enh5","ENSG00000136925"
5177,"enh6","ENSG00000167118"
5178,"enh11","ENSG00000069275"
5179,"enh10","ENSG00000117758"
5180,"enh9","ENSG00000142530"
5181,"enh1","ENSG00000148288"
5182,"enh5","ENSG00000070761"
5183,"enh14","ENSG00000105705"
5184,"enh3","ENSG00000167759"
5185,"enh3","ENSG00000174996"
5186,"enh6","ENSG00000198417"
5187,"enh8","ENSG00000082512"
5188,"enh11","ENSG00000160563"
5189,"enh10","ENSG00000204291"
5190,"enh11","ENSG00000070770"
5191,"enh8","ENSG00000108883"
5192,"enh4","ENSG00000175550"
5193,"enh12","ENSG00000148297"
5194,"enh1","ENSG00000196188"
5195,"enh2","ENSG00000129951"
5196,"enh1","ENSG00000171159"
5197,"enh4","ENSG00000105662"
5198,"enh2","ENSG00000162669"
5199,"enh6","ENSG00000160318"
5200,"enh10","ENSG00000175592"
5201,"enh5","ENSG00000180448"
5202,"enh11","ENSG00000133069"
5203,"enh11","ENSG00000188554"
5204,"enh6","ENSG00000187193"
5205,"enh8","ENSG00000136840"
5206,"enh9","ENSG00000105374"
5207,"enh8","ENSG00000173327"
5208,"enh4","ENSG00000136682"
5209,"enh10","ENSG00000175832"
5210,"enh4","ENSG00000174903"
5211,"enh14","ENSG00000120896"
5212,"enh11","ENSG00000119333"
5213,"enh1","ENSG00000175707"
5214,"enh3","ENSG00000162769"
5215,"enh12","ENSG00000167748"
5216,"enh14","ENSG00000100316"
5217,"enh7","ENSG00000162769"
5218,"enh13","ENSG00000006016"
5219,"enh12","ENSG00000136854"
5220,"enh4","ENSG00000057935"
5221,"enh1","ENSG00000122140"
5222,"enh8","ENSG00000160325"
5223,"enh14","ENSG00000118046"
5224,"enh9","ENSG00000152518"
5225,"enh3","ENSG00000163291"
5226,"enh4","ENSG00000062822"
5227,"enh8","ENSG00000166188"
5228,"enh7","ENSG00000171169"
5229,"enh6","ENSG00000169607"
5230,"enh6","ENSG00000196188"
5231,"enh8","ENSG00000114999"
5232,"enh3","ENSG00000160360"
5233,"enh12","ENSG00000174842"
5234,"enh14","ENSG00000136448"
5235,"enh7","ENSG00000167110"
5236,"enh9","ENSG00000167759"
5237,"enh9","ENSG00000171848"
5238,"enh6","ENSG00000156269"
5239,"enh8","ENSG00000162300"
5240,"enh6","ENSG00000198858"
5241,"enh12","ENSG00000105700"
5242,"enh13","ENSG00000142784"
5243,"enh1","ENSG00000167468"
5244,"enh13","ENSG00000119392"
5245,"enh1","ENSG00000160326"
5246,"enh7","ENSG00000108883"
5247,"enh11","ENSG00000253368"
5248,"enh1","ENSG00000159579"
5249,"enh2","ENSG00000175294"
5250,"enh8","ENSG00000197766"
5251,"enh3","ENSG00000175376"
5252,"enh14","ENSG00000159461"
5253,"enh2","ENSG00000133069"
5254,"enh2","ENSG00000119523"
5255,"enh9","ENSG00000131097"
5256,"enh9","ENSG00000161682"
5257,"enh4","ENSG00000175294"
5258,"enh1","ENSG00000141934"
5259,"enh13","ENSG00000176890"
5260,"enh11","ENSG00000138767"
5261,"enh1","ENSG00000196550"
5262,"enh3","ENSG00000131409"
5263,"enh5","ENSG00000175294"
5264,"enh2","ENSG00000095380"
5265,"enh2","ENSG00000108883"
5266,"enh6","ENSG00000162769"
5267,"enh13","ENSG00000069702"
5268,"enh12","ENSG00000133895"
5269,"enh14","ENSG00000125484"
5270,"enh13","ENSG00000160563"
5271,"enh6","ENSG00000104973"
5272,"enh7","ENSG00000160404"
5273,"enh3","ENSG00000169403"
5274,"enh3","ENSG00000167136"
5275,"enh9","ENSG00000009780"
5276,"enh10","ENSG00000065000"
5277,"enh13","ENSG00000197540"
5278,"enh7","ENSG00000184988"
5279,"enh2","ENSG00000065268"
5280,"enh10","ENSG00000163297"
5281,"enh5","ENSG00000008853"
5282,"enh4","ENSG00000196152"
5283,"enh1","ENSG00000125144"
5284,"enh11","ENSG00000115750"
5285,"enh5","ENSG00000197694"
5286,"enh4","ENSG00000181513"
5287,"enh11","ENSG00000148296"
5288,"enh10","ENSG00000130513"
5289,"enh9","ENSG00000213445"
5290,"enh7","ENSG00000166188"
5291,"enh6","ENSG00000167748"
5292,"enh5","ENSG00000254470"
5293,"enh3","ENSG00000176973"
5294,"enh4","ENSG00000167005"
5295,"enh14","ENSG00000168056"
5296,"enh12","ENSG00000107021"
5297,"enh3","ENSG00000126705"
5298,"enh4","ENSG00000158941"
5299,"enh2","ENSG00000135046"
5300,"enh3","ENSG00000196116"
5301,"enh1","ENSG00000167118"
5302,"enh14","ENSG00000105708"
5303,"enh10","ENSG00000005194"
5304,"enh7","ENSG00000099840"
5305,"enh12","ENSG00000149798"
5306,"enh4","ENSG00000051128"
5307,"enh4","ENSG00000136936"
5308,"enh12","ENSG00000126391"
5309,"enh14","ENSG00000117751"
5310,"enh4","ENSG00000174606"
5311,"enh12","ENSG00000120656"
5312,"enh3","ENSG00000167110"
5313,"enh11","ENSG00000064787"
5314,"enh7","ENSG00000162669"
5315,"enh5","ENSG00000198917"
5316,"enh6","ENSG00000160446"
5317,"enh6","ENSG00000175906"
5318,"enh9","ENSG00000147457"
5319,"enh6","ENSG00000125484"
5320,"enh10","ENSG00000136874"
5321,"enh1","ENSG00000106991"
5322,"enh12","ENSG00000167103"
5323,"enh1","ENSG00000064547"
5324,"enh4","ENSG00000105705"
5325,"enh13","ENSG00000142765"
5326,"enh10","ENSG00000162298"
5327,"enh11","ENSG00000117748"
5328,"enh9","ENSG00000138772"
5329,"enh12","ENSG00000125611"
5330,"enh8","ENSG00000118046"
5331,"enh3","ENSG00000120334"
5332,"enh10","ENSG00000198746"
5333,"enh10","ENSG00000117222"
5334,"enh6","ENSG00000082512"
5335,"enh11","ENSG00000176890"
5336,"enh2","ENSG00000119514"
5337,"enh4","ENSG00000196683"
5338,"enh8","ENSG00000102934"
5339,"enh8","ENSG00000013306"
5340,"enh8","ENSG00000169136"
5341,"enh13","ENSG00000117280"
5342,"enh10","ENSG00000125148"
5343,"enh2","ENSG00000099804"
5344,"enh11","ENSG00000223802"
5345,"enh14","ENSG00000130775"
5346,"enh11","ENSG00000129911"
5347,"enh9","ENSG00000186185"
5348,"enh8","ENSG00000006015"
5349,"enh11","ENSG00000115944"
5350,"enh7","ENSG00000169403"
5351,"enh3","ENSG00000181513"
5352,"enh4","ENSG00000172059"
5353,"enh1","ENSG00000030582"
5354,"enh5","ENSG00000160445"
5355,"enh1","ENSG00000148303"
5356,"enh2","ENSG00000153214"
5357,"enh6","ENSG00000120896"
5358,"enh10","ENSG00000104689"
5359,"enh5","ENSG00000122026"
5360,"enh13","ENSG00000136874"
5361,"enh1","ENSG00000198417"
5362,"enh8","ENSG00000014138"
5363,"enh7","ENSG00000144136"
5364,"enh1","ENSG00000119392"
5365,"enh5","ENSG00000136932"
5366,"enh7","ENSG00000106799"
5367,"enh13","ENSG00000187840"
5368,"enh5","ENSG00000138772"
5369,"enh2","ENSG00000196961"
5370,"enh8","ENSG00000174516"
5371,"enh4","ENSG00000175602"
5372,"enh14","ENSG00000185198"
5373,"enh12","ENSG00000149806"
5374,"enh9","ENSG00000223802"
5375,"enh1","ENSG00000161682"
5376,"enh7","ENSG00000144161"
5377,"enh2","ENSG00000064607"
5378,"enh12","ENSG00000117758"
5379,"enh12","ENSG00000174950"
5380,"enh14","ENSG00000106803"
5381,"enh1","ENSG00000238227"
5382,"enh7","ENSG00000160563"
5383,"enh5","ENSG00000039650"
5384,"enh13","ENSG00000134317"
5385,"enh2","ENSG00000213023"
5386,"enh1","ENSG00000185278"
5387,"enh13","ENSG00000119333"
5388,"enh5","ENSG00000160318"
5389,"enh9","ENSG00000160318"
5390,"enh4","ENSG00000158161"
5391,"enh8","ENSG00000149809"
5392,"enh10","ENSG00000174996"
5393,"enh13","ENSG00000144161"
5394,"enh14","ENSG00000167112"
5395,"enh10","ENSG00000105676"
5396,"enh9","ENSG00000115084"
5397,"enh9","ENSG00000115761"
5398,"enh1","ENSG00000174529"
5399,"enh1","ENSG00000197217"
5400,"enh4","ENSG00000213638"
5401,"enh9","ENSG00000160563"
5402,"enh8","ENSG00000149823"
5403,"enh4","ENSG00000167123"
5404,"enh12","ENSG00000006015"
5405,"enh9","ENSG00000149809"
5406,"enh10","ENSG00000120913"
5407,"enh13","ENSG00000180340"
5408,"enh11","ENSG00000125170"
5409,"enh8","ENSG00000104897"
5410,"enh9","ENSG00000147669"
5411,"enh3","ENSG00000011304"
5412,"enh10","ENSG00000106991"
5413,"enh7","ENSG00000204710"
5414,"enh11","ENSG00000171940"
5415,"enh6","ENSG00000163291"
5416,"enh14","ENSG00000196152"
5417,"enh9","ENSG00000141349"
5418,"enh5","ENSG00000148308"
5419,"enh6","ENSG00000136854"
5420,"enh7","ENSG00000012048"
5421,"enh7","ENSG00000167112"
5422,"enh11","ENSG00000130560"
5423,"enh13","ENSG00000160408"
5424,"enh2","ENSG00000161647"
5425,"enh9","ENSG00000172775"
5426,"enh1","ENSG00000104886"
5427,"enh11","ENSG00000175602"
5428,"enh12","ENSG00000142751"
5429,"enh4","ENSG00000186806"
5430,"enh7","ENSG00000117266"
5431,"enh7","ENSG00000168067"
5432,"enh10","ENSG00000160318"
5433,"enh12","ENSG00000130511"
5434,"enh8","ENSG00000130513"
5435,"enh13","ENSG00000173465"
5436,"enh11","ENSG00000175906"
5437,"enh11","ENSG00000160404"
5438,"enh8","ENSG00000136448"
5439,"enh7","ENSG00000167491"
5440,"enh14","ENSG00000169136"
5441,"enh3","ENSG00000064490"
5442,"enh14","ENSG00000126705"
5443,"enh14","ENSG00000057935"
5444,"enh8","ENSG00000167468"
5445,"enh1","ENSG00000158161"
5446,"enh3","ENSG00000134318"
5447,"enh11","ENSG00000171848"
5448,"enh2","ENSG00000090273"
5449,"enh10","ENSG00000168062"
5450,"enh2","ENSG00000136811"
5451,"enh5","ENSG00000105383"
5452,"enh10","ENSG00000185198"
5453,"enh3","ENSG00000134330"
5454,"enh7","ENSG00000134308"
5455,"enh1","ENSG00000186010"
5456,"enh3","ENSG00000160447"
5457,"enh4","ENSG00000254986"
5458,"enh14","ENSG00000144134"
5459,"enh2","ENSG00000148303"
5460,"enh13","ENSG00000123685"
5461,"enh4","ENSG00000125482"
5462,"enh10","ENSG00000196152"
5463,"enh10","ENSG00000156269"
5464,"enh14","ENSG00000105671"
5465,"enh13","ENSG00000198870"
5466,"enh12","ENSG00000057935"
5467,"enh6","ENSG00000167005"
5468,"enh1","ENSG00000136895"
5469,"enh11","ENSG00000136895"
5470,"enh13","ENSG00000136828"
5471,"enh9","ENSG00000105472"
5472,"enh6","ENSG00000148248"
5473,"enh1","ENSG00000069702"
5474,"enh7","ENSG00000099821"
5475,"enh11","ENSG00000136842"
5476,"enh2","ENSG00000123685"
5477,"enh7","ENSG00000104689"
5478,"enh9","ENSG00000175592"
5479,"enh12","ENSG00000165688"
5480,"enh4","ENSG00000069482"
5481,"enh2","ENSG00000198870"
5482,"enh5","ENSG00000099821"
5483,"enh7","ENSG00000162298"
5484,"enh4","ENSG00000182087"
5485,"enh3","ENSG00000213023"
5486,"enh6","ENSG00000134317"
5487,"enh12","ENSG00000068976"
5488,"enh1","ENSG00000123685"
5489,"enh14","ENSG00000167113"
5490,"enh8","ENSG00000125482"
5491,"enh9","ENSG00000187024"
5492,"enh14","ENSG00000126391"
5493,"enh5","ENSG00000125319"
5494,"enh13","ENSG00000012048"
5495,"enh6","ENSG00000090020"
5496,"enh12","ENSG00000117751"
5497,"enh4","ENSG00000158711"
5498,"enh12","ENSG00000120889"
5499,"enh8","ENSG00000158195"
5500,"enh14","ENSG00000213023"
5501,"enh4","ENSG00000176890"
5502,"enh9","ENSG00000104897"
5503,"enh11","ENSG00000039650"
5504,"enh6","ENSG00000167136"
5505,"enh1","ENSG00000106785"
5506,"enh3","ENSG00000141934"
5507,"enh12","ENSG00000104960"
5508,"enh13","ENSG00000105656"
5509,"enh10","ENSG00000160293"
5510,"enh10","ENSG00000009780"
5511,"enh2","ENSG00000106992"
5512,"enh5","ENSG00000133895"
5513,"enh13","ENSG00000136448"
5514,"enh1","ENSG00000133059"
5515,"enh14","ENSG00000181035"
5516,"enh14","ENSG00000131409"
5517,"enh3","ENSG00000165702"
5518,"enh13","ENSG00000131097"
5519,"enh13","ENSG00000134330"
5520,"enh12","ENSG00000143870"
5521,"enh13","ENSG00000039650"
5522,"enh7","ENSG00000117593"
5523,"enh5","ENSG00000250067"
5524,"enh12","ENSG00000006016"
5525,"enh12","ENSG00000105726"
5526,"enh3","ENSG00000117222"
5527,"enh8","ENSG00000099817"
5528,"enh10","ENSG00000160345"
5529,"enh5","ENSG00000006015"
5530,"enh7","ENSG00000161677"
5531,"enh10","ENSG00000131398"
5532,"enh2","ENSG00000175854"
5533,"enh7","ENSG00000064547"
5534,"enh10","ENSG00000119185"
5535,"enh12","ENSG00000125144"
5536,"enh6","ENSG00000172732"
5537,"enh6","ENSG00000068976"
5538,"enh5","ENSG00000165138"
5539,"enh12","ENSG00000014216"
5540,"enh4","ENSG00000165689"
5541,"enh8","ENSG00000163291"
5542,"enh7","ENSG00000146670"
5543,"enh13","ENSG00000160445"
5544,"enh2","ENSG00000182963"
5545,"enh4","ENSG00000126391"
5546,"enh14","ENSG00000008853"
5547,"enh9","ENSG00000079313"
5548,"enh7","ENSG00000174744"
5549,"enh3","ENSG00000172500"
5550,"enh12","ENSG00000160318"
5551,"enh13","ENSG00000169288"
5552,"enh3","ENSG00000065000"
5553,"enh11","ENSG00000149806"
5554,"enh6","ENSG00000106991"
5555,"enh12","ENSG00000153214"
5556,"enh3","ENSG00000196683"
5557,"enh8","ENSG00000167748"
5558,"enh4","ENSG00000141934"
5559,"enh11","ENSG00000160326"
5560,"enh4","ENSG00000115286"
5561,"enh6","ENSG00000160563"
5562,"enh4","ENSG00000167113"
5563,"enh8","ENSG00000174842"
5564,"enh4","ENSG00000133275"
5565,"enh4","ENSG00000213445"
5566,"enh6","ENSG00000039650"
5567,"enh13","ENSG00000070423"
5568,"enh3","ENSG00000167118"
5569,"enh6","ENSG00000008853"
5570,"enh5","ENSG00000106789"
5571,"enh5","ENSG00000159648"
5572,"enh4","ENSG00000149809"
5573,"enh3","ENSG00000148296"
5574,"enh12","ENSG00000005007"
5575,"enh14","ENSG00000140859"
5576,"enh8","ENSG00000123685"
5577,"enh8","ENSG00000161677"
5578,"enh12","ENSG00000114999"
5579,"enh11","ENSG00000090020"
5580,"enh6","ENSG00000126705"
5581,"enh10","ENSG00000091947"
5582,"enh11","ENSG00000122484"
5583,"enh1","ENSG00000070770"
5584,"enh13","ENSG00000134308"
5585,"enh10","ENSG00000142765"
5586,"enh6","ENSG00000148300"
5587,"enh8","ENSG00000168056"
5588,"enh7","ENSG00000186566"
5589,"enh8","ENSG00000106789"
5590,"enh6","ENSG00000131097"
5591,"enh11","ENSG00000140848"
5592,"enh12","ENSG00000087263"
5593,"enh9","ENSG00000136811"
5594,"enh13","ENSG00000119185"
5595,"enh1","ENSG00000173327"
5596,"enh8","ENSG00000175573"
5597,"enh2","ENSG00000142751"
5598,"enh3","ENSG00000213221"
5599,"enh14","ENSG00000167114"
5600,"enh1","ENSG00000170385"
5601,"enh2","ENSG00000185761"
5602,"enh13","ENSG00000117650"
5603,"enh5","ENSG00000198858"
5604,"enh11","ENSG00000148308"
5605,"enh14","ENSG00000136643"
5606,"enh4","ENSG00000188554"
5607,"enh9","ENSG00000175832"
5608,"enh3","ENSG00000175573"
5609,"enh13","ENSG00000198746"
5610,"enh3","ENSG00000149798"
5611,"enh12","ENSG00000172977"
5612,"enh5","ENSG00000104689"
5613,"enh11","ENSG00000175592"
5614,"enh9","ENSG00000148300"
5615,"enh4","ENSG00000141349"
5616,"enh11","ENSG00000175115"
5617,"enh4","ENSG00000064490"
5618,"enh6","ENSG00000099624"
5619,"enh14","ENSG00000131094"
5620,"enh6","ENSG00000126698"
5621,"enh10","ENSG00000178093"
5622,"enh3","ENSG00000115944"
5623,"enh9","ENSG00000105497"
5624,"enh11","ENSG00000105662"
5625,"enh8","ENSG00000197136"
5626,"enh1","ENSG00000087152"
5627,"enh7","ENSG00000136874"
5628,"enh10","ENSG00000065268"
5629,"enh5","ENSG00000108312"
5630,"enh2","ENSG00000125144"
5631,"enh7","ENSG00000165092"
5632,"enh8","ENSG00000171940"
5633,"enh6","ENSG00000204291"
5634,"enh11","ENSG00000064666"
5635,"enh2","ENSG00000133065"
5636,"enh11","ENSG00000012048"
5637,"enh12","ENSG00000117748"
5638,"enh13","ENSG00000175707"
5639,"enh3","ENSG00000153214"
5640,"enh6","ENSG00000130513"
5641,"enh7","ENSG00000156269"
5642,"enh8","ENSG00000167110"
5643,"enh8","ENSG00000119392"
5644,"enh4","ENSG00000204673"
5645,"enh12","ENSG00000064932"
5646,"enh12","ENSG00000213638"
5647,"enh9","ENSG00000143476"
5648,"enh12","ENSG00000198786"
5649,"enh6","ENSG00000165702"
5650,"enh1","ENSG00000161654"
5651,"enh13","ENSG00000140854"
5652,"enh8","ENSG00000120913"
5653,"enh11","ENSG00000097046"
5654,"enh10","ENSG00000115944"
5655,"enh8","ENSG00000165698"
5656,"enh7","ENSG00000167748"
5657,"enh3","ENSG00000117691"
5658,"enh1","ENSG00000114999"
5659,"enh12","ENSG00000147454"
5660,"enh9","ENSG00000167470"
5661,"enh9","ENSG00000172270"
5662,"enh11","ENSG00000104885"
5663,"enh6","ENSG00000009780"
5664,"enh9","ENSG00000134308"
5665,"enh8","ENSG00000143870"
5666,"enh1","ENSG00000136943"
5667,"enh6","ENSG00000105556"
5668,"enh7","ENSG00000160408"
5669,"enh13","ENSG00000064545"
5670,"enh8","ENSG00000134308"
5671,"enh2","ENSG00000168066"
5672,"enh3","ENSG00000180329"
5673,"enh11","ENSG00000106991"
5674,"enh6","ENSG00000161647"
5675,"enh2","ENSG00000174996"
5676,"enh14","ENSG00000181588"
5677,"enh8","ENSG00000065000"
5678,"enh8","ENSG00000107021"
5679,"enh5","ENSG00000104886"
5680,"enh11","ENSG00000136937"
5681,"enh3","ENSG00000158195"
5682,"enh5","ENSG00000136938"
5683,"enh3","ENSG00000115084"
5684,"enh13","ENSG00000082512"
5685,"enh13","ENSG00000136807"
5686,"enh13","ENSG00000169136"
5687,"enh13","ENSG00000125144"
5688,"enh12","ENSG00000105669"
5689,"enh14","ENSG00000174842"
5690,"enh10","ENSG00000173825"
5691,"enh2","ENSG00000108849"
5692,"enh2","ENSG00000105053"
5693,"enh13","ENSG00000173039"
5694,"enh11","ENSG00000162241"
5695,"enh6","ENSG00000197540"
5696,"enh6","ENSG00000180198"
5697,"enh2","ENSG00000143924"
5698,"enh5","ENSG00000175832"
5699,"enh4","ENSG00000120913"
5700,"enh9","ENSG00000106992"
5701,"enh11","ENSG00000103021"
5702,"enh4","ENSG00000223802"
5703,"enh3","ENSG00000142765"
5704,"enh2","ENSG00000006016"
5705,"enh13","ENSG00000174903"
5706,"enh12","ENSG00000160447"
5707,"enh7","ENSG00000147454"
5708,"enh5","ENSG00000158715"
5709,"enh10","ENSG00000108312"
5710,"enh12","ENSG00000197958"
5711,"enh14","ENSG00000117593"
5712,"enh3","ENSG00000160293"
5713,"enh7","ENSG00000115970"
5714,"enh11","ENSG00000177125"
5715,"enh9","ENSG00000165699"
5716,"enh5","ENSG00000064490"
5717,"enh3","ENSG00000148308"
5718,"enh4","ENSG00000165138"
5719,"enh3","ENSG00000223802"
5720,"enh11","ENSG00000161677"
5721,"enh9","ENSG00000068971"
5722,"enh14","ENSG00000104131"
5723,"enh14","ENSG00000134330"
5724,"enh9","ENSG00000062822"
5725,"enh2","ENSG00000126709"
5726,"enh7","ENSG00000160345"
5727,"enh12","ENSG00000099864"
5728,"enh1","ENSG00000129946"
5729,"enh7","ENSG00000152527"
5730,"enh9","ENSG00000099624"
5731,"enh4","ENSG00000087263"
5732,"enh2","ENSG00000143493"
5733,"enh5","ENSG00000187193"
5734,"enh13","ENSG00000174684"
5735,"enh2","ENSG00000186566"
5736,"enh10","ENSG00000161654"
5737,"enh6","ENSG00000165698"
5738,"enh8","ENSG00000196415"
5739,"enh8","ENSG00000119559"
5740,"enh7","ENSG00000070761"
5741,"enh11","ENSG00000142733"
5742,"enh4","ENSG00000006016"
5743,"enh10","ENSG00000175294"
5744,"enh6","ENSG00000142528"
5745,"enh14","ENSG00000173825"
5746,"enh5","ENSG00000143924"
5747,"enh3","ENSG00000196415"
5748,"enh6","ENSG00000104886"
5749,"enh10","ENSG00000136925"
5750,"enh14","ENSG00000105717"
5751,"enh14","ENSG00000254470"
5752,"enh13","ENSG00000117222"
5753,"enh3","ENSG00000115750"
5754,"enh12","ENSG00000099875"
5755,"enh7","ENSG00000125630"
5756,"enh9","ENSG00000136828"
5757,"enh9","ENSG00000170385"
5758,"enh14","ENSG00000099622"
5759,"enh8","ENSG00000104131"
5760,"enh13","ENSG00000141933"
5761,"enh8","ENSG00000168062"
5762,"enh3","ENSG00000119125"
5763,"enh3","ENSG00000161692"
5764,"enh9","ENSG00000174684"
5765,"enh6","ENSG00000213445"
5766,"enh12","ENSG00000051128"
5767,"enh13","ENSG00000125630"
5768,"enh6","ENSG00000014138"
5769,"enh5","ENSG00000160408"
5770,"enh9","ENSG00000065268"
5771,"enh14","ENSG00000005007"
5772,"enh11","ENSG00000119514"
5773,"enh10","ENSG00000171940"
5774,"enh14","ENSG00000167468"
5775,"enh11","ENSG00000134317"
5776,"enh10","ENSG00000114999"
5777,"enh6","ENSG00000065268"
5778,"enh10","ENSG00000136937"
5779,"enh8","ENSG00000175550"
5780,"enh6","ENSG00000115255"
5781,"enh11","ENSG00000051108"
5782,"enh6","ENSG00000172775"
5783,"enh2","ENSG00000165661"
5784,"enh7","ENSG00000065268"
5785,"enh8","ENSG00000117751"
5786,"enh13","ENSG00000165698"
5787,"enh5","ENSG00000196683"
5788,"enh4","ENSG00000104973"
5789,"enh14","ENSG00000148356"
5790,"enh7","ENSG00000172081"
5791,"enh6","ENSG00000101132"
5792,"enh11","ENSG00000099821"
5793,"enh4","ENSG00000064607"
5794,"enh6","ENSG00000178093"
5795,"enh9","ENSG00000105700"
5796,"enh3","ENSG00000125485"
5797,"enh5","ENSG00000130775"
5798,"enh2","ENSG00000117751"
5799,"enh7","ENSG00000117625"
5800,"enh10","ENSG00000148337"
5801,"enh14","ENSG00000122482"
5802,"enh14","ENSG00000175221"
5803,"enh13","ENSG00000125611"
5804,"enh5","ENSG00000165689"
5805,"enh14","ENSG00000129946"
5806,"enh3","ENSG00000174669"
5807,"enh5","ENSG00000163291"
5808,"enh5","ENSG00000156269"
5809,"enh11","ENSG00000262874"
5810,"enh10","ENSG00000143493"
5811,"enh7","ENSG00000120913"
5812,"enh3","ENSG00000119523"
5813,"enh8","ENSG00000130775"
5814,"enh14","ENSG00000143870"
5815,"enh11","ENSG00000115257"
5816,"enh5","ENSG00000173039"
5817,"enh12","ENSG00000180340"
5818,"enh6","ENSG00000144130"
5819,"enh3","ENSG00000135736"
5820,"enh6","ENSG00000172992"
5821,"enh7","ENSG00000136938"
5822,"enh2","ENSG00000136840"
5823,"enh8","ENSG00000122140"
5824,"enh2","ENSG00000187024"
5825,"enh2","ENSG00000126698"
5826,"enh6","ENSG00000133275"
5827,"enh8","ENSG00000099840"
5828,"enh4","ENSG00000175334"
5829,"enh8","ENSG00000175467"
5830,"enh5","ENSG00000104973"
5831,"enh12","ENSG00000167136"
5832,"enh3","ENSG00000068831"
5833,"enh12","ENSG00000105379"
5834,"enh5","ENSG00000070404"
5835,"enh2","ENSG00000064490"
5836,"enh13","ENSG00000142528"
5837,"enh10","ENSG00000138756"
5838,"enh6","ENSG00000108840"
5839,"enh5","ENSG00000196188"
5840,"enh3","ENSG00000167747"
5841,"enh14","ENSG00000122484"
5842,"enh10","ENSG00000198870"
5843,"enh5","ENSG00000158161"
5844,"enh6","ENSG00000105717"
5845,"enh2","ENSG00000140848"
5846,"enh1","ENSG00000120889"
5847,"enh9","ENSG00000133059"
5848,"enh5","ENSG00000071655"
5849,"enh5","ENSG00000162300"
5850,"enh12","ENSG00000117266"
5851,"enh7","ENSG00000165702"
5852,"enh4","ENSG00000163291"
5853,"enh12","ENSG00000130768"
5854,"enh1","ENSG00000125319"
5855,"enh3","ENSG00000213988"
5856,"enh12","ENSG00000142784"
5857,"enh9","ENSG00000167114"
5858,"enh14","ENSG00000186806"
5859,"enh3","ENSG00000160318"
5860,"enh7","ENSG00000104897"
5861,"enh1","ENSG00000196683"
5862,"enh4","ENSG00000106799"
5863,"enh5","ENSG00000131094"
5864,"enh13","ENSG00000196312"
5865,"enh5","ENSG00000105671"
5866,"enh10","ENSG00000149798"
5867,"enh7","ENSG00000010361"
5868,"enh1","ENSG00000119185"
5869,"enh2","ENSG00000160318"
5870,"enh4","ENSG00000102931"
5871,"enh4","ENSG00000174684"
5872,"enh4","ENSG00000138772"
5873,"enh3","ENSG00000183831"
5874,"enh13","ENSG00000064666"
5875,"enh14","ENSG00000174903"
5876,"enh2","ENSG00000167110"
5877,"enh12","ENSG00000162873"
5878,"enh11","ENSG00000089639"
5879,"enh11","ENSG00000138036"
5880,"enh1","ENSG00000187024"
5881,"enh6","ENSG00000189195"
5882,"enh8","ENSG00000105556"
5883,"enh6","ENSG00000117222"
5884,"enh14","ENSG00000119514"
5885,"enh10","ENSG00000099821"
5886,"enh2","ENSG00000163297"
5887,"enh6","ENSG00000142530"
5888,"enh4","ENSG00000140854"
5889,"enh9","ENSG00000165092"
5890,"enh14","ENSG00000123684"
5891,"enh4","ENSG00000196961"
5892,"enh11","ENSG00000014216"
5893,"enh1","ENSG00000148297"
5894,"enh8","ENSG00000155380"
5895,"enh12","ENSG00000136807"
5896,"enh5","ENSG00000088682"
5897,"enh2","ENSG00000110046"
5898,"enh11","ENSG00000168061"
5899,"enh11","ENSG00000104973"
5900,"enh10","ENSG00000144134"
5901,"enh13","ENSG00000120656"
5902,"enh7","ENSG00000182087"
5903,"enh6","ENSG00000197217"
5904,"enh14","ENSG00000186501"
5905,"enh1","ENSG00000142751"
5906,"enh14","ENSG00000090273"
5907,"enh6","ENSG00000117280"
5908,"enh8","ENSG00000117593"
5909,"enh9","ENSG00000238227"
5910,"enh9","ENSG00000126391"
5911,"enh13","ENSG00000196550"
5912,"enh5","ENSG00000196116"
5913,"enh4","ENSG00000065000"
5914,"enh8","ENSG00000204138"
5915,"enh2","ENSG00000148356"
5916,"enh12","ENSG00000117691"
5917,"enh9","ENSG00000129911"
5918,"enh2","ENSG00000129911"
5919,"enh12","ENSG00000134317"
5920,"enh3","ENSG00000174842"
5921,"enh7","ENSG00000172732"
5922,"enh13","ENSG00000142751"
5923,"enh2","ENSG00000126705"
5924,"enh9","ENSG00000196961"
5925,"enh11","ENSG00000163291"
5926,"enh6","ENSG00000153214"
5927,"enh10","ENSG00000181588"
5928,"enh14","ENSG00000160408"
5929,"enh13","ENSG00000144136"
5930,"enh6","ENSG00000030582"
5931,"enh8","ENSG00000120889"
5932,"enh12","ENSG00000102934"
5933,"enh3","ENSG00000110046"
5934,"enh7","ENSG00000254901"
5935,"enh4","ENSG00000014138"
5936,"enh11","ENSG00000133895"
5937,"enh3","ENSG00000133243"
5938,"enh14","ENSG00000099804"
5939,"enh6","ENSG00000213024"
5940,"enh5","ENSG00000144161"
5941,"enh1","ENSG00000153208"
5942,"enh1","ENSG00000012048"
5943,"enh10","ENSG00000136842"
5944,"enh6","ENSG00000120913"
5945,"enh5","ENSG00000160360"
5946,"enh2","ENSG00000122026"
5947,"enh4","ENSG00000104960"
5948,"enh7","ENSG00000173465"
5949,"enh2","ENSG00000167487"
5950,"enh2","ENSG00000174606"
5951,"enh6","ENSG00000183831"
5952,"enh4","ENSG00000090273"
5953,"enh2","ENSG00000142765"
5954,"enh1","ENSG00000175334"
5955,"enh5","ENSG00000213988"
5956,"enh1","ENSG00000068831"
5957,"enh7","ENSG00000115257"
5958,"enh2","ENSG00000174529"
5959,"enh11","ENSG00000117650"
5960,"enh11","ENSG00000189195"
5961,"enh12","ENSG00000135736"
5962,"enh7","ENSG00000105379"
5963,"enh13","ENSG00000130560"
5964,"enh1","ENSG00000105669"
5965,"enh11","ENSG00000181513"
5966,"enh12","ENSG00000146670"
5967,"enh1","ENSG00000172500"
5968,"enh12","ENSG00000166188"
5969,"enh5","ENSG00000172757"
5970,"enh1","ENSG00000168066"
5971,"enh10","ENSG00000051108"
5972,"enh7","ENSG00000141933"
5973,"enh12","ENSG00000173465"
5974,"enh10","ENSG00000079313"
5975,"enh6","ENSG00000136830"
5976,"enh9","ENSG00000161647"
5977,"enh6","ENSG00000125485"
5978,"enh14","ENSG00000116014"
5979,"enh12","ENSG00000172081"
5980,"enh1","ENSG00000172232"
5981,"enh6","ENSG00000117748"
5982,"enh8","ENSG00000181035"
5983,"enh2","ENSG00000167468"
5984,"enh3","ENSG00000119335"
5985,"enh1","ENSG00000070388"
5986,"enh13","ENSG00000062822"
5987,"enh1","ENSG00000176973"
5988,"enh3","ENSG00000069482"
5989,"enh3","ENSG00000104886"
5990,"enh14","ENSG00000104946"
5991,"enh11","ENSG00000071626"
5992,"enh5","ENSG00000169403"
5993,"enh3","ENSG00000262874"
5994,"enh3","ENSG00000167106"
5995,"enh1","ENSG00000005961"
5996,"enh14","ENSG00000167123"
5997,"enh7","ENSG00000168066"
5998,"enh14","ENSG00000090020"
5999,"enh12","ENSG00000107290"
6000,"enh8","ENSG00000256771"
6001,"enh7","ENSG00000151694"
6002,"enh7","ENSG00000102934"
6003,"enh3","ENSG00000122482"
6004,"enh8","ENSG00000159579"
6005,"enh12","ENSG00000175906"
6006,"enh10","ENSG00000135870"
6007,"enh2","ENSG00000144161"
6008,"enh8","ENSG00000135821"
6009,"enh11","ENSG00000160325"
6010,"enh6","ENSG00000175294"
6011,"enh6","ENSG00000162419"
6012,"enh3","ENSG00000130772"
6013,"enh13","ENSG00000102931"
6014,"enh12","ENSG00000090020"
6015,"enh4","ENSG00000162772"
6016,"enh12","ENSG00000105705"
6017,"enh5","ENSG00000162873"
6018,"enh14","ENSG00000160445"
6019,"enh7","ENSG00000090273"
6020,"enh8","ENSG00000133069"
6021,"enh10","ENSG00000039650"
6022,"enh3","ENSG00000114999"
6023,"enh13","ENSG00000120913"
6024,"enh9","ENSG00000133884"
6025,"enh13","ENSG00000167748"
6026,"enh2","ENSG00000148288"
6027,"enh13","ENSG00000156269"
6028,"enh5","ENSG00000141934"
6029,"enh4","ENSG00000136943"
6030,"enh14","ENSG00000105383"
6031,"enh3","ENSG00000165699"
6032,"enh12","ENSG00000089639"
6033,"enh3","ENSG00000122484"
6034,"enh13","ENSG00000138772"
6035,"enh1","ENSG00000175294"
6036,"enh1","ENSG00000091947"
6037,"enh11","ENSG00000165698"
6038,"enh4","ENSG00000172732"
6039,"enh10","ENSG00000130005"
6040,"enh7","ENSG00000102900"
6041,"enh9","ENSG00000087152"
6042,"enh14","ENSG00000262874"
6043,"enh5","ENSG00000197540"
6044,"enh13","ENSG00000241852"
6045,"enh10","ENSG00000241852"
6046,"enh12","ENSG00000213465"
6047,"enh6","ENSG00000169136"
6048,"enh8","ENSG00000250067"
6049,"enh6","ENSG00000006015"
6050,"enh1","ENSG00000136937"
6051,"enh13","ENSG00000135821"
6052,"enh3","ENSG00000115756"
6053,"enh5","ENSG00000254986"
6054,"enh12","ENSG00000117222"
6055,"enh11","ENSG00000106789"
6056,"enh3","ENSG00000101132"
6057,"enh13","ENSG00000161692"
6058,"enh5","ENSG00000115756"
6059,"enh13","ENSG00000160447"
6060,"enh1","ENSG00000069275"
6061,"enh6","ENSG00000142784"
6062,"enh3","ENSG00000143870"
6063,"enh4","ENSG00000005007"
6064,"enh10","ENSG00000172977"
6065,"enh5","ENSG00000062822"
6066,"enh6","ENSG00000119559"
6067,"enh6","ENSG00000175376"
6068,"enh6","ENSG00000130772"
6069,"enh4","ENSG00000160404"
6070,"enh9","ENSG00000140859"
6071,"enh10","ENSG00000138036"
6072,"enh10","ENSG00000102934"
6073,"enh14","ENSG00000144136"
6074,"enh1","ENSG00000169607"
6075,"enh2","ENSG00000180098"
6076,"enh3","ENSG00000165684"
6077,"enh2","ENSG00000064787"
6078,"enh5","ENSG00000115268"
6079,"enh13","ENSG00000136908"
6080,"enh6","ENSG00000172270"
6081,"enh4","ENSG00000173825"
6082,"enh4","ENSG00000117748"
6083,"enh12","ENSG00000172059"
6084,"enh1","ENSG00000204138"
6085,"enh8","ENSG00000172081"
6086,"enh4","ENSG00000160318"
6087,"enh4","ENSG00000138756"
6088,"enh10","ENSG00000148297"
6089,"enh4","ENSG00000115756"
6090,"enh4","ENSG00000064666"
6091,"enh8","ENSG00000136874"
6092,"enh8","ENSG00000188177"
6093,"enh10","ENSG00000180448"
6094,"enh3","ENSG00000168067"
6095,"enh13","ENSG00000064687"
6096,"enh5","ENSG00000106991"
6097,"enh4","ENSG00000104885"
6098,"enh7","ENSG00000070770"
6099,"enh1","ENSG00000196415"
6100,"enh14","ENSG00000168066"
6101,"enh14","ENSG00000148334"
6102,"enh9","ENSG00000142751"
6103,"enh14","ENSG00000070423"
6104,"enh9","ENSG00000136877"
6105,"enh6","ENSG00000107372"
6106,"enh13","ENSG00000133065"
6107,"enh12","ENSG00000148248"
6108,"enh5","ENSG00000155380"
6109,"enh11","ENSG00000172270"
6110,"enh1","ENSG00000131408"
6111,"enh12","ENSG00000099625"
6112,"enh11","ENSG00000148303"
6113,"enh10","ENSG00000165699"
6114,"enh2","ENSG00000174669"
6115,"enh14","ENSG00000129911"
6116,"enh4","ENSG00000187193"
6117,"enh6","ENSG00000223802"
6118,"enh11","ENSG00000120656"
6119,"enh5","ENSG00000148334"
6120,"enh11","ENSG00000168056"
6121,"enh6","ENSG00000135046"
6122,"enh11","ENSG00000122140"
6123,"enh6","ENSG00000160326"
6124,"enh14","ENSG00000071564"
6125,"enh2","ENSG00000070388"
6126,"enh10","ENSG00000011304"
6127,"enh12","ENSG00000136830"
6128,"enh12","ENSG00000130770"
6129,"enh9","ENSG00000173039"
6130,"enh14","ENSG00000187024"
6131,"enh4","ENSG00000039650"
6132,"enh2","ENSG00000166188"
6133,"enh3","ENSG00000203705"
6134,"enh5","ENSG00000069702"
6135,"enh7","ENSG00000108861"
6136,"enh8","ENSG00000173465"
6137,"enh9","ENSG00000172232"
6138,"enh9","ENSG00000204710"
6139,"enh6","ENSG00000133065"
6140,"enh7","ENSG00000196422"
6141,"enh2","ENSG00000144134"
6142,"enh14","ENSG00000198858"
6143,"enh1","ENSG00000105717"
6144,"enh4","ENSG00000114999"
6145,"enh12","ENSG00000250067"
6146,"enh7","ENSG00000160271"
6147,"enh2","ENSG00000065600"
6148,"enh2","ENSG00000133884"
6149,"enh4","ENSG00000149823"
6150,"enh1","ENSG00000181588"
6151,"enh7","ENSG00000005194"
6152,"enh11","ENSG00000238227"
6153,"enh2","ENSG00000136925"
6154,"enh12","ENSG00000133243"
6155,"enh11","ENSG00000148288"
6156,"enh13","ENSG00000149809"
6157,"enh13","ENSG00000174276"
6158,"enh9","ENSG00000148339"
6159,"enh13","ENSG00000004939"
6160,"enh14","ENSG00000140854"
6161,"enh12","ENSG00000172992"
6162,"enh14","ENSG00000005961"
6163,"enh8","ENSG00000144161"
6164,"enh4","ENSG00000175707"
6165,"enh3","ENSG00000147669"
6166,"enh3","ENSG00000140848"
6167,"enh7","ENSG00000172775"
6168,"enh11","ENSG00000213465"
6169,"enh2","ENSG00000175115"
6170,"enh7","ENSG00000129933"
6171,"enh2","ENSG00000069482"
6172,"enh13","ENSG00000165684"
6173,"enh8","ENSG00000158161"
6174,"enh8","ENSG00000070761"
6175,"enh13","ENSG00000160325"
6176,"enh11","ENSG00000013306"
6177,"enh6","ENSG00000174684"
6178,"enh12","ENSG00000105053"
6179,"enh11","ENSG00000051128"
6180,"enh2","ENSG00000176973"
6181,"enh4","ENSG00000104897"
6182,"enh5","ENSG00000162419"
6183,"enh4","ENSG00000169607"
6184,"enh4","ENSG00000108852"
6185,"enh7","ENSG00000172977"
6186,"enh3","ENSG00000030582"
6187,"enh10","ENSG00000105726"
6188,"enh7","ENSG00000143924"
6189,"enh2","ENSG00000149823"
6190,"enh13","ENSG00000167103"
6191,"enh6","ENSG00000123684"
6192,"enh13","ENSG00000090020"
6193,"enh7","ENSG00000160445"
6194,"enh4","ENSG00000119559"
6195,"enh11","ENSG00000161654"
6196,"enh8","ENSG00000187024"
6197,"enh8","ENSG00000152061"
6198,"enh5","ENSG00000102934"
6199,"enh10","ENSG00000064666"
6200,"enh12","ENSG00000167468"
6201,"enh11","ENSG00000030582"
6202,"enh8","ENSG00000180198"
6203,"enh4","ENSG00000108849"
6204,"enh7","ENSG00000160447"
6205,"enh9","ENSG00000104885"
6206,"enh3","ENSG00000119514"
6207,"enh4","ENSG00000160446"
6208,"enh1","ENSG00000122484"
6209,"enh4","ENSG00000127540"
6210,"enh7","ENSG00000106789"
6211,"enh2","ENSG00000184988"
6212,"enh9","ENSG00000130770"
6213,"enh6","ENSG00000107290"
6214,"enh9","ENSG00000148290"
6215,"enh8","ENSG00000104679"
6216,"enh4","ENSG00000064687"
6217,"enh14","ENSG00000148296"
6218,"enh1","ENSG00000131400"
6219,"enh10","ENSG00000134330"
6220,"enh9","ENSG00000149792"
6221,"enh9","ENSG00000182963"
6222,"enh3","ENSG00000130770"
6223,"enh1","ENSG00000165092"
6224,"enh13","ENSG00000168062"
6225,"enh3","ENSG00000136938"
6226,"enh3","ENSG00000099804"
6227,"enh3","ENSG00000146670"
6228,"enh12","ENSG00000148411"
6229,"enh1","ENSG00000147454"
6230,"enh5","ENSG00000147457"
6231,"enh12","ENSG00000079313"
6232,"enh11","ENSG00000131408"
6233,"enh4","ENSG00000158195"
6234,"enh3","ENSG00000069275"
6235,"enh14","ENSG00000175376"
6236,"enh1","ENSG00000148296"
6237,"enh6","ENSG00000120656"
6238,"enh10","ENSG00000117697"
6239,"enh13","ENSG00000136937"
6240,"enh3","ENSG00000174547"
6241,"enh5","ENSG00000143493"
6242,"enh13","ENSG00000106991"
6243,"enh9","ENSG00000008853"
6244,"enh14","ENSG00000125319"
6245,"enh5","ENSG00000104960"
6246,"enh13","ENSG00000196116"
6247,"enh4","ENSG00000130513"
6248,"enh13","ENSG00000105497"
6249,"enh7","ENSG00000138772"
6250,"enh6","ENSG00000148411"
6251,"enh11","ENSG00000136811"
6252,"enh11","ENSG00000099864"
6253,"enh14","ENSG00000133065"
6254,"enh14","ENSG00000198840"
6255,"enh2","ENSG00000172757"
6256,"enh2","ENSG00000136830"
6257,"enh10","ENSG00000106803"
6258,"enh12","ENSG00000171159"
6259,"enh3","ENSG00000160404"
6260,"enh2","ENSG00000223802"
6261,"enh1","ENSG00000122026"
6262,"enh5","ENSG00000174547"
6263,"enh10","ENSG00000161682"
6264,"enh2","ENSG00000136908"
6265,"enh5","ENSG00000105726"
6266,"enh13","ENSG00000010361"
6267,"enh11","ENSG00000122482"
6268,"enh12","ENSG00000161671"
6269,"enh10","ENSG00000254901"
6270,"enh11","ENSG00000175854"
6271,"enh8","ENSG00000125637"
6272,"enh6","ENSG00000167747"
6273,"enh10","ENSG00000129933"
6274,"enh14","ENSG00000198417"
6275,"enh8","ENSG00000095383"
6276,"enh4","ENSG00000151694"
6277,"enh2","ENSG00000181588"
6278,"enh1","ENSG00000172757"
6279,"enh10","ENSG00000106799"
6280,"enh5","ENSG00000136682"
6281,"enh8","ENSG00000110047"
6282,"enh1","ENSG00000130559"
6283,"enh12","ENSG00000119514"
6284,"enh7","ENSG00000106991"
6285,"enh1","ENSG00000169288"
6286,"enh5","ENSG00000130511"
6287,"enh10","ENSG00000196961"
6288,"enh2","ENSG00000186010"
6289,"enh5","ENSG00000070388"
6290,"enh4","ENSG00000241852"
6291,"enh5","ENSG00000136856"
6292,"enh11","ENSG00000168062"
6293,"enh3","ENSG00000167103"
6294,"enh10","ENSG00000167470"
6295,"enh13","ENSG00000221983"
6296,"enh1","ENSG00000160563"
6297,"enh7","ENSG00000180329"
6298,"enh12","ENSG00000088682"
6299,"enh11","ENSG00000087263"
6300,"enh9","ENSG00000136830"
6301,"enh6","ENSG00000196422"
6302,"enh12","ENSG00000180098"
6303,"enh4","ENSG00000167106"
6304,"enh13","ENSG00000196188"
6305,"enh5","ENSG00000149792"
6306,"enh7","ENSG00000107372"
6307,"enh1","ENSG00000136842"
6308,"enh2","ENSG00000187193"
6309,"enh4","ENSG00000144136"
6310,"enh13","ENSG00000168067"
6311,"enh2","ENSG00000148290"
6312,"enh2","ENSG00000213221"
6313,"enh7","ENSG00000149792"
6314,"enh14","ENSG00000158161"
6315,"enh8","ENSG00000167113"
6316,"enh3","ENSG00000172081"
6317,"enh12","ENSG00000110046"
6318,"enh2","ENSG00000160161"
6319,"enh10","ENSG00000184162"
6320,"enh12","ENSG00000148308"
6321,"enh1","ENSG00000196422"
6322,"enh11","ENSG00000186185"
6323,"enh9","ENSG00000071655"
6324,"enh9","ENSG00000165689"
6325,"enh9","ENSG00000168056"
6326,"enh7","ENSG00000172992"
6327,"enh3","ENSG00000204138"
6328,"enh12","ENSG00000189195"
6329,"enh10","ENSG00000174950"
6330,"enh9","ENSG00000167005"
6331,"enh1","ENSG00000167123"
6332,"enh1","ENSG00000158941"
6333,"enh1","ENSG00000136807"
6334,"enh6","ENSG00000136943"
6335,"enh11","ENSG00000064490"
6336,"enh4","ENSG00000160953"
6337,"enh4","ENSG00000167103"
6338,"enh6","ENSG00000144161"
6339,"enh4","ENSG00000188177"
6340,"enh3","ENSG00000175707"
6341,"enh8","ENSG00000167123"
6342,"enh4","ENSG00000099866"
6343,"enh3","ENSG00000103005"
6344,"enh10","ENSG00000135046"
6345,"enh8","ENSG00000117650"
6346,"enh11","ENSG00000102931"
6347,"enh4","ENSG00000174547"
6348,"enh8","ENSG00000169403"
6349,"enh11","ENSG00000133243"
6350,"enh7","ENSG00000149809"
6351,"enh10","ENSG00000119333"
6352,"enh4","ENSG00000156269"
6353,"enh3","ENSG00000099622"
6354,"enh12","ENSG00000174669"
6355,"enh1","ENSG00000125170"
6356,"enh13","ENSG00000133059"
6357,"enh11","ENSG00000129968"
6358,"enh13","ENSG00000064787"
6359,"enh12","ENSG00000130559"
6360,"enh4","ENSG00000142751"
6361,"enh9","ENSG00000162669"
6362,"enh3","ENSG00000105379"
6363,"enh10","ENSG00000153214"
6364,"enh12","ENSG00000213024"
6365,"enh4","ENSG00000160408"
6366,"enh13","ENSG00000146670"
6367,"enh14","ENSG00000148291"
6368,"enh4","ENSG00000117697"
6369,"enh9","ENSG00000160446"
6370,"enh9","ENSG00000146670"
6371,"enh13","ENSG00000104689"
6372,"enh10","ENSG00000067596"
6373,"enh13","ENSG00000149823"
6374,"enh14","ENSG00000119185"
6375,"enh8","ENSG00000198417"
6376,"enh11","ENSG00000136929"
6377,"enh3","ENSG00000070388"
6378,"enh8","ENSG00000172992"
6379,"enh3","ENSG00000175550"
6380,"enh2","ENSG00000183831"
6381,"enh12","ENSG00000141934"
6382,"enh10","ENSG00000136840"
6383,"enh1","ENSG00000126705"
6384,"enh5","ENSG00000168067"
6385,"enh7","ENSG00000180098"
6386,"enh12","ENSG00000119333"
6387,"enh6","ENSG00000095380"
6388,"enh14","ENSG00000105379"
6389,"enh10","ENSG00000125144"
6390,"enh9","ENSG00000185278"
6391,"enh7","ENSG00000115944"
6392,"enh8","ENSG00000115970"
6393,"enh14","ENSG00000117650"
6394,"enh6","ENSG00000160953"
6395,"enh5","ENSG00000197766"
6396,"enh14","ENSG00000149798"
6397,"enh8","ENSG00000149792"
6398,"enh6","ENSG00000135736"
6399,"enh7","ENSG00000196312"
6400,"enh4","ENSG00000144161"
6401,"enh10","ENSG00000181035"
6402,"enh9","ENSG00000133069"
6403,"enh12","ENSG00000117592"
6404,"enh8","ENSG00000133059"
6405,"enh5","ENSG00000068831"
6406,"enh6","ENSG00000115084"
6407,"enh10","ENSG00000184988"
6408,"enh9","ENSG00000166188"
6409,"enh2","ENSG00000180329"
6410,"enh13","ENSG00000169403"
6411,"enh6","ENSG00000104679"
6412,"enh11","ENSG00000158161"
6413,"enh9","ENSG00000188177"
6414,"enh8","ENSG00000185278"
6415,"enh7","ENSG00000172232"
6416,"enh13","ENSG00000167112"
6417,"enh10","ENSG00000174744"
6418,"enh11","ENSG00000126391"
6419,"enh12","ENSG00000175573"
6420,"enh2","ENSG00000172977"
6421,"enh7","ENSG00000168591"
6422,"enh9","ENSG00000108883"
6423,"enh13","ENSG00000167487"
6424,"enh3","ENSG00000133065"
6425,"enh11","ENSG00000105053"
6426,"enh5","ENSG00000142784"
6427,"enh2","ENSG00000148300"
6428,"enh8","ENSG00000143476"
6429,"enh5","ENSG00000148339"
6430,"enh14","ENSG00000117592"
6431,"enh6","ENSG00000171159"
6432,"enh14","ENSG00000106799"
6433,"enh8","ENSG00000196188"
6434,"enh4","ENSG00000161677"
6435,"enh2","ENSG00000175550"
6436,"enh2","ENSG00000167114"
6437,"enh4","ENSG00000105717"
6438,"enh13","ENSG00000106992"
6439,"enh8","ENSG00000152527"
6440,"enh11","ENSG00000162878"
6441,"enh2","ENSG00000014216"
6442,"enh8","ENSG00000004939"
6443,"enh9","ENSG00000250067"
6444,"enh9","ENSG00000161654"
6445,"enh7","ENSG00000130005"
6446,"enh12","ENSG00000181781"
6447,"enh9","ENSG00000102996"
6448,"enh8","ENSG00000106991"
6449,"enh14","ENSG00000158715"
6450,"enh1","ENSG00000097046"
6451,"enh2","ENSG00000160326"
6452,"enh7","ENSG00000133059"
6453,"enh14","ENSG00000005194"
6454,"enh8","ENSG00000174851"
6455,"enh12","ENSG00000127540"
6456,"enh4","ENSG00000183831"
6457,"enh6","ENSG00000149806"
6458,"enh4","ENSG00000173465"
6459,"enh6","ENSG00000104897"
6460,"enh12","ENSG00000148300"
6461,"enh8","ENSG00000186806"
6462,"enh10","ENSG00000223802"
6463,"enh1","ENSG00000051128"
6464,"enh6","ENSG00000064547"
6465,"enh13","ENSG00000122026"
6466,"enh4","ENSG00000011304"
6467,"enh6","ENSG00000171940"
6468,"enh5","ENSG00000030582"
6469,"enh10","ENSG00000197816"
6470,"enh1","ENSG00000100316"
6471,"enh7","ENSG00000117650"
6472,"enh4","ENSG00000097046"
6473,"enh1","ENSG00000174606"
6474,"enh9","ENSG00000125485"
6475,"enh4","ENSG00000160345"
6476,"enh5","ENSG00000119514"
6477,"enh10","ENSG00000144130"
6478,"enh1","ENSG00000148337"
6479,"enh9","ENSG00000136874"
6480,"enh5","ENSG00000051108"
6481,"enh3","ENSG00000087263"
6482,"enh13","ENSG00000162419"
6483,"enh9","ENSG00000106976"
6484,"enh11","ENSG00000197136"
6485,"enh10","ENSG00000180198"
6486,"enh14","ENSG00000136936"
6487,"enh5","ENSG00000196152"
6488,"enh6","ENSG00000105671"
6489,"enh12","ENSG00000167113"
6490,"enh11","ENSG00000105696"
6491,"enh10","ENSG00000126709"
6492,"enh1","ENSG00000143476"
6493,"enh7","ENSG00000161647"
6494,"enh7","ENSG00000174851"
6495,"enh12","ENSG00000130775"
6496,"enh3","ENSG00000120913"
6497,"enh14","ENSG00000203705"
6498,"enh1","ENSG00000136936"
6499,"enh14","ENSG00000151694"
6500,"enh11","ENSG00000181035"
6501,"enh9","ENSG00000213024"
6502,"enh10","ENSG00000213445"
6503,"enh13","ENSG00000105700"
6504,"enh9","ENSG00000130772"
6505,"enh13","ENSG00000103021"
6506,"enh13","ENSG00000099864"
6507,"enh13","ENSG00000167110"
6508,"enh9","ENSG00000140848"
6509,"enh1","ENSG00000223802"
6510,"enh11","ENSG00000144136"
6511,"enh8","ENSG00000108861"
6512,"enh12","ENSG00000167759"
6513,"enh4","ENSG00000014216"
6514,"enh4","ENSG00000160161"
6515,"enh11","ENSG00000071564"
6516,"enh6","ENSG00000142544"
6517,"enh14","ENSG00000162298"
6518,"enh13","ENSG00000197816"
6519,"enh11","ENSG00000182087"
6520,"enh8","ENSG00000228300"
6521,"enh14","ENSG00000136929"
6522,"enh14","ENSG00000135821"
6523,"enh13","ENSG00000099624"
6524,"enh14","ENSG00000152518"
6525,"enh11","ENSG00000143924"
6526,"enh3","ENSG00000149792"
6527,"enh1","ENSG00000173039"
6528,"enh5","ENSG00000213638"
6529,"enh3","ENSG00000213638"
6530,"enh14","ENSG00000160447"
6531,"enh4","ENSG00000250067"
6532,"enh4","ENSG00000105671"
6533,"enh1","ENSG00000165689"
6534,"enh9","ENSG00000181588"
6535,"enh13","ENSG00000147439"
6536,"enh4","ENSG00000174744"
6537,"enh11","ENSG00000204710"
6538,"enh6","ENSG00000105701"
6539,"enh2","ENSG00000159461"
6540,"enh10","ENSG00000161647"
6541,"enh9","ENSG00000103005"
6542,"enh12","ENSG00000241852"
6543,"enh3","ENSG00000099840"
6544,"enh9","ENSG00000006016"
6545,"enh3","ENSG00000131400"
6546,"enh11","ENSG00000171169"
6547,"enh5","ENSG00000120334"
6548,"enh5","ENSG00000173442"
6549,"enh10","ENSG00000173442"
6550,"enh9","ENSG00000103021"
6551,"enh7","ENSG00000126698"
6552,"enh9","ENSG00000186501"
6553,"enh7","ENSG00000136925"
6554,"enh13","ENSG00000184162"
6555,"enh3","ENSG00000175294"
6556,"enh11","ENSG00000142186"
6557,"enh12","ENSG00000136842"
6558,"enh2","ENSG00000172232"
6559,"enh7","ENSG00000160318"
6560,"enh11","ENSG00000005961"
6561,"enh4","ENSG00000171940"
6562,"enh14","ENSG00000181513"
6563,"enh14","ENSG00000130772"
6564,"enh9","ENSG00000129946"
6565,"enh5","ENSG00000148248"
6566,"enh12","ENSG00000136856"
6567,"enh5","ENSG00000126698"
6568,"enh3","ENSG00000129911"
6569,"enh12","ENSG00000174529"
6570,"enh11","ENSG00000119559"
6571,"enh10","ENSG00000108309"
6572,"enh13","ENSG00000213024"
6573,"enh6","ENSG00000238227"
6574,"enh4","ENSG00000181781"
6575,"enh11","ENSG00000162873"
6576,"enh10","ENSG00000125482"
6577,"enh8","ENSG00000138772"
6578,"enh9","ENSG00000097046"
6579,"enh10","ENSG00000104131"
6580,"enh14","ENSG00000175115"
6581,"enh13","ENSG00000159579"
6582,"enh14","ENSG00000130768"
6583,"enh1","ENSG00000165699"
6584,"enh3","ENSG00000131094"
6585,"enh14","ENSG00000174529"
6586,"enh2","ENSG00000108852"
6587,"enh2","ENSG00000106799"
6588,"enh9","ENSG00000130559"
6589,"enh8","ENSG00000167747"
6590,"enh10","ENSG00000221983"
6591,"enh1","ENSG00000184162"
6592,"enh10","ENSG00000167112"
6593,"enh7","ENSG00000136936"
6594,"enh6","ENSG00000105700"
6595,"enh3","ENSG00000105700"
6596,"enh12","ENSG00000173825"
6597,"enh10","ENSG00000071655"
6598,"enh7","ENSG00000133884"
6599,"enh12","ENSG00000135046"
6600,"enh10","ENSG00000136908"
6601,"enh6","ENSG00000181513"
6602,"enh2","ENSG00000171219"
6603,"enh7","ENSG00000174996"
6604,"enh12","ENSG00000106991"
6605,"enh13","ENSG00000099625"
6606,"enh11","ENSG00000167470"
6607,"enh4","ENSG00000160360"
6608,"enh3","ENSG00000162873"
6609,"enh14","ENSG00000116017"
6610,"enh2","ENSG00000130772"
6611,"enh14","ENSG00000181896"
6612,"enh14","ENSG00000012048"
6613,"enh3","ENSG00000136856"
6614,"enh3","ENSG00000178093"
6615,"enh4","ENSG00000167748"
6616,"enh10","ENSG00000197540"
6617,"enh12","ENSG00000106799"
6618,"enh9","ENSG00000125319"
6619,"enh11","ENSG00000004939"
6620,"enh1","ENSG00000115761"
6621,"enh9","ENSG00000064607"
6622,"enh8","ENSG00000097046"
6623,"enh9","ENSG00000167491"
6624,"enh7","ENSG00000115286"
6625,"enh3","ENSG00000172757"
6626,"enh4","ENSG00000136895"
6627,"enh6","ENSG00000197136"
6628,"enh6","ENSG00000051108"
6629,"enh9","ENSG00000172500"
6630,"enh6","ENSG00000142186"
6631,"enh1","ENSG00000148300"
6632,"enh4","ENSG00000189195"
6633,"enh3","ENSG00000198858"
6634,"enh7","ENSG00000105472"
6635,"enh8","ENSG00000105374"
6636,"enh4","ENSG00000012048"
6637,"enh8","ENSG00000174684"
6638,"enh5","ENSG00000136828"
6639,"enh8","ENSG00000174744"
6640,"enh1","ENSG00000134318"
6641,"enh7","ENSG00000198417"
6642,"enh10","ENSG00000105472"
6643,"enh10","ENSG00000167118"
6644,"enh14","ENSG00000162976"
6645,"enh14","ENSG00000196415"
6646,"enh6","ENSG00000148291"
6647,"enh6","ENSG00000115257"
6648,"enh13","ENSG00000105701"
6649,"enh14","ENSG00000104886"
6650,"enh9","ENSG00000163291"
6651,"enh6","ENSG00000186501"
6652,"enh8","ENSG00000197958"
6653,"enh13","ENSG00000254470"
6654,"enh4","ENSG00000160326"
6655,"enh7","ENSG00000117697"
6656,"enh4","ENSG00000105696"
6657,"enh4","ENSG00000142765"
6658,"enh9","ENSG00000235034"
6659,"enh4","ENSG00000105556"
6660,"enh8","ENSG00000006016"
6661,"enh3","ENSG00000160161"
6662,"enh5","ENSG00000104946"
6663,"enh11","ENSG00000198786"
6664,"enh14","ENSG00000115750"
6665,"enh1","ENSG00000181781"
6666,"enh8","ENSG00000105671"
6667,"enh8","ENSG00000105655"
6668,"enh14","ENSG00000143924"
6669,"enh5","ENSG00000148303"
6670,"enh7","ENSG00000115091"
6671,"enh13","ENSG00000104131"
6672,"enh2","ENSG00000165699"
6673,"enh13","ENSG00000187193"
6674,"enh7","ENSG00000011304"
6675,"enh2","ENSG00000152518"
6676,"enh13","ENSG00000106976"
6677,"enh4","ENSG00000204138"
6678,"enh14","ENSG00000171169"
6679,"enh7","ENSG00000125144"
6680,"enh3","ENSG00000185761"
6681,"enh4","ENSG00000067596"
6682,"enh7","ENSG00000250067"
6683,"enh12","ENSG00000136943"
6684,"enh9","ENSG00000175854"
6685,"enh11","ENSG00000186806"
6686,"enh13","ENSG00000186185"
6687,"enh8","ENSG00000068831"
6688,"enh13","ENSG00000197958"
6689,"enh13","ENSG00000119523"
6690,"enh8","ENSG00000136828"
6691,"enh2","ENSG00000120913"
6692,"enh13","ENSG00000119125"
6693,"enh13","ENSG00000160953"
6694,"enh2","ENSG00000149792"
6695,"enh5","ENSG00000204138"
6696,"enh5","ENSG00000117697"
6697,"enh10","ENSG00000120334"
6698,"enh6","ENSG00000143476"
6699,"enh6","ENSG00000256771"
6700,"enh1","ENSG00000167491"
6701,"enh4","ENSG00000117266"
6702,"enh4","ENSG00000095380"
6703,"enh10","ENSG00000064490"
6704,"enh13","ENSG00000161677"
6705,"enh10","ENSG00000004939"
6706,"enh1","ENSG00000119559"
6707,"enh7","ENSG00000108312"
6708,"enh5","ENSG00000136643"
6709,"enh14","ENSG00000169288"
6710,"enh11","ENSG00000116014"
6711,"enh1","ENSG00000102978"
6712,"enh8","ENSG00000136811"
6713,"enh1","ENSG00000138767"
6714,"enh12","ENSG00000125148"
6715,"enh11","ENSG00000186566"
6716,"enh1","ENSG00000184988"
6717,"enh7","ENSG00000162878"
6718,"enh1","ENSG00000144130"
6719,"enh4","ENSG00000144134"
6720,"enh11","ENSG00000149792"
6721,"enh14","ENSG00000105676"
6722,"enh11","ENSG00000160318"
6723,"enh12","ENSG00000125170"
6724,"enh8","ENSG00000168066"
6725,"enh7","ENSG00000158161"
6726,"enh2","ENSG00000148296"
6727,"enh9","ENSG00000104689"
6728,"enh11","ENSG00000105472"
6729,"enh14","ENSG00000196116"
6730,"enh8","ENSG00000213445"
6731,"enh12","ENSG00000197540"
6732,"enh11","ENSG00000122026"
6733,"enh3","ENSG00000118046"
6734,"enh4","ENSG00000119125"
6735,"enh4","ENSG00000167110"
6736,"enh1","ENSG00000068976"
6737,"enh9","ENSG00000108849"
6738,"enh2","ENSG00000122482"
6739,"enh8","ENSG00000160404"
6740,"enh10","ENSG00000160953"
6741,"enh8","ENSG00000152518"
6742,"enh3","ENSG00000130270"
6743,"enh8","ENSG00000147669"
6744,"enh14","ENSG00000161714"
6745,"enh6","ENSG00000228300"
6746,"enh4","ENSG00000160293"
6747,"enh10","ENSG00000135736"
6748,"enh3","ENSG00000196312"
6749,"enh3","ENSG00000136840"
6750,"enh7","ENSG00000181896"
6751,"enh8","ENSG00000160161"
6752,"enh14","ENSG00000161671"
6753,"enh3","ENSG00000158941"
6754,"enh6","ENSG00000014216"
6755,"enh1","ENSG00000099875"
6756,"enh1","ENSG00000197816"
6757,"enh13","ENSG00000066027"
6758,"enh13","ENSG00000130270"
6759,"enh1","ENSG00000104960"
6760,"enh13","ENSG00000136877"
6761,"enh6","ENSG00000172081"
6762,"enh3","ENSG00000136932"
6763,"enh12","ENSG00000172922"
6764,"enh1","ENSG00000117748"
6765,"enh4","ENSG00000173442"
6766,"enh14","ENSG00000172757"
6767,"enh13","ENSG00000172757"
6768,"enh7","ENSG00000256771"
6769,"enh7","ENSG00000175376"
6770,"enh12","ENSG00000160161"
6771,"enh12","ENSG00000099624"
6772,"enh1","ENSG00000168061"
6773,"enh13","ENSG00000153214"
6774,"enh5","ENSG00000167747"
6775,"enh7","ENSG00000149823"
6776,"enh9","ENSG00000171940"
6777,"enh3","ENSG00000143476"
6778,"enh8","ENSG00000196312"
6779,"enh1","ENSG00000147669"
6780,"enh12","ENSG00000148337"
6781,"enh1","ENSG00000064545"
6782,"enh12","ENSG00000119203"
6783,"enh10","ENSG00000129946"
6784,"enh9","ENSG00000153208"
6785,"enh12","ENSG00000196188"
6786,"enh1","ENSG00000175376"
6787,"enh8","ENSG00000162419"
6788,"enh6","ENSG00000162669"
6789,"enh4","ENSG00000004939"
6790,"enh7","ENSG00000148308"
6791,"enh2","ENSG00000181513"
6792,"enh4","ENSG00000131408"
6793,"enh9","ENSG00000119185"
6794,"enh9","ENSG00000162772"
6795,"enh5","ENSG00000181588"
6796,"enh14","ENSG00000185761"
6797,"enh3","ENSG00000115970"
6798,"enh5","ENSG00000162772"
6799,"enh10","ENSG00000148334"
6800,"enh9","ENSG00000168061"
6801,"enh1","ENSG00000105656"
6802,"enh2","ENSG00000119125"
6803,"enh9","ENSG00000148308"
6804,"enh4","ENSG00000196116"
6805,"enh12","ENSG00000030582"
6806,"enh14","ENSG00000108309"
6807,"enh12","ENSG00000138036"
6808,"enh7","ENSG00000127540"
6809,"enh5","ENSG00000171169"
6810,"enh8","ENSG00000169288"
6811,"enh11","ENSG00000006015"
6812,"enh14","ENSG00000187193"
6813,"enh6","ENSG00000175832"
6814,"enh8","ENSG00000065600"
6815,"enh1","ENSG00000006016"
6816,"enh1","ENSG00000135736"
6817,"enh2","ENSG00000169288"
6818,"enh6","ENSG00000146670"
6819,"enh10","ENSG00000008853"
6820,"enh1","ENSG00000138772"
6821,"enh12","ENSG00000136448"
6822,"enh9","ENSG00000175906"
6823,"enh7","ENSG00000165138"
6824,"enh6","ENSG00000168062"
6825,"enh14","ENSG00000130766"
6826,"enh6","ENSG00000117697"
6827,"enh10","ENSG00000105053"
6828,"enh6","ENSG00000115761"
6829,"enh2","ENSG00000143870"
6830,"enh10","ENSG00000115970"
6831,"enh9","ENSG00000106789"
6832,"enh1","ENSG00000095380"
6833,"enh9","ENSG00000228300"
6834,"enh13","ENSG00000099817"
6835,"enh12","ENSG00000115255"
6836,"enh11","ENSG00000120334"
6837,"enh4","ENSG00000105726"
6838,"enh7","ENSG00000197766"
6839,"enh11","ENSG00000136874"
6840,"enh13","ENSG00000162241"
6841,"enh9","ENSG00000167468"
6842,"enh4","ENSG00000174871"
6843,"enh8","ENSG00000064932"
6844,"enh11","ENSG00000136448"
6845,"enh6","ENSG00000198746"
6846,"enh4","ENSG00000117751"
6847,"enh7","ENSG00000087263"
6848,"enh2","ENSG00000136842"
6849,"enh13","ENSG00000099866"
6850,"enh3","ENSG00000126391"
6851,"enh2","ENSG00000173825"
6852,"enh13","ENSG00000227500"
6853,"enh8","ENSG00000160326"
6854,"enh7","ENSG00000064666"
6855,"enh14","ENSG00000135046"
6856,"enh7","ENSG00000169288"
6857,"enh5","ENSG00000099866"
6858,"enh8","ENSG00000106799"
6859,"enh1","ENSG00000171848"
6860,"enh6","ENSG00000262874"
6861,"enh7","ENSG00000147439"
6862,"enh5","ENSG00000087152"
6863,"enh11","ENSG00000221983"
6864,"enh12","ENSG00000148291"
6865,"enh5","ENSG00000125611"
6866,"enh9","ENSG00000165684"
6867,"enh6","ENSG00000174842"
6868,"enh7","ENSG00000136830"
6869,"enh14","ENSG00000136874"
6870,"enh6","ENSG00000114999"
6871,"enh4","ENSG00000123684"
6872,"enh7","ENSG00000099622"
6873,"enh3","ENSG00000115268"
6874,"enh13","ENSG00000136811"
6875,"enh2","ENSG00000159648"
6876,"enh9","ENSG00000152061"
6877,"enh8","ENSG00000030582"
6878,"enh11","ENSG00000068831"
6879,"enh5","ENSG00000203705"
6880,"enh11","ENSG00000011304"
6881,"enh4","ENSG00000030582"
6882,"enh14","ENSG00000070388"
6883,"enh9","ENSG00000196422"
6884,"enh8","ENSG00000116017"
6885,"enh8","ENSG00000125618"
6886,"enh8","ENSG00000141934"
6887,"enh7","ENSG00000006016"
6888,"enh10","ENSG00000160360"
6889,"enh4","ENSG00000181896"
6890,"enh8","ENSG00000104946"
6891,"enh6","ENSG00000099866"
6892,"enh2","ENSG00000130513"
6893,"enh5","ENSG00000136943"
6894,"enh8","ENSG00000176890"
6895,"enh2","ENSG00000105705"
6896,"enh10","ENSG00000165689"
6897,"enh12","ENSG00000106976"
6898,"enh1","ENSG00000141933"
6899,"enh8","ENSG00000010361"
6900,"enh10","ENSG00000172732"
6901,"enh3","ENSG00000186806"
6902,"enh2","ENSG00000196550"
6903,"enh5","ENSG00000131398"
6904,"enh8","ENSG00000064666"
6905,"enh2","ENSG00000106785"
6906,"enh11","ENSG00000125630"
6907,"enh6","ENSG00000227500"
6908,"enh10","ENSG00000160271"
6909,"enh3","ENSG00000115286"
6910,"enh14","ENSG00000133884"
6911,"enh11","ENSG00000108840"
6912,"enh7","ENSG00000148303"
6913,"enh12","ENSG00000125637"
6914,"enh6","ENSG00000148337"
6915,"enh14","ENSG00000167103"
6916,"enh5","ENSG00000169288"
6917,"enh14","ENSG00000106992"
6918,"enh11","ENSG00000213445"
6919,"enh10","ENSG00000010361"
6920,"enh11","ENSG00000171159"
6921,"enh12","ENSG00000254986"
6922,"enh1","ENSG00000171219"
6923,"enh7","ENSG00000064932"
6924,"enh8","ENSG00000130560"
6925,"enh14","ENSG00000051108"
6926,"enh4","ENSG00000186185"
6927,"enh8","ENSG00000173039"
6928,"enh9","ENSG00000151694"
6929,"enh5","ENSG00000095380"
6930,"enh8","ENSG00000070404"
6931,"enh14","ENSG00000174684"
6932,"enh11","ENSG00000168067"
6933,"enh6","ENSG00000160293"
6934,"enh3","ENSG00000148356"
6935,"enh7","ENSG00000142186"
6936,"enh13","ENSG00000103005"
6937,"enh14","ENSG00000131398"
6938,"enh9","ENSG00000136943"
6939,"enh2","ENSG00000181781"
6940,"enh1","ENSG00000115758"
6941,"enh7","ENSG00000117592"
6942,"enh7","ENSG00000161682"
6943,"enh4","ENSG00000102900"
6944,"enh8","ENSG00000178093"
6945,"enh13","ENSG00000125482"
6946,"enh1","ENSG00000118046"
6947,"enh4","ENSG00000136932"
6948,"enh3","ENSG00000120889"
6949,"enh13","ENSG00000131398"
6950,"enh7","ENSG00000175602"
6951,"enh6","ENSG00000057935"
6952,"enh1","ENSG00000142530"
6953,"enh8","ENSG00000133895"
6954,"enh13","ENSG00000161682"
6955,"enh7","ENSG00000175592"
6956,"enh7","ENSG00000187193"
6957,"enh7","ENSG00000071564"
6958,"enh8","ENSG00000064545"
6959,"enh11","ENSG00000133059"
6960,"enh2","ENSG00000186806"
6961,"enh4","ENSG00000108883"
6962,"enh3","ENSG00000148411"
6963,"enh9","ENSG00000160360"
6964,"enh10","ENSG00000106992"
6965,"enh3","ENSG00000142751"
6966,"enh6","ENSG00000119523"
6967,"enh9","ENSG00000182087"
6968,"enh4","ENSG00000184162"
6969,"enh2","ENSG00000130768"
6970,"enh5","ENSG00000228300"
6971,"enh2","ENSG00000162873"
6972,"enh13","ENSG00000125319"
6973,"enh9","ENSG00000014138"
6974,"enh5","ENSG00000105669"
6975,"enh12","ENSG00000197217"
6976,"enh1","ENSG00000142765"
6977,"enh1","ENSG00000115286"
6978,"enh5","ENSG00000119559"
6979,"enh8","ENSG00000135870"
6980,"enh6","ENSG00000004939"
6981,"enh7","ENSG00000119392"
6982,"enh11","ENSG00000163297"
6983,"enh8","ENSG00000162769"
6984,"enh9","ENSG00000138756"
6985,"enh10","ENSG00000186010"
6986,"enh10","ENSG00000102931"
6987,"enh2","ENSG00000069702"
6988,"enh8","ENSG00000197217"
6989,"enh13","ENSG00000169607"
6990,"enh4","ENSG00000161654"
6991,"enh5","ENSG00000064666"
6992,"enh6","ENSG00000131409"
6993,"enh11","ENSG00000006016"
6994,"enh10","ENSG00000130775"
6995,"enh9","ENSG00000105383"
6996,"enh13","ENSG00000115761"
6997,"enh1","ENSG00000152527"
6998,"enh12","ENSG00000168591"
6999,"enh12","ENSG00000152518"
7000,"enh12","ENSG00000105655"
7001,"enh10","ENSG00000175573"
7002,"enh13","ENSG00000116014"
7003,"enh10","ENSG00000158711"
7004,"enh11","ENSG00000196152"
7005,"enh7","ENSG00000160161"
7006,"enh6","ENSG00000174851"
7007,"enh4","ENSG00000238227"
7008,"enh11","ENSG00000149798"
7009,"enh7","ENSG00000107021"
7010,"enh9","ENSG00000115268"
7011,"enh12","ENSG00000095383"
7012,"enh8","ENSG00000103005"
7013,"enh1","ENSG00000175115"
7014,"enh3","ENSG00000129951"
7015,"enh13","ENSG00000196961"
7016,"enh4","ENSG00000185278"
7017,"enh14","ENSG00000197136"
7018,"enh12","ENSG00000099840"
7019,"enh8","ENSG00000174669"
7020,"enh2","ENSG00000100316"
7021,"enh4","ENSG00000235034"
7022,"enh3","ENSG00000171940"
7023,"enh13","ENSG00000064490"
7024,"enh4","ENSG00000186501"
7025,"enh13","ENSG00000105708"
7026,"enh8","ENSG00000162878"
7027,"enh7","ENSG00000152518"
7028,"enh10","ENSG00000141934"
7029,"enh5","ENSG00000108849"
7030,"enh7","ENSG00000110047"
7031,"enh9","ENSG00000005007"
7032,"enh2","ENSG00000175573"
7033,"enh6","ENSG00000105696"
7034,"enh3","ENSG00000064545"
7035,"enh5","ENSG00000131408"
7036,"enh12","ENSG00000181773"
7037,"enh10","ENSG00000159461"
7038,"enh8","ENSG00000149806"
7039,"enh14","ENSG00000173327"
7040,"enh7","ENSG00000227500"
7041,"enh7","ENSG00000134317"
7042,"enh8","ENSG00000175602"
7043,"enh7","ENSG00000133069"
7044,"enh8","ENSG00000064547"
7045,"enh12","ENSG00000117697"
7046,"enh7","ENSG00000130770"
7047,"enh3","ENSG00000162878"
7048,"enh10","ENSG00000108861"
7049,"enh11","ENSG00000153208"
7050,"enh6","ENSG00000130770"
7051,"enh12","ENSG00000187193"
7052,"enh7","ENSG00000106785"
7053,"enh1","ENSG00000105053"
7054,"enh3","ENSG00000122026"
7055,"enh1","ENSG00000160318"
7056,"enh9","ENSG00000126698"
7057,"enh7","ENSG00000181781"
7058,"enh10","ENSG00000213221"
7059,"enh11","ENSG00000105705"
7060,"enh14","ENSG00000117266"
7061,"enh12","ENSG00000174871"
7062,"enh4","ENSG00000198917"
7063,"enh5","ENSG00000117751"
7064,"enh9","ENSG00000101132"
7065,"enh6","ENSG00000197694"
7066,"enh8","ENSG00000196683"
7067,"enh1","ENSG00000172775"
7068,"enh8","ENSG00000125144"
7069,"enh2","ENSG00000256771"
7070,"enh3","ENSG00000099625"
7071,"enh6","ENSG00000062822"
7072,"enh13","ENSG00000148300"
7073,"enh9","ENSG00000186566"
7074,"enh6","ENSG00000099622"
7075,"enh8","ENSG00000136807"
7076,"enh11","ENSG00000105671"
7077,"enh12","ENSG00000009780"
7078,"enh2","ENSG00000102934"
7079,"enh3","ENSG00000197694"
7080,"enh7","ENSG00000131097"
7081,"enh14","ENSG00000105669"
7082,"enh8","ENSG00000130768"
7083,"enh9","ENSG00000171159"
7084,"enh1","ENSG00000213465"
7085,"enh4","ENSG00000167114"
7086,"enh9","ENSG00000130560"
7087,"enh6","ENSG00000186566"
7088,"enh4","ENSG00000153214"
7089,"enh10","ENSG00000186566"
7090,"enh8","ENSG00000039650"
7091,"enh6","ENSG00000138772"
7092,"enh9","ENSG00000129933"
7093,"enh14","ENSG00000172270"
7094,"enh11","ENSG00000130766"
7095,"enh9","ENSG00000253368"
7096,"enh2","ENSG00000125611"
7097,"enh3","ENSG00000228300"
7098,"enh2","ENSG00000136874"
7099,"enh6","ENSG00000136937"
7100,"enh10","ENSG00000006016"
7101,"enh5","ENSG00000117625"
7102,"enh13","ENSG00000159648"
7103,"enh3","ENSG00000197540"
7104,"enh12","ENSG00000129933"
7105,"enh4","ENSG00000147454"
7106,"enh5","ENSG00000180329"
7107,"enh8","ENSG00000153208"
7108,"enh8","ENSG00000172977"
7109,"enh3","ENSG00000079313"
7110,"enh11","ENSG00000198917"
7111,"enh12","ENSG00000213445"
7112,"enh10","ENSG00000162772"
7113,"enh10","ENSG00000196415"
7114,"enh11","ENSG00000172775"
7115,"enh10","ENSG00000198917"
7116,"enh8","ENSG00000130772"
7117,"enh8","ENSG00000197694"
7118,"enh1","ENSG00000148290"
7119,"enh2","ENSG00000196188"
7120,"enh10","ENSG00000174606"
7121,"enh10","ENSG00000136807"
7122,"enh11","ENSG00000136856"
7123,"enh4","ENSG00000181588"
7124,"enh13","ENSG00000118046"
7125,"enh8","ENSG00000197540"
7126,"enh11","ENSG00000147457"
7127,"enh6","ENSG00000241852"
7128,"enh11","ENSG00000105655"
7129,"enh12","ENSG00000141933"
7130,"enh8","ENSG00000135736"
7131,"enh14","ENSG00000196961"
7132,"enh7","ENSG00000167123"
7133,"enh3","ENSG00000136937"
7134,"enh11","ENSG00000152061"
7135,"enh12","ENSG00000119559"
7136,"enh8","ENSG00000105701"
7137,"enh14","ENSG00000130005"
7138,"enh9","ENSG00000130511"
7139,"enh2","ENSG00000197540"
7140,"enh9","ENSG00000159648"
7141,"enh12","ENSG00000117593"
7142,"enh1","ENSG00000068971"
7143,"enh5","ENSG00000106992"
7144,"enh9","ENSG00000130766"
7145,"enh8","ENSG00000167005"
7146,"enh14","ENSG00000213221"
7147,"enh14","ENSG00000114999"
7148,"enh13","ENSG00000136682"
7149,"enh3","ENSG00000071655"
7150,"enh13","ENSG00000165702"
7151,"enh7","ENSG00000089639"
7152,"enh9","ENSG00000142186"
7153,"enh10","ENSG00000066027"
7154,"enh2","ENSG00000181035"
7155,"enh7","ENSG00000130560"
7156,"enh6","ENSG00000170385"
7157,"enh10","ENSG00000062822"
7158,"enh12","ENSG00000076321"
7159,"enh10","ENSG00000115255"
7160,"enh7","ENSG00000104946"
7161,"enh9","ENSG00000160445"
7162,"enh8","ENSG00000213988"
7163,"enh12","ENSG00000129946"
7164,"enh14","ENSG00000160345"
7165,"enh12","ENSG00000198492"
7166,"enh1","ENSG00000119203"
7167,"enh13","ENSG00000008853"
7168,"enh13","ENSG00000014138"
7169,"enh2","ENSG00000148411"
7170,"enh5","ENSG00000167748"
7171,"enh13","ENSG00000105383"
7172,"enh14","ENSG00000228300"
7173,"enh13","ENSG00000160326"
7174,"enh2","ENSG00000175832"
7175,"enh4","ENSG00000160271"
7176,"enh8","ENSG00000159461"
7177,"enh3","ENSG00000087152"
7178,"enh3","ENSG00000065268"
7179,"enh3","ENSG00000204291"
7180,"enh13","ENSG00000181773"
7181,"enh14","ENSG00000129951"
7182,"enh4","ENSG00000051108"
7183,"enh9","ENSG00000167110"
7184,"enh1","ENSG00000143870"
7185,"enh9","ENSG00000136936"
7186,"enh8","ENSG00000198840"
7187,"enh2","ENSG00000170385"
7188,"enh13","ENSG00000172992"
7189,"enh8","ENSG00000115944"
7190,"enh14","ENSG00000186566"
7191,"enh8","ENSG00000172059"
7192,"enh6","ENSG00000136932"
7193,"enh12","ENSG00000115257"
7194,"enh5","ENSG00000185198"
7195,"enh8","ENSG00000115084"
7196,"enh7","ENSG00000129968"
7197,"enh10","ENSG00000131400"
7198,"enh2","ENSG00000117601"
7199,"enh11","ENSG00000153107"
7200,"enh6","ENSG00000171219"
7201,"enh12","ENSG00000171848"
7202,"enh11","ENSG00000182963"
7203,"enh12","ENSG00000123685"
7204,"enh2","ENSG00000198840"
7205,"enh10","ENSG00000126698"
7206,"enh5","ENSG00000161654"
7207,"enh2","ENSG00000107372"
7208,"enh4","ENSG00000160563"
7209,"enh5","ENSG00000161692"
7210,"enh11","ENSG00000005194"
7211,"enh2","ENSG00000175906"
7212,"enh12","ENSG00000115268"
7213,"enh13","ENSG00000117593"
7214,"enh4","ENSG00000068831"
7215,"enh12","ENSG00000175832"
7216,"enh3","ENSG00000186566"
7217,"enh2","ENSG00000163291"
7218,"enh6","ENSG00000064490"
7219,"enh12","ENSG00000102900"
7220,"enh4","ENSG00000163297"
7221,"enh8","ENSG00000181513"
7222,"enh1","ENSG00000130513"
7223,"enh5","ENSG00000161647"
7224,"enh13","ENSG00000100316"
7225,"enh11","ENSG00000105676"
7226,"enh1","ENSG00000009780"
7227,"enh1","ENSG00000148248"
7228,"enh10","ENSG00000197217"
7229,"enh10","ENSG00000148291"
7230,"enh3","ENSG00000104946"
7231,"enh13","ENSG00000125484"
7232,"enh2","ENSG00000196152"
7233,"enh8","ENSG00000129946"
7234,"enh13","ENSG00000213465"
7235,"enh7","ENSG00000136448"
7236,"enh8","ENSG00000173825"
7237,"enh2","ENSG00000196312"
7238,"enh6","ENSG00000174276"
7239,"enh1","ENSG00000143924"
7240,"enh3","ENSG00000147454"
7241,"enh10","ENSG00000116014"
7242,"enh10","ENSG00000125637"
7243,"enh1","ENSG00000117751"
7244,"enh9","ENSG00000012048"
7245,"enh13","ENSG00000198492"
7246,"enh2","ENSG00000136877"
7247,"enh12","ENSG00000174744"
7248,"enh9","ENSG00000117601"
7249,"enh3","ENSG00000105662"
7250,"enh1","ENSG00000189195"
7251,"enh5","ENSG00000172775"
7252,"enh2","ENSG00000068831"
7253,"enh12","ENSG00000149792"
7254,"enh8","ENSG00000099624"
7255,"enh8","ENSG00000142186"
7256,"enh14","ENSG00000167747"
7257,"enh2","ENSG00000148337"
7258,"enh11","ENSG00000106976"
7259,"enh14","ENSG00000134318"
7260,"enh3","ENSG00000254470"
7261,"enh10","ENSG00000173465"
7262,"enh8","ENSG00000142530"
7263,"enh9","ENSG00000213221"
7264,"enh5","ENSG00000148356"
7265,"enh1","ENSG00000174547"
7266,"enh12","ENSG00000167106"
7267,"enh12","ENSG00000105374"
7268,"enh12","ENSG00000102931"
7269,"enh7","ENSG00000114999"
7270,"enh2","ENSG00000149809"
7271,"enh12","ENSG00000165138"
7272,"enh3","ENSG00000104973"
7273,"enh1","ENSG00000105726"
7274,"enh1","ENSG00000175602"
7275,"enh2","ENSG00000148339"
7276,"enh11","ENSG00000173442"
7277,"enh8","ENSG00000136682"
7278,"enh1","ENSG00000241852"
7279,"enh13","ENSG00000165688"
7280,"enh9","ENSG00000187193"
7281,"enh1","ENSG00000117266"
7282,"enh1","ENSG00000181773"
7283,"enh9","ENSG00000071564"
7284,"enh9","ENSG00000133895"
7285,"enh4","ENSG00000171848"
7286,"enh2","ENSG00000167103"
7287,"enh11","ENSG00000117625"
7288,"enh4","ENSG00000148248"
7289,"enh5","ENSG00000115944"
7290,"enh7","ENSG00000105717"
7291,"enh4","ENSG00000088682"
7292,"enh12","ENSG00000172270"
7293,"enh8","ENSG00000136856"
7294,"enh6","ENSG00000147457"
7295,"enh9","ENSG00000005961"
7296,"enh14","ENSG00000172775"
7297,"enh3","ENSG00000105656"
7298,"enh13","ENSG00000171169"
7299,"enh12","ENSG00000174516"
7300,"enh12","ENSG00000119185"
7301,"enh13","ENSG00000135046"
7302,"enh8","ENSG00000136877"
7303,"enh2","ENSG00000161692"
7304,"enh6","ENSG00000160445"
7305,"enh1","ENSG00000122482"
7306,"enh11","ENSG00000167491"
7307,"enh2","ENSG00000168061"
7308,"enh1","ENSG00000180198"
7309,"enh1","ENSG00000144134"
7310,"enh5","ENSG00000099875"
7311,"enh8","ENSG00000117266"
7312,"enh7","ENSG00000105497"
7313,"enh8","ENSG00000057935"
7314,"enh2","ENSG00000108309"
7315,"enh6","ENSG00000158715"
7316,"enh6","ENSG00000175707"
7317,"enh5","ENSG00000162769"
7318,"enh6","ENSG00000196415"
7319,"enh10","ENSG00000090273"
7320,"enh2","ENSG00000133275"
7321,"enh3","ENSG00000095380"
7322,"enh7","ENSG00000162300"
7323,"enh4","ENSG00000168066"
7324,"enh5","ENSG00000172270"
7325,"enh12","ENSG00000178093"
7326,"enh1","ENSG00000175467"
7327,"enh1","ENSG00000204673"
7328,"enh6","ENSG00000161692"
7329,"enh4","ENSG00000071564"
7330,"enh4","ENSG00000076321"
7331,"enh2","ENSG00000089639"
7332,"enh4","ENSG00000155380"
7333,"enh8","ENSG00000142784"
7334,"enh2","ENSG00000174516"
7335,"enh14","ENSG00000130559"
7336,"enh4","ENSG00000071655"
7337,"enh7","ENSG00000148334"
7338,"enh2","ENSG00000148248"
7339,"enh3","ENSG00000117280"
7340,"enh7","ENSG00000119185"
7341,"enh2","ENSG00000129933"
7342,"enh14","ENSG00000101132"
7343,"enh2","ENSG00000014138"
7344,"enh12","ENSG00000213988"
7345,"enh13","ENSG00000163291"
7346,"enh1","ENSG00000186566"
7347,"enh14","ENSG00000153107"
7348,"enh13","ENSG00000181896"
7349,"enh7","ENSG00000158941"
7350,"enh11","ENSG00000174903"
7351,"enh12","ENSG00000174547"
7352,"enh5","ENSG00000129968"
7353,"enh10","ENSG00000161714"
7354,"enh13","ENSG00000126391"
7355,"enh1","ENSG00000133243"
7356,"enh7","ENSG00000148296"
7357,"enh6","ENSG00000136811"
7358,"enh13","ENSG00000117748"
7359,"enh6","ENSG00000099875"
7360,"enh6","ENSG00000088682"
7361,"enh8","ENSG00000108852"
7362,"enh13","ENSG00000104679"
7363,"enh10","ENSG00000174529"
7364,"enh9","ENSG00000057935"
