"selection_order","grna_target","response_id"
1,"enh6","ENSG00000181513"
2,"enh4","ENSG00000136938"
3,"enh4","ENSG00000172922"
4,"enh11","ENSG00000168067"
5,"enh4","ENSG00000186566"
6,"enh2","ENSG00000167123"
7,"enh8","ENSG00000198870"
8,"enh2","ENSG00000173465"
9,"enh13","ENSG00000135736"
10,"enh13","ENSG00000148288"
11,"enh5","ENSG00000065600"
12,"enh8","ENSG00000181513"
13,"enh9","ENSG00000196116"
14,"enh8","ENSG00000136840"
15,"enh2","ENSG00000104689"
16,"enh1","ENSG00000117758"
17,"enh12","ENSG00000182963"
18,"enh8","ENSG00000105669"
19,"enh10","ENSG00000162241"
20,"enh6","ENSG00000160404"
21,"enh9","ENSG00000105655"
22,"enh14","ENSG00000174744"
23,"enh1","ENSG00000250067"
24,"enh1","ENSG00000131409"
25,"enh9","ENSG00000186185"
26,"enh8","ENSG00000188554"
27,"enh7","ENSG00000152518"
28,"enh6","ENSG00000181896"
29,"enh5","ENSG00000068971"
30,"enh11","ENSG00000198492"
31,"enh3","ENSG00000152527"
32,"enh9","ENSG00000174950"
33,"enh7","ENSG00000004939"
34,"enh6","ENSG00000151694"
35,"enh3","ENSG00000162669"
36,"enh6","ENSG00000169403"
37,"enh14","ENSG00000082512"
38,"enh4","ENSG00000099864"
39,"enh7","ENSG00000070404"
40,"enh10","ENSG00000057935"
41,"enh1","ENSG00000148356"
42,"enh1","ENSG00000253368"
43,"enh6","ENSG00000119335"
44,"enh2","ENSG00000228300"
45,"enh9","ENSG00000198786"
46,"enh2","ENSG00000168066"
47,"enh7","ENSG00000136895"
48,"enh1","ENSG00000160953"
49,"enh6","ENSG00000089639"
50,"enh7","ENSG00000142544"
51,"enh1","ENSG00000174606"
52,"enh1","ENSG00000102900"
53,"enh2","ENSG00000186566"
54,"enh7","ENSG00000089639"
55,"enh9","ENSG00000140854"
56,"enh13","ENSG00000105053"
57,"enh4","ENSG00000136874"
58,"enh3","ENSG00000129911"
59,"enh4","ENSG00000108852"
60,"enh11","ENSG00000120656"
61,"enh1","ENSG00000162300"
62,"enh8","ENSG00000148297"
63,"enh7","ENSG00000117691"
64,"enh2","ENSG00000138767"
65,"enh3","ENSG00000204291"
66,"enh2","ENSG00000198417"
67,"enh11","ENSG00000116014"
68,"enh2","ENSG00000115750"
69,"enh12","ENSG00000170385"
70,"enh6","ENSG00000162878"
71,"enh3","ENSG00000162300"
72,"enh9","ENSG00000131400"
73,"enh11","ENSG00000168066"
74,"enh11","ENSG00000134330"
75,"enh13","ENSG00000104973"
76,"enh12","ENSG00000227500"
77,"enh8","ENSG00000089639"
78,"enh5","ENSG00000213445"
79,"enh11","ENSG00000115970"
80,"enh3","ENSG00000122140"
81,"enh13","ENSG00000105671"
82,"enh9","ENSG00000136828"
83,"enh4","ENSG00000186010"
84,"enh7","ENSG00000131094"
85,"enh12","ENSG00000198917"
86,"enh4","ENSG00000070423"
87,"enh13","ENSG00000169288"
88,"enh9","ENSG00000134308"
89,"enh12","ENSG00000106976"
90,"enh8","ENSG00000148303"
91,"enh12","ENSG00000119185"
92,"enh8","ENSG00000143493"
93,"enh9","ENSG00000196961"
94,"enh14","ENSG00000104973"
95,"enh1","ENSG00000162241"
96,"enh3","ENSG00000130772"
97,"enh11","ENSG00000156269"
98,"enh1","ENSG00000130766"
99,"enh7","ENSG00000071564"
100,"enh9","ENSG00000138756"
101,"enh5","ENSG00000141349"
102,"enh4","ENSG00000104973"
103,"enh14","ENSG00000159579"
104,"enh10","ENSG00000162878"
105,"enh13","ENSG00000143476"
106,"enh3","ENSG00000107021"
107,"enh2","ENSG00000181035"
108,"enh13","ENSG00000068976"
109,"enh5","ENSG00000130775"
110,"enh3","ENSG00000136807"
111,"enh12","ENSG00000130513"
112,"enh10","ENSG00000172270"
113,"enh1","ENSG00000068971"
114,"enh9","ENSG00000108883"
115,"enh7","ENSG00000125144"
116,"enh10","ENSG00000140848"
117,"enh3","ENSG00000160325"
118,"enh7","ENSG00000204291"
119,"enh13","ENSG00000065600"
120,"enh14","ENSG00000148339"
121,"enh9","ENSG00000066027"
122,"enh9","ENSG00000171219"
123,"enh3","ENSG00000165138"
124,"enh10","ENSG00000013306"
125,"enh14","ENSG00000167005"
126,"enh3","ENSG00000175115"
127,"enh8","ENSG00000172059"
128,"enh3","ENSG00000142544"
129,"enh11","ENSG00000136932"
130,"enh4","ENSG00000176973"
131,"enh7","ENSG00000119125"
132,"enh8","ENSG00000104946"
133,"enh14","ENSG00000102900"
134,"enh7","ENSG00000144161"
135,"enh11","ENSG00000106789"
136,"enh10","ENSG00000174851"
137,"enh6","ENSG00000175294"
138,"enh10","ENSG00000105726"
139,"enh13","ENSG00000125144"
140,"enh9","ENSG00000095380"
141,"enh9","ENSG00000161682"
142,"enh1","ENSG00000187840"
143,"enh9","ENSG00000185198"
144,"enh10","ENSG00000160161"
145,"enh12","ENSG00000161647"
146,"enh6","ENSG00000171169"
147,"enh13","ENSG00000122484"
148,"enh8","ENSG00000196188"
149,"enh9","ENSG00000131398"
150,"enh8","ENSG00000140854"
151,"enh11","ENSG00000090020"
152,"enh11","ENSG00000136908"
153,"enh6","ENSG00000136842"
154,"enh14","ENSG00000102931"
155,"enh2","ENSG00000161671"
156,"enh10","ENSG00000143476"
157,"enh2","ENSG00000152527"
158,"enh12","ENSG00000117697"
159,"enh2","ENSG00000142544"
160,"enh1","ENSG00000129946"
161,"enh6","ENSG00000136937"
162,"enh7","ENSG00000162878"
163,"enh11","ENSG00000102978"
164,"enh11","ENSG00000197540"
165,"enh10","ENSG00000181588"
166,"enh11","ENSG00000198858"
167,"enh4","ENSG00000120334"
168,"enh14","ENSG00000117691"
169,"enh4","ENSG00000238227"
170,"enh11","ENSG00000115091"
171,"enh12","ENSG00000167103"
172,"enh14","ENSG00000066027"
173,"enh8","ENSG00000158711"
174,"enh11","ENSG00000126705"
175,"enh9","ENSG00000105717"
176,"enh3","ENSG00000160293"
177,"enh12","ENSG00000175467"
178,"enh7","ENSG00000235034"
179,"enh2","ENSG00000104679"
180,"enh1","ENSG00000167491"
181,"enh10","ENSG00000136828"
182,"enh4","ENSG00000188177"
183,"enh3","ENSG00000171940"
184,"enh1","ENSG00000135736"
185,"enh9","ENSG00000160446"
186,"enh9","ENSG00000181896"
187,"enh14","ENSG00000167759"
188,"enh5","ENSG00000182963"
189,"enh2","ENSG00000136807"
190,"enh9","ENSG00000158715"
191,"enh13","ENSG00000165702"
192,"enh10","ENSG00000123685"
193,"enh9","ENSG00000148248"
194,"enh10","ENSG00000142544"
195,"enh5","ENSG00000175334"
196,"enh4","ENSG00000152061"
197,"enh14","ENSG00000148303"
198,"enh6","ENSG00000196961"
199,"enh11","ENSG00000213024"
200,"enh11","ENSG00000134308"
201,"enh2","ENSG00000175467"
202,"enh9","ENSG00000172500"
203,"enh10","ENSG00000152061"
204,"enh6","ENSG00000135870"
205,"enh12","ENSG00000196415"
206,"enh1","ENSG00000122482"
207,"enh4","ENSG00000104897"
208,"enh8","ENSG00000099864"
209,"enh14","ENSG00000057935"
210,"enh1","ENSG00000186806"
211,"enh8","ENSG00000172081"
212,"enh14","ENSG00000148290"
213,"enh12","ENSG00000099864"
214,"enh9","ENSG00000197136"
215,"enh7","ENSG00000117266"
216,"enh2","ENSG00000213988"
217,"enh1","ENSG00000142784"
218,"enh14","ENSG00000167136"
219,"enh13","ENSG00000120334"
220,"enh4","ENSG00000107290"
221,"enh10","ENSG00000119185"
222,"enh10","ENSG00000148248"
223,"enh14","ENSG00000186185"
224,"enh10","ENSG00000119335"
225,"enh9","ENSG00000070770"
226,"enh2","ENSG00000120656"
227,"enh14","ENSG00000147454"
228,"enh7","ENSG00000117697"
229,"enh2","ENSG00000057935"
230,"enh7","ENSG00000155380"
231,"enh5","ENSG00000167114"
232,"enh4","ENSG00000160325"
233,"enh3","ENSG00000130766"
234,"enh10","ENSG00000105676"
235,"enh2","ENSG00000148300"
236,"enh8","ENSG00000166188"
237,"enh1","ENSG00000010361"
238,"enh10","ENSG00000106803"
239,"enh12","ENSG00000129911"
240,"enh8","ENSG00000143870"
241,"enh9","ENSG00000175602"
242,"enh4","ENSG00000099821"
243,"enh1","ENSG00000167113"
244,"enh4","ENSG00000160563"
245,"enh1","ENSG00000039650"
246,"enh9","ENSG00000136842"
247,"enh6","ENSG00000099817"
248,"enh6","ENSG00000125484"
249,"enh13","ENSG00000119185"
250,"enh2","ENSG00000173327"
251,"enh9","ENSG00000165702"
252,"enh7","ENSG00000160404"
253,"enh11","ENSG00000051128"
254,"enh12","ENSG00000168056"
255,"enh8","ENSG00000148356"
256,"enh13","ENSG00000117601"
257,"enh2","ENSG00000099864"
258,"enh6","ENSG00000117601"
259,"enh11","ENSG00000117601"
260,"enh3","ENSG00000135736"
261,"enh5","ENSG00000105669"
262,"enh6","ENSG00000172732"
263,"enh11","ENSG00000175221"
264,"enh5","ENSG00000174851"
265,"enh2","ENSG00000174851"
266,"enh10","ENSG00000168062"
267,"enh14","ENSG00000011304"
268,"enh2","ENSG00000160447"
269,"enh12","ENSG00000185198"
270,"enh1","ENSG00000185278"
271,"enh6","ENSG00000160408"
272,"enh13","ENSG00000117758"
273,"enh5","ENSG00000095380"
274,"enh6","ENSG00000167110"
275,"enh1","ENSG00000090020"
276,"enh12","ENSG00000142186"
277,"enh6","ENSG00000108840"
278,"enh2","ENSG00000130513"
279,"enh3","ENSG00000105701"
280,"enh5","ENSG00000162769"
281,"enh5","ENSG00000180448"
282,"enh9","ENSG00000101132"
283,"enh11","ENSG00000105472"
284,"enh9","ENSG00000186010"
285,"enh11","ENSG00000140848"
286,"enh9","ENSG00000159648"
287,"enh4","ENSG00000142528"
288,"enh8","ENSG00000162241"
289,"enh11","ENSG00000136936"
290,"enh1","ENSG00000158941"
291,"enh9","ENSG00000204673"
292,"enh1","ENSG00000068831"
293,"enh5","ENSG00000119185"
294,"enh4","ENSG00000136840"
295,"enh7","ENSG00000185761"
296,"enh11","ENSG00000174547"
297,"enh4","ENSG00000148297"
298,"enh1","ENSG00000106789"
299,"enh1","ENSG00000136895"
300,"enh2","ENSG00000262874"
301,"enh10","ENSG00000148356"
302,"enh10","ENSG00000102931"
303,"enh10","ENSG00000160953"
304,"enh3","ENSG00000099866"
305,"enh6","ENSG00000167114"
306,"enh7","ENSG00000159648"
307,"enh3","ENSG00000172270"
308,"enh4","ENSG00000203705"
309,"enh8","ENSG00000136937"
310,"enh4","ENSG00000136811"
311,"enh8","ENSG00000064787"
312,"enh6","ENSG00000105669"
313,"enh7","ENSG00000165661"
314,"enh13","ENSG00000165688"
315,"enh13","ENSG00000175294"
316,"enh10","ENSG00000174516"
317,"enh5","ENSG00000167747"
318,"enh9","ENSG00000141349"
319,"enh9","ENSG00000167103"
320,"enh5","ENSG00000174276"
321,"enh8","ENSG00000105655"
322,"enh5","ENSG00000115970"
323,"enh12","ENSG00000130559"
324,"enh1","ENSG00000125484"
325,"enh10","ENSG00000186566"
326,"enh11","ENSG00000204138"
327,"enh12","ENSG00000142528"
328,"enh4","ENSG00000070761"
329,"enh2","ENSG00000119335"
330,"enh5","ENSG00000126705"
331,"enh8","ENSG00000125482"
332,"enh3","ENSG00000161647"
333,"enh14","ENSG00000095383"
334,"enh10","ENSG00000122140"
335,"enh6","ENSG00000107021"
336,"enh2","ENSG00000104886"
337,"enh9","ENSG00000143476"
338,"enh8","ENSG00000162769"
339,"enh4","ENSG00000162878"
340,"enh4","ENSG00000204710"
341,"enh12","ENSG00000142765"
342,"enh7","ENSG00000197136"
343,"enh5","ENSG00000213465"
344,"enh8","ENSG00000175221"
345,"enh14","ENSG00000136936"
346,"enh1","ENSG00000069275"
347,"enh8","ENSG00000110047"
348,"enh6","ENSG00000143493"
349,"enh8","ENSG00000130772"
350,"enh8","ENSG00000133895"
351,"enh11","ENSG00000125611"
352,"enh10","ENSG00000254986"
353,"enh14","ENSG00000134318"
354,"enh1","ENSG00000105669"
355,"enh7","ENSG00000172059"
356,"enh2","ENSG00000125630"
357,"enh11","ENSG00000065600"
358,"enh4","ENSG00000187840"
359,"enh11","ENSG00000014216"
360,"enh3","ENSG00000011304"
361,"enh5","ENSG00000162419"
362,"enh8","ENSG00000105472"
363,"enh13","ENSG00000168067"
364,"enh4","ENSG00000136448"
365,"enh1","ENSG00000119523"
366,"enh11","ENSG00000167748"
367,"enh1","ENSG00000066027"
368,"enh1","ENSG00000197816"
369,"enh3","ENSG00000167759"
370,"enh2","ENSG00000160445"
371,"enh14","ENSG00000133884"
372,"enh3","ENSG00000175550"
373,"enh3","ENSG00000196312"
374,"enh3","ENSG00000142751"
375,"enh11","ENSG00000186806"
376,"enh10","ENSG00000099866"
377,"enh11","ENSG00000136811"
378,"enh2","ENSG00000160318"
379,"enh5","ENSG00000136840"
380,"enh12","ENSG00000228300"
381,"enh14","ENSG00000181781"
382,"enh11","ENSG00000196188"
383,"enh13","ENSG00000198786"
384,"enh6","ENSG00000172059"
385,"enh3","ENSG00000148248"
386,"enh2","ENSG00000148337"
387,"enh9","ENSG00000138036"
388,"enh9","ENSG00000136811"
389,"enh2","ENSG00000148297"
390,"enh11","ENSG00000165699"
391,"enh3","ENSG00000123685"
392,"enh6","ENSG00000117593"
393,"enh4","ENSG00000180329"
394,"enh7","ENSG00000175592"
395,"enh9","ENSG00000188177"
396,"enh6","ENSG00000104131"
397,"enh13","ENSG00000148334"
398,"enh6","ENSG00000160325"
399,"enh6","ENSG00000153208"
400,"enh3","ENSG00000119125"
401,"enh8","ENSG00000133275"
402,"enh10","ENSG00000104973"
403,"enh5","ENSG00000088682"
404,"enh12","ENSG00000180329"
405,"enh3","ENSG00000125637"
406,"enh13","ENSG00000172757"
407,"enh14","ENSG00000099875"
408,"enh10","ENSG00000175602"
409,"enh11","ENSG00000161714"
410,"enh7","ENSG00000167103"
411,"enh2","ENSG00000158161"
412,"enh2","ENSG00000142784"
413,"enh5","ENSG00000131094"
414,"enh9","ENSG00000125124"
415,"enh1","ENSG00000133059"
416,"enh9","ENSG00000104897"
417,"enh9","ENSG00000187840"
418,"enh3","ENSG00000171169"
419,"enh5","ENSG00000136811"
420,"enh3","ENSG00000148297"
421,"enh9","ENSG00000175906"
422,"enh13","ENSG00000105676"
423,"enh5","ENSG00000104960"
424,"enh4","ENSG00000158195"
425,"enh14","ENSG00000175334"
426,"enh2","ENSG00000185761"
427,"enh12","ENSG00000116017"
428,"enh9","ENSG00000103005"
429,"enh8","ENSG00000108852"
430,"enh10","ENSG00000143493"
431,"enh10","ENSG00000070388"
432,"enh2","ENSG00000099624"
433,"enh13","ENSG00000159648"
434,"enh6","ENSG00000129911"
435,"enh12","ENSG00000131097"
436,"enh8","ENSG00000104886"
437,"enh10","ENSG00000105379"
438,"enh7","ENSG00000213638"
439,"enh4","ENSG00000172775"
440,"enh13","ENSG00000183831"
441,"enh12","ENSG00000149823"
442,"enh4","ENSG00000125124"
443,"enh5","ENSG00000181588"
444,"enh3","ENSG00000175467"
445,"enh1","ENSG00000144136"
446,"enh1","ENSG00000196550"
447,"enh5","ENSG00000136943"
448,"enh7","ENSG00000095383"
449,"enh12","ENSG00000099840"
450,"enh8","ENSG00000256771"
451,"enh11","ENSG00000169607"
452,"enh12","ENSG00000177125"
453,"enh1","ENSG00000106785"
454,"enh3","ENSG00000169288"
455,"enh12","ENSG00000187193"
456,"enh3","ENSG00000064932"
457,"enh4","ENSG00000107372"
458,"enh11","ENSG00000142186"
459,"enh2","ENSG00000175707"
460,"enh8","ENSG00000115091"
461,"enh12","ENSG00000119392"
462,"enh14","ENSG00000105700"
463,"enh9","ENSG00000148334"
464,"enh10","ENSG00000180098"
465,"enh14","ENSG00000117601"
466,"enh9","ENSG00000163297"
467,"enh6","ENSG00000174669"
468,"enh13","ENSG00000156269"
469,"enh6","ENSG00000181781"
470,"enh8","ENSG00000167005"
471,"enh1","ENSG00000136448"
472,"enh3","ENSG00000198870"
473,"enh5","ENSG00000196961"
474,"enh1","ENSG00000105671"
475,"enh10","ENSG00000105700"
476,"enh11","ENSG00000165689"
477,"enh10","ENSG00000131094"
478,"enh4","ENSG00000119125"
479,"enh2","ENSG00000117592"
480,"enh9","ENSG00000105726"
481,"enh14","ENSG00000068831"
482,"enh3","ENSG00000104886"
483,"enh12","ENSG00000136874"
484,"enh4","ENSG00000262874"
485,"enh1","ENSG00000165699"
486,"enh4","ENSG00000064787"
487,"enh10","ENSG00000134308"
488,"enh1","ENSG00000197958"
489,"enh3","ENSG00000160408"
490,"enh13","ENSG00000127540"
491,"enh6","ENSG00000141349"
492,"enh7","ENSG00000064932"
493,"enh4","ENSG00000110047"
494,"enh6","ENSG00000136877"
495,"enh1","ENSG00000168062"
496,"enh5","ENSG00000105379"
497,"enh3","ENSG00000107290"
498,"enh10","ENSG00000160326"
499,"enh6","ENSG00000102900"
500,"enh13","ENSG00000187024"
501,"enh12","ENSG00000012048"
502,"enh12","ENSG00000162298"
503,"enh3","ENSG00000108883"
504,"enh14","ENSG00000099821"
505,"enh11","ENSG00000146670"
506,"enh10","ENSG00000167759"
507,"enh3","ENSG00000197136"
508,"enh12","ENSG00000115944"
509,"enh13","ENSG00000004939"
510,"enh7","ENSG00000148296"
511,"enh4","ENSG00000119392"
512,"enh12","ENSG00000133895"
513,"enh10","ENSG00000136895"
514,"enh9","ENSG00000106992"
515,"enh3","ENSG00000160161"
516,"enh6","ENSG00000152061"
517,"enh12","ENSG00000070423"
518,"enh3","ENSG00000106976"
519,"enh7","ENSG00000114999"
520,"enh4","ENSG00000147454"
521,"enh2","ENSG00000130766"
522,"enh5","ENSG00000122140"
523,"enh8","ENSG00000138767"
524,"enh5","ENSG00000174996"
525,"enh11","ENSG00000235034"
526,"enh7","ENSG00000197540"
527,"enh7","ENSG00000070388"
528,"enh2","ENSG00000162976"
529,"enh11","ENSG00000148303"
530,"enh6","ENSG00000136895"
531,"enh4","ENSG00000095383"
532,"enh5","ENSG00000008853"
533,"enh5","ENSG00000130513"
534,"enh7","ENSG00000165138"
535,"enh8","ENSG00000108840"
536,"enh3","ENSG00000172922"
537,"enh2","ENSG00000108309"
538,"enh7","ENSG00000125611"
539,"enh9","ENSG00000174842"
540,"enh7","ENSG00000171848"
541,"enh12","ENSG00000189195"
542,"enh11","ENSG00000228300"
543,"enh14","ENSG00000115091"
544,"enh1","ENSG00000174276"
545,"enh3","ENSG00000213023"
546,"enh13","ENSG00000174684"
547,"enh9","ENSG00000185278"
548,"enh3","ENSG00000148291"
549,"enh13","ENSG00000125484"
550,"enh7","ENSG00000102900"
551,"enh10","ENSG00000221983"
552,"enh14","ENSG00000160326"
553,"enh4","ENSG00000126391"
554,"enh1","ENSG00000180098"
555,"enh10","ENSG00000108309"
556,"enh9","ENSG00000168056"
557,"enh14","ENSG00000146670"
558,"enh4","ENSG00000105717"
559,"enh14","ENSG00000198786"
560,"enh3","ENSG00000105472"
561,"enh10","ENSG00000008853"
562,"enh8","ENSG00000068971"
563,"enh13","ENSG00000152518"
564,"enh12","ENSG00000131400"
565,"enh2","ENSG00000165138"
566,"enh10","ENSG00000155380"
567,"enh3","ENSG00000198746"
568,"enh5","ENSG00000186501"
569,"enh12","ENSG00000068971"
570,"enh4","ENSG00000188554"
571,"enh5","ENSG00000087263"
572,"enh5","ENSG00000108309"
573,"enh8","ENSG00000130766"
574,"enh8","ENSG00000172977"
575,"enh6","ENSG00000168066"
576,"enh7","ENSG00000064787"
577,"enh12","ENSG00000117691"
578,"enh13","ENSG00000178093"
579,"enh6","ENSG00000125319"
580,"enh4","ENSG00000143476"
581,"enh9","ENSG00000119523"
582,"enh7","ENSG00000153214"
583,"enh12","ENSG00000204673"
584,"enh6","ENSG00000125170"
585,"enh11","ENSG00000005961"
586,"enh2","ENSG00000189195"
587,"enh8","ENSG00000119203"
588,"enh14","ENSG00000180340"
589,"enh3","ENSG00000238227"
590,"enh12","ENSG00000175334"
591,"enh10","ENSG00000117697"
592,"enh10","ENSG00000172992"
593,"enh12","ENSG00000149798"
594,"enh3","ENSG00000142186"
595,"enh13","ENSG00000186185"
596,"enh1","ENSG00000104689"
597,"enh5","ENSG00000136932"
598,"enh8","ENSG00000099821"
599,"enh12","ENSG00000131398"
600,"enh4","ENSG00000095380"
601,"enh2","ENSG00000115970"
602,"enh14","ENSG00000160446"
603,"enh8","ENSG00000167112"
604,"enh4","ENSG00000136877"
605,"enh3","ENSG00000103021"
606,"enh4","ENSG00000144161"
607,"enh6","ENSG00000108852"
608,"enh1","ENSG00000204138"
609,"enh12","ENSG00000125637"
610,"enh3","ENSG00000097046"
611,"enh7","ENSG00000181896"
612,"enh3","ENSG00000135870"
613,"enh1","ENSG00000117691"
614,"enh8","ENSG00000175467"
615,"enh8","ENSG00000160563"
616,"enh11","ENSG00000136937"
617,"enh5","ENSG00000105655"
618,"enh1","ENSG00000087365"
619,"enh5","ENSG00000126391"
620,"enh13","ENSG00000168591"
621,"enh13","ENSG00000107021"
622,"enh6","ENSG00000149823"
623,"enh1","ENSG00000254986"
624,"enh6","ENSG00000142784"
625,"enh12","ENSG00000262874"
626,"enh9","ENSG00000169288"
627,"enh12","ENSG00000116014"
628,"enh11","ENSG00000180098"
629,"enh4","ENSG00000136932"
630,"enh11","ENSG00000134317"
631,"enh7","ENSG00000168062"
632,"enh11","ENSG00000153107"
633,"enh2","ENSG00000173442"
634,"enh14","ENSG00000136682"
635,"enh2","ENSG00000162873"
636,"enh11","ENSG00000198417"
637,"enh5","ENSG00000186185"
638,"enh5","ENSG00000142544"
639,"enh12","ENSG00000125618"
640,"enh14","ENSG00000099625"
641,"enh1","ENSG00000136828"
642,"enh8","ENSG00000162298"
643,"enh7","ENSG00000115286"
644,"enh4","ENSG00000117748"
645,"enh12","ENSG00000104689"
646,"enh1","ENSG00000133275"
647,"enh11","ENSG00000172081"
648,"enh11","ENSG00000120896"
649,"enh3","ENSG00000136895"
650,"enh6","ENSG00000110046"
651,"enh2","ENSG00000087365"
652,"enh2","ENSG00000115286"
653,"enh3","ENSG00000131097"
654,"enh4","ENSG00000125637"
655,"enh13","ENSG00000070761"
656,"enh10","ENSG00000147439"
657,"enh3","ENSG00000174276"
658,"enh8","ENSG00000185278"
659,"enh2","ENSG00000213638"
660,"enh12","ENSG00000136856"
661,"enh9","ENSG00000136854"
662,"enh9","ENSG00000160360"
663,"enh1","ENSG00000198917"
664,"enh6","ENSG00000187193"
665,"enh6","ENSG00000101132"
666,"enh13","ENSG00000167112"
667,"enh11","ENSG00000130005"
668,"enh14","ENSG00000136932"
669,"enh4","ENSG00000168056"
670,"enh4","ENSG00000174606"
671,"enh14","ENSG00000168067"
672,"enh9","ENSG00000161692"
673,"enh3","ENSG00000167748"
674,"enh6","ENSG00000134317"
675,"enh14","ENSG00000196312"
676,"enh6","ENSG00000119392"
677,"enh2","ENSG00000110046"
678,"enh6","ENSG00000115970"
679,"enh14","ENSG00000039650"
680,"enh5","ENSG00000136830"
681,"enh5","ENSG00000168066"
682,"enh14","ENSG00000126705"
683,"enh2","ENSG00000147457"
684,"enh13","ENSG00000170385"
685,"enh7","ENSG00000177125"
686,"enh2","ENSG00000099875"
687,"enh1","ENSG00000125611"
688,"enh2","ENSG00000175334"
689,"enh2","ENSG00000117691"
690,"enh1","ENSG00000169288"
691,"enh5","ENSG00000180340"
692,"enh5","ENSG00000117758"
693,"enh13","ENSG00000160446"
694,"enh4","ENSG00000117758"
695,"enh11","ENSG00000167118"
696,"enh14","ENSG00000127540"
697,"enh10","ENSG00000172081"
698,"enh2","ENSG00000142765"
699,"enh4","ENSG00000115944"
700,"enh13","ENSG00000005961"
701,"enh11","ENSG00000057935"
702,"enh9","ENSG00000148291"
703,"enh6","ENSG00000068976"
704,"enh9","ENSG00000125148"
705,"enh14","ENSG00000196961"
706,"enh5","ENSG00000125124"
707,"enh7","ENSG00000175602"
708,"enh14","ENSG00000125170"
709,"enh12","ENSG00000155380"
710,"enh5","ENSG00000039650"
711,"enh4","ENSG00000159461"
712,"enh11","ENSG00000172500"
713,"enh9","ENSG00000138772"
714,"enh11","ENSG00000187840"
715,"enh1","ENSG00000133243"
716,"enh3","ENSG00000175376"
717,"enh1","ENSG00000108861"
718,"enh14","ENSG00000174276"
719,"enh5","ENSG00000159579"
720,"enh4","ENSG00000142186"
721,"enh1","ENSG00000167487"
722,"enh11","ENSG00000064932"
723,"enh11","ENSG00000167487"
724,"enh10","ENSG00000176890"
725,"enh5","ENSG00000064607"
726,"enh2","ENSG00000155380"
727,"enh10","ENSG00000175294"
728,"enh1","ENSG00000004939"
729,"enh4","ENSG00000131400"
730,"enh13","ENSG00000122140"
731,"enh4","ENSG00000106785"
732,"enh11","ENSG00000196152"
733,"enh14","ENSG00000106991"
734,"enh2","ENSG00000144134"
735,"enh11","ENSG00000108883"
736,"enh14","ENSG00000006016"
737,"enh9","ENSG00000099821"
738,"enh6","ENSG00000138767"
739,"enh14","ENSG00000090273"
740,"enh7","ENSG00000106992"
741,"enh1","ENSG00000172992"
742,"enh10","ENSG00000213023"
743,"enh7","ENSG00000105700"
744,"enh2","ENSG00000065268"
745,"enh8","ENSG00000120896"
746,"enh2","ENSG00000172500"
747,"enh11","ENSG00000068831"
748,"enh11","ENSG00000189195"
749,"enh14","ENSG00000181513"
750,"enh6","ENSG00000014216"
751,"enh5","ENSG00000175906"
752,"enh10","ENSG00000099622"
753,"enh11","ENSG00000105726"
754,"enh8","ENSG00000173465"
755,"enh9","ENSG00000241852"
756,"enh13","ENSG00000108309"
757,"enh10","ENSG00000144134"
758,"enh2","ENSG00000173825"
759,"enh14","ENSG00000129968"
760,"enh6","ENSG00000171940"
761,"enh12","ENSG00000099817"
762,"enh1","ENSG00000120656"
763,"enh5","ENSG00000175550"
764,"enh5","ENSG00000160404"
765,"enh8","ENSG00000186185"
766,"enh6","ENSG00000173825"
767,"enh4","ENSG00000228300"
768,"enh9","ENSG00000175592"
769,"enh1","ENSG00000152061"
770,"enh9","ENSG00000169136"
771,"enh3","ENSG00000136643"
772,"enh10","ENSG00000104897"
773,"enh14","ENSG00000140854"
774,"enh12","ENSG00000068976"
775,"enh9","ENSG00000167114"
776,"enh5","ENSG00000169403"
777,"enh6","ENSG00000169607"
778,"enh9","ENSG00000167118"
779,"enh13","ENSG00000159461"
780,"enh10","ENSG00000115970"
781,"enh4","ENSG00000136807"
782,"enh10","ENSG00000104885"
783,"enh7","ENSG00000171169"
784,"enh11","ENSG00000071564"
785,"enh6","ENSG00000185198"
786,"enh4","ENSG00000197217"
787,"enh5","ENSG00000167005"
788,"enh5","ENSG00000197816"
789,"enh9","ENSG00000115761"
790,"enh8","ENSG00000148288"
791,"enh8","ENSG00000153208"
792,"enh3","ENSG00000115970"
793,"enh3","ENSG00000117625"
794,"enh4","ENSG00000196116"
795,"enh5","ENSG00000108849"
796,"enh14","ENSG00000087263"
797,"enh3","ENSG00000146670"
798,"enh4","ENSG00000141933"
799,"enh13","ENSG00000148248"
800,"enh9","ENSG00000175550"
801,"enh2","ENSG00000180329"
802,"enh7","ENSG00000181513"
803,"enh14","ENSG00000168056"
804,"enh10","ENSG00000133895"
805,"enh8","ENSG00000181588"
806,"enh5","ENSG00000175854"
807,"enh8","ENSG00000161671"
808,"enh8","ENSG00000099875"
809,"enh7","ENSG00000140854"
810,"enh9","ENSG00000170385"
811,"enh13","ENSG00000165684"
812,"enh2","ENSG00000175573"
813,"enh14","ENSG00000172977"
814,"enh8","ENSG00000168062"
815,"enh11","ENSG00000133275"
816,"enh11","ENSG00000262874"
817,"enh2","ENSG00000160326"
818,"enh13","ENSG00000198858"
819,"enh1","ENSG00000167747"
820,"enh5","ENSG00000144136"
821,"enh9","ENSG00000182087"
822,"enh10","ENSG00000182087"
823,"enh11","ENSG00000136874"
824,"enh14","ENSG00000090020"
825,"enh11","ENSG00000181773"
826,"enh7","ENSG00000149806"
827,"enh14","ENSG00000005007"
828,"enh1","ENSG00000105717"
829,"enh7","ENSG00000136932"
830,"enh2","ENSG00000196550"
831,"enh1","ENSG00000175573"
832,"enh8","ENSG00000141934"
833,"enh1","ENSG00000102996"
834,"enh1","ENSG00000180329"
835,"enh9","ENSG00000117222"
836,"enh13","ENSG00000155380"
837,"enh6","ENSG00000177125"
838,"enh11","ENSG00000070423"
839,"enh3","ENSG00000228300"
840,"enh5","ENSG00000136925"
841,"enh4","ENSG00000099625"
842,"enh3","ENSG00000101132"
843,"enh12","ENSG00000169403"
844,"enh2","ENSG00000196415"
845,"enh10","ENSG00000106992"
846,"enh13","ENSG00000115761"
847,"enh1","ENSG00000136925"
848,"enh2","ENSG00000253368"
849,"enh5","ENSG00000131400"
850,"enh11","ENSG00000167468"
851,"enh9","ENSG00000105708"
852,"enh12","ENSG00000169288"
853,"enh12","ENSG00000136448"
854,"enh13","ENSG00000134308"
855,"enh10","ENSG00000105696"
856,"enh13","ENSG00000167759"
857,"enh9","ENSG00000175294"
858,"enh7","ENSG00000181773"
859,"enh7","ENSG00000180329"
860,"enh12","ENSG00000136830"
861,"enh14","ENSG00000168591"
862,"enh11","ENSG00000136682"
863,"enh7","ENSG00000172977"
864,"enh6","ENSG00000135736"
865,"enh1","ENSG00000057935"
866,"enh1","ENSG00000160445"
867,"enh3","ENSG00000180198"
868,"enh3","ENSG00000099864"
869,"enh10","ENSG00000099625"
870,"enh13","ENSG00000099875"
871,"enh12","ENSG00000138767"
872,"enh14","ENSG00000197694"
873,"enh13","ENSG00000013306"
874,"enh6","ENSG00000148308"
875,"enh6","ENSG00000129968"
876,"enh13","ENSG00000134318"
877,"enh6","ENSG00000106785"
878,"enh13","ENSG00000105708"
879,"enh9","ENSG00000262874"
880,"enh10","ENSG00000099817"
881,"enh7","ENSG00000099840"
882,"enh14","ENSG00000071655"
883,"enh4","ENSG00000010361"
884,"enh11","ENSG00000105379"
885,"enh1","ENSG00000108849"
886,"enh5","ENSG00000144134"
887,"enh6","ENSG00000133065"
888,"enh3","ENSG00000115761"
889,"enh14","ENSG00000153214"
890,"enh14","ENSG00000099817"
891,"enh12","ENSG00000064547"
892,"enh4","ENSG00000160345"
893,"enh8","ENSG00000196550"
894,"enh7","ENSG00000106803"
895,"enh7","ENSG00000185278"
896,"enh12","ENSG00000160563"
897,"enh7","ENSG00000129968"
898,"enh6","ENSG00000175550"
899,"enh11","ENSG00000099804"
900,"enh10","ENSG00000241852"
901,"enh11","ENSG00000105671"
902,"enh9","ENSG00000104131"
903,"enh1","ENSG00000108309"
904,"enh10","ENSG00000172500"
905,"enh2","ENSG00000082512"
906,"enh2","ENSG00000161647"
907,"enh8","ENSG00000172757"
908,"enh14","ENSG00000105656"
909,"enh6","ENSG00000105696"
910,"enh12","ENSG00000117593"
911,"enh14","ENSG00000136830"
912,"enh2","ENSG00000125611"
913,"enh8","ENSG00000221983"
914,"enh1","ENSG00000088682"
915,"enh10","ENSG00000136936"
916,"enh4","ENSG00000126698"
917,"enh10","ENSG00000115761"
918,"enh1","ENSG00000152518"
919,"enh9","ENSG00000174276"
920,"enh6","ENSG00000163297"
921,"enh5","ENSG00000165698"
922,"enh9","ENSG00000104885"
923,"enh2","ENSG00000167759"
924,"enh2","ENSG00000101132"
925,"enh1","ENSG00000221983"
926,"enh11","ENSG00000162298"
927,"enh14","ENSG00000142765"
928,"enh11","ENSG00000095380"
929,"enh7","ENSG00000105472"
930,"enh11","ENSG00000138772"
931,"enh11","ENSG00000148300"
932,"enh5","ENSG00000180198"
933,"enh5","ENSG00000167123"
934,"enh6","ENSG00000129946"
935,"enh8","ENSG00000181896"
936,"enh5","ENSG00000148291"
937,"enh11","ENSG00000099817"
938,"enh4","ENSG00000204138"
939,"enh1","ENSG00000149806"
940,"enh10","ENSG00000187193"
941,"enh2","ENSG00000241852"
942,"enh8","ENSG00000148291"
943,"enh8","ENSG00000174547"
944,"enh13","ENSG00000143870"
945,"enh2","ENSG00000162878"
946,"enh12","ENSG00000117592"
947,"enh9","ENSG00000175707"
948,"enh8","ENSG00000203705"
949,"enh9","ENSG00000162669"
950,"enh13","ENSG00000118046"
951,"enh13","ENSG00000169607"
952,"enh6","ENSG00000105708"
953,"enh1","ENSG00000148290"
954,"enh5","ENSG00000187840"
955,"enh13","ENSG00000159579"
956,"enh14","ENSG00000169607"
957,"enh11","ENSG00000117748"
958,"enh4","ENSG00000106789"
959,"enh6","ENSG00000160161"
960,"enh7","ENSG00000014138"
961,"enh8","ENSG00000136932"
962,"enh4","ENSG00000117650"
963,"enh9","ENSG00000108312"
964,"enh13","ENSG00000099840"
965,"enh6","ENSG00000065268"
966,"enh12","ENSG00000004939"
967,"enh13","ENSG00000175467"
968,"enh11","ENSG00000175573"
969,"enh10","ENSG00000129946"
970,"enh2","ENSG00000104946"
971,"enh2","ENSG00000068976"
972,"enh8","ENSG00000130005"
973,"enh8","ENSG00000125637"
974,"enh5","ENSG00000125630"
975,"enh11","ENSG00000241852"
976,"enh10","ENSG00000126698"
977,"enh12","ENSG00000125630"
978,"enh7","ENSG00000184162"
979,"enh7","ENSG00000180198"
980,"enh14","ENSG00000142528"
981,"enh14","ENSG00000136877"
982,"enh6","ENSG00000130770"
983,"enh4","ENSG00000254470"
984,"enh14","ENSG00000065600"
985,"enh11","ENSG00000125637"
986,"enh8","ENSG00000151694"
987,"enh3","ENSG00000136854"
988,"enh3","ENSG00000138767"
989,"enh1","ENSG00000185198"
990,"enh8","ENSG00000104131"
991,"enh3","ENSG00000173825"
992,"enh13","ENSG00000185198"
993,"enh8","ENSG00000149809"
994,"enh10","ENSG00000126709"
995,"enh4","ENSG00000198786"
996,"enh9","ENSG00000198417"
997,"enh2","ENSG00000171159"
998,"enh6","ENSG00000115756"
999,"enh3","ENSG00000125484"
1000,"enh9","ENSG00000064787"
1001,"enh12","ENSG00000133065"
1002,"enh1","ENSG00000198746"
1003,"enh14","ENSG00000253368"
1004,"enh13","ENSG00000221983"
1005,"enh5","ENSG00000168056"
1006,"enh1","ENSG00000144130"
1007,"enh8","ENSG00000165138"
1008,"enh10","ENSG00000136807"
1009,"enh8","ENSG00000135821"
1010,"enh4","ENSG00000250067"
1011,"enh12","ENSG00000172775"
1012,"enh8","ENSG00000165689"
1013,"enh1","ENSG00000069702"
1014,"enh13","ENSG00000102996"
1015,"enh10","ENSG00000196152"
1016,"enh2","ENSG00000136840"
1017,"enh11","ENSG00000181896"
1018,"enh3","ENSG00000138036"
1019,"enh8","ENSG00000130559"
1020,"enh14","ENSG00000221983"
1021,"enh1","ENSG00000165688"
1022,"enh7","ENSG00000064607"
1023,"enh11","ENSG00000069482"
1024,"enh2","ENSG00000104131"
1025,"enh7","ENSG00000175221"
1026,"enh7","ENSG00000204138"
1027,"enh7","ENSG00000131400"
1028,"enh11","ENSG00000159579"
1029,"enh7","ENSG00000141349"
1030,"enh3","ENSG00000136856"
1031,"enh1","ENSG00000133069"
1032,"enh7","ENSG00000105696"
1033,"enh7","ENSG00000125148"
1034,"enh11","ENSG00000105700"
1035,"enh14","ENSG00000105472"
1036,"enh14","ENSG00000130768"
1037,"enh3","ENSG00000110047"
1038,"enh7","ENSG00000167112"
1039,"enh10","ENSG00000136938"
1040,"enh5","ENSG00000106785"
1041,"enh7","ENSG00000175854"
1042,"enh3","ENSG00000167468"
1043,"enh9","ENSG00000168066"
1044,"enh13","ENSG00000196683"
1045,"enh7","ENSG00000130772"
1046,"enh12","ENSG00000181896"
1047,"enh10","ENSG00000071626"
1048,"enh13","ENSG00000173039"
1049,"enh1","ENSG00000172757"
1050,"enh1","ENSG00000138767"
1051,"enh1","ENSG00000117625"
1052,"enh6","ENSG00000131097"
1053,"enh2","ENSG00000065600"
1054,"enh2","ENSG00000165689"
1055,"enh13","ENSG00000142765"
1056,"enh9","ENSG00000070423"
1057,"enh7","ENSG00000181781"
1058,"enh5","ENSG00000130559"
1059,"enh10","ENSG00000117691"
1060,"enh2","ENSG00000051128"
1061,"enh10","ENSG00000149809"
1062,"enh5","ENSG00000115750"
1063,"enh13","ENSG00000136938"
1064,"enh4","ENSG00000165092"
1065,"enh3","ENSG00000133275"
1066,"enh2","ENSG00000175906"
1067,"enh12","ENSG00000186806"
1068,"enh12","ENSG00000013306"
1069,"enh9","ENSG00000196312"
1070,"enh7","ENSG00000161714"
1071,"enh3","ENSG00000130270"
1072,"enh8","ENSG00000005961"
1073,"enh9","ENSG00000102996"
1074,"enh4","ENSG00000142751"
1075,"enh10","ENSG00000198858"
1076,"enh9","ENSG00000174851"
1077,"enh10","ENSG00000130513"
1078,"enh10","ENSG00000116017"
1079,"enh9","ENSG00000238227"
1080,"enh11","ENSG00000162976"
1081,"enh9","ENSG00000009780"
1082,"enh7","ENSG00000104897"
1083,"enh7","ENSG00000105379"
1084,"enh2","ENSG00000143493"
1085,"enh1","ENSG00000196683"
1086,"enh5","ENSG00000102934"
1087,"enh2","ENSG00000125485"
1088,"enh11","ENSG00000136856"
1089,"enh12","ENSG00000168591"
1090,"enh8","ENSG00000005007"
1091,"enh14","ENSG00000167112"
1092,"enh5","ENSG00000196188"
1093,"enh1","ENSG00000147454"
1094,"enh10","ENSG00000153208"
1095,"enh6","ENSG00000115257"
1096,"enh12","ENSG00000174842"
1097,"enh9","ENSG00000071564"
1098,"enh4","ENSG00000105700"
1099,"enh11","ENSG00000131400"
1100,"enh12","ENSG00000115756"
1101,"enh10","ENSG00000108840"
1102,"enh10","ENSG00000181773"
1103,"enh10","ENSG00000117222"
1104,"enh6","ENSG00000064547"
1105,"enh12","ENSG00000119523"
1106,"enh3","ENSG00000127540"
1107,"enh9","ENSG00000105053"
1108,"enh14","ENSG00000117751"
1109,"enh5","ENSG00000117748"
1110,"enh10","ENSG00000160293"
1111,"enh1","ENSG00000117593"
1112,"enh10","ENSG00000203705"
1113,"enh3","ENSG00000115091"
1114,"enh6","ENSG00000174529"
1115,"enh1","ENSG00000136936"
1116,"enh6","ENSG00000148300"
1117,"enh13","ENSG00000187193"
1118,"enh8","ENSG00000142765"
1119,"enh14","ENSG00000142186"
1120,"enh14","ENSG00000175115"
1121,"enh1","ENSG00000167106"
1122,"enh4","ENSG00000105556"
1123,"enh10","ENSG00000198917"
1124,"enh11","ENSG00000165698"
1125,"enh12","ENSG00000241852"
1126,"enh12","ENSG00000165092"
1127,"enh11","ENSG00000162772"
1128,"enh8","ENSG00000254470"
1129,"enh14","ENSG00000153107"
1130,"enh2","ENSG00000099866"
1131,"enh11","ENSG00000125148"
1132,"enh7","ENSG00000138772"
1133,"enh8","ENSG00000160345"
1134,"enh14","ENSG00000099624"
1135,"enh14","ENSG00000180198"
1136,"enh4","ENSG00000196422"
1137,"enh4","ENSG00000174871"
1138,"enh8","ENSG00000064547"
1139,"enh12","ENSG00000160446"
1140,"enh7","ENSG00000162873"
1141,"enh8","ENSG00000117592"
1142,"enh3","ENSG00000004939"
1143,"enh12","ENSG00000152061"
1144,"enh12","ENSG00000064787"
1145,"enh9","ENSG00000162873"
1146,"enh10","ENSG00000120913"
1147,"enh3","ENSG00000167114"
1148,"enh3","ENSG00000129968"
1149,"enh6","ENSG00000104885"
1150,"enh7","ENSG00000099624"
1151,"enh6","ENSG00000070761"
1152,"enh10","ENSG00000006016"
1153,"enh8","ENSG00000160293"
1154,"enh12","ENSG00000196961"
1155,"enh10","ENSG00000165138"
1156,"enh12","ENSG00000104897"
1157,"enh11","ENSG00000254986"
1158,"enh4","ENSG00000105701"
1159,"enh4","ENSG00000167747"
1160,"enh4","ENSG00000175602"
1161,"enh11","ENSG00000087263"
1162,"enh11","ENSG00000125482"
1163,"enh4","ENSG00000167110"
1164,"enh6","ENSG00000105676"
1165,"enh6","ENSG00000197766"
1166,"enh1","ENSG00000161677"
1167,"enh11","ENSG00000117266"
1168,"enh10","ENSG00000125630"
1169,"enh8","ENSG00000120913"
1170,"enh4","ENSG00000102996"
1171,"enh6","ENSG00000160953"
1172,"enh2","ENSG00000142733"
1173,"enh6","ENSG00000196550"
1174,"enh14","ENSG00000115756"
1175,"enh7","ENSG00000120896"
1176,"enh1","ENSG00000064607"
1177,"enh7","ENSG00000241852"
1178,"enh7","ENSG00000101132"
1179,"enh13","ENSG00000136874"
1180,"enh2","ENSG00000148248"
1181,"enh6","ENSG00000115255"
1182,"enh7","ENSG00000149798"
1183,"enh13","ENSG00000126698"
1184,"enh9","ENSG00000125618"
1185,"enh13","ENSG00000165092"
1186,"enh6","ENSG00000167470"
1187,"enh9","ENSG00000106799"
1188,"enh12","ENSG00000186501"
1189,"enh3","ENSG00000149806"
1190,"enh10","ENSG00000197816"
1191,"enh10","ENSG00000104960"
1192,"enh10","ENSG00000161692"
1193,"enh1","ENSG00000213988"
1194,"enh11","ENSG00000169288"
1195,"enh8","ENSG00000030582"
1196,"enh2","ENSG00000159461"
1197,"enh7","ENSG00000134330"
1198,"enh8","ENSG00000198840"
1199,"enh14","ENSG00000115084"
1200,"enh4","ENSG00000167005"
1201,"enh12","ENSG00000082512"
1202,"enh7","ENSG00000148291"
1203,"enh8","ENSG00000119333"
1204,"enh9","ENSG00000141934"
1205,"enh2","ENSG00000161654"
1206,"enh6","ENSG00000176890"
1207,"enh9","ENSG00000198917"
1208,"enh12","ENSG00000148300"
1209,"enh12","ENSG00000119514"
1210,"enh1","ENSG00000014138"
1211,"enh4","ENSG00000108309"
1212,"enh8","ENSG00000144134"
1213,"enh5","ENSG00000115761"
1214,"enh1","ENSG00000090273"
1215,"enh12","ENSG00000148288"
1216,"enh12","ENSG00000165684"
1217,"enh3","ENSG00000148308"
1218,"enh1","ENSG00000105655"
1219,"enh12","ENSG00000057935"
1220,"enh3","ENSG00000172732"
1221,"enh2","ENSG00000110047"
1222,"enh1","ENSG00000147457"
1223,"enh13","ENSG00000160360"
1224,"enh11","ENSG00000160563"
1225,"enh12","ENSG00000065000"
1226,"enh14","ENSG00000185278"
1227,"enh3","ENSG00000172977"
1228,"enh5","ENSG00000142751"
1229,"enh14","ENSG00000213465"
1230,"enh4","ENSG00000159579"
1231,"enh6","ENSG00000119523"
1232,"enh11","ENSG00000174903"
1233,"enh5","ENSG00000104973"
1234,"enh10","ENSG00000108312"
1235,"enh6","ENSG00000014138"
1236,"enh10","ENSG00000163291"
1237,"enh12","ENSG00000134318"
1238,"enh14","ENSG00000198840"
1239,"enh1","ENSG00000099804"
1240,"enh10","ENSG00000134318"
1241,"enh12","ENSG00000115286"
1242,"enh2","ENSG00000176890"
1243,"enh1","ENSG00000196312"
1244,"enh6","ENSG00000167112"
1245,"enh7","ENSG00000066027"
1246,"enh2","ENSG00000105708"
1247,"enh11","ENSG00000256771"
1248,"enh6","ENSG00000005194"
1249,"enh8","ENSG00000115970"
1250,"enh11","ENSG00000115761"
1251,"enh2","ENSG00000158715"
1252,"enh8","ENSG00000197694"
1253,"enh9","ENSG00000068976"
1254,"enh11","ENSG00000176890"
1255,"enh12","ENSG00000136908"
1256,"enh9","ENSG00000115268"
1257,"enh7","ENSG00000159461"
1258,"enh9","ENSG00000146670"
1259,"enh3","ENSG00000203705"
1260,"enh10","ENSG00000066027"
1261,"enh3","ENSG00000256771"
1262,"enh14","ENSG00000143870"
1263,"enh3","ENSG00000148300"
1264,"enh10","ENSG00000005194"
1265,"enh11","ENSG00000172270"
1266,"enh8","ENSG00000213023"
1267,"enh10","ENSG00000149806"
1268,"enh10","ENSG00000169607"
1269,"enh14","ENSG00000123684"
1270,"enh9","ENSG00000120889"
1271,"enh12","ENSG00000065600"
1272,"enh9","ENSG00000213465"
1273,"enh6","ENSG00000088682"
1274,"enh9","ENSG00000148339"
1275,"enh2","ENSG00000167110"
1276,"enh12","ENSG00000099866"
1277,"enh1","ENSG00000138772"
1278,"enh4","ENSG00000131409"
1279,"enh5","ENSG00000105705"
1280,"enh11","ENSG00000175115"
1281,"enh8","ENSG00000149823"
1282,"enh14","ENSG00000162241"
1283,"enh6","ENSG00000196312"
1284,"enh13","ENSG00000174851"
1285,"enh13","ENSG00000065268"
1286,"enh8","ENSG00000180340"
1287,"enh2","ENSG00000013306"
1288,"enh3","ENSG00000107372"
1289,"enh13","ENSG00000197816"
1290,"enh2","ENSG00000125148"
1291,"enh12","ENSG00000103005"
1292,"enh5","ENSG00000064687"
1293,"enh11","ENSG00000160404"
1294,"enh4","ENSG00000105726"
1295,"enh5","ENSG00000184162"
1296,"enh13","ENSG00000087152"
1297,"enh11","ENSG00000104946"
1298,"enh10","ENSG00000167106"
1299,"enh1","ENSG00000175550"
1300,"enh1","ENSG00000160271"
1301,"enh6","ENSG00000158715"
1302,"enh4","ENSG00000140854"
1303,"enh13","ENSG00000105669"
1304,"enh4","ENSG00000064687"
1305,"enh1","ENSG00000130775"
1306,"enh13","ENSG00000152061"
1307,"enh6","ENSG00000136874"
1308,"enh6","ENSG00000142186"
1309,"enh4","ENSG00000136895"
1310,"enh9","ENSG00000147454"
1311,"enh1","ENSG00000070423"
1312,"enh5","ENSG00000105700"
1313,"enh1","ENSG00000162419"
1314,"enh6","ENSG00000180340"
1315,"enh12","ENSG00000152527"
1316,"enh12","ENSG00000172992"
1317,"enh6","ENSG00000138756"
1318,"enh2","ENSG00000117266"
1319,"enh9","ENSG00000131408"
1320,"enh4","ENSG00000144136"
1321,"enh14","ENSG00000172922"
1322,"enh6","ENSG00000125485"
1323,"enh1","ENSG00000172732"
1324,"enh11","ENSG00000213988"
1325,"enh7","ENSG00000198840"
1326,"enh9","ENSG00000256771"
1327,"enh11","ENSG00000104131"
1328,"enh10","ENSG00000149823"
1329,"enh4","ENSG00000172270"
1330,"enh12","ENSG00000165702"
1331,"enh3","ENSG00000165684"
1332,"enh1","ENSG00000155380"
1333,"enh4","ENSG00000165698"
1334,"enh14","ENSG00000105497"
1335,"enh12","ENSG00000172500"
1336,"enh9","ENSG00000161671"
1337,"enh3","ENSG00000171159"
1338,"enh2","ENSG00000176973"
1339,"enh14","ENSG00000114999"
1340,"enh8","ENSG00000141349"
1341,"enh4","ENSG00000173039"
1342,"enh13","ENSG00000204673"
1343,"enh14","ENSG00000160293"
1344,"enh9","ENSG00000198746"
1345,"enh9","ENSG00000136938"
1346,"enh6","ENSG00000136807"
1347,"enh8","ENSG00000064932"
1348,"enh10","ENSG00000117748"
1349,"enh6","ENSG00000123685"
1350,"enh3","ENSG00000141933"
1351,"enh14","ENSG00000125144"
1352,"enh2","ENSG00000181896"
1353,"enh7","ENSG00000167470"
1354,"enh11","ENSG00000089639"
1355,"enh2","ENSG00000117222"
1356,"enh10","ENSG00000070423"
1357,"enh2","ENSG00000165702"
1358,"enh1","ENSG00000141349"
1359,"enh6","ENSG00000174684"
1360,"enh1","ENSG00000174516"
1361,"enh11","ENSG00000151694"
1362,"enh8","ENSG00000171219"
1363,"enh11","ENSG00000118046"
1364,"enh6","ENSG00000122484"
1365,"enh5","ENSG00000167112"
1366,"enh13","ENSG00000130270"
1367,"enh4","ENSG00000108840"
1368,"enh13","ENSG00000171219"
1369,"enh14","ENSG00000171159"
1370,"enh2","ENSG00000134317"
1371,"enh3","ENSG00000174516"
1372,"enh2","ENSG00000115944"
1373,"enh10","ENSG00000238227"
1374,"enh5","ENSG00000140848"
1375,"enh13","ENSG00000181035"
1376,"enh9","ENSG00000172270"
1377,"enh5","ENSG00000117601"
1378,"enh10","ENSG00000103005"
1379,"enh3","ENSG00000133069"
1380,"enh1","ENSG00000160446"
1381,"enh7","ENSG00000162419"
1382,"enh5","ENSG00000090020"
1383,"enh10","ENSG00000169288"
1384,"enh1","ENSG00000130560"
1385,"enh13","ENSG00000198840"
1386,"enh13","ENSG00000153214"
1387,"enh11","ENSG00000197958"
1388,"enh12","ENSG00000105701"
1389,"enh12","ENSG00000135046"
1390,"enh2","ENSG00000106991"
1391,"enh2","ENSG00000104897"
1392,"enh14","ENSG00000165699"
1393,"enh13","ENSG00000062822"
1394,"enh3","ENSG00000064545"
1395,"enh14","ENSG00000105379"
1396,"enh2","ENSG00000213221"
1397,"enh8","ENSG00000167136"
1398,"enh1","ENSG00000105705"
1399,"enh1","ENSG00000197136"
1400,"enh9","ENSG00000160161"
1401,"enh3","ENSG00000131409"
1402,"enh7","ENSG00000120656"
1403,"enh5","ENSG00000125637"
1404,"enh14","ENSG00000197766"
1405,"enh5","ENSG00000067596"
1406,"enh13","ENSG00000136877"
1407,"enh3","ENSG00000069482"
1408,"enh3","ENSG00000235034"
1409,"enh11","ENSG00000069702"
1410,"enh5","ENSG00000105662"
1411,"enh12","ENSG00000165688"
1412,"enh12","ENSG00000253368"
1413,"enh12","ENSG00000126698"
1414,"enh4","ENSG00000171219"
1415,"enh6","ENSG00000006015"
1416,"enh13","ENSG00000105656"
1417,"enh14","ENSG00000117593"
1418,"enh11","ENSG00000135870"
1419,"enh6","ENSG00000169288"
1420,"enh11","ENSG00000130513"
1421,"enh1","ENSG00000162298"
1422,"enh8","ENSG00000012048"
1423,"enh4","ENSG00000153208"
1424,"enh7","ENSG00000173039"
1425,"enh12","ENSG00000105662"
1426,"enh9","ENSG00000143870"
1427,"enh4","ENSG00000174744"
1428,"enh4","ENSG00000136854"
1429,"enh13","ENSG00000131398"
1430,"enh9","ENSG00000153107"
1431,"enh4","ENSG00000162769"
1432,"enh1","ENSG00000149798"
1433,"enh2","ENSG00000174950"
1434,"enh8","ENSG00000104897"
1435,"enh4","ENSG00000130560"
1436,"enh14","ENSG00000119335"
1437,"enh14","ENSG00000115750"
1438,"enh3","ENSG00000070423"
1439,"enh10","ENSG00000167136"
1440,"enh2","ENSG00000143924"
1441,"enh2","ENSG00000188554"
1442,"enh9","ENSG00000165689"
1443,"enh4","ENSG00000169136"
1444,"enh5","ENSG00000108852"
1445,"enh5","ENSG00000122026"
1446,"enh2","ENSG00000134308"
1447,"enh9","ENSG00000030582"
1448,"enh7","ENSG00000167106"
1449,"enh2","ENSG00000181773"
1450,"enh13","ENSG00000051108"
1451,"enh12","ENSG00000162300"
1452,"enh2","ENSG00000187024"
1453,"enh9","ENSG00000136840"
1454,"enh13","ENSG00000173825"
1455,"enh10","ENSG00000144130"
1456,"enh13","ENSG00000223802"
1457,"enh13","ENSG00000181781"
1458,"enh13","ENSG00000172500"
1459,"enh4","ENSG00000183831"
1460,"enh2","ENSG00000149809"
1461,"enh9","ENSG00000099875"
1462,"enh4","ENSG00000172732"
1463,"enh2","ENSG00000147454"
1464,"enh8","ENSG00000066027"
1465,"enh9","ENSG00000133059"
1466,"enh11","ENSG00000100316"
1467,"enh13","ENSG00000175221"
1468,"enh13","ENSG00000182963"
1469,"enh12","ENSG00000185761"
1470,"enh11","ENSG00000142544"
1471,"enh8","ENSG00000064545"
1472,"enh1","ENSG00000168056"
1473,"enh11","ENSG00000147669"
1474,"enh3","ENSG00000119203"
1475,"enh12","ENSG00000136932"
1476,"enh8","ENSG00000175334"
1477,"enh8","ENSG00000117601"
1478,"enh5","ENSG00000014138"
1479,"enh6","ENSG00000087152"
1480,"enh13","ENSG00000005194"
1481,"enh12","ENSG00000213024"
1482,"enh14","ENSG00000175854"
1483,"enh4","ENSG00000136842"
1484,"enh7","ENSG00000105656"
1485,"enh13","ENSG00000136908"
1486,"enh11","ENSG00000103021"
1487,"enh2","ENSG00000119559"
1488,"enh14","ENSG00000143476"
1489,"enh2","ENSG00000172757"
1490,"enh14","ENSG00000149792"
1491,"enh5","ENSG00000169136"
1492,"enh11","ENSG00000198870"
1493,"enh10","ENSG00000160404"
1494,"enh11","ENSG00000133059"
1495,"enh9","ENSG00000142186"
1496,"enh2","ENSG00000161682"
1497,"enh13","ENSG00000104897"
1498,"enh11","ENSG00000174276"
1499,"enh2","ENSG00000125484"
1500,"enh10","ENSG00000130270"
1501,"enh3","ENSG00000117601"
1502,"enh5","ENSG00000130270"
1503,"enh1","ENSG00000167136"
1504,"enh6","ENSG00000067596"
1505,"enh6","ENSG00000175854"
1506,"enh1","ENSG00000162669"
1507,"enh5","ENSG00000158161"
1508,"enh8","ENSG00000102996"
1509,"enh13","ENSG00000071564"
1510,"enh5","ENSG00000117691"
1511,"enh3","ENSG00000108849"
1512,"enh12","ENSG00000138772"
1513,"enh4","ENSG00000167136"
1514,"enh10","ENSG00000180340"
1515,"enh10","ENSG00000105717"
1516,"enh14","ENSG00000064932"
1517,"enh12","ENSG00000160325"
1518,"enh11","ENSG00000108849"
1519,"enh5","ENSG00000180329"
1520,"enh12","ENSG00000099804"
1521,"enh11","ENSG00000095383"
1522,"enh8","ENSG00000101132"
1523,"enh6","ENSG00000105701"
1524,"enh7","ENSG00000213024"
1525,"enh2","ENSG00000235034"
1526,"enh4","ENSG00000014138"
1527,"enh1","ENSG00000241852"
1528,"enh5","ENSG00000115091"
1529,"enh5","ENSG00000141934"
1530,"enh9","ENSG00000161714"
1531,"enh2","ENSG00000011304"
1532,"enh7","ENSG00000090273"
1533,"enh6","ENSG00000161714"
1534,"enh8","ENSG00000148339"
1535,"enh7","ENSG00000181588"
1536,"enh12","ENSG00000140848"
1537,"enh13","ENSG00000162976"
1538,"enh14","ENSG00000254470"
1539,"enh13","ENSG00000197540"
1540,"enh12","ENSG00000167113"
1541,"enh5","ENSG00000117650"
1542,"enh1","ENSG00000174903"
1543,"enh1","ENSG00000160161"
1544,"enh5","ENSG00000106799"
1545,"enh8","ENSG00000108309"
1546,"enh1","ENSG00000175376"
1547,"enh12","ENSG00000180340"
1548,"enh11","ENSG00000168591"
1549,"enh5","ENSG00000221983"
1550,"enh14","ENSG00000198870"
1551,"enh14","ENSG00000171940"
1552,"enh4","ENSG00000104946"
1553,"enh4","ENSG00000172992"
1554,"enh12","ENSG00000097046"
1555,"enh8","ENSG00000104973"
1556,"enh1","ENSG00000174669"
1557,"enh4","ENSG00000171169"
1558,"enh14","ENSG00000091947"
1559,"enh13","ENSG00000171169"
1560,"enh1","ENSG00000197540"
1561,"enh14","ENSG00000130270"
1562,"enh14","ENSG00000187840"
1563,"enh13","ENSG00000125485"
1564,"enh7","ENSG00000173327"
1565,"enh14","ENSG00000158711"
1566,"enh11","ENSG00000187193"
1567,"enh12","ENSG00000174744"
1568,"enh3","ENSG00000148290"
1569,"enh10","ENSG00000171219"
1570,"enh1","ENSG00000143493"
1571,"enh3","ENSG00000100316"
1572,"enh11","ENSG00000149809"
1573,"enh12","ENSG00000161671"
1574,"enh10","ENSG00000172732"
1575,"enh8","ENSG00000117751"
1576,"enh4","ENSG00000204291"
1577,"enh6","ENSG00000228300"
1578,"enh11","ENSG00000254901"
1579,"enh7","ENSG00000013306"
1580,"enh10","ENSG00000158161"
1581,"enh1","ENSG00000065600"
1582,"enh8","ENSG00000213638"
1583,"enh5","ENSG00000006015"
1584,"enh12","ENSG00000175115"
1585,"enh3","ENSG00000102900"
1586,"enh7","ENSG00000161671"
1587,"enh13","ENSG00000068971"
1588,"enh3","ENSG00000181896"
1589,"enh10","ENSG00000196550"
1590,"enh3","ENSG00000130775"
1591,"enh14","ENSG00000070761"
1592,"enh14","ENSG00000030582"
1593,"enh11","ENSG00000129933"
1594,"enh7","ENSG00000136854"
1595,"enh8","ENSG00000196961"
1596,"enh3","ENSG00000174669"
1597,"enh7","ENSG00000115091"
1598,"enh1","ENSG00000172081"
1599,"enh12","ENSG00000108840"
1600,"enh14","ENSG00000161714"
1601,"enh10","ENSG00000162669"
1602,"enh3","ENSG00000105676"
1603,"enh4","ENSG00000129946"
1604,"enh12","ENSG00000115758"
1605,"enh1","ENSG00000160318"
1606,"enh6","ENSG00000090273"
1607,"enh14","ENSG00000152527"
1608,"enh11","ENSG00000136830"
1609,"enh9","ENSG00000161654"
1610,"enh9","ENSG00000105379"
1611,"enh12","ENSG00000009780"
1612,"enh8","ENSG00000115756"
1613,"enh1","ENSG00000119335"
1614,"enh14","ENSG00000062822"
1615,"enh3","ENSG00000099875"
1616,"enh10","ENSG00000105671"
1617,"enh13","ENSG00000064666"
1618,"enh13","ENSG00000144130"
1619,"enh14","ENSG00000064490"
1620,"enh5","ENSG00000014216"
1621,"enh10","ENSG00000131408"
1622,"enh4","ENSG00000117222"
1623,"enh2","ENSG00000099840"
1624,"enh6","ENSG00000095380"
1625,"enh2","ENSG00000167136"
1626,"enh10","ENSG00000099624"
1627,"enh7","ENSG00000115084"
1628,"enh7","ENSG00000064687"
1629,"enh8","ENSG00000167747"
1630,"enh14","ENSG00000130560"
1631,"enh3","ENSG00000148356"
1632,"enh9","ENSG00000064687"
1633,"enh3","ENSG00000119335"
1634,"enh4","ENSG00000167748"
1635,"enh13","ENSG00000117691"
1636,"enh6","ENSG00000147457"
1637,"enh12","ENSG00000108883"
1638,"enh3","ENSG00000158941"
1639,"enh2","ENSG00000069482"
1640,"enh4","ENSG00000162669"
1641,"enh5","ENSG00000172992"
1642,"enh1","ENSG00000133895"
1643,"enh13","ENSG00000172081"
1644,"enh5","ENSG00000174606"
1645,"enh7","ENSG00000105556"
1646,"enh2","ENSG00000108849"
1647,"enh6","ENSG00000175707"
1648,"enh3","ENSG00000005007"
1649,"enh7","ENSG00000102978"
1650,"enh13","ENSG00000136895"
1651,"enh4","ENSG00000136828"
1652,"enh2","ENSG00000117280"
1653,"enh6","ENSG00000198746"
1654,"enh7","ENSG00000136929"
1655,"enh14","ENSG00000175221"
1656,"enh10","ENSG00000136840"
1657,"enh1","ENSG00000103005"
1658,"enh10","ENSG00000130559"
1659,"enh1","ENSG00000142544"
1660,"enh9","ENSG00000175334"
1661,"enh2","ENSG00000091947"
1662,"enh3","ENSG00000105374"
1663,"enh9","ENSG00000254986"
1664,"enh11","ENSG00000174744"
1665,"enh6","ENSG00000160360"
1666,"enh12","ENSG00000213465"
1667,"enh10","ENSG00000125482"
1668,"enh11","ENSG00000213638"
1669,"enh3","ENSG00000142784"
1670,"enh5","ENSG00000070404"
1671,"enh9","ENSG00000064607"
1672,"enh4","ENSG00000101132"
1673,"enh5","ENSG00000133884"
1674,"enh9","ENSG00000051128"
1675,"enh3","ENSG00000187840"
1676,"enh5","ENSG00000066027"
1677,"enh11","ENSG00000136938"
1678,"enh6","ENSG00000171848"
1679,"enh10","ENSG00000146670"
1680,"enh9","ENSG00000130513"
1681,"enh14","ENSG00000182087"
1682,"enh1","ENSG00000115255"
1683,"enh13","ENSG00000177125"
1684,"enh3","ENSG00000167123"
1685,"enh10","ENSG00000135736"
1686,"enh5","ENSG00000104946"
1687,"enh1","ENSG00000175602"
1688,"enh14","ENSG00000155380"
1689,"enh3","ENSG00000104946"
1690,"enh14","ENSG00000184162"
1691,"enh10","ENSG00000119333"
1692,"enh7","ENSG00000153107"
1693,"enh4","ENSG00000133895"
1694,"enh14","ENSG00000162769"
1695,"enh10","ENSG00000117625"
1696,"enh7","ENSG00000254901"
1697,"enh14","ENSG00000135046"
1698,"enh7","ENSG00000126709"
1699,"enh2","ENSG00000099821"
1700,"enh5","ENSG00000125611"
1701,"enh10","ENSG00000125170"
1702,"enh6","ENSG00000129951"
1703,"enh14","ENSG00000168066"
1704,"enh10","ENSG00000160360"
1705,"enh7","ENSG00000174684"
1706,"enh4","ENSG00000130770"
1707,"enh12","ENSG00000173825"
1708,"enh11","ENSG00000160360"
1709,"enh8","ENSG00000130511"
1710,"enh4","ENSG00000198492"
1711,"enh1","ENSG00000102978"
1712,"enh13","ENSG00000203705"
1713,"enh3","ENSG00000129951"
1714,"enh6","ENSG00000174606"
1715,"enh9","ENSG00000175573"
1716,"enh5","ENSG00000130511"
1717,"enh4","ENSG00000144130"
1718,"enh14","ENSG00000131094"
1719,"enh6","ENSG00000105705"
1720,"enh9","ENSG00000158161"
1721,"enh8","ENSG00000087365"
1722,"enh8","ENSG00000136925"
1723,"enh1","ENSG00000117697"
1724,"enh13","ENSG00000006016"
1725,"enh14","ENSG00000135870"
1726,"enh11","ENSG00000167491"
1727,"enh6","ENSG00000136925"
1728,"enh6","ENSG00000175376"
1729,"enh9","ENSG00000180329"
1730,"enh3","ENSG00000174529"
1731,"enh5","ENSG00000148308"
1732,"enh13","ENSG00000172270"
1733,"enh4","ENSG00000162419"
1734,"enh4","ENSG00000131398"
1735,"enh8","ENSG00000184162"
1736,"enh12","ENSG00000204710"
1737,"enh8","ENSG00000174842"
1738,"enh11","ENSG00000161654"
1739,"enh2","ENSG00000170385"
1740,"enh12","ENSG00000010361"
1741,"enh3","ENSG00000204673"
1742,"enh7","ENSG00000144136"
1743,"enh4","ENSG00000006015"
1744,"enh9","ENSG00000087365"
1745,"enh3","ENSG00000123684"
1746,"enh6","ENSG00000165698"
1747,"enh5","ENSG00000134318"
1748,"enh4","ENSG00000138767"
1749,"enh7","ENSG00000197217"
1750,"enh8","ENSG00000174669"
1751,"enh4","ENSG00000125485"
1752,"enh11","ENSG00000125630"
1753,"enh14","ENSG00000110046"
1754,"enh6","ENSG00000175906"
1755,"enh12","ENSG00000136936"
1756,"enh13","ENSG00000106992"
1757,"enh8","ENSG00000172500"
1758,"enh13","ENSG00000106799"
1759,"enh14","ENSG00000125618"
1760,"enh5","ENSG00000153107"
1761,"enh10","ENSG00000161682"
1762,"enh10","ENSG00000196683"
1763,"enh12","ENSG00000160318"
1764,"enh9","ENSG00000204138"
1765,"enh8","ENSG00000180329"
1766,"enh1","ENSG00000119333"
1767,"enh3","ENSG00000082512"
1768,"enh9","ENSG00000160408"
1769,"enh1","ENSG00000089639"
1770,"enh9","ENSG00000110047"
1771,"enh7","ENSG00000119559"
1772,"enh10","ENSG00000148339"
1773,"enh8","ENSG00000065268"
1774,"enh11","ENSG00000185278"
1775,"enh8","ENSG00000099625"
1776,"enh1","ENSG00000172500"
1777,"enh9","ENSG00000134318"
1778,"enh13","ENSG00000099817"
1779,"enh12","ENSG00000102934"
1780,"enh7","ENSG00000010361"
1781,"enh4","ENSG00000172500"
1782,"enh10","ENSG00000133065"
1783,"enh5","ENSG00000136929"
1784,"enh7","ENSG00000125319"
1785,"enh9","ENSG00000175467"
1786,"enh14","ENSG00000198746"
1787,"enh3","ENSG00000197217"
1788,"enh13","ENSG00000197766"
1789,"enh5","ENSG00000125484"
1790,"enh14","ENSG00000117222"
1791,"enh7","ENSG00000180098"
1792,"enh13","ENSG00000160161"
1793,"enh2","ENSG00000105379"
1794,"enh7","ENSG00000163297"
1795,"enh8","ENSG00000117697"
1796,"enh5","ENSG00000181035"
1797,"enh7","ENSG00000104946"
1798,"enh4","ENSG00000106991"
1799,"enh2","ENSG00000117697"
1800,"enh12","ENSG00000105656"
1801,"enh6","ENSG00000076321"
1802,"enh7","ENSG00000198492"
1803,"enh2","ENSG00000165684"
1804,"enh4","ENSG00000071564"
1805,"enh1","ENSG00000162878"
1806,"enh14","ENSG00000256771"
1807,"enh3","ENSG00000106803"
1808,"enh11","ENSG00000152518"
1809,"enh3","ENSG00000122482"
1810,"enh6","ENSG00000167491"
1811,"enh12","ENSG00000064490"
1812,"enh5","ENSG00000197540"
1813,"enh8","ENSG00000107021"
1814,"enh5","ENSG00000177125"
1815,"enh10","ENSG00000148334"
1816,"enh3","ENSG00000197766"
1817,"enh13","ENSG00000115257"
1818,"enh3","ENSG00000172992"
1819,"enh5","ENSG00000166188"
1820,"enh5","ENSG00000009780"
1821,"enh14","ENSG00000129911"
1822,"enh3","ENSG00000136830"
1823,"enh13","ENSG00000149809"
1824,"enh5","ENSG00000122484"
1825,"enh3","ENSG00000115257"
1826,"enh14","ENSG00000131400"
1827,"enh14","ENSG00000104946"
1828,"enh10","ENSG00000144161"
1829,"enh11","ENSG00000117593"
1830,"enh1","ENSG00000148300"
1831,"enh11","ENSG00000030582"
1832,"enh12","ENSG00000090020"
1833,"enh14","ENSG00000180098"
1834,"enh3","ENSG00000162878"
1835,"enh5","ENSG00000143924"
1836,"enh5","ENSG00000130766"
1837,"enh13","ENSG00000180448"
1838,"enh3","ENSG00000160563"
1839,"enh6","ENSG00000175334"
1840,"enh2","ENSG00000105655"
1841,"enh5","ENSG00000099817"
1842,"enh4","ENSG00000158161"
1843,"enh13","ENSG00000176890"
1844,"enh6","ENSG00000133243"
1845,"enh13","ENSG00000167491"
1846,"enh3","ENSG00000108852"
1847,"enh4","ENSG00000175854"
1848,"enh11","ENSG00000105669"
1849,"enh1","ENSG00000140854"
1850,"enh2","ENSG00000064547"
1851,"enh13","ENSG00000067596"
1852,"enh11","ENSG00000110046"
1853,"enh5","ENSG00000174684"
1854,"enh13","ENSG00000175334"
1855,"enh11","ENSG00000161682"
1856,"enh6","ENSG00000197540"
1857,"enh4","ENSG00000196415"
1858,"enh14","ENSG00000213638"
1859,"enh13","ENSG00000099866"
1860,"enh6","ENSG00000064787"
1861,"enh7","ENSG00000143924"
1862,"enh5","ENSG00000167110"
1863,"enh7","ENSG00000133065"
1864,"enh9","ENSG00000136937"
1865,"enh12","ENSG00000166188"
1866,"enh6","ENSG00000168062"
1867,"enh1","ENSG00000115091"
1868,"enh6","ENSG00000165689"
1869,"enh4","ENSG00000005194"
1870,"enh12","ENSG00000174903"
1871,"enh2","ENSG00000159648"
1872,"enh14","ENSG00000186566"
1873,"enh2","ENSG00000126705"
1874,"enh3","ENSG00000162976"
1875,"enh4","ENSG00000186501"
1876,"enh5","ENSG00000104886"
1877,"enh5","ENSG00000189195"
1878,"enh9","ENSG00000167112"
1879,"enh2","ENSG00000174606"
1880,"enh6","ENSG00000181773"
1881,"enh14","ENSG00000167113"
1882,"enh11","ENSG00000148339"
1883,"enh4","ENSG00000160445"
1884,"enh9","ENSG00000129968"
1885,"enh11","ENSG00000119203"
1886,"enh8","ENSG00000136682"
1887,"enh14","ENSG00000204710"
1888,"enh3","ENSG00000204710"
1889,"enh9","ENSG00000005007"
1890,"enh5","ENSG00000147439"
1891,"enh13","ENSG00000213023"
1892,"enh9","ENSG00000173442"
1893,"enh8","ENSG00000076321"
1894,"enh8","ENSG00000104689"
1895,"enh9","ENSG00000168062"
1896,"enh14","ENSG00000172775"
1897,"enh12","ENSG00000176890"
1898,"enh9","ENSG00000135821"
1899,"enh4","ENSG00000197136"
1900,"enh9","ENSG00000122482"
1901,"enh11","ENSG00000070404"
1902,"enh12","ENSG00000014216"
1903,"enh7","ENSG00000118046"
1904,"enh4","ENSG00000067596"
1905,"enh6","ENSG00000250067"
1906,"enh12","ENSG00000129951"
1907,"enh12","ENSG00000108861"
1908,"enh2","ENSG00000213023"
1909,"enh1","ENSG00000162772"
1910,"enh2","ENSG00000105696"
1911,"enh4","ENSG00000102978"
1912,"enh14","ENSG00000228300"
1913,"enh6","ENSG00000148339"
1914,"enh4","ENSG00000160446"
1915,"enh10","ENSG00000166188"
1916,"enh2","ENSG00000238227"
1917,"enh14","ENSG00000167114"
1918,"enh3","ENSG00000198858"
1919,"enh13","ENSG00000102931"
1920,"enh13","ENSG00000172992"
1921,"enh3","ENSG00000144161"
1922,"enh3","ENSG00000162873"
1923,"enh13","ENSG00000105374"
1924,"enh14","ENSG00000196152"
1925,"enh2","ENSG00000167748"
1926,"enh1","ENSG00000165684"
1927,"enh12","ENSG00000014138"
1928,"enh2","ENSG00000108883"
1929,"enh8","ENSG00000186806"
1930,"enh5","ENSG00000131408"
1931,"enh13","ENSG00000136925"
1932,"enh13","ENSG00000174669"
1933,"enh9","ENSG00000180448"
1934,"enh10","ENSG00000198870"
1935,"enh9","ENSG00000130770"
1936,"enh6","ENSG00000064607"
1937,"enh6","ENSG00000160563"
1938,"enh13","ENSG00000213445"
1939,"enh11","ENSG00000076321"
1940,"enh13","ENSG00000198870"
1941,"enh9","ENSG00000099864"
1942,"enh5","ENSG00000100316"
1943,"enh8","ENSG00000140848"
1944,"enh1","ENSG00000117266"
1945,"enh1","ENSG00000005194"
1946,"enh3","ENSG00000115944"
1947,"enh7","ENSG00000151694"
1948,"enh2","ENSG00000070388"
1949,"enh8","ENSG00000160445"
1950,"enh12","ENSG00000123684"
1951,"enh14","ENSG00000130511"
1952,"enh5","ENSG00000064787"
1953,"enh11","ENSG00000117625"
1954,"enh14","ENSG00000174871"
1955,"enh13","ENSG00000120896"
1956,"enh13","ENSG00000196550"
1957,"enh3","ENSG00000143924"
1958,"enh12","ENSG00000105374"
1959,"enh7","ENSG00000088682"
1960,"enh2","ENSG00000165092"
1961,"enh3","ENSG00000099624"
1962,"enh9","ENSG00000070761"
1963,"enh10","ENSG00000175832"
1964,"enh9","ENSG00000076321"
1965,"enh5","ENSG00000149823"
1966,"enh7","ENSG00000167748"
1967,"enh8","ENSG00000099817"
1968,"enh8","ENSG00000160360"
1969,"enh4","ENSG00000117625"
1970,"enh2","ENSG00000010361"
1971,"enh10","ENSG00000064932"
1972,"enh8","ENSG00000167106"
1973,"enh12","ENSG00000167748"
1974,"enh12","ENSG00000070404"
1975,"enh5","ENSG00000148411"
1976,"enh5","ENSG00000120889"
1977,"enh4","ENSG00000122482"
1978,"enh12","ENSG00000171159"
1979,"enh3","ENSG00000131408"
1980,"enh10","ENSG00000189195"
1981,"enh9","ENSG00000106789"
1982,"enh9","ENSG00000228300"
1983,"enh12","ENSG00000108849"
1984,"enh1","ENSG00000099622"
1985,"enh2","ENSG00000064687"
1986,"enh1","ENSG00000131398"
1987,"enh1","ENSG00000178093"
1988,"enh1","ENSG00000051128"
1989,"enh13","ENSG00000079313"
1990,"enh6","ENSG00000136943"
1991,"enh10","ENSG00000169136"
1992,"enh12","ENSG00000099821"
1993,"enh10","ENSG00000087152"
1994,"enh13","ENSG00000196312"
1995,"enh4","ENSG00000158941"
1996,"enh4","ENSG00000172757"
1997,"enh10","ENSG00000115756"
1998,"enh1","ENSG00000167123"
1999,"enh11","ENSG00000116017"
2000,"enh13","ENSG00000133065"
2001,"enh14","ENSG00000119125"
2002,"enh1","ENSG00000134318"
2003,"enh11","ENSG00000197136"
2004,"enh2","ENSG00000162669"
2005,"enh12","ENSG00000115257"
2006,"enh6","ENSG00000105662"
2007,"enh14","ENSG00000174851"
2008,"enh3","ENSG00000227500"
2009,"enh14","ENSG00000173825"
2010,"enh11","ENSG00000117592"
2011,"enh12","ENSG00000162772"
2012,"enh14","ENSG00000197136"
2013,"enh4","ENSG00000160161"
2014,"enh12","ENSG00000180198"
2015,"enh3","ENSG00000141934"
2016,"enh2","ENSG00000140848"
2017,"enh8","ENSG00000187193"
2018,"enh3","ENSG00000115758"
2019,"enh12","ENSG00000069275"
2020,"enh14","ENSG00000162976"
2021,"enh5","ENSG00000161671"
2022,"enh1","ENSG00000115750"
2023,"enh7","ENSG00000070770"
2024,"enh11","ENSG00000070761"
2025,"enh2","ENSG00000119514"
2026,"enh4","ENSG00000170385"
2027,"enh2","ENSG00000168062"
2028,"enh12","ENSG00000196152"
2029,"enh9","ENSG00000167136"
2030,"enh14","ENSG00000174950"
2031,"enh5","ENSG00000148300"
2032,"enh9","ENSG00000126709"
2033,"enh9","ENSG00000117758"
2034,"enh1","ENSG00000168066"
2035,"enh5","ENSG00000250067"
2036,"enh12","ENSG00000167491"
2037,"enh6","ENSG00000125144"
2038,"enh9","ENSG00000175376"
2039,"enh9","ENSG00000148411"
2040,"enh10","ENSG00000253368"
2041,"enh7","ENSG00000172081"
2042,"enh13","ENSG00000117592"
2043,"enh2","ENSG00000167114"
2044,"enh4","ENSG00000064932"
2045,"enh14","ENSG00000103005"
2046,"enh5","ENSG00000069702"
2047,"enh10","ENSG00000099840"
2048,"enh5","ENSG00000120896"
2049,"enh7","ENSG00000167759"
2050,"enh10","ENSG00000082512"
2051,"enh8","ENSG00000162878"
2052,"enh11","ENSG00000167103"
2053,"enh4","ENSG00000235034"
2054,"enh10","ENSG00000141934"
2055,"enh2","ENSG00000069275"
2056,"enh6","ENSG00000148356"
2057,"enh7","ENSG00000148337"
2058,"enh4","ENSG00000117691"
2059,"enh8","ENSG00000175592"
2060,"enh12","ENSG00000235034"
2061,"enh4","ENSG00000070404"
2062,"enh14","ENSG00000161692"
2063,"enh9","ENSG00000162976"
2064,"enh5","ENSG00000143493"
2065,"enh5","ENSG00000070761"
2066,"enh8","ENSG00000104960"
2067,"enh5","ENSG00000134317"
2068,"enh13","ENSG00000105379"
2069,"enh10","ENSG00000125637"
2070,"enh1","ENSG00000105497"
2071,"enh10","ENSG00000173825"
2072,"enh9","ENSG00000142544"
2073,"enh4","ENSG00000090020"
2074,"enh4","ENSG00000013306"
2075,"enh7","ENSG00000115944"
2076,"enh5","ENSG00000120334"
2077,"enh8","ENSG00000099840"
2078,"enh8","ENSG00000140859"
2079,"enh10","ENSG00000125148"
2080,"enh8","ENSG00000171169"
2081,"enh2","ENSG00000160271"
2082,"enh12","ENSG00000064545"
2083,"enh9","ENSG00000119335"
2084,"enh8","ENSG00000103021"
2085,"enh8","ENSG00000160318"
2086,"enh8","ENSG00000136856"
2087,"enh4","ENSG00000130513"
2088,"enh12","ENSG00000167747"
2089,"enh9","ENSG00000136830"
2090,"enh3","ENSG00000136908"
2091,"enh2","ENSG00000071626"
2092,"enh11","ENSG00000122484"
2093,"enh4","ENSG00000168061"
2094,"enh3","ENSG00000167103"
2095,"enh2","ENSG00000135821"
2096,"enh9","ENSG00000104946"
2097,"enh2","ENSG00000119333"
2098,"enh3","ENSG00000009780"
2099,"enh12","ENSG00000134308"
2100,"enh2","ENSG00000102900"
2101,"enh14","ENSG00000165688"
2102,"enh5","ENSG00000141933"
2103,"enh10","ENSG00000168056"
2104,"enh3","ENSG00000160446"
2105,"enh9","ENSG00000174871"
2106,"enh7","ENSG00000134317"
2107,"enh1","ENSG00000189195"
2108,"enh11","ENSG00000175592"
2109,"enh3","ENSG00000175707"
2110,"enh11","ENSG00000142528"
2111,"enh2","ENSG00000115091"
2112,"enh13","ENSG00000076321"
2113,"enh5","ENSG00000064932"
2114,"enh4","ENSG00000174996"
2115,"enh6","ENSG00000144130"
2116,"enh11","ENSG00000160953"
2117,"enh2","ENSG00000180448"
2118,"enh13","ENSG00000099622"
2119,"enh14","ENSG00000126391"
2120,"enh9","ENSG00000158711"
2121,"enh11","ENSG00000079313"
2122,"enh14","ENSG00000133065"
2123,"enh1","ENSG00000136929"
2124,"enh14","ENSG00000188177"
2125,"enh7","ENSG00000160318"
2126,"enh9","ENSG00000221983"
2127,"enh1","ENSG00000106992"
2128,"enh13","ENSG00000115970"
2129,"enh10","ENSG00000180198"
2130,"enh1","ENSG00000174547"
2131,"enh7","ENSG00000136840"
2132,"enh14","ENSG00000168062"
2133,"enh1","ENSG00000187193"
2134,"enh7","ENSG00000099625"
2135,"enh2","ENSG00000175832"
2136,"enh3","ENSG00000167113"
2137,"enh10","ENSG00000005007"
2138,"enh4","ENSG00000165699"
2139,"enh12","ENSG00000102996"
2140,"enh11","ENSG00000105705"
2141,"enh13","ENSG00000161654"
2142,"enh8","ENSG00000130770"
2143,"enh2","ENSG00000162772"
2144,"enh3","ENSG00000130770"
2145,"enh3","ENSG00000135821"
2146,"enh7","ENSG00000171940"
2147,"enh6","ENSG00000108883"
2148,"enh12","ENSG00000142733"
2149,"enh3","ENSG00000197816"
2150,"enh5","ENSG00000165092"
2151,"enh10","ENSG00000168591"
2152,"enh4","ENSG00000173442"
2153,"enh3","ENSG00000068976"
2154,"enh2","ENSG00000097046"
2155,"enh2","ENSG00000167487"
2156,"enh12","ENSG00000174276"
2157,"enh13","ENSG00000091947"
2158,"enh4","ENSG00000115750"
2159,"enh10","ENSG00000197540"
2160,"enh12","ENSG00000158195"
2161,"enh9","ENSG00000136643"
2162,"enh14","ENSG00000088682"
2163,"enh12","ENSG00000204138"
2164,"enh11","ENSG00000105374"
2165,"enh12","ENSG00000148337"
2166,"enh7","ENSG00000125484"
2167,"enh6","ENSG00000204710"
2168,"enh12","ENSG00000162769"
2169,"enh13","ENSG00000162298"
2170,"enh2","ENSG00000168056"
2171,"enh2","ENSG00000254470"
2172,"enh1","ENSG00000168061"
2173,"enh5","ENSG00000198870"
2174,"enh14","ENSG00000165138"
2175,"enh13","ENSG00000125630"
2176,"enh14","ENSG00000138767"
2177,"enh11","ENSG00000197766"
2178,"enh13","ENSG00000115268"
2179,"enh10","ENSG00000122026"
2180,"enh5","ENSG00000223802"
2181,"enh11","ENSG00000165688"
2182,"enh3","ENSG00000117758"
2183,"enh4","ENSG00000126705"
2184,"enh7","ENSG00000125170"
2185,"enh6","ENSG00000064687"
2186,"enh8","ENSG00000136842"
2187,"enh14","ENSG00000165689"
2188,"enh7","ENSG00000099804"
2189,"enh1","ENSG00000105708"
2190,"enh13","ENSG00000167748"
2191,"enh4","ENSG00000099622"
2192,"enh9","ENSG00000142528"
2193,"enh11","ENSG00000143476"
2194,"enh7","ENSG00000117222"
2195,"enh14","ENSG00000175467"
2196,"enh2","ENSG00000088682"
2197,"enh11","ENSG00000138036"
2198,"enh5","ENSG00000165684"
2199,"enh14","ENSG00000105676"
2200,"enh13","ENSG00000117650"
2201,"enh1","ENSG00000198870"
2202,"enh13","ENSG00000161677"
2203,"enh5","ENSG00000165702"
2204,"enh5","ENSG00000198417"
2205,"enh11","ENSG00000188177"
2206,"enh8","ENSG00000167123"
2207,"enh7","ENSG00000227500"
2208,"enh3","ENSG00000178093"
2209,"enh13","ENSG00000130766"
2210,"enh13","ENSG00000254470"
2211,"enh2","ENSG00000070770"
2212,"enh14","ENSG00000174516"
2213,"enh5","ENSG00000169607"
2214,"enh3","ENSG00000174950"
2215,"enh5","ENSG00000062822"
2216,"enh3","ENSG00000173465"
2217,"enh3","ENSG00000159579"
2218,"enh10","ENSG00000106799"
2219,"enh8","ENSG00000130775"
2220,"enh8","ENSG00000168591"
2221,"enh8","ENSG00000181781"
2222,"enh14","ENSG00000105701"
2223,"enh3","ENSG00000180340"
2224,"enh13","ENSG00000160447"
2225,"enh3","ENSG00000105053"
2226,"enh11","ENSG00000103005"
2227,"enh4","ENSG00000122026"
2228,"enh7","ENSG00000125637"
2229,"enh10","ENSG00000174744"
2230,"enh5","ENSG00000174842"
2231,"enh3","ENSG00000169136"
2232,"enh6","ENSG00000064666"
2233,"enh6","ENSG00000130511"
2234,"enh2","ENSG00000174276"
2235,"enh9","ENSG00000168061"
2236,"enh6","ENSG00000104679"
2237,"enh9","ENSG00000160325"
2238,"enh12","ENSG00000172977"
2239,"enh4","ENSG00000256771"
2240,"enh12","ENSG00000171848"
2241,"enh13","ENSG00000165699"
2242,"enh14","ENSG00000187193"
2243,"enh10","ENSG00000141349"
2244,"enh1","ENSG00000104897"
2245,"enh11","ENSG00000107372"
2246,"enh4","ENSG00000065000"
2247,"enh7","ENSG00000238227"
2248,"enh11","ENSG00000125144"
2249,"enh5","ENSG00000155380"
2250,"enh4","ENSG00000198858"
2251,"enh9","ENSG00000165092"
2252,"enh2","ENSG00000159579"
2253,"enh13","ENSG00000165661"
2254,"enh2","ENSG00000068831"
2255,"enh9","ENSG00000213638"
2256,"enh11","ENSG00000198746"
2257,"enh11","ENSG00000065000"
2258,"enh11","ENSG00000198786"
2259,"enh10","ENSG00000130770"
2260,"enh3","ENSG00000168062"
2261,"enh14","ENSG00000149809"
2262,"enh6","ENSG00000167106"
2263,"enh9","ENSG00000105497"
2264,"enh5","ENSG00000185198"
2265,"enh12","ENSG00000196422"
2266,"enh3","ENSG00000174684"
2267,"enh10","ENSG00000068831"
2268,"enh4","ENSG00000149792"
2269,"enh9","ENSG00000122484"
2270,"enh9","ENSG00000130511"
2271,"enh7","ENSG00000071626"
2272,"enh12","ENSG00000160271"
2273,"enh9","ENSG00000152061"
2274,"enh9","ENSG00000069702"
2275,"enh3","ENSG00000250067"
2276,"enh6","ENSG00000068831"
2277,"enh9","ENSG00000174516"
2278,"enh11","ENSG00000130511"
2279,"enh13","ENSG00000116014"
2280,"enh13","ENSG00000256771"
2281,"enh13","ENSG00000130770"
2282,"enh6","ENSG00000108312"
2283,"enh11","ENSG00000221983"
2284,"enh6","ENSG00000130005"
2285,"enh12","ENSG00000120656"
2286,"enh10","ENSG00000165699"
2287,"enh8","ENSG00000125618"
2288,"enh10","ENSG00000105374"
2289,"enh8","ENSG00000136854"
2290,"enh14","ENSG00000106992"
2291,"enh7","ENSG00000228300"
2292,"enh2","ENSG00000136842"
2293,"enh14","ENSG00000203705"
2294,"enh14","ENSG00000115758"
2295,"enh9","ENSG00000116014"
2296,"enh3","ENSG00000115756"
2297,"enh9","ENSG00000088682"
2298,"enh8","ENSG00000105676"
2299,"enh3","ENSG00000131094"
2300,"enh3","ENSG00000122484"
2301,"enh5","ENSG00000143870"
2302,"enh12","ENSG00000130766"
2303,"enh6","ENSG00000173039"
2304,"enh7","ENSG00000119523"
2305,"enh1","ENSG00000104679"
2306,"enh4","ENSG00000130772"
2307,"enh8","ENSG00000138772"
2308,"enh10","ENSG00000005961"
2309,"enh1","ENSG00000115970"
2310,"enh9","ENSG00000180340"
2311,"enh2","ENSG00000066027"
2312,"enh3","ENSG00000125124"
2313,"enh10","ENSG00000186010"
2314,"enh6","ENSG00000196188"
2315,"enh7","ENSG00000115970"
2316,"enh4","ENSG00000115970"
2317,"enh3","ENSG00000152061"
2318,"enh1","ENSG00000115286"
2319,"enh5","ENSG00000187193"
2320,"enh7","ENSG00000213221"
2321,"enh3","ENSG00000159461"
2322,"enh12","ENSG00000148297"
2323,"enh7","ENSG00000067596"
2324,"enh10","ENSG00000198746"
2325,"enh3","ENSG00000105671"
2326,"enh8","ENSG00000104885"
2327,"enh9","ENSG00000160404"
2328,"enh12","ENSG00000102900"
2329,"enh5","ENSG00000136448"
2330,"enh6","ENSG00000160445"
2331,"enh9","ENSG00000171848"
2332,"enh6","ENSG00000125148"
2333,"enh10","ENSG00000071655"
2334,"enh14","ENSG00000123685"
2335,"enh13","ENSG00000136856"
2336,"enh1","ENSG00000159579"
2337,"enh5","ENSG00000172732"
2338,"enh8","ENSG00000125484"
2339,"enh13","ENSG00000108861"
2340,"enh11","ENSG00000064490"
2341,"enh11","ENSG00000130270"
2342,"enh2","ENSG00000064490"
2343,"enh13","ENSG00000125170"
2344,"enh3","ENSG00000087263"
2345,"enh11","ENSG00000107290"
2346,"enh8","ENSG00000102900"
2347,"enh9","ENSG00000169607"
2348,"enh5","ENSG00000108883"
2349,"enh7","ENSG00000162669"
2350,"enh3","ENSG00000147439"
2351,"enh2","ENSG00000158711"
2352,"enh1","ENSG00000184162"
2353,"enh14","ENSG00000148356"
2354,"enh14","ENSG00000162298"
2355,"enh10","ENSG00000175550"
2356,"enh1","ENSG00000108883"
2357,"enh3","ENSG00000071626"
2358,"enh7","ENSG00000116014"
2359,"enh14","ENSG00000005194"
2360,"enh2","ENSG00000143870"
2361,"enh8","ENSG00000010361"
2362,"enh8","ENSG00000167110"
2363,"enh4","ENSG00000133243"
2364,"enh4","ENSG00000115255"
2365,"enh13","ENSG00000123684"
2366,"enh12","ENSG00000181781"
2367,"enh1","ENSG00000091947"
2368,"enh12","ENSG00000196312"
2369,"enh9","ENSG00000136448"
2370,"enh5","ENSG00000167106"
2371,"enh4","ENSG00000130270"
2372,"enh6","ENSG00000166188"
2373,"enh2","ENSG00000105656"
2374,"enh2","ENSG00000187840"
2375,"enh1","ENSG00000188554"
2376,"enh6","ENSG00000144136"
2377,"enh12","ENSG00000213221"
2378,"enh12","ENSG00000119335"
2379,"enh8","ENSG00000198858"
2380,"enh10","ENSG00000104689"
2381,"enh5","ENSG00000183831"
2382,"enh3","ENSG00000064607"
2383,"enh14","ENSG00000181035"
2384,"enh4","ENSG00000223802"
2385,"enh10","ENSG00000107021"
2386,"enh13","ENSG00000213024"
2387,"enh2","ENSG00000167118"
2388,"enh14","ENSG00000125637"
2389,"enh13","ENSG00000175906"
2390,"enh5","ENSG00000198786"
2391,"enh14","ENSG00000134317"
2392,"enh3","ENSG00000136877"
2393,"enh8","ENSG00000051128"
2394,"enh5","ENSG00000149809"
2395,"enh6","ENSG00000116017"
2396,"enh5","ENSG00000160447"
2397,"enh2","ENSG00000149792"
2398,"enh14","ENSG00000197540"
2399,"enh3","ENSG00000134318"
2400,"enh7","ENSG00000136937"
2401,"enh1","ENSG00000175906"
2402,"enh7","ENSG00000148308"
2403,"enh11","ENSG00000143870"
2404,"enh6","ENSG00000104689"
2405,"enh1","ENSG00000099866"
2406,"enh7","ENSG00000184988"
2407,"enh1","ENSG00000125637"
2408,"enh6","ENSG00000070423"
2409,"enh3","ENSG00000175592"
2410,"enh13","ENSG00000198917"
2411,"enh3","ENSG00000095380"
2412,"enh1","ENSG00000116017"
2413,"enh13","ENSG00000213638"
2414,"enh13","ENSG00000134330"
2415,"enh13","ENSG00000173442"
2416,"enh5","ENSG00000167470"
2417,"enh9","ENSG00000136943"
2418,"enh5","ENSG00000115756"
2419,"enh6","ENSG00000213024"
2420,"enh11","ENSG00000104689"
2421,"enh4","ENSG00000175115"
2422,"enh12","ENSG00000148339"
2423,"enh5","ENSG00000213221"
2424,"enh1","ENSG00000104946"
2425,"enh12","ENSG00000162878"
2426,"enh11","ENSG00000133243"
2427,"enh14","ENSG00000120913"
2428,"enh1","ENSG00000148248"
2429,"enh12","ENSG00000136807"
2430,"enh13","ENSG00000108849"
2431,"enh8","ENSG00000127540"
2432,"enh7","ENSG00000172500"
2433,"enh14","ENSG00000149806"
2434,"enh11","ENSG00000136448"
2435,"enh11","ENSG00000135736"
2436,"enh13","ENSG00000070388"
2437,"enh9","ENSG00000165661"
2438,"enh7","ENSG00000130513"
2439,"enh5","ENSG00000170385"
2440,"enh1","ENSG00000161647"
2441,"enh10","ENSG00000138756"
2442,"enh6","ENSG00000133275"
2443,"enh3","ENSG00000138756"
2444,"enh5","ENSG00000147669"
2445,"enh7","ENSG00000162298"
2446,"enh3","ENSG00000104131"
2447,"enh1","ENSG00000130511"
2448,"enh5","ENSG00000161714"
2449,"enh2","ENSG00000064666"
2450,"enh12","ENSG00000005007"
2451,"enh9","ENSG00000122140"
2452,"enh10","ENSG00000185278"
2453,"enh9","ENSG00000014216"
2454,"enh8","ENSG00000174516"
2455,"enh10","ENSG00000175906"
2456,"enh13","ENSG00000161682"
2457,"enh10","ENSG00000167110"
2458,"enh12","ENSG00000144161"
2459,"enh8","ENSG00000069702"
2460,"enh12","ENSG00000175376"
2461,"enh1","ENSG00000134330"
2462,"enh12","ENSG00000104973"
2463,"enh7","ENSG00000079313"
2464,"enh13","ENSG00000108852"
2465,"enh14","ENSG00000105655"
2466,"enh12","ENSG00000197958"
2467,"enh7","ENSG00000198786"
2468,"enh5","ENSG00000254470"
2469,"enh14","ENSG00000160271"
2470,"enh12","ENSG00000141349"
2471,"enh10","ENSG00000160446"
2472,"enh8","ENSG00000115084"
2473,"enh1","ENSG00000204710"
2474,"enh4","ENSG00000181773"
2475,"enh10","ENSG00000115084"
2476,"enh2","ENSG00000187193"
2477,"enh14","ENSG00000196550"
2478,"enh9","ENSG00000105556"
2479,"enh10","ENSG00000204710"
2480,"enh4","ENSG00000141349"
2481,"enh12","ENSG00000106991"
2482,"enh10","ENSG00000147669"
2483,"enh11","ENSG00000158195"
2484,"enh3","ENSG00000147669"
2485,"enh7","ENSG00000187193"
2486,"enh8","ENSG00000115255"
2487,"enh7","ENSG00000064547"
2488,"enh8","ENSG00000161692"
2489,"enh11","ENSG00000160161"
2490,"enh8","ENSG00000161677"
2491,"enh9","ENSG00000069275"
2492,"enh6","ENSG00000117625"
2493,"enh14","ENSG00000160318"
2494,"enh12","ENSG00000011304"
2495,"enh12","ENSG00000186185"
2496,"enh11","ENSG00000105383"
2497,"enh1","ENSG00000136937"
2498,"enh11","ENSG00000115750"
2499,"enh14","ENSG00000160953"
2500,"enh14","ENSG00000014138"
2501,"enh3","ENSG00000129933"
2502,"enh10","ENSG00000014138"
2503,"enh12","ENSG00000130768"
2504,"enh12","ENSG00000133243"
2505,"enh8","ENSG00000167114"
2506,"enh11","ENSG00000122482"
2507,"enh5","ENSG00000241852"
2508,"enh4","ENSG00000105472"
2509,"enh2","ENSG00000012048"
2510,"enh6","ENSG00000142765"
2511,"enh5","ENSG00000167487"
2512,"enh5","ENSG00000161654"
2513,"enh2","ENSG00000136938"
2514,"enh11","ENSG00000105662"
2515,"enh10","ENSG00000168066"
2516,"enh10","ENSG00000087263"
2517,"enh14","ENSG00000133059"
2518,"enh7","ENSG00000129951"
2519,"enh1","ENSG00000254470"
2520,"enh6","ENSG00000180329"
2521,"enh12","ENSG00000147454"
2522,"enh9","ENSG00000065600"
2523,"enh12","ENSG00000152518"
2524,"enh6","ENSG00000160446"
2525,"enh7","ENSG00000110046"
2526,"enh7","ENSG00000136448"
2527,"enh6","ENSG00000196422"
2528,"enh11","ENSG00000115268"
2529,"enh4","ENSG00000099624"
2530,"enh12","ENSG00000143870"
2531,"enh9","ENSG00000167487"
2532,"enh10","ENSG00000196961"
2533,"enh14","ENSG00000187024"
2534,"enh14","ENSG00000186501"
2535,"enh12","ENSG00000064687"
2536,"enh13","ENSG00000213465"
2537,"enh12","ENSG00000160360"
2538,"enh1","ENSG00000167759"
2539,"enh7","ENSG00000171219"
2540,"enh4","ENSG00000174903"
2541,"enh9","ENSG00000204291"
2542,"enh3","ENSG00000115084"
2543,"enh13","ENSG00000136830"
2544,"enh11","ENSG00000184162"
2545,"enh9","ENSG00000175115"
2546,"enh2","ENSG00000129933"
2547,"enh2","ENSG00000186806"
2548,"enh5","ENSG00000119203"
2549,"enh1","ENSG00000196116"
2550,"enh14","ENSG00000175550"
2551,"enh9","ENSG00000181781"
2552,"enh14","ENSG00000108309"
2553,"enh8","ENSG00000136811"
2554,"enh3","ENSG00000108312"
2555,"enh7","ENSG00000197694"
2556,"enh6","ENSG00000165138"
2557,"enh14","ENSG00000105717"
2558,"enh4","ENSG00000221983"
2559,"enh8","ENSG00000013306"
2560,"enh4","ENSG00000125611"
2561,"enh9","ENSG00000064547"
2562,"enh2","ENSG00000204710"
2563,"enh12","ENSG00000039650"
2564,"enh4","ENSG00000071655"
2565,"enh3","ENSG00000196116"
2566,"enh9","ENSG00000013306"
2567,"enh12","ENSG00000181035"
2568,"enh6","ENSG00000167759"
2569,"enh7","ENSG00000117592"
2570,"enh12","ENSG00000196188"
2571,"enh13","ENSG00000120913"
2572,"enh13","ENSG00000148291"
2573,"enh14","ENSG00000172732"
2574,"enh13","ENSG00000143924"
2575,"enh6","ENSG00000117697"
2576,"enh14","ENSG00000196415"
2577,"enh13","ENSG00000064932"
2578,"enh6","ENSG00000131409"
2579,"enh6","ENSG00000197136"
2580,"enh9","ENSG00000117697"
2581,"enh1","ENSG00000196415"
2582,"enh8","ENSG00000148334"
2583,"enh8","ENSG00000129946"
2584,"enh5","ENSG00000129946"
2585,"enh12","ENSG00000107372"
2586,"enh7","ENSG00000197816"
2587,"enh7","ENSG00000148248"
2588,"enh2","ENSG00000143882"
2589,"enh5","ENSG00000129933"
2590,"enh12","ENSG00000173039"
2591,"enh4","ENSG00000138772"
2592,"enh3","ENSG00000117748"
2593,"enh11","ENSG00000174684"
2594,"enh1","ENSG00000105053"
2595,"enh8","ENSG00000105726"
2596,"enh6","ENSG00000235034"
2597,"enh2","ENSG00000172992"
2598,"enh11","ENSG00000182087"
2599,"enh5","ENSG00000184988"
2600,"enh2","ENSG00000119203"
2601,"enh10","ENSG00000153214"
2602,"enh8","ENSG00000087263"
2603,"enh14","ENSG00000120334"
2604,"enh4","ENSG00000181035"
2605,"enh4","ENSG00000172081"
2606,"enh8","ENSG00000131097"
2607,"enh11","ENSG00000114999"
2608,"enh13","ENSG00000135870"
2609,"enh7","ENSG00000180448"
2610,"enh11","ENSG00000130772"
2611,"enh5","ENSG00000105472"
2612,"enh10","ENSG00000115091"
2613,"enh13","ENSG00000167747"
2614,"enh11","ENSG00000136842"
2615,"enh6","ENSG00000066027"
2616,"enh8","ENSG00000196312"
2617,"enh3","ENSG00000115255"
2618,"enh7","ENSG00000174871"
2619,"enh14","ENSG00000174606"
2620,"enh6","ENSG00000117280"
2621,"enh6","ENSG00000106789"
2622,"enh8","ENSG00000129951"
2623,"enh1","ENSG00000105662"
2624,"enh10","ENSG00000160325"
2625,"enh4","ENSG00000125618"
2626,"enh11","ENSG00000185761"
2627,"enh10","ENSG00000115268"
2628,"enh13","ENSG00000162419"
2629,"enh7","ENSG00000133243"
2630,"enh11","ENSG00000175550"
2631,"enh6","ENSG00000011304"
2632,"enh14","ENSG00000118046"
2633,"enh9","ENSG00000136929"
2634,"enh3","ENSG00000213988"
2635,"enh7","ENSG00000167491"
2636,"enh1","ENSG00000181588"
2637,"enh14","ENSG00000010361"
2638,"enh13","ENSG00000006015"
2639,"enh5","ENSG00000168591"
2640,"enh6","ENSG00000136856"
2641,"enh11","ENSG00000136828"
2642,"enh14","ENSG00000136925"
2643,"enh10","ENSG00000099864"
2644,"enh7","ENSG00000105676"
2645,"enh14","ENSG00000197958"
2646,"enh1","ENSG00000120889"
2647,"enh4","ENSG00000155380"
2648,"enh2","ENSG00000175294"
2649,"enh13","ENSG00000158711"
2650,"enh3","ENSG00000160445"
2651,"enh11","ENSG00000180340"
2652,"enh6","ENSG00000213221"
2653,"enh3","ENSG00000120656"
2654,"enh1","ENSG00000197217"
2655,"enh11","ENSG00000185198"
2656,"enh5","ENSG00000160161"
2657,"enh2","ENSG00000130768"
2658,"enh2","ENSG00000125124"
2659,"enh8","ENSG00000152527"
2660,"enh2","ENSG00000117751"
2661,"enh4","ENSG00000136856"
2662,"enh8","ENSG00000175832"
2663,"enh8","ENSG00000196415"
2664,"enh8","ENSG00000088682"
2665,"enh3","ENSG00000136811"
2666,"enh11","ENSG00000117222"
2667,"enh14","ENSG00000103021"
2668,"enh2","ENSG00000196116"
2669,"enh11","ENSG00000166188"
2670,"enh3","ENSG00000162769"
2671,"enh14","ENSG00000204673"
2672,"enh12","ENSG00000104946"
2673,"enh13","ENSG00000161671"
2674,"enh7","ENSG00000133069"
2675,"enh5","ENSG00000196415"
2676,"enh14","ENSG00000254986"
2677,"enh6","ENSG00000070770"
2678,"enh12","ENSG00000143924"
2679,"enh14","ENSG00000167106"
2680,"enh4","ENSG00000134330"
2681,"enh8","ENSG00000106785"
2682,"enh3","ENSG00000160360"
2683,"enh13","ENSG00000090273"
2684,"enh7","ENSG00000065000"
2685,"enh1","ENSG00000068976"
2686,"enh7","ENSG00000130775"
2687,"enh9","ENSG00000167110"
2688,"enh9","ENSG00000099622"
2689,"enh7","ENSG00000095380"
2690,"enh2","ENSG00000144136"
2691,"enh2","ENSG00000102978"
2692,"enh14","ENSG00000069702"
2693,"enh14","ENSG00000106799"
2694,"enh11","ENSG00000168061"
2695,"enh12","ENSG00000161714"
2696,"enh6","ENSG00000153214"
2697,"enh11","ENSG00000136840"
2698,"enh8","ENSG00000213221"
2699,"enh9","ENSG00000099817"
2700,"enh4","ENSG00000174276"
2701,"enh5","ENSG00000181513"
2702,"enh2","ENSG00000130775"
2703,"enh4","ENSG00000119335"
2704,"enh8","ENSG00000169136"
2705,"enh13","ENSG00000175707"
2706,"enh11","ENSG00000181513"
2707,"enh8","ENSG00000142733"
2708,"enh10","ENSG00000114999"
2709,"enh12","ENSG00000136938"
2710,"enh7","ENSG00000158941"
2711,"enh8","ENSG00000135736"
2712,"enh7","ENSG00000129911"
2713,"enh7","ENSG00000102996"
2714,"enh3","ENSG00000176973"
2715,"enh11","ENSG00000064666"
2716,"enh12","ENSG00000105700"
2717,"enh12","ENSG00000198786"
2718,"enh9","ENSG00000102934"
2719,"enh11","ENSG00000136925"
2720,"enh9","ENSG00000123685"
2721,"enh9","ENSG00000167113"
2722,"enh1","ENSG00000223802"
2723,"enh3","ENSG00000108309"
2724,"enh1","ENSG00000140848"
2725,"enh4","ENSG00000102931"
2726,"enh8","ENSG00000117222"
2727,"enh1","ENSG00000126709"
2728,"enh8","ENSG00000130270"
2729,"enh4","ENSG00000148303"
2730,"enh4","ENSG00000171940"
2731,"enh10","ENSG00000115750"
2732,"enh14","ENSG00000198417"
2733,"enh3","ENSG00000160318"
2734,"enh6","ENSG00000106803"
2735,"enh13","ENSG00000181513"
2736,"enh6","ENSG00000079313"
2737,"enh12","ENSG00000174606"
2738,"enh2","ENSG00000005961"
2739,"enh10","ENSG00000159648"
2740,"enh10","ENSG00000185761"
2741,"enh1","ENSG00000119392"
2742,"enh3","ENSG00000117592"
2743,"enh5","ENSG00000174871"
2744,"enh7","ENSG00000125485"
2745,"enh1","ENSG00000130768"
2746,"enh6","ENSG00000196415"
2747,"enh8","ENSG00000174744"
2748,"enh2","ENSG00000168591"
2749,"enh10","ENSG00000174684"
2750,"enh1","ENSG00000158715"
2751,"enh9","ENSG00000136874"
2752,"enh8","ENSG00000254986"
2753,"enh12","ENSG00000123685"
2754,"enh2","ENSG00000174744"
2755,"enh12","ENSG00000180098"
2756,"enh5","ENSG00000123685"
2757,"enh10","ENSG00000174950"
2758,"enh3","ENSG00000069702"
2759,"enh3","ENSG00000181773"
2760,"enh10","ENSG00000186501"
2761,"enh7","ENSG00000197766"
2762,"enh10","ENSG00000158711"
2763,"enh6","ENSG00000174744"
2764,"enh1","ENSG00000168067"
2765,"enh8","ENSG00000188177"
2766,"enh14","ENSG00000064547"
2767,"enh8","ENSG00000153107"
2768,"enh3","ENSG00000130005"
2769,"enh12","ENSG00000188554"
2770,"enh1","ENSG00000136682"
2771,"enh9","ENSG00000185761"
2772,"enh13","ENSG00000167118"
2773,"enh2","ENSG00000180098"
2774,"enh12","ENSG00000169136"
2775,"enh13","ENSG00000136943"
2776,"enh10","ENSG00000159579"
2777,"enh12","ENSG00000104885"
2778,"enh2","ENSG00000172081"
2779,"enh3","ENSG00000172757"
2780,"enh14","ENSG00000136811"
2781,"enh3","ENSG00000104679"
2782,"enh7","ENSG00000152061"
2783,"enh9","ENSG00000171169"
2784,"enh6","ENSG00000180448"
2785,"enh7","ENSG00000104689"
2786,"enh13","ENSG00000169403"
2787,"enh5","ENSG00000160445"
2788,"enh14","ENSG00000180448"
2789,"enh3","ENSG00000186566"
2790,"enh14","ENSG00000136828"
2791,"enh14","ENSG00000148334"
2792,"enh5","ENSG00000115084"
2793,"enh1","ENSG00000148339"
2794,"enh9","ENSG00000175832"
2795,"enh12","ENSG00000149792"
2796,"enh10","ENSG00000051128"
2797,"enh6","ENSG00000148337"
2798,"enh2","ENSG00000102931"
2799,"enh10","ENSG00000173327"
2800,"enh8","ENSG00000136943"
2801,"enh1","ENSG00000173442"
2802,"enh6","ENSG00000172081"
2803,"enh9","ENSG00000173327"
2804,"enh9","ENSG00000149806"
2805,"enh12","ENSG00000198840"
2806,"enh11","ENSG00000126709"
2807,"enh4","ENSG00000142765"
2808,"enh11","ENSG00000181781"
2809,"enh9","ENSG00000165698"
2810,"enh6","ENSG00000122482"
2811,"enh1","ENSG00000064547"
2812,"enh7","ENSG00000173825"
2813,"enh13","ENSG00000142186"
2814,"enh1","ENSG00000129951"
2815,"enh9","ENSG00000166188"
2816,"enh11","ENSG00000149792"
2817,"enh9","ENSG00000181773"
2818,"enh13","ENSG00000100316"
2819,"enh10","ENSG00000140859"
2820,"enh13","ENSG00000196116"
2821,"enh2","ENSG00000106799"
2822,"enh4","ENSG00000118046"
2823,"enh2","ENSG00000196683"
2824,"enh1","ENSG00000064687"
2825,"enh14","ENSG00000130766"
2826,"enh1","ENSG00000095380"
2827,"enh3","ENSG00000180329"
2828,"enh3","ENSG00000088682"
2829,"enh14","ENSG00000069482"
2830,"enh1","ENSG00000119185"
2831,"enh1","ENSG00000105472"
2832,"enh9","ENSG00000162878"
2833,"enh6","ENSG00000090020"
2834,"enh1","ENSG00000117601"
2835,"enh7","ENSG00000167123"
2836,"enh6","ENSG00000069275"
2837,"enh11","ENSG00000175832"
2838,"enh7","ENSG00000149792"
2839,"enh12","ENSG00000108312"
2840,"enh2","ENSG00000148288"
2841,"enh3","ENSG00000131400"
2842,"enh5","ENSG00000160325"
2843,"enh8","ENSG00000122026"
2844,"enh12","ENSG00000167136"
2845,"enh2","ENSG00000133884"
2846,"enh10","ENSG00000198417"
2847,"enh14","ENSG00000136840"
2848,"enh4","ENSG00000138756"
2849,"enh1","ENSG00000064490"
2850,"enh12","ENSG00000147457"
2851,"enh2","ENSG00000172775"
2852,"enh3","ENSG00000012048"
2853,"enh9","ENSG00000090273"
2854,"enh5","ENSG00000133275"
2855,"enh11","ENSG00000173327"
2856,"enh8","ENSG00000131409"
2857,"enh14","ENSG00000136874"
2858,"enh4","ENSG00000148334"
2859,"enh5","ENSG00000136938"
2860,"enh11","ENSG00000141349"
2861,"enh12","ENSG00000221983"
2862,"enh2","ENSG00000254986"
2863,"enh4","ENSG00000166188"
2864,"enh9","ENSG00000144130"
2865,"enh4","ENSG00000126709"
2866,"enh11","ENSG00000136854"
2867,"enh10","ENSG00000180329"
2868,"enh10","ENSG00000177125"
2869,"enh11","ENSG00000160325"
2870,"enh10","ENSG00000196422"
2871,"enh5","ENSG00000153214"
2872,"enh3","ENSG00000091947"
2873,"enh2","ENSG00000158195"
2874,"enh5","ENSG00000070388"
2875,"enh7","ENSG00000142765"
2876,"enh8","ENSG00000138036"
2877,"enh14","ENSG00000133895"
2878,"enh10","ENSG00000135870"
2879,"enh4","ENSG00000119514"
2880,"enh1","ENSG00000197766"
2881,"enh4","ENSG00000185761"
2882,"enh14","ENSG00000172059"
2883,"enh7","ENSG00000198870"
2884,"enh13","ENSG00000070770"
2885,"enh6","ENSG00000142733"
2886,"enh4","ENSG00000099875"
2887,"enh9","ENSG00000167468"
2888,"enh9","ENSG00000006016"
2889,"enh4","ENSG00000114999"
2890,"enh10","ENSG00000163297"
2891,"enh11","ENSG00000119335"
2892,"enh5","ENSG00000213988"
2893,"enh1","ENSG00000064545"
2894,"enh14","ENSG00000099804"
2895,"enh12","ENSG00000188177"
2896,"enh12","ENSG00000136842"
2897,"enh2","ENSG00000167468"
2898,"enh6","ENSG00000119203"
2899,"enh7","ENSG00000175376"
2900,"enh11","ENSG00000186501"
2901,"enh10","ENSG00000142751"
2902,"enh4","ENSG00000125482"
2903,"enh7","ENSG00000119333"
2904,"enh13","ENSG00000119514"
2905,"enh7","ENSG00000187024"
2906,"enh14","ENSG00000116017"
2907,"enh2","ENSG00000171848"
2908,"enh8","ENSG00000147457"
2909,"enh12","ENSG00000162419"
2910,"enh7","ENSG00000165698"
2911,"enh5","ENSG00000174547"
2912,"enh10","ENSG00000064490"
2913,"enh2","ENSG00000160293"
2914,"enh10","ENSG00000227500"
2915,"enh4","ENSG00000159648"
2916,"enh4","ENSG00000057935"
2917,"enh2","ENSG00000122140"
2918,"enh13","ENSG00000010361"
2919,"enh10","ENSG00000064547"
2920,"enh10","ENSG00000099821"
2921,"enh11","ENSG00000071626"
2922,"enh6","ENSG00000143870"
2923,"enh7","ENSG00000153208"
2924,"enh8","ENSG00000160326"
2925,"enh6","ENSG00000144134"
2926,"enh10","ENSG00000186806"
2927,"enh8","ENSG00000005194"
2928,"enh12","ENSG00000108309"
2929,"enh5","ENSG00000099624"
2930,"enh5","ENSG00000104689"
2931,"enh5","ENSG00000135821"
2932,"enh1","ENSG00000180448"
2933,"enh14","ENSG00000115761"
2934,"enh2","ENSG00000133069"
2935,"enh2","ENSG00000129946"
2936,"enh6","ENSG00000187840"
2937,"enh11","ENSG00000119392"
2938,"enh12","ENSG00000134330"
2939,"enh1","ENSG00000136877"
2940,"enh2","ENSG00000185278"
2941,"enh6","ENSG00000159461"
2942,"enh1","ENSG00000172270"
2943,"enh10","ENSG00000148308"
2944,"enh12","ENSG00000254986"
2945,"enh7","ENSG00000099622"
2946,"enh3","ENSG00000064666"
2947,"enh7","ENSG00000213445"
2948,"enh2","ENSG00000129951"
2949,"enh6","ENSG00000175573"
2950,"enh1","ENSG00000130513"
2951,"enh8","ENSG00000057935"
2952,"enh10","ENSG00000106976"
2953,"enh11","ENSG00000099840"
2954,"enh14","ENSG00000115255"
2955,"enh14","ENSG00000148300"
2956,"enh13","ENSG00000119125"
2957,"enh7","ENSG00000117625"
2958,"enh3","ENSG00000014138"
2959,"enh5","ENSG00000148288"
2960,"enh7","ENSG00000175334"
2961,"enh10","ENSG00000174276"
2962,"enh14","ENSG00000160445"
2963,"enh13","ENSG00000174903"
2964,"enh9","ENSG00000117691"
2965,"enh7","ENSG00000120889"
2966,"enh11","ENSG00000163291"
2967,"enh9","ENSG00000161647"
2968,"enh14","ENSG00000065268"
2969,"enh11","ENSG00000133895"
2970,"enh6","ENSG00000114999"
2971,"enh2","ENSG00000065000"
2972,"enh4","ENSG00000008853"
2973,"enh12","ENSG00000071564"
2974,"enh6","ENSG00000105383"
2975,"enh3","ENSG00000186806"
2976,"enh8","ENSG00000175602"
2977,"enh3","ENSG00000184988"
2978,"enh8","ENSG00000162669"
2979,"enh6","ENSG00000169136"
2980,"enh9","ENSG00000106803"
2981,"enh6","ENSG00000105379"
2982,"enh11","ENSG00000173465"
2983,"enh7","ENSG00000136811"
2984,"enh5","ENSG00000125144"
2985,"enh9","ENSG00000089639"
2986,"enh14","ENSG00000149823"
2987,"enh12","ENSG00000161692"
2988,"enh4","ENSG00000068976"
2989,"enh4","ENSG00000136908"
2990,"enh12","ENSG00000076321"
2991,"enh4","ENSG00000171159"
2992,"enh10","ENSG00000115255"
2993,"enh12","ENSG00000129933"
2994,"enh13","ENSG00000105556"
2995,"enh10","ENSG00000223802"
2996,"enh1","ENSG00000152527"
2997,"enh10","ENSG00000167118"
2998,"enh11","ENSG00000106803"
2999,"enh1","ENSG00000174529"
3000,"enh10","ENSG00000162873"
3001,"enh12","ENSG00000102978"
3002,"enh8","ENSG00000146670"
3003,"enh5","ENSG00000105726"
3004,"enh10","ENSG00000125319"
3005,"enh9","ENSG00000173465"
3006,"enh13","ENSG00000172232"
3007,"enh13","ENSG00000174950"
3008,"enh1","ENSG00000107290"
3009,"enh7","ENSG00000108883"
3010,"enh11","ENSG00000167106"
3011,"enh2","ENSG00000105717"
3012,"enh1","ENSG00000172059"
3013,"enh3","ENSG00000108840"
3014,"enh6","ENSG00000116014"
3015,"enh6","ENSG00000184162"
3016,"enh3","ENSG00000167112"
3017,"enh10","ENSG00000011304"
3018,"enh7","ENSG00000125630"
3019,"enh8","ENSG00000174871"
3020,"enh11","ENSG00000149806"
3021,"enh11","ENSG00000130768"
3022,"enh13","ENSG00000189195"
3023,"enh13","ENSG00000149792"
3024,"enh4","ENSG00000117593"
3025,"enh4","ENSG00000064607"
3026,"enh9","ENSG00000204710"
3027,"enh14","ENSG00000140859"
3028,"enh7","ENSG00000197958"
3029,"enh12","ENSG00000185278"
3030,"enh8","ENSG00000250067"
3031,"enh13","ENSG00000114999"
3032,"enh1","ENSG00000168591"
3033,"enh3","ENSG00000162772"
3034,"enh10","ENSG00000133884"
3035,"enh10","ENSG00000186185"
3036,"enh5","ENSG00000196116"
3037,"enh1","ENSG00000127540"
3038,"enh5","ENSG00000005007"
3039,"enh4","ENSG00000069275"
3040,"enh10","ENSG00000107290"
3041,"enh8","ENSG00000118046"
3042,"enh12","ENSG00000175573"
3043,"enh8","ENSG00000238227"
3044,"enh14","ENSG00000065000"
3045,"enh7","ENSG00000136938"
3046,"enh3","ENSG00000065600"
3047,"enh1","ENSG00000198840"
3048,"enh1","ENSG00000070770"
3049,"enh12","ENSG00000142784"
3050,"enh2","ENSG00000168061"
3051,"enh3","ENSG00000143476"
3052,"enh5","ENSG00000175376"
3053,"enh7","ENSG00000102931"
3054,"enh10","ENSG00000125124"
3055,"enh3","ENSG00000116014"
3056,"enh6","ENSG00000184988"
3057,"enh2","ENSG00000161692"
3058,"enh1","ENSG00000070404"
3059,"enh14","ENSG00000125611"
3060,"enh7","ENSG00000136908"
3061,"enh12","ENSG00000067596"
3062,"enh10","ENSG00000175573"
3063,"enh14","ENSG00000136842"
3064,"enh7","ENSG00000105497"
3065,"enh8","ENSG00000131094"
3066,"enh11","ENSG00000158711"
3067,"enh4","ENSG00000148308"
3068,"enh9","ENSG00000254470"
3069,"enh6","ENSG00000013306"
3070,"enh14","ENSG00000196116"
3071,"enh13","ENSG00000147439"
3072,"enh8","ENSG00000129968"
3073,"enh3","ENSG00000184162"
3074,"enh11","ENSG00000158161"
3075,"enh9","ENSG00000051108"
3076,"enh1","ENSG00000148337"
3077,"enh2","ENSG00000197136"
3078,"enh6","ENSG00000119514"
3079,"enh4","ENSG00000064666"
3080,"enh8","ENSG00000106789"
3081,"enh10","ENSG00000108849"
3082,"enh9","ENSG00000172757"
3083,"enh6","ENSG00000125637"
3084,"enh8","ENSG00000125144"
3085,"enh6","ENSG00000115286"
3086,"enh2","ENSG00000165688"
3087,"enh4","ENSG00000163297"
3088,"enh2","ENSG00000171940"
3089,"enh2","ENSG00000118046"
3090,"enh2","ENSG00000105374"
3091,"enh11","ENSG00000115255"
3092,"enh10","ENSG00000167470"
3093,"enh6","ENSG00000062822"
3094,"enh8","ENSG00000187840"
3095,"enh6","ENSG00000130559"
3096,"enh1","ENSG00000198417"
3097,"enh10","ENSG00000174547"
3098,"enh3","ENSG00000166188"
3099,"enh12","ENSG00000133069"
3100,"enh5","ENSG00000160953"
3101,"enh6","ENSG00000160271"
3102,"enh10","ENSG00000197217"
3103,"enh8","ENSG00000006016"
3104,"enh3","ENSG00000175832"
3105,"enh8","ENSG00000173039"
3106,"enh9","ENSG00000184988"
3107,"enh9","ENSG00000125144"
3108,"enh3","ENSG00000129946"
3109,"enh7","ENSG00000160446"
3110,"enh4","ENSG00000119185"
3111,"enh9","ENSG00000168591"
3112,"enh8","ENSG00000014138"
3113,"enh2","ENSG00000213445"
3114,"enh13","ENSG00000099625"
3115,"enh9","ENSG00000104973"
3116,"enh10","ENSG00000105383"
3117,"enh3","ENSG00000142528"
3118,"enh9","ENSG00000133069"
3119,"enh6","ENSG00000167005"
3120,"enh4","ENSG00000173327"
3121,"enh1","ENSG00000143870"
3122,"enh6","ENSG00000162669"
3123,"enh14","ENSG00000198917"
3124,"enh9","ENSG00000115084"
3125,"enh2","ENSG00000140854"
3126,"enh1","ENSG00000142530"
3127,"enh4","ENSG00000064547"
3128,"enh10","ENSG00000105701"
3129,"enh7","ENSG00000135821"
3130,"enh14","ENSG00000067596"
3131,"enh2","ENSG00000122026"
3132,"enh4","ENSG00000104960"
3133,"enh4","ENSG00000175573"
3134,"enh14","ENSG00000102996"
3135,"enh1","ENSG00000129968"
3136,"enh11","ENSG00000107021"
3137,"enh11","ENSG00000165138"
3138,"enh2","ENSG00000250067"
3139,"enh6","ENSG00000117748"
3140,"enh6","ENSG00000134308"
3141,"enh1","ENSG00000158195"
3142,"enh14","ENSG00000186806"
3143,"enh5","ENSG00000167118"
3144,"enh3","ENSG00000136932"
3145,"enh7","ENSG00000167468"
3146,"enh9","ENSG00000131409"
3147,"enh5","ENSG00000122482"
3148,"enh10","ENSG00000172059"
3149,"enh13","ENSG00000160953"
3150,"enh1","ENSG00000235034"
3151,"enh12","ENSG00000105053"
3152,"enh8","ENSG00000122482"
3153,"enh9","ENSG00000162298"
3154,"enh7","ENSG00000148356"
3155,"enh7","ENSG00000130559"
3156,"enh11","ENSG00000115286"
3157,"enh13","ENSG00000108883"
3158,"enh2","ENSG00000136874"
3159,"enh11","ENSG00000011304"
3160,"enh9","ENSG00000172977"
3161,"enh7","ENSG00000105669"
3162,"enh1","ENSG00000099875"
3163,"enh13","ENSG00000136840"
3164,"enh5","ENSG00000175221"
3165,"enh14","ENSG00000105556"
3166,"enh9","ENSG00000125482"
3167,"enh4","ENSG00000171848"
3168,"enh6","ENSG00000158195"
3169,"enh4","ENSG00000147669"
3170,"enh8","ENSG00000144161"
3171,"enh2","ENSG00000174547"
3172,"enh14","ENSG00000136448"
3173,"enh12","ENSG00000168067"
3174,"enh1","ENSG00000173465"
3175,"enh6","ENSG00000196683"
3176,"enh3","ENSG00000182963"
3177,"enh6","ENSG00000153107"
3178,"enh10","ENSG00000102978"
3179,"enh12","ENSG00000114999"
3180,"enh11","ENSG00000148290"
3181,"enh13","ENSG00000107290"
3182,"enh2","ENSG00000105726"
3183,"enh14","ENSG00000175906"
3184,"enh8","ENSG00000197136"
3185,"enh7","ENSG00000135870"
3186,"enh9","ENSG00000117601"
3187,"enh7","ENSG00000071655"
3188,"enh10","ENSG00000162976"
3189,"enh4","ENSG00000160360"
3190,"enh5","ENSG00000004939"
3191,"enh6","ENSG00000103021"
3192,"enh11","ENSG00000119333"
3193,"enh14","ENSG00000161682"
3194,"enh6","ENSG00000125124"
3195,"enh13","ENSG00000141349"
3196,"enh2","ENSG00000004939"
3197,"enh4","ENSG00000148288"
3198,"enh8","ENSG00000115944"
3199,"enh9","ENSG00000149798"
3200,"enh10","ENSG00000167491"
3201,"enh8","ENSG00000198917"
3202,"enh1","ENSG00000136830"
3203,"enh12","ENSG00000138756"
3204,"enh3","ENSG00000163291"
3205,"enh8","ENSG00000197540"
3206,"enh11","ENSG00000196422"
3207,"enh9","ENSG00000099866"
3208,"enh6","ENSG00000104960"
3209,"enh13","ENSG00000133275"
3210,"enh8","ENSG00000134330"
3211,"enh9","ENSG00000235034"
3212,"enh12","ENSG00000136877"
3213,"enh6","ENSG00000175592"
3214,"enh8","ENSG00000148337"
3215,"enh2","ENSG00000105383"
3216,"enh3","ENSG00000149809"
3217,"enh7","ENSG00000107372"
3218,"enh14","ENSG00000235034"
3219,"enh13","ENSG00000148290"
3220,"enh4","ENSG00000142544"
3221,"enh7","ENSG00000186566"
3222,"enh9","ENSG00000122026"
3223,"enh11","ENSG00000099625"
3224,"enh1","ENSG00000213023"
3225,"enh13","ENSG00000161692"
3226,"enh11","ENSG00000197816"
3227,"enh9","ENSG00000172081"
3228,"enh11","ENSG00000172977"
3229,"enh9","ENSG00000197540"
3230,"enh2","ENSG00000126709"
3231,"enh13","ENSG00000106785"
3232,"enh10","ENSG00000147454"
3233,"enh13","ENSG00000142784"
3234,"enh8","ENSG00000172732"
3235,"enh2","ENSG00000136643"
3236,"enh14","ENSG00000159648"
3237,"enh10","ENSG00000213024"
3238,"enh13","ENSG00000167110"
3239,"enh13","ENSG00000180098"
3240,"enh4","ENSG00000162976"
3241,"enh11","ENSG00000106992"
3242,"enh12","ENSG00000126391"
3243,"enh9","ENSG00000102978"
3244,"enh13","ENSG00000119559"
3245,"enh14","ENSG00000204138"
3246,"enh10","ENSG00000115257"
3247,"enh8","ENSG00000174950"
3248,"enh6","ENSG00000104973"
3249,"enh6","ENSG00000197217"
3250,"enh9","ENSG00000172232"
3251,"enh4","ENSG00000105497"
3252,"enh6","ENSG00000196116"
3253,"enh13","ENSG00000115758"
3254,"enh14","ENSG00000167110"
3255,"enh3","ENSG00000099817"
3256,"enh4","ENSG00000005961"
3257,"enh2","ENSG00000167103"
3258,"enh14","ENSG00000131409"
3259,"enh11","ENSG00000162419"
3260,"enh4","ENSG00000099840"
3261,"enh9","ENSG00000129933"
3262,"enh12","ENSG00000174996"
3263,"enh3","ENSG00000254986"
3264,"enh13","ENSG00000123685"
3265,"enh7","ENSG00000106799"
3266,"enh1","ENSG00000134308"
3267,"enh2","ENSG00000120913"
3268,"enh3","ENSG00000181513"
3269,"enh4","ENSG00000213024"
3270,"enh11","ENSG00000152527"
3271,"enh9","ENSG00000160271"
3272,"enh7","ENSG00000165702"
3273,"enh10","ENSG00000117592"
3274,"enh2","ENSG00000197766"
3275,"enh6","ENSG00000165684"
3276,"enh6","ENSG00000175602"
3277,"enh14","ENSG00000122026"
3278,"enh14","ENSG00000104960"
3279,"enh10","ENSG00000175707"
3280,"enh1","ENSG00000146670"
3281,"enh12","ENSG00000136828"
3282,"enh10","ENSG00000106991"
3283,"enh14","ENSG00000189195"
3284,"enh7","ENSG00000174669"
3285,"enh5","ENSG00000011304"
3286,"enh6","ENSG00000125482"
3287,"enh4","ENSG00000168591"
3288,"enh11","ENSG00000184988"
3289,"enh7","ENSG00000119335"
3290,"enh9","ENSG00000160326"
3291,"enh12","ENSG00000142544"
3292,"enh9","ENSG00000174547"
3293,"enh1","ENSG00000177125"
3294,"enh9","ENSG00000160345"
3295,"enh1","ENSG00000102934"
3296,"enh10","ENSG00000110047"
3297,"enh3","ENSG00000133884"
3298,"enh3","ENSG00000143882"
3299,"enh5","ENSG00000175832"
3300,"enh12","ENSG00000198746"
3301,"enh12","ENSG00000172232"
3302,"enh14","ENSG00000129951"
3303,"enh9","ENSG00000099840"
3304,"enh14","ENSG00000147457"
3305,"enh3","ENSG00000117222"
3306,"enh13","ENSG00000126709"
3307,"enh3","ENSG00000117650"
3308,"enh11","ENSG00000099875"
3309,"enh3","ENSG00000030582"
3310,"enh13","ENSG00000153208"
3311,"enh11","ENSG00000014138"
3312,"enh3","ENSG00000198917"
3313,"enh8","ENSG00000160447"
3314,"enh4","ENSG00000146670"
3315,"enh9","ENSG00000165684"
3316,"enh7","ENSG00000148300"
3317,"enh5","ENSG00000161677"
3318,"enh14","ENSG00000117697"
3319,"enh1","ENSG00000115756"
3320,"enh1","ENSG00000136854"
3321,"enh2","ENSG00000104973"
3322,"enh9","ENSG00000135870"
3323,"enh1","ENSG00000171159"
3324,"enh10","ENSG00000160318"
3325,"enh12","ENSG00000105383"
3326,"enh3","ENSG00000102934"
3327,"enh12","ENSG00000167106"
3328,"enh12","ENSG00000250067"
3329,"enh7","ENSG00000069482"
3330,"enh4","ENSG00000162772"
3331,"enh5","ENSG00000123684"
3332,"enh8","ENSG00000172992"
3333,"enh2","ENSG00000197540"
3334,"enh7","ENSG00000161682"
3335,"enh10","ENSG00000175115"
3336,"enh1","ENSG00000104973"
3337,"enh14","ENSG00000115944"
3338,"enh10","ENSG00000153107"
3339,"enh1","ENSG00000149809"
3340,"enh11","ENSG00000160293"
3341,"enh9","ENSG00000167748"
3342,"enh7","ENSG00000160445"
3343,"enh2","ENSG00000153214"
3344,"enh1","ENSG00000136932"
3345,"enh11","ENSG00000091947"
3346,"enh1","ENSG00000006016"
3347,"enh5","ENSG00000175467"
3348,"enh1","ENSG00000104886"
3349,"enh4","ENSG00000142733"
3350,"enh5","ENSG00000099804"
3351,"enh7","ENSG00000142530"
3352,"enh6","ENSG00000105656"
3353,"enh8","ENSG00000167113"
3354,"enh4","ENSG00000127540"
3355,"enh12","ENSG00000110047"
3356,"enh5","ENSG00000238227"
3357,"enh3","ENSG00000071655"
3358,"enh7","ENSG00000136828"
3359,"enh5","ENSG00000162772"
3360,"enh9","ENSG00000148297"
3361,"enh1","ENSG00000175467"
3362,"enh5","ENSG00000174950"
3363,"enh2","ENSG00000133059"
3364,"enh5","ENSG00000108840"
3365,"enh6","ENSG00000165702"
3366,"enh2","ENSG00000172232"
3367,"enh10","ENSG00000012048"
3368,"enh7","ENSG00000115257"
3369,"enh12","ENSG00000187840"
3370,"enh2","ENSG00000079313"
3371,"enh14","ENSG00000105671"
3372,"enh6","ENSG00000099866"
3373,"enh13","ENSG00000174871"
3374,"enh4","ENSG00000153107"
3375,"enh3","ENSG00000106785"
3376,"enh6","ENSG00000147439"
3377,"enh8","ENSG00000122484"
3378,"enh2","ENSG00000141934"
3379,"enh7","ENSG00000168061"
3380,"enh8","ENSG00000119125"
3381,"enh4","ENSG00000130005"
3382,"enh9","ENSG00000119125"
3383,"enh9","ENSG00000181513"
3384,"enh14","ENSG00000136937"
3385,"enh1","ENSG00000213465"
3386,"enh8","ENSG00000136643"
3387,"enh5","ENSG00000176890"
3388,"enh9","ENSG00000133884"
3389,"enh5","ENSG00000171159"
3390,"enh12","ENSG00000069702"
3391,"enh12","ENSG00000159579"
3392,"enh11","ENSG00000174516"
3393,"enh12","ENSG00000008853"
3394,"enh7","ENSG00000160271"
3395,"enh8","ENSG00000160408"
3396,"enh13","ENSG00000136936"
3397,"enh7","ENSG00000162772"
3398,"enh1","ENSG00000175294"
3399,"enh1","ENSG00000123685"
3400,"enh13","ENSG00000136854"
3401,"enh2","ENSG00000136856"
3402,"enh3","ENSG00000160345"
3403,"enh1","ENSG00000161654"
3404,"enh4","ENSG00000176890"
3405,"enh12","ENSG00000175550"
3406,"enh5","ENSG00000165661"
3407,"enh8","ENSG00000097046"
3408,"enh2","ENSG00000070761"
3409,"enh14","ENSG00000197816"
3410,"enh13","ENSG00000102900"
3411,"enh9","ENSG00000180198"
3412,"enh3","ENSG00000105656"
3413,"enh4","ENSG00000115758"
3414,"enh7","ENSG00000196188"
3415,"enh13","ENSG00000108312"
3416,"enh13","ENSG00000105655"
3417,"enh10","ENSG00000127540"
3418,"enh12","ENSG00000156269"
3419,"enh2","ENSG00000180198"
3420,"enh2","ENSG00000089639"
3421,"enh2","ENSG00000141933"
3422,"enh4","ENSG00000152527"
3423,"enh5","ENSG00000125482"
3424,"enh14","ENSG00000167468"
3425,"enh14","ENSG00000115970"
3426,"enh8","ENSG00000004939"
3427,"enh3","ENSG00000013306"
3428,"enh3","ENSG00000119185"
3429,"enh7","ENSG00000105726"
3430,"enh2","ENSG00000087263"
3431,"enh11","ENSG00000068971"
3432,"enh14","ENSG00000183831"
3433,"enh6","ENSG00000171219"
3434,"enh1","ENSG00000203705"
3435,"enh14","ENSG00000178093"
3436,"enh11","ENSG00000064607"
3437,"enh11","ENSG00000165092"
3438,"enh11","ENSG00000149798"
3439,"enh11","ENSG00000160271"
3440,"enh6","ENSG00000148303"
3441,"enh2","ENSG00000122484"
3442,"enh5","ENSG00000117593"
3443,"enh11","ENSG00000097046"
3444,"enh7","ENSG00000105374"
3445,"enh14","ENSG00000165698"
3446,"enh8","ENSG00000095380"
3447,"enh8","ENSG00000171159"
3448,"enh6","ENSG00000155380"
3449,"enh7","ENSG00000172732"
3450,"enh9","ENSG00000104679"
3451,"enh13","ENSG00000162873"
3452,"enh2","ENSG00000099804"
3453,"enh7","ENSG00000204710"
3454,"enh9","ENSG00000087152"
3455,"enh9","ENSG00000159461"
3456,"enh3","ENSG00000136682"
3457,"enh2","ENSG00000136854"
3458,"enh4","ENSG00000161692"
3459,"enh2","ENSG00000256771"
3460,"enh13","ENSG00000105472"
3461,"enh10","ENSG00000161671"
3462,"enh11","ENSG00000174950"
3463,"enh8","ENSG00000071655"
3464,"enh9","ENSG00000135046"
3465,"enh14","ENSG00000099864"
3466,"enh10","ENSG00000256771"
3467,"enh12","ENSG00000161677"
3468,"enh12","ENSG00000006015"
3469,"enh8","ENSG00000014216"
3470,"enh4","ENSG00000130766"
3471,"enh8","ENSG00000117691"
3472,"enh14","ENSG00000108840"
3473,"enh8","ENSG00000198492"
3474,"enh7","ENSG00000147669"
3475,"enh14","ENSG00000099622"
3476,"enh8","ENSG00000102931"
3477,"enh7","ENSG00000160293"
3478,"enh7","ENSG00000106789"
3479,"enh6","ENSG00000131408"
3480,"enh8","ENSG00000065000"
3481,"enh13","ENSG00000136932"
3482,"enh8","ENSG00000126705"
3483,"enh3","ENSG00000185761"
3484,"enh13","ENSG00000151694"
3485,"enh8","ENSG00000105497"
3486,"enh5","ENSG00000136682"
3487,"enh1","ENSG00000097046"
3488,"enh5","ENSG00000116014"
3489,"enh13","ENSG00000175376"
3490,"enh8","ENSG00000102978"
3491,"enh8","ENSG00000064490"
3492,"enh5","ENSG00000095383"
3493,"enh3","ENSG00000174842"
3494,"enh1","ENSG00000181781"
3495,"enh7","ENSG00000106991"
3496,"enh2","ENSG00000167106"
3497,"enh9","ENSG00000138767"
3498,"enh1","ENSG00000105656"
3499,"enh5","ENSG00000262874"
3500,"enh12","ENSG00000167470"
3501,"enh8","ENSG00000143924"
3502,"enh2","ENSG00000102934"
3503,"enh14","ENSG00000160325"
3504,"enh6","ENSG00000148288"
3505,"enh11","ENSG00000167114"
3506,"enh5","ENSG00000069482"
3507,"enh11","ENSG00000105696"
3508,"enh9","ENSG00000105374"
3509,"enh12","ENSG00000071655"
3510,"enh8","ENSG00000152061"
3511,"enh7","ENSG00000087365"
3512,"enh12","ENSG00000151694"
3513,"enh10","ENSG00000158715"
3514,"enh9","ENSG00000142765"
3515,"enh6","ENSG00000167748"
3516,"enh1","ENSG00000104960"
3517,"enh6","ENSG00000099624"
3518,"enh12","ENSG00000143882"
3519,"enh8","ENSG00000039650"
3520,"enh8","ENSG00000119514"
3521,"enh1","ENSG00000153208"
3522,"enh6","ENSG00000162976"
3523,"enh7","ENSG00000136943"
3524,"enh14","ENSG00000159461"
3525,"enh4","ENSG00000116017"
3526,"enh1","ENSG00000165138"
3527,"enh10","ENSG00000067596"
3528,"enh10","ENSG00000131400"
3529,"enh13","ENSG00000196415"
3530,"enh12","ENSG00000099625"
3531,"enh14","ENSG00000161647"
3532,"enh1","ENSG00000130770"
3533,"enh11","ENSG00000104973"
3534,"enh6","ENSG00000174276"
3535,"enh11","ENSG00000087365"
3536,"enh10","ENSG00000142530"
3537,"enh7","ENSG00000120334"
3538,"enh14","ENSG00000142530"
3539,"enh4","ENSG00000087365"
3540,"enh12","ENSG00000160326"
3541,"enh12","ENSG00000120913"
3542,"enh11","ENSG00000104960"
3543,"enh1","ENSG00000125148"
3544,"enh3","ENSG00000102996"
3545,"enh1","ENSG00000149823"
3546,"enh3","ENSG00000068971"
3547,"enh9","ENSG00000136682"
3548,"enh5","ENSG00000013306"
3549,"enh3","ENSG00000079313"
3550,"enh11","ENSG00000105656"
3551,"enh14","ENSG00000106785"
3552,"enh2","ENSG00000171219"
3553,"enh13","ENSG00000115944"
3554,"enh13","ENSG00000174744"
3555,"enh9","ENSG00000117266"
3556,"enh4","ENSG00000148337"
3557,"enh12","ENSG00000089639"
3558,"enh10","ENSG00000167113"
3559,"enh10","ENSG00000198840"
3560,"enh13","ENSG00000057935"
3561,"enh13","ENSG00000198417"
3562,"enh1","ENSG00000136908"
3563,"enh9","ENSG00000174744"
3564,"enh5","ENSG00000005961"
3565,"enh12","ENSG00000115750"
3566,"enh9","ENSG00000160447"
3567,"enh11","ENSG00000004939"
3568,"enh4","ENSG00000147457"
3569,"enh4","ENSG00000178093"
3570,"enh10","ENSG00000184162"
3571,"enh10","ENSG00000165092"
3572,"enh4","ENSG00000125170"
3573,"enh5","ENSG00000173465"
3574,"enh4","ENSG00000009780"
3575,"enh9","ENSG00000125485"
3576,"enh5","ENSG00000108861"
3577,"enh11","ENSG00000187024"
3578,"enh7","ENSG00000178093"
3579,"enh12","ENSG00000158715"
3580,"enh6","ENSG00000175221"
3581,"enh1","ENSG00000070388"
3582,"enh13","ENSG00000147669"
3583,"enh13","ENSG00000110046"
3584,"enh2","ENSG00000186501"
3585,"enh9","ENSG00000119185"
3586,"enh2","ENSG00000105676"
3587,"enh13","ENSG00000131408"
3588,"enh8","ENSG00000174276"
3589,"enh5","ENSG00000152518"
3590,"enh1","ENSG00000119514"
3591,"enh10","ENSG00000213465"
3592,"enh1","ENSG00000104885"
3593,"enh6","ENSG00000106976"
3594,"enh6","ENSG00000136938"
3595,"enh5","ENSG00000071626"
3596,"enh3","ENSG00000175906"
3597,"enh7","ENSG00000142733"
3598,"enh6","ENSG00000161682"
3599,"enh13","ENSG00000166188"
3600,"enh8","ENSG00000169607"
3601,"enh13","ENSG00000133884"
3602,"enh12","ENSG00000163297"
3603,"enh10","ENSG00000148296"
3604,"enh11","ENSG00000136877"
3605,"enh10","ENSG00000136925"
3606,"enh9","ENSG00000108840"
3607,"enh5","ENSG00000186010"
3608,"enh7","ENSG00000168591"
3609,"enh6","ENSG00000165688"
3610,"enh13","ENSG00000160345"
3611,"enh5","ENSG00000105671"
3612,"enh5","ENSG00000172757"
3613,"enh5","ENSG00000105374"
3614,"enh10","ENSG00000087365"
3615,"enh6","ENSG00000120889"
3616,"enh3","ENSG00000122026"
3617,"enh14","ENSG00000105383"
3618,"enh7","ENSG00000099875"
3619,"enh10","ENSG00000204673"
3620,"enh13","ENSG00000131400"
3621,"enh14","ENSG00000181896"
3622,"enh7","ENSG00000115268"
3623,"enh2","ENSG00000196422"
3624,"enh2","ENSG00000005194"
3625,"enh12","ENSG00000131408"
3626,"enh1","ENSG00000174842"
3627,"enh9","ENSG00000182963"
3628,"enh6","ENSG00000262874"
3629,"enh13","ENSG00000197958"
3630,"enh5","ENSG00000117625"
3631,"enh7","ENSG00000133884"
3632,"enh5","ENSG00000148334"
3633,"enh6","ENSG00000198870"
3634,"enh8","ENSG00000133069"
3635,"enh9","ENSG00000123684"
3636,"enh2","ENSG00000107021"
3637,"enh12","ENSG00000129946"
3638,"enh3","ENSG00000062822"
3639,"enh8","ENSG00000122140"
3640,"enh1","ENSG00000014216"
3641,"enh1","ENSG00000106991"
3642,"enh13","ENSG00000254986"
3643,"enh7","ENSG00000136842"
3644,"enh12","ENSG00000125319"
3645,"enh4","ENSG00000130559"
3646,"enh9","ENSG00000008853"
3647,"enh8","ENSG00000160446"
3648,"enh7","ENSG00000087263"
3649,"enh6","ENSG00000186185"
3650,"enh13","ENSG00000197217"
3651,"enh11","ENSG00000125124"
3652,"enh3","ENSG00000181035"
3653,"enh8","ENSG00000159648"
3654,"enh9","ENSG00000104689"
3655,"enh9","ENSG00000107290"
3656,"enh4","ENSG00000069702"
3657,"enh3","ENSG00000174547"
3658,"enh1","ENSG00000100316"
3659,"enh9","ENSG00000120656"
3660,"enh2","ENSG00000143476"
3661,"enh3","ENSG00000187193"
3662,"enh8","ENSG00000198417"
3663,"enh6","ENSG00000131398"
3664,"enh6","ENSG00000108861"
3665,"enh10","ENSG00000119125"
3666,"enh6","ENSG00000131400"
3667,"enh6","ENSG00000198917"
3668,"enh1","ENSG00000174851"
3669,"enh13","ENSG00000162772"
3670,"enh8","ENSG00000099622"
3671,"enh2","ENSG00000131097"
3672,"enh3","ENSG00000149792"
3673,"enh12","ENSG00000159648"
3674,"enh4","ENSG00000130775"
3675,"enh10","ENSG00000125484"
3676,"enh9","ENSG00000108849"
3677,"enh12","ENSG00000117758"
3678,"enh8","ENSG00000167487"
3679,"enh6","ENSG00000064490"
3680,"enh14","ENSG00000125148"
3681,"enh4","ENSG00000104679"
3682,"enh1","ENSG00000116014"
3683,"enh8","ENSG00000160953"
3684,"enh9","ENSG00000110046"
3685,"enh11","ENSG00000130560"
3686,"enh4","ENSG00000213988"
3687,"enh7","ENSG00000181035"
3688,"enh2","ENSG00000174516"
3689,"enh11","ENSG00000136895"
3690,"enh14","ENSG00000138756"
3691,"enh11","ENSG00000125170"
3692,"enh14","ENSG00000105053"
3693,"enh12","ENSG00000167118"
3694,"enh8","ENSG00000148296"
3695,"enh12","ENSG00000167110"
3696,"enh6","ENSG00000149792"
3697,"enh10","ENSG00000183831"
3698,"enh11","ENSG00000101132"
3699,"enh1","ENSG00000148288"
3700,"enh4","ENSG00000160326"
3701,"enh9","ENSG00000119203"
3702,"enh8","ENSG00000079313"
3703,"enh14","ENSG00000162669"
3704,"enh3","ENSG00000105669"
3705,"enh8","ENSG00000173327"
3706,"enh8","ENSG00000120656"
3707,"enh2","ENSG00000175115"
3708,"enh2","ENSG00000067596"
3709,"enh14","ENSG00000158715"
3710,"enh2","ENSG00000106976"
3711,"enh7","ENSG00000213023"
3712,"enh10","ENSG00000148291"
3713,"enh7","ENSG00000123684"
3714,"enh7","ENSG00000070761"
3715,"enh9","ENSG00000126391"
3716,"enh9","ENSG00000133895"
3717,"enh13","ENSG00000126705"
3718,"enh1","ENSG00000162976"
3719,"enh11","ENSG00000099821"
3720,"enh6","ENSG00000227500"
3721,"enh3","ENSG00000165698"
3722,"enh8","ENSG00000125611"
3723,"enh14","ENSG00000051108"
3724,"enh10","ENSG00000162769"
3725,"enh3","ENSG00000089639"
3726,"enh2","ENSG00000160161"
3727,"enh3","ENSG00000125170"
3728,"enh6","ENSG00000129933"
3729,"enh10","ENSG00000095380"
3730,"enh3","ENSG00000213024"
3731,"enh5","ENSG00000138756"
3732,"enh1","ENSG00000167470"
3733,"enh13","ENSG00000136682"
3734,"enh8","ENSG00000070388"
3735,"enh11","ENSG00000126391"
3736,"enh6","ENSG00000148291"
3737,"enh5","ENSG00000198492"
3738,"enh3","ENSG00000064547"
3739,"enh12","ENSG00000173442"
3740,"enh12","ENSG00000160404"
3741,"enh3","ENSG00000006016"
3742,"enh12","ENSG00000108852"
3743,"enh1","ENSG00000069482"
3744,"enh13","ENSG00000174276"
3745,"enh12","ENSG00000204291"
3746,"enh8","ENSG00000175376"
3747,"enh5","ENSG00000203705"
3748,"enh3","ENSG00000254470"
3749,"enh7","ENSG00000160408"
3750,"enh11","ENSG00000204291"
3751,"enh9","ENSG00000163291"
3752,"enh5","ENSG00000115286"
3753,"enh13","ENSG00000173327"
3754,"enh6","ENSG00000186806"
3755,"enh4","ENSG00000136643"
3756,"enh2","ENSG00000162769"
3757,"enh12","ENSG00000146670"
3758,"enh12","ENSG00000144130"
3759,"enh4","ENSG00000175592"
3760,"enh1","ENSG00000181896"
3761,"enh13","ENSG00000104960"
3762,"enh10","ENSG00000115286"
3763,"enh13","ENSG00000167103"
3764,"enh13","ENSG00000172775"
3765,"enh3","ENSG00000196415"
3766,"enh11","ENSG00000117758"
3767,"enh12","ENSG00000117751"
3768,"enh1","ENSG00000141933"
3769,"enh8","ENSG00000108883"
3770,"enh13","ENSG00000175602"
3771,"enh11","ENSG00000142530"
3772,"enh6","ENSG00000165092"
3773,"enh7","ENSG00000140848"
3774,"enh11","ENSG00000204710"
3775,"enh10","ENSG00000197766"
3776,"enh3","ENSG00000125482"
3777,"enh6","ENSG00000165699"
3778,"enh13","ENSG00000196961"
3779,"enh13","ENSG00000172732"
3780,"enh5","ENSG00000102931"
3781,"enh11","ENSG00000149823"
3782,"enh2","ENSG00000105669"
3783,"enh13","ENSG00000069482"
3784,"enh9","ENSG00000067596"
3785,"enh1","ENSG00000099821"
3786,"enh1","ENSG00000151694"
3787,"enh6","ENSG00000125611"
3788,"enh8","ENSG00000104679"
3789,"enh8","ENSG00000165688"
3790,"enh7","ENSG00000213465"
3791,"enh14","ENSG00000223802"
3792,"enh9","ENSG00000172922"
3793,"enh11","ENSG00000180329"
3794,"enh4","ENSG00000213221"
3795,"enh6","ENSG00000097046"
3796,"enh13","ENSG00000186566"
3797,"enh3","ENSG00000175334"
3798,"enh14","ENSG00000172992"
3799,"enh1","ENSG00000105701"
3800,"enh8","ENSG00000176973"
3801,"enh5","ENSG00000105383"
3802,"enh2","ENSG00000140859"
3803,"enh5","ENSG00000174669"
3804,"enh7","ENSG00000147457"
3805,"enh2","ENSG00000136937"
3806,"enh13","ENSG00000213988"
3807,"enh5","ENSG00000160318"
3808,"enh7","ENSG00000107021"
3809,"enh4","ENSG00000163291"
3810,"enh2","ENSG00000116014"
3811,"enh10","ENSG00000122484"
3812,"enh14","ENSG00000213023"
3813,"enh14","ENSG00000106976"
3814,"enh12","ENSG00000105726"
3815,"enh4","ENSG00000196152"
3816,"enh13","ENSG00000162878"
3817,"enh9","ENSG00000153208"
3818,"enh10","ENSG00000167487"
3819,"enh1","ENSG00000008853"
3820,"enh14","ENSG00000147439"
3821,"enh3","ENSG00000148296"
3822,"enh8","ENSG00000136874"
3823,"enh13","ENSG00000142530"
3824,"enh14","ENSG00000134308"
3825,"enh11","ENSG00000171159"
3826,"enh7","ENSG00000103021"
3827,"enh7","ENSG00000160345"
3828,"enh8","ENSG00000186010"
3829,"enh11","ENSG00000167112"
3830,"enh7","ENSG00000175832"
3831,"enh4","ENSG00000165688"
3832,"enh7","ENSG00000065600"
3833,"enh5","ENSG00000068976"
3834,"enh4","ENSG00000125630"
3835,"enh8","ENSG00000161682"
3836,"enh1","ENSG00000123684"
3837,"enh9","ENSG00000223802"
3838,"enh13","ENSG00000162669"
3839,"enh12","ENSG00000198858"
3840,"enh10","ENSG00000133243"
3841,"enh4","ENSG00000158711"
3842,"enh5","ENSG00000160360"
3843,"enh10","ENSG00000165698"
3844,"enh2","ENSG00000175854"
3845,"enh2","ENSG00000136908"
3846,"enh1","ENSG00000172232"
3847,"enh12","ENSG00000119559"
3848,"enh8","ENSG00000149792"
3849,"enh12","ENSG00000197816"
3850,"enh14","ENSG00000005961"
3851,"enh11","ENSG00000115084"
3852,"enh7","ENSG00000165688"
3853,"enh5","ENSG00000119335"
3854,"enh10","ENSG00000006015"
3855,"enh8","ENSG00000170385"
3856,"enh10","ENSG00000167005"
3857,"enh4","ENSG00000148248"
3858,"enh11","ENSG00000131094"
3859,"enh11","ENSG00000126698"
3860,"enh8","ENSG00000165698"
3861,"enh14","ENSG00000148291"
3862,"enh3","ENSG00000172059"
3863,"enh11","ENSG00000006016"
3864,"enh6","ENSG00000102996"
3865,"enh8","ENSG00000070761"
3866,"enh4","ENSG00000120913"
3867,"enh3","ENSG00000167491"
3868,"enh6","ENSG00000120913"
3869,"enh2","ENSG00000119125"
3870,"enh1","ENSG00000119203"
3871,"enh14","ENSG00000196188"
3872,"enh8","ENSG00000129933"
3873,"enh4","ENSG00000172232"
3874,"enh1","ENSG00000175221"
3875,"enh3","ENSG00000051128"
3876,"enh3","ENSG00000099804"
3877,"enh1","ENSG00000174744"
3878,"enh11","ENSG00000062822"
3879,"enh4","ENSG00000117751"
3880,"enh5","ENSG00000165138"
3881,"enh14","ENSG00000213024"
3882,"enh5","ENSG00000108312"
3883,"enh2","ENSG00000115756"
3884,"enh7","ENSG00000051128"
3885,"enh13","ENSG00000105701"
3886,"enh7","ENSG00000163291"
3887,"enh5","ENSG00000204673"
3888,"enh5","ENSG00000099821"
3889,"enh14","ENSG00000140848"
3890,"enh10","ENSG00000143870"
3891,"enh8","ENSG00000064687"
3892,"enh7","ENSG00000144130"
3893,"enh2","ENSG00000167112"
3894,"enh12","ENSG00000197217"
3895,"enh5","ENSG00000006016"
3896,"enh11","ENSG00000122140"
3897,"enh11","ENSG00000105655"
3898,"enh3","ENSG00000136938"
3899,"enh8","ENSG00000182087"
3900,"enh13","ENSG00000181896"
3901,"enh8","ENSG00000185198"
3902,"enh5","ENSG00000138772"
3903,"enh9","ENSG00000065000"
3904,"enh1","ENSG00000115761"
3905,"enh1","ENSG00000153214"
3906,"enh1","ENSG00000198492"
3907,"enh3","ENSG00000136937"
3908,"enh10","ENSG00000115758"
3909,"enh12","ENSG00000091947"
3910,"enh2","ENSG00000120896"
3911,"enh8","ENSG00000176890"
3912,"enh2","ENSG00000186185"
3913,"enh10","ENSG00000130775"
3914,"enh11","ENSG00000181588"
3915,"enh9","ENSG00000134317"
3916,"enh5","ENSG00000142530"
3917,"enh11","ENSG00000105556"
3918,"enh8","ENSG00000106992"
3919,"enh4","ENSG00000103021"
3920,"enh6","ENSG00000160447"
3921,"enh7","ENSG00000254986"
3922,"enh9","ENSG00000136908"
3923,"enh12","ENSG00000105497"
3924,"enh13","ENSG00000174529"
3925,"enh9","ENSG00000142751"
3926,"enh6","ENSG00000174842"
3927,"enh12","ENSG00000135821"
3928,"enh12","ENSG00000167112"
3929,"enh7","ENSG00000091947"
3930,"enh6","ENSG00000172775"
3931,"enh2","ENSG00000203705"
3932,"enh4","ENSG00000099866"
3933,"enh3","ENSG00000126705"
3934,"enh10","ENSG00000175467"
3935,"enh4","ENSG00000142784"
3936,"enh12","ENSG00000153214"
3937,"enh11","ENSG00000171219"
3938,"enh6","ENSG00000099821"
3939,"enh13","ENSG00000119523"
3940,"enh14","ENSG00000125484"
3941,"enh4","ENSG00000116014"
3942,"enh2","ENSG00000090273"
3943,"enh10","ENSG00000120889"
3944,"enh3","ENSG00000135046"
3945,"enh13","ENSG00000204710"
3946,"enh7","ENSG00000127540"
3947,"enh7","ENSG00000183831"
3948,"enh13","ENSG00000186806"
3949,"enh11","ENSG00000119559"
3950,"enh13","ENSG00000115286"
3951,"enh1","ENSG00000087152"
3952,"enh13","ENSG00000064687"
3953,"enh8","ENSG00000228300"
3954,"enh8","ENSG00000115257"
3955,"enh12","ENSG00000180448"
3956,"enh13","ENSG00000104886"
3957,"enh9","ENSG00000174529"
3958,"enh11","ENSG00000117751"
3959,"enh4","ENSG00000180448"
3960,"enh4","ENSG00000076321"
3961,"enh7","ENSG00000012048"
3962,"enh1","ENSG00000163297"
3963,"enh8","ENSG00000126709"
3964,"enh11","ENSG00000138756"
3965,"enh6","ENSG00000161671"
3966,"enh10","ENSG00000103021"
3967,"enh6","ENSG00000143476"
3968,"enh2","ENSG00000125637"
3969,"enh13","ENSG00000009780"
3970,"enh14","ENSG00000125630"
3971,"enh13","ENSG00000030582"
3972,"enh9","ENSG00000105671"
3973,"enh14","ENSG00000162772"
3974,"enh10","ENSG00000185198"
3975,"enh12","ENSG00000069482"
3976,"enh6","ENSG00000183831"
3977,"enh5","ENSG00000089639"
3978,"enh1","ENSG00000087263"
3979,"enh3","ENSG00000182087"
3980,"enh8","ENSG00000186566"
3981,"enh12","ENSG00000148291"
3982,"enh4","ENSG00000131097"
3983,"enh8","ENSG00000183831"
3984,"enh7","ENSG00000116017"
3985,"enh13","ENSG00000185761"
3986,"enh10","ENSG00000136682"
3987,"enh5","ENSG00000105701"
3988,"enh13","ENSG00000174996"
3989,"enh4","ENSG00000140848"
3990,"enh2","ENSG00000131409"
3991,"enh3","ENSG00000133059"
3992,"enh4","ENSG00000104131"
3993,"enh6","ENSG00000087365"
3994,"enh2","ENSG00000062822"
3995,"enh6","ENSG00000158711"
3996,"enh7","ENSG00000256771"
3997,"enh1","ENSG00000148334"
3998,"enh11","ENSG00000172757"
3999,"enh8","ENSG00000161647"
4000,"enh9","ENSG00000071626"
4001,"enh5","ENSG00000136874"
4002,"enh14","ENSG00000262874"
4003,"enh7","ENSG00000064666"
4004,"enh10","ENSG00000090273"
4005,"enh13","ENSG00000186501"
4006,"enh6","ENSG00000122026"
4007,"enh9","ENSG00000125319"
4008,"enh5","ENSG00000071655"
4009,"enh2","ENSG00000172922"
4010,"enh5","ENSG00000175602"
4011,"enh5","ENSG00000152061"
4012,"enh1","ENSG00000165702"
4013,"enh11","ENSG00000165702"
4014,"enh7","ENSG00000148290"
4015,"enh3","ENSG00000105655"
4016,"enh8","ENSG00000161654"
4017,"enh7","ENSG00000069702"
4018,"enh13","ENSG00000051128"
4019,"enh9","ENSG00000197816"
4020,"enh2","ENSG00000105497"
4021,"enh13","ENSG00000160293"
4022,"enh4","ENSG00000197958"
4023,"enh7","ENSG00000203705"
4024,"enh13","ENSG00000136811"
4025,"enh5","ENSG00000005194"
4026,"enh5","ENSG00000099625"
4027,"enh7","ENSG00000105655"
4028,"enh9","ENSG00000130766"
4029,"enh14","ENSG00000135736"
4030,"enh10","ENSG00000175592"
4031,"enh12","ENSG00000147669"
4032,"enh9","ENSG00000171159"
4033,"enh12","ENSG00000125124"
4034,"enh14","ENSG00000158161"
4035,"enh5","ENSG00000107372"
4036,"enh2","ENSG00000148356"
4037,"enh7","ENSG00000167136"
4038,"enh11","ENSG00000172775"
4039,"enh12","ENSG00000172732"
4040,"enh10","ENSG00000130772"
4041,"enh11","ENSG00000172732"
4042,"enh2","ENSG00000115761"
4043,"enh6","ENSG00000196152"
4044,"enh11","ENSG00000167759"
4045,"enh9","ENSG00000143493"
4046,"enh5","ENSG00000107021"
4047,"enh4","ENSG00000122140"
4048,"enh4","ENSG00000167103"
4049,"enh1","ENSG00000156269"
4050,"enh8","ENSG00000158161"
4051,"enh6","ENSG00000068971"
4052,"enh1","ENSG00000186185"
4053,"enh10","ENSG00000149792"
4054,"enh9","ENSG00000011304"
4055,"enh2","ENSG00000198746"
4056,"enh7","ENSG00000117748"
4057,"enh12","ENSG00000115970"
4058,"enh2","ENSG00000213024"
4059,"enh6","ENSG00000149809"
4060,"enh3","ENSG00000136448"
4061,"enh2","ENSG00000125482"
4062,"enh1","ENSG00000133884"
4063,"enh3","ENSG00000204138"
4064,"enh14","ENSG00000099866"
4065,"enh8","ENSG00000130513"
4066,"enh4","ENSG00000129968"
4067,"enh11","ENSG00000223802"
4068,"enh3","ENSG00000168067"
4069,"enh8","ENSG00000173825"
4070,"enh7","ENSG00000167487"
4071,"enh8","ENSG00000189195"
4072,"enh9","ENSG00000155380"
4073,"enh9","ENSG00000198840"
4074,"enh7","ENSG00000057935"
4075,"enh1","ENSG00000158161"
4076,"enh9","ENSG00000115750"
4077,"enh8","ENSG00000142528"
4078,"enh4","ENSG00000107021"
4079,"enh6","ENSG00000064545"
4080,"enh4","ENSG00000120656"
4081,"enh1","ENSG00000122484"
4082,"enh6","ENSG00000140848"
4083,"enh5","ENSG00000144161"
4084,"enh8","ENSG00000159579"
4085,"enh12","ENSG00000136811"
4086,"enh3","ENSG00000174903"
4087,"enh6","ENSG00000160293"
4088,"enh11","ENSG00000108840"
4089,"enh7","ENSG00000014216"
4090,"enh6","ENSG00000152518"
4091,"enh12","ENSG00000125482"
4092,"enh7","ENSG00000100316"
4093,"enh6","ENSG00000123684"
4094,"enh4","ENSG00000106976"
4095,"enh10","ENSG00000136929"
4096,"enh8","ENSG00000185761"
4097,"enh5","ENSG00000105497"
4098,"enh8","ENSG00000175854"
4099,"enh2","ENSG00000169136"
4100,"enh9","ENSG00000117650"
4101,"enh14","ENSG00000174547"
4102,"enh2","ENSG00000160325"
4103,"enh8","ENSG00000008853"
4104,"enh4","ENSG00000174516"
4105,"enh5","ENSG00000172232"
4106,"enh3","ENSG00000172081"
4107,"enh10","ENSG00000136932"
4108,"enh2","ENSG00000144130"
4109,"enh2","ENSG00000149806"
4110,"enh9","ENSG00000167747"
4111,"enh14","ENSG00000175832"
4112,"enh14","ENSG00000254901"
4113,"enh2","ENSG00000177125"
4114,"enh14","ENSG00000115286"
4115,"enh12","ENSG00000107290"
4116,"enh12","ENSG00000160345"
4117,"enh13","ENSG00000106803"
4118,"enh1","ENSG00000129911"
4119,"enh13","ENSG00000064547"
4120,"enh6","ENSG00000182087"
4121,"enh6","ENSG00000187024"
4122,"enh3","ENSG00000106991"
4123,"enh5","ENSG00000135736"
4124,"enh4","ENSG00000180198"
4125,"enh12","ENSG00000196550"
4126,"enh5","ENSG00000160408"
4127,"enh4","ENSG00000079313"
4128,"enh14","ENSG00000167748"
4129,"enh7","ENSG00000134308"
4130,"enh7","ENSG00000009780"
4131,"enh3","ENSG00000117593"
4132,"enh9","ENSG00000172992"
4133,"enh13","ENSG00000180340"
4134,"enh11","ENSG00000178093"
4135,"enh8","ENSG00000186501"
4136,"enh11","ENSG00000012048"
4137,"enh6","ENSG00000142751"
4138,"enh1","ENSG00000167103"
4139,"enh6","ENSG00000127540"
4140,"enh11","ENSG00000120889"
4141,"enh13","ENSG00000130559"
4142,"enh9","ENSG00000105472"
4143,"enh1","ENSG00000125170"
4144,"enh3","ENSG00000197694"
4145,"enh6","ENSG00000125618"
4146,"enh11","ENSG00000158941"
4147,"enh10","ENSG00000142186"
4148,"enh4","ENSG00000115257"
4149,"enh10","ENSG00000175376"
4150,"enh8","ENSG00000175707"
4151,"enh12","ENSG00000105379"
4152,"enh14","ENSG00000172081"
4153,"enh12","ENSG00000133275"
4154,"enh6","ENSG00000069702"
4155,"enh1","ENSG00000175115"
4156,"enh10","ENSG00000009780"
4157,"enh13","ENSG00000105662"
4158,"enh9","ENSG00000135736"
4159,"enh8","ENSG00000069275"
4160,"enh3","ENSG00000158711"
4161,"enh7","ENSG00000105662"
4162,"enh13","ENSG00000108840"
4163,"enh12","ENSG00000134317"
4164,"enh13","ENSG00000171940"
4165,"enh14","ENSG00000160563"
4166,"enh13","ENSG00000105726"
4167,"enh11","ENSG00000250067"
4168,"enh14","ENSG00000141934"
4169,"enh11","ENSG00000136643"
4170,"enh4","ENSG00000129951"
4171,"enh9","ENSG00000105705"
4172,"enh10","ENSG00000168067"
4173,"enh13","ENSG00000142733"
4174,"enh4","ENSG00000138036"
4175,"enh12","ENSG00000065268"
4176,"enh8","ENSG00000105700"
4177,"enh14","ENSG00000173039"
4178,"enh11","ENSG00000133065"
4179,"enh7","ENSG00000068976"
4180,"enh10","ENSG00000151694"
4181,"enh12","ENSG00000129968"
4182,"enh10","ENSG00000197694"
4183,"enh7","ENSG00000148339"
4184,"enh7","ENSG00000099817"
4185,"enh2","ENSG00000173039"
4186,"enh10","ENSG00000204138"
4187,"enh6","ENSG00000136811"
4188,"enh11","ENSG00000160446"
4189,"enh8","ENSG00000253368"
4190,"enh6","ENSG00000105472"
4191,"enh4","ENSG00000125484"
4192,"enh4","ENSG00000125319"
4193,"enh13","ENSG00000117748"
4194,"enh14","ENSG00000142544"
4195,"enh7","ENSG00000149809"
4196,"enh7","ENSG00000143882"
4197,"enh14","ENSG00000135821"
4198,"enh3","ENSG00000142765"
4199,"enh14","ENSG00000171169"
4200,"enh5","ENSG00000149792"
4201,"enh4","ENSG00000174529"
4202,"enh10","ENSG00000174529"
4203,"enh7","ENSG00000119514"
4204,"enh5","ENSG00000131409"
4205,"enh1","ENSG00000198858"
4206,"enh11","ENSG00000122026"
4207,"enh3","ENSG00000105497"
4208,"enh2","ENSG00000198917"
4209,"enh5","ENSG00000162878"
4210,"enh11","ENSG00000161677"
4211,"enh14","ENSG00000204291"
4212,"enh9","ENSG00000119559"
4213,"enh9","ENSG00000174669"
4214,"enh5","ENSG00000173039"
4215,"enh4","ENSG00000133059"
4216,"enh10","ENSG00000174669"
4217,"enh4","ENSG00000253368"
4218,"enh10","ENSG00000119523"
4219,"enh13","ENSG00000120656"
4220,"enh5","ENSG00000140854"
4221,"enh14","ENSG00000136929"
4222,"enh3","ENSG00000105556"
4223,"enh14","ENSG00000148411"
4224,"enh3","ENSG00000175294"
4225,"enh10","ENSG00000196116"
4226,"enh11","ENSG00000175376"
4227,"enh4","ENSG00000134308"
4228,"enh3","ENSG00000104689"
4229,"enh10","ENSG00000181035"
4230,"enh1","ENSG00000065268"
4231,"enh14","ENSG00000173327"
4232,"enh6","ENSG00000104886"
4233,"enh3","ENSG00000120896"
4234,"enh14","ENSG00000087152"
4235,"enh1","ENSG00000172922"
4236,"enh14","ENSG00000070388"
4237,"enh8","ENSG00000213024"
4238,"enh12","ENSG00000105655"
4239,"enh9","ENSG00000186501"
4240,"enh9","ENSG00000102900"
4241,"enh11","ENSG00000161647"
4242,"enh13","ENSG00000149806"
4243,"enh8","ENSG00000155380"
4244,"enh10","ENSG00000171940"
4245,"enh9","ENSG00000129946"
4246,"enh9","ENSG00000142784"
4247,"enh13","ENSG00000174842"
4248,"enh7","ENSG00000148411"
4249,"enh6","ENSG00000148248"
4250,"enh2","ENSG00000115084"
4251,"enh3","ENSG00000099622"
4252,"enh5","ENSG00000118046"
4253,"enh11","ENSG00000162878"
4254,"enh9","ENSG00000187024"
4255,"enh2","ENSG00000136895"
4256,"enh10","ENSG00000161654"
4257,"enh11","ENSG00000125618"
4258,"enh13","ENSG00000104946"
4259,"enh8","ENSG00000180198"
4260,"enh12","ENSG00000117266"
4261,"enh4","ENSG00000175294"
4262,"enh14","ENSG00000136643"
4263,"enh1","ENSG00000130005"
4264,"enh10","ENSG00000180448"
4265,"enh2","ENSG00000148290"
4266,"enh4","ENSG00000161682"
4267,"enh11","ENSG00000238227"
4268,"enh6","ENSG00000117691"
4269,"enh12","ENSG00000203705"
4270,"enh8","ENSG00000069482"
4271,"enh6","ENSG00000189195"
4272,"enh14","ENSG00000115268"
4273,"enh14","ENSG00000174669"
4274,"enh3","ENSG00000064490"
4275,"enh8","ENSG00000136877"
4276,"enh4","ENSG00000180098"
4277,"enh6","ENSG00000172922"
4278,"enh4","ENSG00000141934"
4279,"enh11","ENSG00000125484"
4280,"enh10","ENSG00000010361"
4281,"enh11","ENSG00000119125"
4282,"enh6","ENSG00000238227"
4283,"enh11","ENSG00000186185"
4284,"enh12","ENSG00000101132"
4285,"enh11","ENSG00000104886"
4286,"enh11","ENSG00000162769"
4287,"enh10","ENSG00000106789"
4288,"enh6","ENSG00000254986"
4289,"enh12","ENSG00000117222"
4290,"enh2","ENSG00000076321"
4291,"enh14","ENSG00000051128"
4292,"enh9","ENSG00000130270"
4293,"enh8","ENSG00000087152"
4294,"enh1","ENSG00000138756"
4295,"enh3","ENSG00000175854"
4296,"enh12","ENSG00000120896"
4297,"enh13","ENSG00000102934"
4298,"enh11","ENSG00000009780"
4299,"enh7","ENSG00000117601"
4300,"enh7","ENSG00000108840"
4301,"enh8","ENSG00000105656"
4302,"enh14","ENSG00000071626"
4303,"enh1","ENSG00000161682"
4304,"enh7","ENSG00000175707"
4305,"enh13","ENSG00000165698"
4306,"enh4","ENSG00000186185"
4307,"enh2","ENSG00000039650"
4308,"enh10","ENSG00000069275"
4309,"enh2","ENSG00000131400"
4310,"enh10","ENSG00000117601"
4311,"enh8","ENSG00000172775"
4312,"enh4","ENSG00000174842"
4313,"enh5","ENSG00000188177"
4314,"enh14","ENSG00000100316"
4315,"enh12","ENSG00000130005"
4316,"enh13","ENSG00000008853"
4317,"enh5","ENSG00000172922"
4318,"enh1","ENSG00000143476"
4319,"enh13","ENSG00000125611"
4320,"enh13","ENSG00000126391"
4321,"enh6","ENSG00000105700"
4322,"enh1","ENSG00000185761"
4323,"enh8","ENSG00000105053"
4324,"enh12","ENSG00000144134"
4325,"enh8","ENSG00000099866"
4326,"enh8","ENSG00000180098"
4327,"enh14","ENSG00000014216"
4328,"enh13","ENSG00000130768"
4329,"enh4","ENSG00000153214"
4330,"enh14","ENSG00000131408"
4331,"enh7","ENSG00000196312"
4332,"enh11","ENSG00000087152"
4333,"enh11","ENSG00000129946"
4334,"enh4","ENSG00000165138"
4335,"enh1","ENSG00000204291"
4336,"enh5","ENSG00000175573"
4337,"enh14","ENSG00000108861"
4338,"enh7","ENSG00000122482"
4339,"enh11","ENSG00000162873"
4340,"enh12","ENSG00000136682"
4341,"enh11","ENSG00000117691"
4342,"enh1","ENSG00000173039"
4343,"enh2","ENSG00000147439"
4344,"enh9","ENSG00000180098"
4345,"enh13","ENSG00000148297"
4346,"enh14","ENSG00000175573"
4347,"enh6","ENSG00000149798"
4348,"enh7","ENSG00000115756"
4349,"enh11","ENSG00000117650"
4350,"enh14","ENSG00000186010"
4351,"enh9","ENSG00000203705"
4352,"enh11","ENSG00000158715"
4353,"enh11","ENSG00000039650"
4354,"enh14","ENSG00000119185"
4355,"enh3","ENSG00000104897"
4356,"enh14","ENSG00000079313"
4357,"enh5","ENSG00000105708"
4358,"enh3","ENSG00000057935"
4359,"enh9","ENSG00000117625"
4360,"enh10","ENSG00000188554"
4361,"enh4","ENSG00000186806"
4362,"enh10","ENSG00000120896"
4363,"enh13","ENSG00000105696"
4364,"enh7","ENSG00000065268"
4365,"enh11","ENSG00000106785"
4366,"enh12","ENSG00000110046"
4367,"enh9","ENSG00000181588"
4368,"enh9","ENSG00000160445"
4369,"enh4","ENSG00000196683"
4370,"enh9","ENSG00000160563"
4371,"enh5","ENSG00000030582"
4372,"enh5","ENSG00000149798"
4373,"enh7","ENSG00000119203"
4374,"enh3","ENSG00000175221"
4375,"enh14","ENSG00000185761"
4376,"enh3","ENSG00000120334"
4377,"enh13","ENSG00000125482"
4378,"enh13","ENSG00000171848"
4379,"enh14","ENSG00000156269"
4380,"enh5","ENSG00000175592"
4381,"enh6","ENSG00000070388"
4382,"enh5","ENSG00000136854"
4383,"enh13","ENSG00000198492"
4384,"enh7","ENSG00000174529"
4385,"enh5","ENSG00000103021"
4386,"enh10","ENSG00000097046"
4387,"enh8","ENSG00000167118"
4388,"enh11","ENSG00000203705"
4389,"enh5","ENSG00000105717"
4390,"enh8","ENSG00000116017"
4391,"enh6","ENSG00000126391"
4392,"enh7","ENSG00000160563"
4393,"enh1","ENSG00000175592"
4394,"enh13","ENSG00000064545"
4395,"enh14","ENSG00000167491"
4396,"enh5","ENSG00000167468"
4397,"enh13","ENSG00000141934"
4398,"enh6","ENSG00000010361"
4399,"enh4","ENSG00000182087"
4400,"enh12","ENSG00000168062"
4401,"enh5","ENSG00000051128"
4402,"enh12","ENSG00000088682"
4403,"enh14","ENSG00000144161"
4404,"enh7","ENSG00000064490"
4405,"enh3","ENSG00000197958"
4406,"enh14","ENSG00000006015"
4407,"enh6","ENSG00000136643"
4408,"enh4","ENSG00000105705"
4409,"enh2","ENSG00000184988"
4410,"enh7","ENSG00000117280"
4411,"enh12","ENSG00000130775"
4412,"enh5","ENSG00000172977"
4413,"enh14","ENSG00000136943"
4414,"enh14","ENSG00000004939"
4415,"enh2","ENSG00000153107"
4416,"enh12","ENSG00000136925"
4417,"enh3","ENSG00000134308"
4418,"enh7","ENSG00000141933"
4419,"enh12","ENSG00000126709"
4420,"enh12","ENSG00000165698"
4421,"enh6","ENSG00000198786"
4422,"enh7","ENSG00000103005"
4423,"enh5","ENSG00000133065"
4424,"enh14","ENSG00000213221"
4425,"enh10","ENSG00000089639"
4426,"enh10","ENSG00000118046"
4427,"enh4","ENSG00000070770"
4428,"enh14","ENSG00000122482"
4429,"enh2","ENSG00000126698"
4430,"enh5","ENSG00000171219"
4431,"enh11","ENSG00000165661"
4432,"enh1","ENSG00000136811"
4433,"enh8","ENSG00000197816"
4434,"enh1","ENSG00000005961"
4435,"enh5","ENSG00000119523"
4436,"enh6","ENSG00000170385"
4437,"enh10","ENSG00000134317"
4438,"enh1","ENSG00000129933"
4439,"enh10","ENSG00000136943"
4440,"enh9","ENSG00000167759"
4441,"enh14","ENSG00000167118"
4442,"enh7","ENSG00000160447"
4443,"enh14","ENSG00000185198"
4444,"enh10","ENSG00000135821"
4445,"enh12","ENSG00000115761"
4446,"enh3","ENSG00000105726"
4447,"enh14","ENSG00000161677"
4448,"enh14","ENSG00000122140"
4449,"enh7","ENSG00000136856"
4450,"enh5","ENSG00000064490"
4451,"enh10","ENSG00000039650"
4452,"enh11","ENSG00000108309"
4453,"enh8","ENSG00000117758"
4454,"enh13","ENSG00000167468"
4455,"enh8","ENSG00000167468"
4456,"enh6","ENSG00000071564"
4457,"enh14","ENSG00000141933"
4458,"enh10","ENSG00000148288"
4459,"enh12","ENSG00000087263"
4460,"enh13","ENSG00000070423"
4461,"enh10","ENSG00000051108"
4462,"enh7","ENSG00000172232"
4463,"enh5","ENSG00000125618"
4464,"enh9","ENSG00000160293"
4465,"enh11","ENSG00000227500"
4466,"enh6","ENSG00000131094"
4467,"enh14","ENSG00000168061"
4468,"enh14","ENSG00000117625"
4469,"enh8","ENSG00000165699"
4470,"enh9","ENSG00000197766"
4471,"enh7","ENSG00000165684"
4472,"enh4","ENSG00000174851"
4473,"enh10","ENSG00000125618"
4474,"enh8","ENSG00000174606"
4475,"enh1","ENSG00000108852"
4476,"enh14","ENSG00000172500"
4477,"enh7","ENSG00000131408"
4478,"enh2","ENSG00000105472"
4479,"enh5","ENSG00000204138"
4480,"enh5","ENSG00000188554"
4481,"enh9","ENSG00000130559"
4482,"enh5","ENSG00000130005"
4483,"enh1","ENSG00000153107"
4484,"enh1","ENSG00000161692"
4485,"enh5","ENSG00000197766"
4486,"enh9","ENSG00000062822"
4487,"enh7","ENSG00000104885"
4488,"enh4","ENSG00000115756"
4489,"enh5","ENSG00000144130"
4490,"enh2","ENSG00000172059"
4491,"enh9","ENSG00000188554"
4492,"enh6","ENSG00000172500"
4493,"enh6","ENSG00000182963"
4494,"enh8","ENSG00000142751"
4495,"enh10","ENSG00000187840"
4496,"enh13","ENSG00000167136"
4497,"enh2","ENSG00000169288"
4498,"enh4","ENSG00000104885"
4499,"enh7","ENSG00000115750"
4500,"enh3","ENSG00000180098"
4501,"enh5","ENSG00000256771"
4502,"enh6","ENSG00000065600"
4503,"enh5","ENSG00000133895"
4504,"enh11","ENSG00000071655"
4505,"enh10","ENSG00000174842"
4506,"enh1","ENSG00000071626"
4507,"enh10","ENSG00000136937"
4508,"enh4","ENSG00000133069"
4509,"enh10","ENSG00000165661"
4510,"enh8","ENSG00000143476"
4511,"enh2","ENSG00000115255"
4512,"enh7","ENSG00000051108"
4513,"enh10","ENSG00000030582"
4514,"enh2","ENSG00000146670"
4515,"enh3","ENSG00000186185"
4516,"enh8","ENSG00000115286"
4517,"enh14","ENSG00000130775"
4518,"enh9","ENSG00000213445"
4519,"enh3","ENSG00000130560"
4520,"enh6","ENSG00000103005"
4521,"enh3","ENSG00000241852"
4522,"enh5","ENSG00000136908"
4523,"enh11","ENSG00000175294"
4524,"enh7","ENSG00000172775"
4525,"enh8","ENSG00000090020"
4526,"enh6","ENSG00000006016"
4527,"enh11","ENSG00000167005"
4528,"enh3","ENSG00000064787"
4529,"enh6","ENSG00000149806"
4530,"enh4","ENSG00000181513"
4531,"enh1","ENSG00000143882"
4532,"enh8","ENSG00000172270"
4533,"enh7","ENSG00000167110"
4534,"enh5","ENSG00000158715"
4535,"enh12","ENSG00000172059"
4536,"enh3","ENSG00000108861"
4537,"enh2","ENSG00000182963"
4538,"enh9","ENSG00000197217"
4539,"enh7","ENSG00000161647"
4540,"enh12","ENSG00000197540"
4541,"enh2","ENSG00000107372"
4542,"enh3","ENSG00000087152"
4543,"enh2","ENSG00000123684"
4544,"enh8","ENSG00000148411"
4545,"enh10","ENSG00000172922"
4546,"enh4","ENSG00000197694"
4547,"enh8","ENSG00000162300"
4548,"enh8","ENSG00000130768"
4549,"enh2","ENSG00000138756"
4550,"enh1","ENSG00000099840"
4551,"enh13","ENSG00000133069"
4552,"enh14","ENSG00000125124"
4553,"enh7","ENSG00000110047"
4554,"enh11","ENSG00000168062"
4555,"enh2","ENSG00000165698"
4556,"enh14","ENSG00000104885"
4557,"enh5","ENSG00000158711"
4558,"enh5","ENSG00000115255"
4559,"enh1","ENSG00000011304"
4560,"enh4","ENSG00000117592"
4561,"enh11","ENSG00000102931"
4562,"enh7","ENSG00000130511"
4563,"enh12","ENSG00000153107"
4564,"enh10","ENSG00000174606"
4565,"enh4","ENSG00000177125"
4566,"enh11","ENSG00000064545"
4567,"enh6","ENSG00000198858"
4568,"enh2","ENSG00000198786"
4569,"enh10","ENSG00000170385"
4570,"enh1","ENSG00000110047"
4571,"enh1","ENSG00000174996"
4572,"enh4","ENSG00000142530"
4573,"enh5","ENSG00000133243"
4574,"enh9","ENSG00000173825"
4575,"enh7","ENSG00000141934"
4576,"enh4","ENSG00000143870"
4577,"enh14","ENSG00000182963"
4578,"enh2","ENSG00000167113"
4579,"enh10","ENSG00000167112"
4580,"enh13","ENSG00000106991"
4581,"enh8","ENSG00000197766"
4582,"enh6","ENSG00000120656"
4583,"enh14","ENSG00000142751"
4584,"enh4","ENSG00000108861"
4585,"enh14","ENSG00000064787"
4586,"enh2","ENSG00000168067"
4587,"enh13","ENSG00000174547"
4588,"enh6","ENSG00000130560"
4589,"enh12","ENSG00000118046"
4590,"enh12","ENSG00000136943"
4591,"enh8","ENSG00000130560"
4592,"enh14","ENSG00000070770"
4593,"enh1","ENSG00000169403"
4594,"enh8","ENSG00000167748"
4595,"enh3","ENSG00000196683"
4596,"enh5","ENSG00000171848"
4597,"enh11","ENSG00000125319"
4598,"enh3","ENSG00000175602"
4599,"enh5","ENSG00000196152"
4600,"enh1","ENSG00000122140"
4601,"enh13","ENSG00000162769"
4602,"enh1","ENSG00000079313"
4603,"enh5","ENSG00000160293"
4604,"enh2","ENSG00000163291"
4605,"enh9","ENSG00000105383"
4606,"enh1","ENSG00000131094"
4607,"enh9","ENSG00000148288"
4608,"enh12","ENSG00000161654"
4609,"enh8","ENSG00000187024"
4610,"enh9","ENSG00000118046"
4611,"enh12","ENSG00000117625"
4612,"enh6","ENSG00000188177"
4613,"enh4","ENSG00000119203"
4614,"enh4","ENSG00000051108"
4615,"enh5","ENSG00000165699"
4616,"enh4","ENSG00000100316"
4617,"enh10","ENSG00000149798"
4618,"enh3","ENSG00000196961"
4619,"enh11","ENSG00000186566"
4620,"enh9","ENSG00000147457"
4621,"enh1","ENSG00000122026"
4622,"enh3","ENSG00000106799"
4623,"enh13","ENSG00000129946"
4624,"enh10","ENSG00000076321"
4625,"enh11","ENSG00000196683"
4626,"enh8","ENSG00000125319"
4627,"enh9","ENSG00000148296"
4628,"enh13","ENSG00000184162"
4629,"enh3","ENSG00000170385"
4630,"enh3","ENSG00000099821"
4631,"enh7","ENSG00000187840"
4632,"enh14","ENSG00000119514"
4633,"enh1","ENSG00000144134"
4634,"enh4","ENSG00000169288"
4635,"enh7","ENSG00000156269"
4636,"enh11","ENSG00000213445"
4637,"enh8","ENSG00000119523"
4638,"enh1","ENSG00000181773"
4639,"enh8","ENSG00000174529"
4640,"enh11","ENSG00000177125"
4641,"enh8","ENSG00000148308"
4642,"enh9","ENSG00000012048"
4643,"enh11","ENSG00000123684"
4644,"enh5","ENSG00000115758"
4645,"enh6","ENSG00000148297"
4646,"enh2","ENSG00000223802"
4647,"enh4","ENSG00000147439"
4648,"enh7","ENSG00000104886"
4649,"enh10","ENSG00000171159"
4650,"enh5","ENSG00000158195"
4651,"enh6","ENSG00000167123"
4652,"enh9","ENSG00000070404"
4653,"enh3","ENSG00000071564"
4654,"enh3","ENSG00000117280"
4655,"enh10","ENSG00000133069"
4656,"enh13","ENSG00000180198"
4657,"enh2","ENSG00000125319"
4658,"enh11","ENSG00000172992"
4659,"enh3","ENSG00000126709"
4660,"enh7","ENSG00000186010"
4661,"enh4","ENSG00000169607"
4662,"enh1","ENSG00000134317"
4663,"enh1","ENSG00000110046"
4664,"enh8","ENSG00000162772"
4665,"enh8","ENSG00000158941"
4666,"enh1","ENSG00000082512"
4667,"enh11","ENSG00000196550"
4668,"enh14","ENSG00000136938"
4669,"enh12","ENSG00000115268"
4670,"enh3","ENSG00000169403"
4671,"enh11","ENSG00000167110"
4672,"enh12","ENSG00000172922"
4673,"enh12","ENSG00000174547"
4674,"enh14","ENSG00000147669"
4675,"enh4","ENSG00000165684"
4676,"enh3","ENSG00000010361"
4677,"enh3","ENSG00000106992"
4678,"enh8","ENSG00000136936"
4679,"enh10","ENSG00000130768"
4680,"enh7","ENSG00000133059"
4681,"enh11","ENSG00000106991"
4682,"enh7","ENSG00000105717"
4683,"enh11","ENSG00000115944"
4684,"enh4","ENSG00000173465"
4685,"enh11","ENSG00000253368"
4686,"enh4","ENSG00000123684"
4687,"enh11","ENSG00000144161"
4688,"enh8","ENSG00000120334"
4689,"enh3","ENSG00000115750"
4690,"enh13","ENSG00000064787"
4691,"enh10","ENSG00000142784"
4692,"enh4","ENSG00000064490"
4693,"enh6","ENSG00000105053"
4694,"enh1","ENSG00000108312"
4695,"enh5","ENSG00000167103"
4696,"enh11","ENSG00000117280"
4697,"enh11","ENSG00000129968"
4698,"enh10","ENSG00000138772"
4699,"enh4","ENSG00000197766"
4700,"enh11","ENSG00000068976"
4701,"enh13","ENSG00000142751"
4702,"enh14","ENSG00000117266"
4703,"enh1","ENSG00000030582"
4704,"enh8","ENSG00000134318"
4705,"enh6","ENSG00000161692"
4706,"enh8","ENSG00000065600"
4707,"enh7","ENSG00000030582"
4708,"enh7","ENSG00000161677"
4709,"enh6","ENSG00000130270"
4710,"enh6","ENSG00000174950"
4711,"enh2","ENSG00000120889"
4712,"enh2","ENSG00000102996"
4713,"enh8","ENSG00000143882"
4714,"enh5","ENSG00000104679"
4715,"enh7","ENSG00000106976"
4716,"enh7","ENSG00000126698"
4717,"enh8","ENSG00000105701"
4718,"enh3","ENSG00000136936"
4719,"enh4","ENSG00000189195"
4720,"enh7","ENSG00000108849"
4721,"enh5","ENSG00000110046"
4722,"enh10","ENSG00000068971"
4723,"enh14","ENSG00000160345"
4724,"enh4","ENSG00000181896"
4725,"enh6","ENSG00000152527"
4726,"enh7","ENSG00000254470"
4727,"enh9","ENSG00000198858"
4728,"enh9","ENSG00000099804"
4729,"enh5","ENSG00000161692"
4730,"enh3","ENSG00000196152"
4731,"enh10","ENSG00000136854"
4732,"enh1","ENSG00000165092"
4733,"enh12","ENSG00000102931"
4734,"enh9","ENSG00000167491"
4735,"enh1","ENSG00000130559"
4736,"enh2","ENSG00000151694"
4737,"enh5","ENSG00000162300"
4738,"enh8","ENSG00000126698"
4739,"enh11","ENSG00000069275"
4740,"enh9","ENSG00000141933"
4741,"enh13","ENSG00000158195"
4742,"enh4","ENSG00000108312"
4743,"enh3","ENSG00000168591"
4744,"enh9","ENSG00000105696"
4745,"enh6","ENSG00000185761"
4746,"enh11","ENSG00000142784"
4747,"enh14","ENSG00000138036"
4748,"enh9","ENSG00000097046"
4749,"enh5","ENSG00000165688"
4750,"enh11","ENSG00000130770"
4751,"enh5","ENSG00000105053"
4752,"enh3","ENSG00000125485"
4753,"enh3","ENSG00000167747"
4754,"enh12","ENSG00000143476"
4755,"enh7","ENSG00000188554"
4756,"enh4","ENSG00000172059"
4757,"enh7","ENSG00000105705"
4758,"enh13","ENSG00000144136"
4759,"enh10","ENSG00000162419"
4760,"enh2","ENSG00000174529"
4761,"enh10","ENSG00000091947"
4762,"enh5","ENSG00000172500"
4763,"enh10","ENSG00000196312"
4764,"enh7","ENSG00000174516"
4765,"enh11","ENSG00000160447"
4766,"enh11","ENSG00000141934"
4767,"enh11","ENSG00000188554"
4768,"enh2","ENSG00000133895"
4769,"enh9","ENSG00000176973"
4770,"enh10","ENSG00000119559"
4771,"enh11","ENSG00000175602"
4772,"enh5","ENSG00000187024"
4773,"enh1","ENSG00000196188"
4774,"enh6","ENSG00000130513"
4775,"enh10","ENSG00000188177"
4776,"enh4","ENSG00000105383"
4777,"enh6","ENSG00000008853"
4778,"enh13","ENSG00000163297"
4779,"enh6","ENSG00000213465"
4780,"enh8","ENSG00000160161"
4781,"enh12","ENSG00000079313"
4782,"enh2","ENSG00000090020"
4783,"enh14","ENSG00000160408"
4784,"enh3","ENSG00000105700"
4785,"enh4","ENSG00000162873"
4786,"enh12","ENSG00000186010"
4787,"enh2","ENSG00000147669"
4788,"enh8","ENSG00000125170"
4789,"enh1","ENSG00000144161"
4790,"enh14","ENSG00000198492"
4791,"enh6","ENSG00000126709"
4792,"enh14","ENSG00000165092"
4793,"enh12","ENSG00000105708"
4794,"enh10","ENSG00000136856"
4795,"enh4","ENSG00000149806"
4796,"enh4","ENSG00000213023"
4797,"enh6","ENSG00000241852"
4798,"enh2","ENSG00000130511"
4799,"enh5","ENSG00000012048"
4800,"enh8","ENSG00000009780"
4801,"enh9","ENSG00000127540"
4802,"enh2","ENSG00000175592"
4803,"enh3","ENSG00000168061"
4804,"enh8","ENSG00000175550"
4805,"enh12","ENSG00000106789"
4806,"enh10","ENSG00000108883"
4807,"enh2","ENSG00000188177"
4808,"enh13","ENSG00000184988"
4809,"enh2","ENSG00000095380"
4810,"enh10","ENSG00000143882"
4811,"enh2","ENSG00000116017"
4812,"enh5","ENSG00000102900"
4813,"enh7","ENSG00000149823"
4814,"enh4","ENSG00000175467"
4815,"enh7","ENSG00000115761"
4816,"enh1","ENSG00000126705"
4817,"enh1","ENSG00000165689"
4818,"enh2","ENSG00000131408"
4819,"enh5","ENSG00000090273"
4820,"enh13","ENSG00000153107"
4821,"enh12","ENSG00000127540"
4822,"enh14","ENSG00000148296"
4823,"enh3","ENSG00000221983"
4824,"enh11","ENSG00000148337"
4825,"enh9","ENSG00000153214"
4826,"enh10","ENSG00000069482"
4827,"enh8","ENSG00000148300"
4828,"enh8","ENSG00000117625"
4829,"enh10","ENSG00000070761"
4830,"enh10","ENSG00000131398"
4831,"enh13","ENSG00000133243"
4832,"enh10","ENSG00000133275"
4833,"enh11","ENSG00000090273"
4834,"enh10","ENSG00000160563"
4835,"enh3","ENSG00000099625"
4836,"enh2","ENSG00000009780"
4837,"enh1","ENSG00000160326"
4838,"enh10","ENSG00000167103"
4839,"enh4","ENSG00000197816"
4840,"enh7","ENSG00000172992"
4841,"enh7","ENSG00000130005"
4842,"enh13","ENSG00000125148"
4843,"enh5","ENSG00000165689"
4844,"enh4","ENSG00000161654"
4845,"enh1","ENSG00000176890"
4846,"enh13","ENSG00000064490"
4847,"enh7","ENSG00000165699"
4848,"enh1","ENSG00000117748"
4849,"enh14","ENSG00000173465"
4850,"enh6","ENSG00000105556"
4851,"enh8","ENSG00000142784"
4852,"enh12","ENSG00000070761"
4853,"enh1","ENSG00000105379"
4854,"enh10","ENSG00000105708"
4855,"enh12","ENSG00000176973"
4856,"enh6","ENSG00000172977"
4857,"enh2","ENSG00000115257"
4858,"enh13","ENSG00000097046"
4859,"enh8","ENSG00000136929"
4860,"enh14","ENSG00000136856"
4861,"enh4","ENSG00000105662"
4862,"enh8","ENSG00000168056"
4863,"enh8","ENSG00000095383"
4864,"enh1","ENSG00000147439"
4865,"enh11","ENSG00000175467"
4866,"enh1","ENSG00000172977"
4867,"enh7","ENSG00000198746"
4868,"enh13","ENSG00000142528"
4869,"enh8","ENSG00000163297"
4870,"enh13","ENSG00000152527"
4871,"enh11","ENSG00000006015"
4872,"enh10","ENSG00000161647"
4873,"enh12","ENSG00000186566"
4874,"enh9","ENSG00000115091"
4875,"enh14","ENSG00000105726"
4876,"enh10","ENSG00000105656"
4877,"enh4","ENSG00000125144"
4878,"enh12","ENSG00000158711"
4879,"enh8","ENSG00000174903"
4880,"enh5","ENSG00000198746"
4881,"enh12","ENSG00000104131"
4882,"enh12","ENSG00000126705"
4883,"enh11","ENSG00000066027"
4884,"enh11","ENSG00000171169"
4885,"enh5","ENSG00000057935"
4886,"enh6","ENSG00000186566"
4887,"enh2","ENSG00000117601"
4888,"enh3","ENSG00000153208"
4889,"enh11","ENSG00000119523"
4890,"enh1","ENSG00000170385"
4891,"enh5","ENSG00000135046"
4892,"enh7","ENSG00000175467"
4893,"enh5","ENSG00000125170"
4894,"enh2","ENSG00000186010"
4895,"enh14","ENSG00000130005"
4896,"enh14","ENSG00000152061"
4897,"enh2","ENSG00000136943"
4898,"enh7","ENSG00000138036"
4899,"enh6","ENSG00000167136"
4900,"enh9","ENSG00000115756"
4901,"enh13","ENSG00000136828"
4902,"enh14","ENSG00000148248"
4903,"enh8","ENSG00000115758"
4904,"enh1","ENSG00000174871"
4905,"enh13","ENSG00000129968"
4906,"enh9","ENSG00000117748"
4907,"enh3","ENSG00000125618"
4908,"enh7","ENSG00000107290"
4909,"enh3","ENSG00000189195"
4910,"enh12","ENSG00000103021"
4911,"enh14","ENSG00000142733"
4912,"enh6","ENSG00000254901"
4913,"enh11","ENSG00000167470"
4914,"enh6","ENSG00000172270"
4915,"enh13","ENSG00000175115"
4916,"enh6","ENSG00000162769"
4917,"enh4","ENSG00000133884"
4918,"enh5","ENSG00000064547"
4919,"enh12","ENSG00000158941"
4920,"enh11","ENSG00000155380"
4921,"enh10","ENSG00000129933"
4922,"enh3","ENSG00000070761"
4923,"enh11","ENSG00000120913"
4924,"enh1","ENSG00000171848"
4925,"enh9","ENSG00000125170"
4926,"enh11","ENSG00000147439"
4927,"enh8","ENSG00000105705"
4928,"enh5","ENSG00000160345"
4929,"enh7","ENSG00000160326"
4930,"enh7","ENSG00000189195"
4931,"enh4","ENSG00000051128"
4932,"enh1","ENSG00000160408"
4933,"enh14","ENSG00000105669"
4934,"enh2","ENSG00000136830"
4935,"enh14","ENSG00000116014"
4936,"enh6","ENSG00000126698"
4937,"enh6","ENSG00000095383"
4938,"enh1","ENSG00000198786"
4939,"enh2","ENSG00000064787"
4940,"enh12","ENSG00000213023"
4941,"enh12","ENSG00000162976"
4942,"enh9","ENSG00000095383"
4943,"enh2","ENSG00000197694"
4944,"enh8","ENSG00000174996"
4945,"enh9","ENSG00000213221"
4946,"enh10","ENSG00000071564"
4947,"enh14","ENSG00000171848"
4948,"enh3","ENSG00000147457"
4949,"enh14","ENSG00000161654"
4950,"enh14","ENSG00000169288"
4951,"enh5","ENSG00000160446"
4952,"enh3","ENSG00000172775"
4953,"enh6","ENSG00000171159"
4954,"enh14","ENSG00000089639"
4955,"enh9","ENSG00000196188"
4956,"enh12","ENSG00000172757"
4957,"enh2","ENSG00000148334"
4958,"enh14","ENSG00000238227"
4959,"enh7","ENSG00000131097"
4960,"enh2","ENSG00000174903"
4961,"enh10","ENSG00000095383"
4962,"enh8","ENSG00000117266"
4963,"enh9","ENSG00000142733"
4964,"enh5","ENSG00000148339"
4965,"enh13","ENSG00000148308"
4966,"enh8","ENSG00000167491"
4967,"enh5","ENSG00000148248"
4968,"enh10","ENSG00000158195"
4969,"enh13","ENSG00000188177"
4970,"enh13","ENSG00000165689"
4971,"enh2","ENSG00000172270"
4972,"enh8","ENSG00000162419"
4973,"enh3","ENSG00000171219"
4974,"enh13","ENSG00000241852"
4975,"enh10","ENSG00000168061"
4976,"enh9","ENSG00000120913"
4977,"enh11","ENSG00000115758"
4978,"enh3","ENSG00000117691"
4979,"enh12","ENSG00000115084"
4980,"enh9","ENSG00000106991"
4981,"enh13","ENSG00000167005"
4982,"enh11","ENSG00000138767"
4983,"enh13","ENSG00000071655"
4984,"enh14","ENSG00000175294"
4985,"enh6","ENSG00000136854"
4986,"enh7","ENSG00000162976"
4987,"enh7","ENSG00000082512"
4988,"enh9","ENSG00000136925"
4989,"enh14","ENSG00000129933"
4990,"enh5","ENSG00000254986"
4991,"enh5","ENSG00000196683"
4992,"enh6","ENSG00000099622"
4993,"enh3","ENSG00000119523"
4994,"enh8","ENSG00000204673"
4995,"enh9","ENSG00000091947"
4996,"enh10","ENSG00000204291"
4997,"enh9","ENSG00000168067"
4998,"enh13","ENSG00000227500"
4999,"enh6","ENSG00000168061"
5000,"enh13","ENSG00000197136"
5001,"enh11","ENSG00000196415"
5002,"enh4","ENSG00000180340"
5003,"enh6","ENSG00000134318"
5004,"enh4","ENSG00000068971"
5005,"enh3","ENSG00000136925"
5006,"enh8","ENSG00000068976"
5007,"enh5","ENSG00000136856"
5008,"enh4","ENSG00000090273"
5009,"enh6","ENSG00000256771"
5010,"enh1","ENSG00000125124"
5011,"enh8","ENSG00000125124"
5012,"enh1","ENSG00000173327"
5013,"enh7","ENSG00000125482"
5014,"enh5","ENSG00000107290"
5015,"enh5","ENSG00000253368"
5016,"enh4","ENSG00000105696"
5017,"enh3","ENSG00000087365"
5018,"enh8","ENSG00000223802"
5019,"enh6","ENSG00000136908"
5020,"enh10","ENSG00000117751"
5021,"enh10","ENSG00000105053"
5022,"enh8","ENSG00000153214"
5023,"enh4","ENSG00000187193"
5024,"enh5","ENSG00000064545"
5025,"enh11","ENSG00000148291"
5026,"enh7","ENSG00000198417"
5027,"enh8","ENSG00000149806"
5028,"enh2","ENSG00000167747"
5029,"enh2","ENSG00000181513"
5030,"enh8","ENSG00000175906"
5031,"enh10","ENSG00000134330"
5032,"enh4","ENSG00000105374"
5033,"enh11","ENSG00000134318"
5034,"enh4","ENSG00000175221"
5035,"enh1","ENSG00000107372"
5036,"enh6","ENSG00000065000"
5037,"enh7","ENSG00000140859"
5038,"enh8","ENSG00000123684"
5039,"enh5","ENSG00000196422"
5040,"enh14","ENSG00000130559"
5041,"enh12","ENSG00000095383"
5042,"enh14","ENSG00000144130"
5043,"enh8","ENSG00000134317"
5044,"enh4","ENSG00000161714"
5045,"enh7","ENSG00000169136"
5046,"enh12","ENSG00000133884"
5047,"enh6","ENSG00000147454"
5048,"enh14","ENSG00000161671"
5049,"enh8","ENSG00000148290"
5050,"enh14","ENSG00000153208"
5051,"enh12","ENSG00000148296"
5052,"enh6","ENSG00000140854"
5053,"enh5","ENSG00000140859"
5054,"enh1","ENSG00000067596"
5055,"enh7","ENSG00000129946"
5056,"enh5","ENSG00000175115"
5057,"enh7","ENSG00000064545"
5058,"enh1","ENSG00000254901"
5059,"enh11","ENSG00000163297"
5060,"enh7","ENSG00000168066"
5061,"enh5","ENSG00000148303"
5062,"enh12","ENSG00000174950"
5063,"enh9","ENSG00000115944"
5064,"enh11","ENSG00000130775"
5065,"enh13","ENSG00000071626"
5066,"enh8","ENSG00000131408"
5067,"enh2","ENSG00000175221"
5068,"enh7","ENSG00000176973"
5069,"enh5","ENSG00000163291"
5070,"enh5","ENSG00000126709"
5071,"enh9","ENSG00000176890"
5072,"enh8","ENSG00000114999"
5073,"enh12","ENSG00000051108"
5074,"enh12","ENSG00000148290"
5075,"enh6","ENSG00000119185"
5076,"enh6","ENSG00000174871"
5077,"enh6","ENSG00000158941"
5078,"enh4","ENSG00000087152"
5079,"enh14","ENSG00000167747"
5080,"enh9","ENSG00000148300"
5081,"enh4","ENSG00000119523"
5082,"enh5","ENSG00000091947"
5083,"enh6","ENSG00000136936"
5084,"enh12","ENSG00000140859"
5085,"enh2","ENSG00000171169"
5086,"enh1","ENSG00000062822"
5087,"enh1","ENSG00000213024"
5088,"enh5","ENSG00000162298"
5089,"enh3","ENSG00000125611"
5090,"enh3","ENSG00000198840"
5091,"enh10","ENSG00000235034"
5092,"enh4","ENSG00000106799"
5093,"enh8","ENSG00000135870"
5094,"enh14","ENSG00000104886"
5095,"enh5","ENSG00000114999"
5096,"enh1","ENSG00000120896"
5097,"enh10","ENSG00000161714"
5098,"enh8","ENSG00000197217"
5099,"enh14","ENSG00000148308"
5100,"enh5","ENSG00000051108"
5101,"enh6","ENSG00000133059"
5102,"enh1","ENSG00000131400"
5103,"enh11","ENSG00000147454"
5104,"enh2","ENSG00000178093"
5105,"enh5","ENSG00000181773"
5106,"enh2","ENSG00000136929"
5107,"enh14","ENSG00000107290"
5108,"enh9","ENSG00000167005"
5109,"enh3","ENSG00000114999"
5110,"enh14","ENSG00000133243"
5111,"enh11","ENSG00000133069"
5112,"enh13","ENSG00000160271"
5113,"enh4","ENSG00000198840"
5114,"enh1","ENSG00000064787"
5115,"enh10","ENSG00000175334"
5116,"enh1","ENSG00000142733"
5117,"enh8","ENSG00000091947"
5118,"enh7","ENSG00000119185"
5119,"enh4","ENSG00000133065"
5120,"enh9","ENSG00000105669"
5121,"enh1","ENSG00000171219"
5122,"enh4","ENSG00000120889"
5123,"enh11","ENSG00000161671"
5124,"enh9","ENSG00000039650"
5125,"enh13","ENSG00000099821"
5126,"enh14","ENSG00000013306"
5127,"enh11","ENSG00000167747"
5128,"enh11","ENSG00000254470"
5129,"enh12","ENSG00000125144"
5130,"enh13","ENSG00000148339"
5131,"enh13","ENSG00000148411"
5132,"enh3","ENSG00000039650"
5133,"enh1","ENSG00000149792"
5134,"enh9","ENSG00000151694"
5135,"enh3","ENSG00000153214"
5136,"enh4","ENSG00000123685"
5137,"enh2","ENSG00000135870"
5138,"enh10","ENSG00000167747"
5139,"enh5","ENSG00000204291"
5140,"enh8","ENSG00000161714"
5141,"enh5","ENSG00000130560"
5142,"enh5","ENSG00000156269"
5143,"enh4","ENSG00000115268"
5144,"enh9","ENSG00000108852"
5145,"enh10","ENSG00000167123"
5146,"enh6","ENSG00000198840"
5147,"enh10","ENSG00000172977"
5148,"enh10","ENSG00000065268"
5149,"enh8","ENSG00000136938"
5150,"enh1","ENSG00000142528"
5151,"enh11","ENSG00000165684"
5152,"enh4","ENSG00000198746"
5153,"enh8","ENSG00000174684"
5154,"enh3","ENSG00000168066"
5155,"enh2","ENSG00000014216"
5156,"enh9","ENSG00000004939"
5157,"enh2","ENSG00000149798"
5158,"enh12","ENSG00000030582"
5159,"enh11","ENSG00000213221"
5160,"enh14","ENSG00000162300"
5161,"enh6","ENSG00000162772"
5162,"enh2","ENSG00000160446"
5163,"enh9","ENSG00000148356"
5164,"enh5","ENSG00000228300"
5165,"enh12","ENSG00000184988"
5166,"enh4","ENSG00000165689"
5167,"enh10","ENSG00000065600"
5168,"enh12","ENSG00000163291"
5169,"enh12","ENSG00000087365"
5170,"enh12","ENSG00000174851"
5171,"enh13","ENSG00000138756"
5172,"enh13","ENSG00000168062"
5173,"enh3","ENSG00000186010"
5174,"enh2","ENSG00000108840"
5175,"enh13","ENSG00000228300"
5176,"enh12","ENSG00000174529"
5177,"enh2","ENSG00000161677"
5178,"enh11","ENSG00000167113"
5179,"enh14","ENSG00000213445"
5180,"enh8","ENSG00000108849"
5181,"enh3","ENSG00000174606"
5182,"enh9","ENSG00000174903"
5183,"enh4","ENSG00000160447"
5184,"enh11","ENSG00000173825"
5185,"enh2","ENSG00000105705"
5186,"enh11","ENSG00000160326"
5187,"enh3","ENSG00000008853"
5188,"enh10","ENSG00000148297"
5189,"enh12","ENSG00000148411"
5190,"enh10","ENSG00000064545"
5191,"enh3","ENSG00000160953"
5192,"enh10","ENSG00000228300"
5193,"enh13","ENSG00000099864"
5194,"enh9","ENSG00000174606"
5195,"enh5","ENSG00000125319"
5196,"enh4","ENSG00000175550"
5197,"enh7","ENSG00000123685"
5198,"enh13","ENSG00000161714"
5199,"enh10","ENSG00000117266"
5200,"enh3","ENSG00000165689"
5201,"enh4","ENSG00000136943"
5202,"enh6","ENSG00000148411"
5203,"enh3","ENSG00000140859"
5204,"enh11","ENSG00000131097"
5205,"enh13","ENSG00000138036"
5206,"enh7","ENSG00000005961"
5207,"enh13","ENSG00000105383"
5208,"enh4","ENSG00000213445"
5209,"enh9","ENSG00000165138"
5210,"enh11","ENSG00000115756"
5211,"enh11","ENSG00000105497"
5212,"enh13","ENSG00000136929"
5213,"enh14","ENSG00000170385"
5214,"enh2","ENSG00000163297"
5215,"enh7","ENSG00000196961"
5216,"enh2","ENSG00000105700"
5217,"enh14","ENSG00000110047"
5218,"enh6","ENSG00000130772"
5219,"enh3","ENSG00000188177"
5220,"enh11","ENSG00000051108"
5221,"enh13","ENSG00000149823"
5222,"enh4","ENSG00000196188"
5223,"enh2","ENSG00000136682"
5224,"enh9","ENSG00000125611"
5225,"enh10","ENSG00000106785"
5226,"enh4","ENSG00000160318"
5227,"enh5","ENSG00000119125"
5228,"enh14","ENSG00000167103"
5229,"enh13","ENSG00000136937"
5230,"enh11","ENSG00000136943"
5231,"enh3","ENSG00000159648"
5232,"enh1","ENSG00000160325"
5233,"enh8","ENSG00000106976"
5234,"enh10","ENSG00000173442"
5235,"enh9","ENSG00000254901"
5236,"enh8","ENSG00000262874"
5237,"enh1","ENSG00000181035"
5238,"enh10","ENSG00000068976"
5239,"enh8","ENSG00000117650"
5240,"enh8","ENSG00000168061"
5241,"enh2","ENSG00000127540"
5242,"enh8","ENSG00000070404"
5243,"enh7","ENSG00000221983"
5244,"enh1","ENSG00000160447"
5245,"enh2","ENSG00000114999"
5246,"enh6","ENSG00000117650"
5247,"enh8","ENSG00000156269"
5248,"enh1","ENSG00000106799"
5249,"enh4","ENSG00000167759"
5250,"enh3","ENSG00000147454"
5251,"enh10","ENSG00000173039"
5252,"enh11","ENSG00000010361"
5253,"enh7","ENSG00000120913"
5254,"enh8","ENSG00000159461"
5255,"enh7","ENSG00000182963"
5256,"enh8","ENSG00000172232"
5257,"enh3","ENSG00000197540"
5258,"enh8","ENSG00000119392"
5259,"enh4","ENSG00000105379"
5260,"enh2","ENSG00000129911"
5261,"enh10","ENSG00000147457"
5262,"enh6","ENSG00000082512"
5263,"enh3","ENSG00000213221"
5264,"enh6","ENSG00000136929"
5265,"enh13","ENSG00000115756"
5266,"enh1","ENSG00000105726"
5267,"enh9","ENSG00000087263"
5268,"enh3","ENSG00000140854"
5269,"enh6","ENSG00000175832"
5270,"enh12","ENSG00000159461"
5271,"enh8","ENSG00000129911"
5272,"enh10","ENSG00000102900"
5273,"enh12","ENSG00000006016"
5274,"enh3","ENSG00000014216"
5275,"enh8","ENSG00000106799"
5276,"enh10","ENSG00000174903"
5277,"enh3","ENSG00000070404"
5278,"enh2","ENSG00000099625"
5279,"enh10","ENSG00000198492"
5280,"enh11","ENSG00000198917"
5281,"enh7","ENSG00000196415"
5282,"enh5","ENSG00000197217"
5283,"enh5","ENSG00000136807"
5284,"enh4","ENSG00000136682"
5285,"enh5","ENSG00000174516"
5286,"enh4","ENSG00000160293"
5287,"enh10","ENSG00000108861"
5288,"enh4","ENSG00000129911"
5289,"enh10","ENSG00000152527"
5290,"enh14","ENSG00000143882"
5291,"enh10","ENSG00000169403"
5292,"enh6","ENSG00000167487"
5293,"enh3","ENSG00000187024"
5294,"enh13","ENSG00000115255"
5295,"enh6","ENSG00000204138"
5296,"enh11","ENSG00000064687"
5297,"enh4","ENSG00000174684"
5298,"enh7","ENSG00000136682"
5299,"enh11","ENSG00000005194"
5300,"enh14","ENSG00000177125"
5301,"enh7","ENSG00000108312"
5302,"enh4","ENSG00000165661"
5303,"enh1","ENSG00000117751"
5304,"enh12","ENSG00000117601"
5305,"enh14","ENSG00000106789"
5306,"enh4","ENSG00000149798"
5307,"enh6","ENSG00000118046"
5308,"enh6","ENSG00000173442"
5309,"enh11","ENSG00000204673"
5310,"enh3","ENSG00000131398"
5311,"enh10","ENSG00000175854"
5312,"enh3","ENSG00000005194"
5313,"enh11","ENSG00000119514"
5314,"enh14","ENSG00000131097"
5315,"enh1","ENSG00000120334"
5316,"enh12","ENSG00000136929"
5317,"enh11","ENSG00000064787"
5318,"enh10","ENSG00000119392"
5319,"enh1","ENSG00000125144"
5320,"enh5","ENSG00000152527"
5321,"enh12","ENSG00000254470"
5322,"enh10","ENSG00000156269"
5323,"enh12","ENSG00000135870"
5324,"enh1","ENSG00000140859"
5325,"enh7","ENSG00000185198"
5326,"enh7","ENSG00000087152"
5327,"enh6","ENSG00000105671"
5328,"enh8","ENSG00000105374"
5329,"enh4","ENSG00000167118"
5330,"enh12","ENSG00000136937"
5331,"enh5","ENSG00000167491"
5332,"enh11","ENSG00000148411"
5333,"enh14","ENSG00000188554"
5334,"enh7","ENSG00000196422"
5335,"enh13","ENSG00000102978"
5336,"enh14","ENSG00000160447"
5337,"enh3","ENSG00000143870"
5338,"enh3","ENSG00000105696"
5339,"enh14","ENSG00000172757"
5340,"enh6","ENSG00000141934"
5341,"enh10","ENSG00000064607"
5342,"enh6","ENSG00000213988"
5343,"enh6","ENSG00000148334"
5344,"enh7","ENSG00000168056"
5345,"enh14","ENSG00000068971"
5346,"enh1","ENSG00000161671"
5347,"enh9","ENSG00000160318"
5348,"enh12","ENSG00000125611"
5349,"enh5","ENSG00000069275"
5350,"enh14","ENSG00000162878"
5351,"enh13","ENSG00000181588"
5352,"enh9","ENSG00000106785"
5353,"enh7","ENSG00000117751"
5354,"enh14","ENSG00000166188"
5355,"enh4","ENSG00000168066"
5356,"enh10","ENSG00000165684"
5357,"enh1","ENSG00000105374"
5358,"enh14","ENSG00000097046"
5359,"enh10","ENSG00000105669"
5360,"enh1","ENSG00000106976"
5361,"enh13","ENSG00000172059"
5362,"enh2","ENSG00000181781"
5363,"enh8","ENSG00000181035"
5364,"enh1","ENSG00000136807"
5365,"enh12","ENSG00000175294"
5366,"enh12","ENSG00000161682"
5367,"enh6","ENSG00000221983"
5368,"enh12","ENSG00000223802"
5369,"enh14","ENSG00000104679"
5370,"enh5","ENSG00000160326"
5371,"enh8","ENSG00000105379"
5372,"enh11","ENSG00000099866"
5373,"enh1","ENSG00000228300"
5374,"enh9","ENSG00000198870"
5375,"enh7","ENSG00000170385"
5376,"enh8","ENSG00000071564"
5377,"enh7","ENSG00000182087"
5378,"enh12","ENSG00000175592"
5379,"enh5","ENSG00000134330"
5380,"enh10","ENSG00000148303"
5381,"enh12","ENSG00000147439"
5382,"enh6","ENSG00000158161"
5383,"enh2","ENSG00000204673"
5384,"enh2","ENSG00000136925"
5385,"enh9","ENSG00000250067"
5386,"enh13","ENSG00000168056"
5387,"enh6","ENSG00000198492"
5388,"enh14","ENSG00000108852"
5389,"enh8","ENSG00000160325"
5390,"enh12","ENSG00000197694"
5391,"enh7","ENSG00000147439"
5392,"enh5","ENSG00000160563"
5393,"enh5","ENSG00000104131"
5394,"enh13","ENSG00000168061"
5395,"enh1","ENSG00000176973"
5396,"enh4","ENSG00000185278"
5397,"enh8","ENSG00000105671"
5398,"enh9","ENSG00000158941"
5399,"enh11","ENSG00000106799"
5400,"enh7","ENSG00000108309"
5401,"enh8","ENSG00000167103"
5402,"enh6","ENSG00000141933"
5403,"enh2","ENSG00000138772"
5404,"enh11","ENSG00000172922"
5405,"enh14","ENSG00000130513"
5406,"enh5","ENSG00000147457"
5407,"enh10","ENSG00000167114"
5408,"enh8","ENSG00000062822"
5409,"enh4","ENSG00000184162"
5410,"enh5","ENSG00000198840"
5411,"enh3","ENSG00000006015"
5412,"enh7","ENSG00000174606"
5413,"enh2","ENSG00000153208"
5414,"enh12","ENSG00000068831"
5415,"enh1","ENSG00000188177"
5416,"enh12","ENSG00000213638"
5417,"enh6","ENSG00000117222"
5418,"enh12","ENSG00000120334"
5419,"enh2","ENSG00000119523"
5420,"enh7","ENSG00000005194"
5421,"enh2","ENSG00000135046"
5422,"enh7","ENSG00000171159"
5423,"enh14","ENSG00000149798"
5424,"enh12","ENSG00000167123"
5425,"enh8","ENSG00000136908"
5426,"enh6","ENSG00000122140"
5427,"enh14","ENSG00000175602"
5428,"enh9","ENSG00000068831"
5429,"enh5","ENSG00000162241"
5430,"enh12","ENSG00000175906"
5431,"enh14","ENSG00000162873"
5432,"enh11","ENSG00000174996"
5433,"enh14","ENSG00000176890"
5434,"enh5","ENSG00000104885"
5435,"enh12","ENSG00000197766"
5436,"enh4","ENSG00000185198"
5437,"enh14","ENSG00000107372"
5438,"enh4","ENSG00000187024"
5439,"enh11","ENSG00000102900"
5440,"enh3","ENSG00000126391"
5441,"enh2","ENSG00000130005"
5442,"enh12","ENSG00000165661"
5443,"enh2","ENSG00000051108"
5444,"enh2","ENSG00000148303"
5445,"enh3","ENSG00000105705"
5446,"enh1","ENSG00000108840"
5447,"enh11","ENSG00000171848"
5448,"enh12","ENSG00000122140"
5449,"enh2","ENSG00000174996"
5450,"enh7","ENSG00000143476"
5451,"enh13","ENSG00000141933"
5452,"enh2","ENSG00000087152"
5453,"enh6","ENSG00000130775"
5454,"enh5","ENSG00000134308"
5455,"enh5","ENSG00000102978"
5456,"enh1","ENSG00000174684"
5457,"enh14","ENSG00000076321"
5458,"enh8","ENSG00000123685"
5459,"enh12","ENSG00000130770"
5460,"enh10","ENSG00000126705"
5461,"enh14","ENSG00000117758"
5462,"enh6","ENSG00000168056"
5463,"enh9","ENSG00000129951"
5464,"enh5","ENSG00000198858"
5465,"enh4","ENSG00000160408"
5466,"enh11","ENSG00000142751"
5467,"enh4","ENSG00000135046"
5468,"enh12","ENSG00000213988"
5469,"enh9","ENSG00000162772"
5470,"enh3","ENSG00000110046"
5471,"enh6","ENSG00000133895"
5472,"enh14","ENSG00000119333"
5473,"enh7","ENSG00000143493"
5474,"enh9","ENSG00000175221"
5475,"enh6","ENSG00000120334"
5476,"enh2","ENSG00000125170"
5477,"enh12","ENSG00000131409"
5478,"enh10","ENSG00000122482"
5479,"enh7","ENSG00000133895"
5480,"enh11","ENSG00000180198"
5481,"enh9","ENSG00000174684"
5482,"enh14","ENSG00000174842"
5483,"enh14","ENSG00000129946"
5484,"enh4","ENSG00000131408"
5485,"enh3","ENSG00000105708"
5486,"enh1","ENSG00000161714"
5487,"enh12","ENSG00000256771"
5488,"enh3","ENSG00000185278"
5489,"enh12","ENSG00000173465"
5490,"enh3","ENSG00000158161"
5491,"enh2","ENSG00000167491"
5492,"enh7","ENSG00000169607"
5493,"enh10","ENSG00000178093"
5494,"enh1","ENSG00000148291"
5495,"enh7","ENSG00000223802"
5496,"enh6","ENSG00000180098"
5497,"enh9","ENSG00000159579"
5498,"enh14","ENSG00000174996"
5499,"enh6","ENSG00000104897"
5500,"enh3","ENSG00000120889"
5501,"enh13","ENSG00000175854"
5502,"enh6","ENSG00000105655"
5503,"enh14","ENSG00000117280"
5504,"enh11","ENSG00000104679"
5505,"enh7","ENSG00000117758"
5506,"enh8","ENSG00000162976"
5507,"enh9","ENSG00000152518"
5508,"enh4","ENSG00000065600"
5509,"enh11","ENSG00000172059"
5510,"enh6","ENSG00000105726"
5511,"enh13","ENSG00000172922"
5512,"enh12","ENSG00000064932"
5513,"enh13","ENSG00000146670"
5514,"enh12","ENSG00000106799"
5515,"enh8","ENSG00000204138"
5516,"enh2","ENSG00000070404"
5517,"enh3","ENSG00000173039"
5518,"enh14","ENSG00000064687"
5519,"enh2","ENSG00000160345"
5520,"enh10","ENSG00000125611"
5521,"enh5","ENSG00000169288"
5522,"enh12","ENSG00000178093"
5523,"enh6","ENSG00000167103"
5524,"enh1","ENSG00000148411"
5525,"enh14","ENSG00000125482"
5526,"enh14","ENSG00000119203"
5527,"enh3","ENSG00000116017"
5528,"enh12","ENSG00000125484"
5529,"enh11","ENSG00000213465"
5530,"enh1","ENSG00000148308"
5531,"enh3","ENSG00000168056"
5532,"enh1","ENSG00000172775"
5533,"enh11","ENSG00000213023"
5534,"enh9","ENSG00000006015"
5535,"enh4","ENSG00000110046"
5536,"enh4","ENSG00000204673"
5537,"enh7","ENSG00000166188"
5538,"enh2","ENSG00000136828"
5539,"enh8","ENSG00000167470"
5540,"enh12","ENSG00000175832"
5541,"enh5","ENSG00000106991"
5542,"enh2","ENSG00000129968"
5543,"enh14","ENSG00000175707"
5544,"enh6","ENSG00000136830"
5545,"enh1","ENSG00000125618"
5546,"enh8","ENSG00000160271"
5547,"enh8","ENSG00000144136"
5548,"enh4","ENSG00000148300"
5549,"enh1","ENSG00000119559"
5550,"enh4","ENSG00000104689"
5551,"enh6","ENSG00000115091"
5552,"enh5","ENSG00000174744"
5553,"enh10","ENSG00000100316"
5554,"enh9","ENSG00000162241"
5555,"enh7","ENSG00000130766"
5556,"enh13","ENSG00000119335"
5557,"enh9","ENSG00000147439"
5558,"enh11","ENSG00000144134"
5559,"enh9","ENSG00000171940"
5560,"enh8","ENSG00000158195"
5561,"enh5","ENSG00000110047"
5562,"enh7","ENSG00000069275"
5563,"enh5","ENSG00000162873"
5564,"enh4","ENSG00000005007"
5565,"enh12","ENSG00000143493"
5566,"enh8","ENSG00000175573"
5567,"enh13","ENSG00000168066"
5568,"enh2","ENSG00000115758"
5569,"enh6","ENSG00000197694"
5570,"enh1","ENSG00000130270"
5571,"enh13","ENSG00000213221"
5572,"enh12","ENSG00000167759"
5573,"enh7","ENSG00000138756"
5574,"enh10","ENSG00000117280"
5575,"enh14","ENSG00000163297"
5576,"enh3","ENSG00000172232"
5577,"enh10","ENSG00000171848"
5578,"enh10","ENSG00000140854"
5579,"enh4","ENSG00000062822"
5580,"enh1","ENSG00000131097"
5581,"enh1","ENSG00000148296"
5582,"enh8","ENSG00000136807"
5583,"enh14","ENSG00000143924"
5584,"enh13","ENSG00000171159"
5585,"enh5","ENSG00000119514"
5586,"enh4","ENSG00000175376"
5587,"enh3","ENSG00000143493"
5588,"enh3","ENSG00000119333"
5589,"enh3","ENSG00000136943"
5590,"enh1","ENSG00000159648"
5591,"enh10","ENSG00000142528"
5592,"enh6","ENSG00000143924"
5593,"enh12","ENSG00000148308"
5594,"enh12","ENSG00000130511"
5595,"enh9","ENSG00000108861"
5596,"enh9","ENSG00000143924"
5597,"enh7","ENSG00000160953"
5598,"enh3","ENSG00000134317"
5599,"enh6","ENSG00000104946"
5600,"enh2","ENSG00000158941"
5601,"enh7","ENSG00000160325"
5602,"enh10","ENSG00000143924"
5603,"enh9","ENSG00000130560"
5604,"enh7","ENSG00000133275"
5605,"enh3","ENSG00000165699"
5606,"enh2","ENSG00000204138"
5607,"enh9","ENSG00000131094"
5608,"enh2","ENSG00000117593"
5609,"enh4","ENSG00000144134"
5610,"enh9","ENSG00000103021"
5611,"enh10","ENSG00000107372"
5612,"enh9","ENSG00000177125"
5613,"enh1","ENSG00000125482"
5614,"enh12","ENSG00000104679"
5615,"enh7","ENSG00000162769"
5616,"enh2","ENSG00000134330"
5617,"enh10","ENSG00000148337"
5618,"enh11","ENSG00000013306"
5619,"enh14","ENSG00000070404"
5620,"enh3","ENSG00000172500"
5621,"enh11","ENSG00000148297"
5622,"enh13","ENSG00000105700"
5623,"enh7","ENSG00000008853"
5624,"enh9","ENSG00000174996"
5625,"enh6","ENSG00000105717"
5626,"enh1","ENSG00000141934"
5627,"enh12","ENSG00000149809"
5628,"enh6","ENSG00000148290"
5629,"enh12","ENSG00000115255"
5630,"enh2","ENSG00000174684"
5631,"enh14","ENSG00000136895"
5632,"enh5","ENSG00000142733"
5633,"enh11","ENSG00000162669"
5634,"enh10","ENSG00000148290"
5635,"enh4","ENSG00000149809"
5636,"enh9","ENSG00000186566"
5637,"enh14","ENSG00000198858"
5638,"enh1","ENSG00000175707"
5639,"enh9","ENSG00000115257"
5640,"enh13","ENSG00000136643"
5641,"enh13","ENSG00000196152"
5642,"enh6","ENSG00000161677"
5643,"enh12","ENSG00000141934"
5644,"enh1","ENSG00000186566"
5645,"enh11","ENSG00000160345"
5646,"enh2","ENSG00000197217"
5647,"enh6","ENSG00000136448"
5648,"enh9","ENSG00000148303"
5649,"enh10","ENSG00000138036"
5650,"enh4","ENSG00000254901"
5651,"enh10","ENSG00000126391"
5652,"enh3","ENSG00000167487"
5653,"enh5","ENSG00000125485"
5654,"enh5","ENSG00000115268"
5655,"enh5","ENSG00000117266"
5656,"enh2","ENSG00000005007"
5657,"enh6","ENSG00000197958"
5658,"enh4","ENSG00000135870"
5659,"enh14","ENSG00000102978"
5660,"enh14","ENSG00000064607"
5661,"enh2","ENSG00000115268"
5662,"enh8","ENSG00000175115"
5663,"enh7","ENSG00000196550"
5664,"enh5","ENSG00000197958"
5665,"enh11","ENSG00000119185"
5666,"enh3","ENSG00000119392"
5667,"enh9","ENSG00000082512"
5668,"enh14","ENSG00000099840"
5669,"enh8","ENSG00000171848"
5670,"enh12","ENSG00000175854"
5671,"enh9","ENSG00000147669"
5672,"enh7","ENSG00000169288"
5673,"enh12","ENSG00000171940"
5674,"enh10","ENSG00000131409"
5675,"enh4","ENSG00000162241"
5676,"enh1","ENSG00000181513"
5677,"enh1","ENSG00000064666"
5678,"enh3","ENSG00000142733"
5679,"enh12","ENSG00000104886"
5680,"enh4","ENSG00000198917"
5681,"enh13","ENSG00000148337"
5682,"enh12","ENSG00000105669"
5683,"enh9","ENSG00000014138"
5684,"enh12","ENSG00000167114"
5685,"enh9","ENSG00000162769"
5686,"enh4","ENSG00000196550"
5687,"enh10","ENSG00000160447"
5688,"enh6","ENSG00000147669"
5689,"enh6","ENSG00000136682"
5690,"enh6","ENSG00000254470"
5691,"enh12","ENSG00000160447"
5692,"enh8","ENSG00000117280"
5693,"enh3","ENSG00000136842"
5694,"enh14","ENSG00000136854"
5695,"enh11","ENSG00000153208"
5696,"enh13","ENSG00000144161"
5697,"enh10","ENSG00000176973"
5698,"enh2","ENSG00000141349"
5699,"enh9","ENSG00000140848"
5700,"enh4","ENSG00000069482"
5701,"enh6","ENSG00000172992"
5702,"enh7","ENSG00000125124"
5703,"enh8","ENSG00000131398"
5704,"enh5","ENSG00000186806"
5705,"enh1","ENSG00000102931"
5706,"enh5","ENSG00000172081"
5707,"enh13","ENSG00000117697"
5708,"enh13","ENSG00000197694"
5709,"enh11","ENSG00000065268"
5710,"enh13","ENSG00000069275"
5711,"enh8","ENSG00000235034"
5712,"enh1","ENSG00000095383"
5713,"enh12","ENSG00000174871"
5714,"enh5","ENSG00000105556"
5715,"enh8","ENSG00000196116"
5716,"enh8","ENSG00000070423"
5717,"enh3","ENSG00000070770"
5718,"enh12","ENSG00000140854"
5719,"enh3","ENSG00000167106"
5720,"enh11","ENSG00000131408"
5721,"enh6","ENSG00000172232"
5722,"enh13","ENSG00000186010"
5723,"enh3","ENSG00000134330"
5724,"enh6","ENSG00000162873"
5725,"enh4","ENSG00000167487"
5726,"enh14","ENSG00000068976"
5727,"enh6","ENSG00000142528"
5728,"enh13","ENSG00000158941"
5729,"enh14","ENSG00000173442"
5730,"enh13","ENSG00000175550"
5731,"enh5","ENSG00000163297"
5732,"enh2","ENSG00000126391"
5733,"enh5","ENSG00000102996"
5734,"enh9","ENSG00000130772"
5735,"enh5","ENSG00000099875"
5736,"enh4","ENSG00000148291"
5737,"enh10","ENSG00000160445"
5738,"enh6","ENSG00000105374"
5739,"enh3","ENSG00000148337"
5740,"enh11","ENSG00000144136"
5741,"enh12","ENSG00000105556"
5742,"enh4","ENSG00000105708"
5743,"enh9","ENSG00000213988"
5744,"enh1","ENSG00000182963"
5745,"enh9","ENSG00000010361"
5746,"enh12","ENSG00000144136"
5747,"enh2","ENSG00000105662"
5748,"enh1","ENSG00000105700"
5749,"enh10","ENSG00000004939"
5750,"enh4","ENSG00000175707"
5751,"enh4","ENSG00000213638"
5752,"enh3","ENSG00000148334"
5753,"enh7","ENSG00000175573"
5754,"enh8","ENSG00000165702"
5755,"enh14","ENSG00000119523"
5756,"enh7","ENSG00000253368"
5757,"enh12","ENSG00000158161"
5758,"enh12","ENSG00000130560"
5759,"enh1","ENSG00000013306"
5760,"enh5","ENSG00000168061"
5761,"enh5","ENSG00000133069"
5762,"enh3","ENSG00000140848"
5763,"enh1","ENSG00000213221"
5764,"enh9","ENSG00000108309"
5765,"enh2","ENSG00000117625"
5766,"enh10","ENSG00000213988"
5767,"enh3","ENSG00000151694"
5768,"enh6","ENSG00000223802"
5769,"enh14","ENSG00000160360"
5770,"enh5","ENSG00000101132"
5771,"enh14","ENSG00000175592"
5772,"enh4","ENSG00000148411"
5773,"enh5","ENSG00000171940"
5774,"enh2","ENSG00000175550"
5775,"enh6","ENSG00000175115"
5776,"enh1","ENSG00000138036"
5777,"enh2","ENSG00000254901"
5778,"enh11","ENSG00000152061"
5779,"enh4","ENSG00000115091"
5780,"enh13","ENSG00000103005"
5781,"enh8","ENSG00000147439"
5782,"enh12","ENSG00000148334"
5783,"enh14","ENSG00000120889"
5784,"enh2","ENSG00000030582"
5785,"enh1","ENSG00000204673"
5786,"enh4","ENSG00000120896"
5787,"enh12","ENSG00000148303"
5788,"enh3","ENSG00000133895"
5789,"enh1","ENSG00000107021"
5790,"enh14","ENSG00000169403"
5791,"enh5","ENSG00000126698"
5792,"enh12","ENSG00000169607"
5793,"enh9","ENSG00000149792"
5794,"enh11","ENSG00000070388"
5795,"enh2","ENSG00000221983"
5796,"enh4","ENSG00000161647"
5797,"enh11","ENSG00000172232"
5798,"enh7","ENSG00000135046"
5799,"enh1","ENSG00000117222"
5800,"enh1","ENSG00000175854"
5801,"enh12","ENSG00000119203"
5802,"enh6","ENSG00000142544"
5803,"enh5","ENSG00000099622"
5804,"enh12","ENSG00000174669"
5805,"enh13","ENSG00000103021"
5806,"enh2","ENSG00000071655"
5807,"enh2","ENSG00000169607"
5808,"enh13","ENSG00000196422"
5809,"enh9","ENSG00000162419"
5810,"enh5","ENSG00000185278"
5811,"enh12","ENSG00000196116"
5812,"enh8","ENSG00000115750"
5813,"enh3","ENSG00000262874"
5814,"enh13","ENSG00000187840"
5815,"enh14","ENSG00000125485"
5816,"enh10","ENSG00000104679"
5817,"enh7","ENSG00000142528"
5818,"enh1","ENSG00000197694"
5819,"enh6","ENSG00000138772"
5820,"enh10","ENSG00000184988"
5821,"enh6","ENSG00000115944"
5822,"enh10","ENSG00000141933"
5823,"enh4","ENSG00000108883"
5824,"enh10","ENSG00000120334"
5825,"enh7","ENSG00000175550"
5826,"enh7","ENSG00000108861"
5827,"enh3","ENSG00000099840"
5828,"enh14","ENSG00000196683"
5829,"enh5","ENSG00000105676"
5830,"enh9","ENSG00000197694"
5831,"enh9","ENSG00000148337"
5832,"enh13","ENSG00000158161"
5833,"enh12","ENSG00000106803"
5834,"enh9","ENSG00000064932"
5835,"enh14","ENSG00000070423"
5836,"enh10","ENSG00000130766"
5837,"enh14","ENSG00000012048"
5838,"enh9","ENSG00000178093"
5839,"enh5","ENSG00000148356"
5840,"enh5","ENSG00000167113"
5841,"enh3","ENSG00000076321"
5842,"enh11","ENSG00000171940"
5843,"enh5","ENSG00000159461"
5844,"enh9","ENSG00000142530"
5845,"enh9","ENSG00000165699"
5846,"enh2","ENSG00000133065"
5847,"enh7","ENSG00000196116"
5848,"enh9","ENSG00000161677"
5849,"enh14","ENSG00000167470"
5850,"enh13","ENSG00000198746"
5851,"enh13","ENSG00000117280"
5852,"enh14","ENSG00000181773"
5853,"enh10","ENSG00000064687"
5854,"enh7","ENSG00000158161"
5855,"enh3","ENSG00000158715"
5856,"enh9","ENSG00000156269"
5857,"enh8","ENSG00000204291"
5858,"enh12","ENSG00000105717"
5859,"enh1","ENSG00000115257"
5860,"enh9","ENSG00000116017"
5861,"enh8","ENSG00000172922"
5862,"enh7","ENSG00000186806"
5863,"enh11","ENSG00000174529"
5864,"enh2","ENSG00000165699"
5865,"enh3","ENSG00000167118"
5866,"enh8","ENSG00000171940"
5867,"enh11","ENSG00000197694"
5868,"enh9","ENSG00000175854"
5869,"enh11","ENSG00000162241"
5870,"enh13","ENSG00000173465"
5871,"enh3","ENSG00000136828"
5872,"enh11","ENSG00000131398"
5873,"enh14","ENSG00000105708"
5874,"enh13","ENSG00000101132"
5875,"enh11","ENSG00000148248"
5876,"enh2","ENSG00000167470"
5877,"enh9","ENSG00000136856"
5878,"enh4","ENSG00000004939"
5879,"enh2","ENSG00000174669"
5880,"enh3","ENSG00000144136"
5881,"enh11","ENSG00000131409"
5882,"enh3","ENSG00000130768"
5883,"enh12","ENSG00000238227"
5884,"enh1","ENSG00000125319"
5885,"enh9","ENSG00000106976"
5886,"enh9","ENSG00000117280"
5887,"enh1","ENSG00000183831"
5888,"enh6","ENSG00000110047"
5889,"enh8","ENSG00000182963"
5890,"enh10","ENSG00000213445"
5891,"enh13","ENSG00000064607"
5892,"enh9","ENSG00000069482"
5893,"enh5","ENSG00000097046"
5894,"enh4","ENSG00000119333"
5895,"enh3","ENSG00000133243"
5896,"enh2","ENSG00000144161"
5897,"enh12","ENSG00000181773"
5898,"enh5","ENSG00000065268"
5899,"enh9","ENSG00000119514"
5900,"enh7","ENSG00000097046"
5901,"enh8","ENSG00000174851"
5902,"enh4","ENSG00000167470"
5903,"enh11","ENSG00000144130"
5904,"enh4","ENSG00000087263"
5905,"enh2","ENSG00000136936"
5906,"enh5","ENSG00000104897"
5907,"enh2","ENSG00000175376"
5908,"enh1","ENSG00000005007"
5909,"enh10","ENSG00000165689"
5910,"enh1","ENSG00000213445"
5911,"enh6","ENSG00000140859"
5912,"enh5","ENSG00000130768"
5913,"enh7","ENSG00000070423"
5914,"enh1","ENSG00000159461"
5915,"enh10","ENSG00000105497"
5916,"enh8","ENSG00000147669"
5917,"enh10","ENSG00000136874"
5918,"enh4","ENSG00000196312"
5919,"enh2","ENSG00000133243"
5920,"enh14","ENSG00000105705"
5921,"enh1","ENSG00000167110"
5922,"enh13","ENSG00000087263"
5923,"enh4","ENSG00000158715"
5924,"enh12","ENSG00000119333"
5925,"enh11","ENSG00000140859"
5926,"enh10","ENSG00000064787"
5927,"enh12","ENSG00000171169"
5928,"enh13","ENSG00000140848"
5929,"enh2","ENSG00000071564"
5930,"enh5","ENSG00000182087"
5931,"enh3","ENSG00000165092"
5932,"enh7","ENSG00000175115"
5933,"enh2","ENSG00000181588"
5934,"enh10","ENSG00000148300"
5935,"enh4","ENSG00000148356"
5936,"enh6","ENSG00000174996"
5937,"enh6","ENSG00000119125"
5938,"enh11","ENSG00000108312"
5939,"enh3","ENSG00000105383"
5940,"enh3","ENSG00000104960"
5941,"enh6","ENSG00000185278"
5942,"enh4","ENSG00000162300"
5943,"enh1","ENSG00000131408"
5944,"enh1","ENSG00000105696"
5945,"enh14","ENSG00000138772"
5946,"enh12","ENSG00000100316"
5947,"enh4","ENSG00000012048"
5948,"enh13","ENSG00000130005"
5949,"enh14","ENSG00000241852"
5950,"enh3","ENSG00000180448"
5951,"enh11","ENSG00000108852"
5952,"enh7","ENSG00000104131"
5953,"enh1","ENSG00000165698"
5954,"enh7","ENSG00000105701"
5955,"enh6","ENSG00000136828"
5956,"enh5","ENSG00000119392"
5957,"enh12","ENSG00000174516"
5958,"enh3","ENSG00000177125"
5959,"enh11","ENSG00000181035"
5960,"enh13","ENSG00000106789"
5961,"enh2","ENSG00000162298"
5962,"enh8","ENSG00000198786"
5963,"enh3","ENSG00000115268"
5964,"enh7","ENSG00000130770"
5965,"enh6","ENSG00000163291"
5966,"enh11","ENSG00000135046"
5967,"enh4","ENSG00000148296"
5968,"enh10","ENSG00000110046"
5969,"enh3","ENSG00000148303"
5970,"enh4","ENSG00000117697"
5971,"enh13","ENSG00000110047"
5972,"enh9","ENSG00000165688"
5973,"enh9","ENSG00000099624"
5974,"enh13","ENSG00000175573"
5975,"enh1","ENSG00000166188"
5976,"enh8","ENSG00000169403"
5977,"enh1","ENSG00000158711"
5978,"enh8","ENSG00000168067"
5979,"enh3","ENSG00000068831"
5980,"enh6","ENSG00000115084"
5981,"enh7","ENSG00000167005"
5982,"enh10","ENSG00000136448"
5983,"enh13","ENSG00000148303"
5984,"enh4","ENSG00000115286"
5985,"enh7","ENSG00000174842"
5986,"enh7","ENSG00000136925"
5987,"enh10","ENSG00000144136"
5988,"enh8","ENSG00000071626"
5989,"enh8","ENSG00000197958"
5990,"enh2","ENSG00000165661"
5991,"enh5","ENSG00000103005"
5992,"enh2","ENSG00000198870"
5993,"enh3","ENSG00000198417"
5994,"enh11","ENSG00000160318"
5995,"enh7","ENSG00000138767"
5996,"enh6","ENSG00000126705"
5997,"enh14","ENSG00000104131"
5998,"enh12","ENSG00000181513"
5999,"enh14","ENSG00000175376"
6000,"enh6","ENSG00000143882"
6001,"enh10","ENSG00000079313"
6002,"enh12","ENSG00000131094"
6003,"enh5","ENSG00000176973"
6004,"enh4","ENSG00000182963"
6005,"enh7","ENSG00000099864"
6006,"enh7","ENSG00000165689"
6007,"enh7","ENSG00000006015"
6008,"enh8","ENSG00000099804"
6009,"enh9","ENSG00000114999"
6010,"enh10","ENSG00000262874"
6011,"enh10","ENSG00000142733"
6012,"enh5","ENSG00000167759"
6013,"enh2","ENSG00000119185"
6014,"enh2","ENSG00000156269"
6015,"enh14","ENSG00000167487"
6016,"enh1","ENSG00000136856"
6017,"enh2","ENSG00000125618"
6018,"enh13","ENSG00000160408"
6019,"enh4","ENSG00000011304"
6020,"enh4","ENSG00000102934"
6021,"enh4","ENSG00000174669"
6022,"enh6","ENSG00000125630"
6023,"enh10","ENSG00000070404"
6024,"enh13","ENSG00000104679"
6025,"enh9","ENSG00000213024"
6026,"enh1","ENSG00000213638"
6027,"enh10","ENSG00000160271"
6028,"enh3","ENSG00000125148"
6029,"enh11","ENSG00000105717"
6030,"enh5","ENSG00000167748"
6031,"enh11","ENSG00000123685"
6032,"enh2","ENSG00000069702"
6033,"enh6","ENSG00000168591"
6034,"enh6","ENSG00000162419"
6035,"enh13","ENSG00000185278"
6036,"enh2","ENSG00000172977"
6037,"enh5","ENSG00000197136"
6038,"enh10","ENSG00000161677"
6039,"enh8","ENSG00000169288"
6040,"enh4","ENSG00000134318"
6041,"enh6","ENSG00000181588"
6042,"enh5","ENSG00000010361"
6043,"enh5","ENSG00000173825"
6044,"enh7","ENSG00000068971"
6045,"enh4","ENSG00000162298"
6046,"enh13","ENSG00000130511"
6047,"enh10","ENSG00000174871"
6048,"enh6","ENSG00000142530"
6049,"enh3","ENSG00000161654"
6050,"enh14","ENSG00000158941"
6051,"enh11","ENSG00000198840"
6052,"enh11","ENSG00000148334"
6053,"enh7","ENSG00000136936"
6054,"enh1","ENSG00000071655"
6055,"enh12","ENSG00000087152"
6056,"enh14","ENSG00000087365"
6057,"enh13","ENSG00000140859"
6058,"enh2","ENSG00000136811"
6059,"enh2","ENSG00000103021"
6060,"enh9","ENSG00000126698"
6061,"enh1","ENSG00000196152"
6062,"enh2","ENSG00000198840"
6063,"enh4","ENSG00000082512"
6064,"enh13","ENSG00000169136"
6065,"enh8","ENSG00000105708"
6066,"enh4","ENSG00000103005"
6067,"enh7","ENSG00000105053"
6068,"enh1","ENSG00000142765"
6069,"enh5","ENSG00000227500"
6070,"enh8","ENSG00000106991"
6071,"enh1","ENSG00000169136"
6072,"enh11","ENSG00000147457"
6073,"enh4","ENSG00000133275"
6074,"enh13","ENSG00000147457"
6075,"enh13","ENSG00000162300"
6076,"enh11","ENSG00000115257"
6077,"enh7","ENSG00000136830"
6078,"enh1","ENSG00000115944"
6079,"enh10","ENSG00000136908"
6080,"enh2","ENSG00000099817"
6081,"enh3","ENSG00000105662"
6082,"enh10","ENSG00000173465"
6083,"enh3","ENSG00000064687"
6084,"enh2","ENSG00000152061"
6085,"enh5","ENSG00000143882"
6086,"enh13","ENSG00000130775"
6087,"enh13","ENSG00000180329"
6088,"enh7","ENSG00000213988"
6089,"enh13","ENSG00000136842"
6090,"enh1","ENSG00000142186"
6091,"enh8","ENSG00000125630"
6092,"enh5","ENSG00000173442"
6093,"enh12","ENSG00000136854"
6094,"enh11","ENSG00000196312"
6095,"enh8","ENSG00000110046"
6096,"enh1","ENSG00000136943"
6097,"enh3","ENSG00000118046"
6098,"enh9","ENSG00000071655"
6099,"enh1","ENSG00000163291"
6100,"enh2","ENSG00000213465"
6101,"enh1","ENSG00000115758"
6102,"enh7","ENSG00000117650"
6103,"enh13","ENSG00000095380"
6104,"enh3","ENSG00000186501"
6105,"enh9","ENSG00000107372"
6106,"enh8","ENSG00000126391"
6107,"enh11","ENSG00000141933"
6108,"enh7","ENSG00000104960"
6109,"enh8","ENSG00000011304"
6110,"enh14","ENSG00000180329"
6111,"enh5","ENSG00000130772"
6112,"enh12","ENSG00000122026"
6113,"enh10","ENSG00000129951"
6114,"enh1","ENSG00000105383"
6115,"enh9","ENSG00000162300"
6116,"enh5","ENSG00000168062"
6117,"enh11","ENSG00000169403"
6118,"enh4","ENSG00000148290"
6119,"enh9","ENSG00000102931"
6120,"enh2","ENSG00000107290"
6121,"enh8","ENSG00000138756"
6122,"enh10","ENSG00000129968"
6123,"enh10","ENSG00000125144"
6124,"enh4","ENSG00000172977"
6125,"enh8","ENSG00000165661"
6126,"enh3","ENSG00000174744"
6127,"enh3","ENSG00000156269"
6128,"enh1","ENSG00000115268"
6129,"enh11","ENSG00000162300"
6130,"enh9","ENSG00000144161"
6131,"enh6","ENSG00000186501"
6132,"enh14","ENSG00000174684"
6133,"enh12","ENSG00000160953"
6134,"enh8","ENSG00000196422"
6135,"enh11","ENSG00000196961"
6136,"enh11","ENSG00000117697"
6137,"enh9","ENSG00000099625"
6138,"enh9","ENSG00000183831"
6139,"enh2","ENSG00000104885"
6140,"enh2","ENSG00000131094"
6141,"enh1","ENSG00000196422"
6142,"enh6","ENSG00000186010"
6143,"enh12","ENSG00000136643"
6144,"enh1","ENSG00000118046"
6145,"enh4","ENSG00000160271"
6146,"enh13","ENSG00000262874"
6147,"enh7","ENSG00000162241"
6148,"enh10","ENSG00000136842"
6149,"enh4","ENSG00000030582"
6150,"enh8","ENSG00000133059"
6151,"enh12","ENSG00000105676"
6152,"enh7","ENSG00000104973"
6153,"enh8","ENSG00000165684"
6154,"enh14","ENSG00000148288"
6155,"enh2","ENSG00000162419"
6156,"enh5","ENSG00000143476"
6157,"enh3","ENSG00000117751"
6158,"enh8","ENSG00000131400"
6159,"enh2","ENSG00000117758"
6160,"enh6","ENSG00000070404"
6161,"enh11","ENSG00000143493"
6162,"enh8","ENSG00000136830"
6163,"enh5","ENSG00000119333"
6164,"enh4","ENSG00000070388"
6165,"enh7","ENSG00000148303"
6166,"enh8","ENSG00000082512"
6167,"enh4","ENSG00000152518"
6168,"enh10","ENSG00000130560"
6169,"enh4","ENSG00000167114"
6170,"enh13","ENSG00000090020"
6171,"enh5","ENSG00000106803"
6172,"enh3","ENSG00000213638"
6173,"enh4","ENSG00000174950"
6174,"enh1","ENSG00000071564"
6175,"enh12","ENSG00000175707"
6176,"enh12","ENSG00000115091"
6177,"enh10","ENSG00000196188"
6178,"enh14","ENSG00000160404"
6179,"enh1","ENSG00000105556"
6180,"enh4","ENSG00000143924"
6181,"enh2","ENSG00000198492"
6182,"enh12","ENSG00000105705"
6183,"enh1","ENSG00000136840"
6184,"enh8","ENSG00000116014"
6185,"enh10","ENSG00000070770"
6186,"enh13","ENSG00000065000"
6187,"enh10","ENSG00000105705"
6188,"enh12","ENSG00000187024"
6189,"enh8","ENSG00000141933"
6190,"enh5","ENSG00000142528"
6191,"enh1","ENSG00000076321"
6192,"enh13","ENSG00000130772"
6193,"enh14","ENSG00000102934"
6194,"enh4","ENSG00000115761"
6195,"enh6","ENSG00000144161"
6196,"enh14","ENSG00000133275"
6197,"enh4","ENSG00000168062"
6198,"enh9","ENSG00000167123"
6199,"enh10","ENSG00000014216"
6200,"enh2","ENSG00000130560"
6201,"enh6","ENSG00000133884"
6202,"enh3","ENSG00000152518"
6203,"enh8","ENSG00000105662"
6204,"enh14","ENSG00000105374"
6205,"enh11","ENSG00000104885"
6206,"enh3","ENSG00000161714"
6207,"enh1","ENSG00000126698"
6208,"enh3","ENSG00000104973"
6209,"enh2","ENSG00000099622"
6210,"enh12","ENSG00000160445"
6211,"enh6","ENSG00000168067"
6212,"enh4","ENSG00000167468"
6213,"enh7","ENSG00000134318"
6214,"enh4","ENSG00000065268"
6215,"enh4","ENSG00000117280"
6216,"enh4","ENSG00000167106"
6217,"enh3","ENSG00000167136"
6218,"enh1","ENSG00000135870"
6219,"enh5","ENSG00000087152"
6220,"enh8","ENSG00000107372"
6221,"enh9","ENSG00000143882"
6222,"enh8","ENSG00000168066"
6223,"enh13","ENSG00000119392"
6224,"enh7","ENSG00000068831"
6225,"enh13","ENSG00000115091"
6226,"enh11","ENSG00000174851"
6227,"enh7","ENSG00000115758"
6228,"enh13","ENSG00000250067"
6229,"enh14","ENSG00000071564"
6230,"enh13","ENSG00000160445"
6231,"enh12","ENSG00000122482"
6232,"enh2","ENSG00000142186"
6233,"enh3","ENSG00000090273"
6234,"enh8","ENSG00000147454"
6235,"enh5","ENSG00000146670"
6236,"enh5","ENSG00000138036"
6237,"enh7","ENSG00000173465"
6238,"enh5","ENSG00000117751"
6239,"enh4","ENSG00000151694"
6240,"enh8","ENSG00000115268"
6241,"enh9","ENSG00000136936"
6242,"enh6","ENSG00000160345"
6243,"enh6","ENSG00000161647"
6244,"enh11","ENSG00000175707"
6245,"enh3","ENSG00000065000"
6246,"enh2","ENSG00000130772"
6247,"enh3","ENSG00000169607"
6248,"enh3","ENSG00000185198"
6249,"enh13","ENSG00000160326"
6250,"enh1","ENSG00000262874"
6251,"enh4","ENSG00000161671"
6252,"enh5","ENSG00000171169"
6253,"enh2","ENSG00000136932"
6254,"enh9","ENSG00000197958"
6255,"enh6","ENSG00000100316"
6256,"enh8","ENSG00000105717"
6257,"enh4","ENSG00000119559"
6258,"enh4","ENSG00000175334"
6259,"enh4","ENSG00000136936"
6260,"enh1","ENSG00000120913"
6261,"enh4","ENSG00000174547"
6262,"enh5","ENSG00000127540"
6263,"enh5","ENSG00000133059"
6264,"enh4","ENSG00000167113"
6265,"enh1","ENSG00000119125"
6266,"enh6","ENSG00000162298"
6267,"enh2","ENSG00000117650"
6268,"enh5","ENSG00000162976"
6269,"enh9","ENSG00000172732"
6270,"enh4","ENSG00000167112"
6271,"enh3","ENSG00000183831"
6272,"enh10","ENSG00000105655"
6273,"enh12","ENSG00000172081"
6274,"enh2","ENSG00000068971"
6275,"enh3","ENSG00000090020"
6276,"enh6","ENSG00000107290"
6277,"enh5","ENSG00000213638"
6278,"enh9","ENSG00000117592"
6279,"enh11","ENSG00000140854"
6280,"enh12","ENSG00000160161"
6281,"enh7","ENSG00000136874"
6282,"enh2","ENSG00000119392"
6283,"enh14","ENSG00000162419"
6284,"enh12","ENSG00000162669"
6285,"enh3","ENSG00000173327"
6286,"enh5","ENSG00000120656"
6287,"enh14","ENSG00000108883"
6288,"enh2","ENSG00000175602"
6289,"enh8","ENSG00000241852"
6290,"enh7","ENSG00000130270"
6291,"enh12","ENSG00000167487"
6292,"enh1","ENSG00000125485"
6293,"enh11","ENSG00000148356"
6294,"enh5","ENSG00000167136"
6295,"enh1","ENSG00000099624"
6296,"enh8","ENSG00000051108"
6297,"enh11","ENSG00000070770"
6298,"enh5","ENSG00000147454"
6299,"enh10","ENSG00000119203"
6300,"enh7","ENSG00000262874"
6301,"enh11","ENSG00000142765"
6302,"enh13","ENSG00000172977"
6303,"enh2","ENSG00000130270"
6304,"enh2","ENSG00000162241"
6305,"enh12","ENSG00000184162"
6306,"enh6","ENSG00000175467"
6307,"enh2","ENSG00000133275"
6308,"enh7","ENSG00000175906"
6309,"enh13","ENSG00000039650"
6310,"enh7","ENSG00000135736"
6311,"enh12","ENSG00000148248"
6312,"enh1","ENSG00000064932"
6313,"enh1","ENSG00000167748"
6314,"enh13","ENSG00000160563"
6315,"enh13","ENSG00000130560"
6316,"enh11","ENSG00000159461"
6317,"enh12","ENSG00000130772"
6318,"enh11","ENSG00000105708"
6319,"enh5","ENSG00000213024"
6320,"enh9","ENSG00000148290"
6321,"enh10","ENSG00000133059"
6322,"enh11","ENSG00000148288"
6323,"enh2","ENSG00000162300"
6324,"enh6","ENSG00000136840"
6325,"enh9","ENSG00000005961"
6326,"enh14","ENSG00000172232"
6327,"enh5","ENSG00000117280"
6328,"enh1","ENSG00000160345"
6329,"enh8","ENSG00000198746"
6330,"enh4","ENSG00000213465"
6331,"enh10","ENSG00000162772"
6332,"enh4","ENSG00000140859"
6333,"enh1","ENSG00000114999"
6334,"enh1","ENSG00000174950"
6335,"enh13","ENSG00000088682"
6336,"enh7","ENSG00000104679"
6337,"enh2","ENSG00000108852"
6338,"enh13","ENSG00000135046"
6339,"enh13","ENSG00000133895"
6340,"enh13","ENSG00000095383"
6341,"enh5","ENSG00000131097"
6342,"enh6","ENSG00000160318"
6343,"enh2","ENSG00000103005"
6344,"enh1","ENSG00000182087"
6345,"enh4","ENSG00000254986"
6346,"enh5","ENSG00000172775"
6347,"enh12","ENSG00000099622"
6348,"enh5","ENSG00000136895"
6349,"enh12","ENSG00000175221"
6350,"enh13","ENSG00000204138"
6351,"enh10","ENSG00000099875"
6352,"enh7","ENSG00000106785"
6353,"enh6","ENSG00000167468"
6354,"enh7","ENSG00000136877"
6355,"enh7","ENSG00000076321"
6356,"enh14","ENSG00000148297"
6357,"enh7","ENSG00000148334"
6358,"enh9","ENSG00000134330"
6359,"enh1","ENSG00000256771"
6360,"enh12","ENSG00000117650"
6361,"enh8","ENSG00000175294"
6362,"enh4","ENSG00000105669"
6363,"enh9","ENSG00000115970"
6364,"enh8","ENSG00000070770"
6365,"enh13","ENSG00000174516"
6366,"enh7","ENSG00000011304"
6367,"enh1","ENSG00000167118"
6368,"enh14","ENSG00000108312"
6369,"enh8","ENSG00000134308"
6370,"enh5","ENSG00000129968"
6371,"enh2","ENSG00000148339"
6372,"enh4","ENSG00000097046"
6373,"enh2","ENSG00000105671"
6374,"enh11","ENSG00000099624"
6375,"enh6","ENSG00000117266"
6376,"enh9","ENSG00000130005"
6377,"enh12","ENSG00000148356"
6378,"enh5","ENSG00000153208"
6379,"enh6","ENSG00000115268"
6380,"enh6","ENSG00000165661"
6381,"enh7","ENSG00000148297"
6382,"enh5","ENSG00000151694"
6383,"enh13","ENSG00000115084"
6384,"enh2","ENSG00000197816"
6385,"enh10","ENSG00000162300"
6386,"enh13","ENSG00000148296"
6387,"enh4","ENSG00000088682"
6388,"enh8","ENSG00000152518"
6389,"enh6","ENSG00000009780"
6390,"enh3","ENSG00000067596"
6391,"enh7","ENSG00000196683"
6392,"enh3","ENSG00000160326"
6393,"enh10","ENSG00000187024"
6394,"enh6","ENSG00000176973"
6395,"enh3","ENSG00000102931"
6396,"enh1","ENSG00000165661"
6397,"enh6","ENSG00000119333"
6398,"enh1","ENSG00000162873"
6399,"enh2","ENSG00000125144"
6400,"enh12","ENSG00000254901"
6401,"enh3","ENSG00000175573"
6402,"enh7","ENSG00000196152"
6403,"enh12","ENSG00000099624"
6404,"enh4","ENSG00000089639"
6405,"enh8","ENSG00000167759"
6406,"enh9","ENSG00000196152"
6407,"enh14","ENSG00000213988"
6408,"enh8","ENSG00000196152"
6409,"enh8","ENSG00000105383"
6410,"enh7","ENSG00000148288"
6411,"enh2","ENSG00000136448"
6412,"enh1","ENSG00000238227"
6413,"enh8","ENSG00000108861"
6414,"enh5","ENSG00000213023"
6415,"enh14","ENSG00000171219"
6416,"enh3","ENSG00000174851"
6417,"enh10","ENSG00000120656"
6418,"enh9","ENSG00000172059"
6419,"enh13","ENSG00000117593"
6420,"enh14","ENSG00000174903"
6421,"enh12","ENSG00000138036"
6422,"enh8","ENSG00000136448"
6423,"enh6","ENSG00000162241"
6424,"enh1","ENSG00000175832"
6425,"enh13","ENSG00000115750"
6426,"enh13","ENSG00000134317"
6427,"enh11","ENSG00000167136"
6428,"enh6","ENSG00000087263"
6429,"enh13","ENSG00000167106"
6430,"enh12","ENSG00000167468"
6431,"enh12","ENSG00000172270"
6432,"enh6","ENSG00000120896"
6433,"enh6","ENSG00000099625"
6434,"enh10","ENSG00000064666"
6435,"enh13","ENSG00000087365"
6436,"enh14","ENSG00000197217"
6437,"enh7","ENSG00000160360"
6438,"enh12","ENSG00000175602"
6439,"enh7","ENSG00000174276"
6440,"enh3","ENSG00000162298"
6441,"enh6","ENSG00000102931"
6442,"enh9","ENSG00000117593"
6443,"enh9","ENSG00000213023"
6444,"enh6","ENSG00000106992"
6445,"enh7","ENSG00000174744"
6446,"enh7","ENSG00000250067"
6447,"enh6","ENSG00000204291"
6448,"enh3","ENSG00000142530"
6449,"enh10","ENSG00000160408"
6450,"enh13","ENSG00000174606"
6451,"enh11","ENSG00000197217"
6452,"enh13","ENSG00000131094"
6453,"enh1","ENSG00000065000"
6454,"enh7","ENSG00000143870"
6455,"enh8","ENSG00000119335"
6456,"enh5","ENSG00000099866"
6457,"enh11","ENSG00000127540"
6458,"enh7","ENSG00000161654"
6459,"enh3","ENSG00000117697"
6460,"enh5","ENSG00000173327"
6461,"enh6","ENSG00000005961"
6462,"enh4","ENSG00000156269"
6463,"enh11","ENSG00000067596"
6464,"enh7","ENSG00000099866"
6465,"enh1","ENSG00000106803"
6466,"enh10","ENSG00000099804"
6467,"enh13","ENSG00000142544"
6468,"enh2","ENSG00000148291"
6469,"enh10","ENSG00000105556"
6470,"enh1","ENSG00000099817"
6471,"enh7","ENSG00000204673"
6472,"enh6","ENSG00000099840"
6473,"enh1","ENSG00000125630"
6474,"enh1","ENSG00000162769"
6475,"enh13","ENSG00000160318"
6476,"enh7","ENSG00000117593"
6477,"enh6","ENSG00000106799"
6478,"enh11","ENSG00000136929"
6479,"enh12","ENSG00000106785"
6480,"enh3","ENSG00000160404"
6481,"enh2","ENSG00000196961"
6482,"enh4","ENSG00000122484"
6483,"enh4","ENSG00000115084"
6484,"enh3","ENSG00000160271"
6485,"enh10","ENSG00000088682"
6486,"enh12","ENSG00000165689"
6487,"enh5","ENSG00000136828"
6488,"enh6","ENSG00000115761"
6489,"enh4","ENSG00000135821"
6490,"enh10","ENSG00000125485"
6491,"enh10","ENSG00000254470"
6492,"enh11","ENSG00000129911"
6493,"enh14","ENSG00000105696"
6494,"enh10","ENSG00000101132"
6495,"enh11","ENSG00000099864"
6496,"enh3","ENSG00000181588"
6497,"enh9","ENSG00000149823"
6498,"enh7","ENSG00000122484"
6499,"enh7","ENSG00000105383"
6500,"enh1","ENSG00000227500"
6501,"enh2","ENSG00000064607"
6502,"enh10","ENSG00000117593"
6503,"enh12","ENSG00000196683"
6504,"enh7","ENSG00000180340"
6505,"enh2","ENSG00000130559"
6506,"enh3","ENSG00000161671"
6507,"enh5","ENSG00000148337"
6508,"enh8","ENSG00000105696"
6509,"enh5","ENSG00000105656"
6510,"enh6","ENSG00000173327"
6511,"enh10","ENSG00000138767"
6512,"enh12","ENSG00000062822"
6513,"enh9","ENSG00000064490"
6514,"enh13","ENSG00000120889"
6515,"enh2","ENSG00000104960"
6516,"enh1","ENSG00000184988"
6517,"enh14","ENSG00000134330"
6518,"enh3","ENSG00000144134"
6519,"enh4","ENSG00000165702"
6520,"enh9","ENSG00000105701"
6521,"enh6","ENSG00000119559"
6522,"enh4","ENSG00000136929"
6523,"enh13","ENSG00000099624"
6524,"enh10","ENSG00000065000"
6525,"enh2","ENSG00000160953"
6526,"enh13","ENSG00000012048"
6527,"enh9","ENSG00000079313"
6528,"enh6","ENSG00000130768"
6529,"enh3","ENSG00000138772"
6530,"enh13","ENSG00000162241"
6531,"enh7","ENSG00000130768"
6532,"enh12","ENSG00000104960"
6533,"enh11","ENSG00000169136"
6534,"enh9","ENSG00000136895"
6535,"enh12","ENSG00000117280"
6536,"enh7","ENSG00000115255"
6537,"enh5","ENSG00000106789"
6538,"enh8","ENSG00000100316"
6539,"enh5","ENSG00000136937"
6540,"enh5","ENSG00000129951"
6541,"enh5","ENSG00000070423"
6542,"enh4","ENSG00000068831"
6543,"enh13","ENSG00000158715"
6544,"enh6","ENSG00000160326"
6545,"enh5","ENSG00000197694"
6546,"enh10","ENSG00000171169"
6547,"enh11","ENSG00000176973"
6548,"enh5","ENSG00000198917"
6549,"enh4","ENSG00000125148"
6550,"enh6","ENSG00000213023"
6551,"enh14","ENSG00000126698"
6552,"enh14","ENSG00000165702"
6553,"enh13","ENSG00000143882"
6554,"enh10","ENSG00000135046"
6555,"enh13","ENSG00000082512"
6556,"enh10","ENSG00000254901"
6557,"enh5","ENSG00000071564"
6558,"enh3","ENSG00000105717"
6559,"enh14","ENSG00000008853"
6560,"enh7","ENSG00000174996"
6561,"enh3","ENSG00000070388"
6562,"enh1","ENSG00000167114"
6563,"enh13","ENSG00000167114"
6564,"enh7","ENSG00000169403"
6565,"enh8","ENSG00000103005"
6566,"enh4","ENSG00000136830"
6567,"enh3","ENSG00000069275"
6568,"enh4","ENSG00000241852"
6569,"enh4","ENSG00000135736"
6570,"enh14","ENSG00000120656"
6571,"enh1","ENSG00000009780"
6572,"enh13","ENSG00000182087"
6573,"enh1","ENSG00000136874"
6574,"enh4","ENSG00000175906"
6575,"enh3","ENSG00000148411"
6576,"enh9","ENSG00000119392"
6577,"enh4","ENSG00000134317"
6578,"enh10","ENSG00000136643"
6579,"enh13","ENSG00000167113"
6580,"enh1","ENSG00000103021"
6581,"enh14","ENSG00000141349"
6582,"enh13","ENSG00000149798"
6583,"enh1","ENSG00000115084"
6584,"enh5","ENSG00000175707"
6585,"enh9","ENSG00000120896"
6586,"enh12","ENSG00000165699"
6587,"enh12","ENSG00000119125"
6588,"enh7","ENSG00000174950"
6589,"enh14","ENSG00000158195"
6590,"enh12","ENSG00000090273"
6591,"enh5","ENSG00000186566"
6592,"enh6","ENSG00000174903"
6593,"enh13","ENSG00000129911"
6594,"enh1","ENSG00000147669"
6595,"enh8","ENSG00000099624"
6596,"enh3","ENSG00000130559"
6597,"enh5","ENSG00000070770"
6598,"enh9","ENSG00000160953"
6599,"enh14","ENSG00000095380"
6600,"enh12","ENSG00000198492"
6601,"enh11","ENSG00000102934"
6602,"enh2","ENSG00000196312"
6603,"enh14","ENSG00000184988"
6604,"enh10","ENSG00000197136"
6605,"enh14","ENSG00000130772"
6606,"enh1","ENSG00000105676"
6607,"enh13","ENSG00000160325"
6608,"enh10","ENSG00000196415"
6609,"enh8","ENSG00000006015"
6610,"enh6","ENSG00000105497"
6611,"enh10","ENSG00000116014"
6612,"enh6","ENSG00000039650"
6613,"enh6","ENSG00000213638"
6614,"enh13","ENSG00000105717"
6615,"enh12","ENSG00000136840"
6616,"enh1","ENSG00000171940"
6617,"enh10","ENSG00000162298"
6618,"enh7","ENSG00000160161"
6619,"enh7","ENSG00000142784"
6620,"enh8","ENSG00000227500"
6621,"enh6","ENSG00000203705"
6622,"enh3","ENSG00000104885"
6623,"enh1","ENSG00000012048"
6624,"enh6","ENSG00000135821"
6625,"enh14","ENSG00000172270"
6626,"enh11","ENSG00000082512"
6627,"enh11","ENSG00000143882"
6628,"enh7","ENSG00000006016"
6629,"enh6","ENSG00000099804"
6630,"enh13","ENSG00000254901"
6631,"enh2","ENSG00000014138"
6632,"enh5","ENSG00000174529"
6633,"enh9","ENSG00000104886"
6634,"enh4","ENSG00000175832"
6635,"enh3","ENSG00000125144"
6636,"enh9","ENSG00000005194"
6637,"enh5","ENSG00000162669"
6638,"enh12","ENSG00000160293"
6639,"enh4","ENSG00000149823"
6640,"enh2","ENSG00000136877"
6641,"enh2","ENSG00000142530"
6642,"enh4","ENSG00000105656"
6643,"enh12","ENSG00000064666"
6644,"enh6","ENSG00000117758"
6645,"enh13","ENSG00000161647"
6646,"enh3","ENSG00000102978"
6647,"enh9","ENSG00000196415"
6648,"enh10","ENSG00000198786"
6649,"enh3","ENSG00000115286"
6650,"enh8","ENSG00000142544"
6651,"enh11","ENSG00000120334"
6652,"enh2","ENSG00000106803"
6653,"enh7","ENSG00000142751"
6654,"enh13","ENSG00000148356"
6655,"enh14","ENSG00000152518"
6656,"enh7","ENSG00000131398"
6657,"enh11","ENSG00000180448"
6658,"enh10","ENSG00000167748"
6659,"enh7","ENSG00000105708"
6660,"enh2","ENSG00000174871"
6661,"enh9","ENSG00000186806"
6662,"enh9","ENSG00000196422"
6663,"enh1","ENSG00000101132"
6664,"enh2","ENSG00000106785"
6665,"enh9","ENSG00000133065"
6666,"enh4","ENSG00000091947"
6667,"enh1","ENSG00000006015"
6668,"enh3","ENSG00000161677"
6669,"enh10","ENSG00000172757"
6670,"enh14","ENSG00000119559"
6671,"enh5","ENSG00000115944"
6672,"enh14","ENSG00000167123"
6673,"enh11","ENSG00000108861"
6674,"enh3","ENSG00000119559"
6675,"enh7","ENSG00000198858"
6676,"enh3","ENSG00000136840"
6677,"enh6","ENSG00000198417"
6678,"enh7","ENSG00000126705"
6679,"enh12","ENSG00000198870"
6680,"enh14","ENSG00000131398"
6681,"enh5","ENSG00000115257"
6682,"enh2","ENSG00000166188"
6683,"enh6","ENSG00000134330"
6684,"enh13","ENSG00000147454"
6685,"enh11","ENSG00000153214"
6686,"enh14","ENSG00000250067"
6687,"enh2","ENSG00000204291"
6688,"enh1","ENSG00000136938"
6689,"enh6","ENSG00000159579"
6690,"enh4","ENSG00000117601"
6691,"enh2","ENSG00000123685"
6692,"enh1","ENSG00000130772"
6693,"enh2","ENSG00000117748"
6694,"enh2","ENSG00000182087"
6695,"enh6","ENSG00000213445"
6696,"enh7","ENSG00000105671"
6697,"enh5","ENSG00000136936"
6698,"enh4","ENSG00000136937"
6699,"enh11","ENSG00000182963"
6700,"enh8","ENSG00000213445"
6701,"enh8","ENSG00000177125"
6702,"enh7","ENSG00000158195"
6703,"enh7","ENSG00000147454"
6704,"enh13","ENSG00000148300"
6705,"enh9","ENSG00000187193"
6706,"enh14","ENSG00000104897"
6707,"enh6","ENSG00000146670"
6708,"enh13","ENSG00000136807"
6709,"enh4","ENSG00000161677"
6710,"enh2","ENSG00000105556"
6711,"enh8","ENSG00000148248"
6712,"enh7","ENSG00000136807"
6713,"enh7","ENSG00000159579"
6714,"enh4","ENSG00000136925"
6715,"enh12","ENSG00000173327"
6716,"enh13","ENSG00000129951"
6717,"enh14","ENSG00000133069"
6718,"enh14","ENSG00000119392"
6719,"enh12","ENSG00000070388"
6720,"enh8","ENSG00000064607"
6721,"enh1","ENSG00000160404"
6722,"enh9","ENSG00000105656"
6723,"enh4","ENSG00000148339"
6724,"enh13","ENSG00000135821"
6725,"enh13","ENSG00000196188"
6726,"enh11","ENSG00000105676"
6727,"enh6","ENSG00000253368"
6728,"enh1","ENSG00000142751"
6729,"enh12","ENSG00000125170"
6730,"enh14","ENSG00000144136"
6731,"enh13","ENSG00000129933"
6732,"enh12","ENSG00000149806"
6733,"enh6","ENSG00000138036"
6734,"enh8","ENSG00000181773"
6735,"enh6","ENSG00000117751"
6736,"enh7","ENSG00000136643"
6737,"enh7","ENSG00000108852"
6738,"enh2","ENSG00000138036"
6739,"enh2","ENSG00000122482"
6740,"enh5","ENSG00000142186"
6741,"enh5","ENSG00000064666"
6742,"enh5","ENSG00000120913"
6743,"enh10","ENSG00000104131"
6744,"enh14","ENSG00000107021"
6745,"enh3","ENSG00000213465"
6746,"enh13","ENSG00000125618"
6747,"enh5","ENSG00000142784"
6748,"enh2","ENSG00000064932"
6749,"enh6","ENSG00000174516"
6750,"enh2","ENSG00000008853"
6751,"enh4","ENSG00000184988"
6752,"enh5","ENSG00000235034"
6753,"enh13","ENSG00000106976"
6754,"enh13","ENSG00000014216"
6755,"enh3","ENSG00000165688"
6756,"enh13","ENSG00000163291"
6757,"enh5","ENSG00000174903"
6758,"enh13","ENSG00000125637"
6759,"enh3","ENSG00000167110"
6760,"enh11","ENSG00000143924"
6761,"enh10","ENSG00000182963"
6762,"enh7","ENSG00000158715"
6763,"enh7","ENSG00000172757"
6764,"enh5","ENSG00000148290"
6765,"enh14","ENSG00000064545"
6766,"enh5","ENSG00000117592"
6767,"enh11","ENSG00000175334"
6768,"enh2","ENSG00000169403"
6769,"enh14","ENSG00000176973"
6770,"enh3","ENSG00000106789"
6771,"enh5","ENSG00000149806"
6772,"enh9","ENSG00000064666"
6773,"enh10","ENSG00000136830"
6774,"enh13","ENSG00000104131"
6775,"enh1","ENSG00000187024"
6776,"enh9","ENSG00000070388"
6777,"enh2","ENSG00000148308"
6778,"enh6","ENSG00000102934"
6779,"enh13","ENSG00000116017"
6780,"enh14","ENSG00000148337"
6781,"enh11","ENSG00000173039"
6782,"enh4","ENSG00000039650"
6783,"enh13","ENSG00000069702"
6784,"enh8","ENSG00000136895"
6785,"enh10","ENSG00000160345"
6786,"enh1","ENSG00000186501"
6787,"enh5","ENSG00000099840"
6788,"enh10","ENSG00000142765"
6789,"enh4","ENSG00000006016"
6790,"enh1","ENSG00000136842"
6791,"enh5","ENSG00000196312"
6792,"enh6","ENSG00000091947"
6793,"enh8","ENSG00000106803"
6794,"enh8","ENSG00000178093"
6795,"enh4","ENSG00000168067"
6796,"enh11","ENSG00000160408"
6797,"enh9","ENSG00000129911"
6798,"enh2","ENSG00000095383"
6799,"enh5","ENSG00000148296"
6800,"enh7","ENSG00000172270"
6801,"enh6","ENSG00000188554"
6802,"enh14","ENSG00000120896"
6803,"enh13","ENSG00000117751"
6804,"enh5","ENSG00000185761"
6805,"enh8","ENSG00000254901"
6806,"enh7","ENSG00000144134"
6807,"enh7","ENSG00000062822"
6808,"enh5","ENSG00000116017"
6809,"enh8","ENSG00000125148"
6810,"enh7","ENSG00000146670"
6811,"enh6","ENSG00000102978"
6812,"enh12","ENSG00000120889"
6813,"enh11","ENSG00000064547"
6814,"enh2","ENSG00000196188"
6815,"enh8","ENSG00000133065"
6816,"enh3","ENSG00000133065"
6817,"enh8","ENSG00000133884"
6818,"enh4","ENSG00000196961"
6819,"enh10","ENSG00000119514"
6820,"enh7","ENSG00000119392"
6821,"enh4","ENSG00000105053"
6822,"enh9","ENSG00000131097"
6823,"enh7","ENSG00000188177"
6824,"enh10","ENSG00000172232"
6825,"enh11","ENSG00000110047"
6826,"enh9","ENSG00000172775"
6827,"enh4","ENSG00000102900"
6828,"enh10","ENSG00000165702"
6829,"enh4","ENSG00000105655"
6830,"enh11","ENSG00000161692"
6831,"enh7","ENSG00000102934"
6832,"enh8","ENSG00000135046"
6833,"enh8","ENSG00000119185"
6834,"enh7","ENSG00000122026"
6835,"enh13","ENSG00000099804"
6836,"enh6","ENSG00000130766"
6837,"enh10","ENSG00000175221"
6838,"enh7","ENSG00000176890"
6839,"enh2","ENSG00000134318"
6840,"enh2","ENSG00000160408"
6841,"enh11","ENSG00000105701"
6842,"enh3","ENSG00000160447"
6843,"enh2","ENSG00000196152"
6844,"enh12","ENSG00000099875"
6845,"enh11","ENSG00000160445"
6846,"enh9","ENSG00000104960"
6847,"enh9","ENSG00000181035"
6848,"enh13","ENSG00000119203"
6849,"enh14","ENSG00000165661"
6850,"enh4","ENSG00000167123"
6851,"enh3","ENSG00000125319"
6852,"enh3","ENSG00000066027"
6853,"enh4","ENSG00000198870"
6854,"enh6","ENSG00000135046"
6855,"enh1","ENSG00000180198"
6856,"enh13","ENSG00000107372"
6857,"enh9","ENSG00000167106"
6858,"enh7","ENSG00000152527"
6859,"enh9","ENSG00000064545"
6860,"enh11","ENSG00000183831"
6861,"enh13","ENSG00000188554"
6862,"enh9","ENSG00000105662"
6863,"enh10","ENSG00000197958"
6864,"enh2","ENSG00000070423"
6865,"enh1","ENSG00000135821"
6866,"enh8","ENSG00000184988"
6867,"enh2","ENSG00000174842"
6868,"enh13","ENSG00000138772"
6869,"enh6","ENSG00000181035"
6870,"enh5","ENSG00000076321"
6871,"enh5","ENSG00000117222"
6872,"enh8","ENSG00000090273"
6873,"enh1","ENSG00000148303"
6874,"enh11","ENSG00000148296"
6875,"enh10","ENSG00000213638"
6876,"enh8","ENSG00000136828"
6877,"enh14","ENSG00000064666"
6878,"enh11","ENSG00000168056"
6879,"enh3","ENSG00000167470"
6880,"enh6","ENSG00000069482"
6881,"enh1","ENSG00000070761"
6882,"enh12","ENSG00000051128"
6883,"enh9","ENSG00000169403"
6884,"enh10","ENSG00000130511"
6885,"enh3","ENSG00000181781"
6886,"enh9","ENSG00000136807"
6887,"enh11","ENSG00000196116"
6888,"enh14","ENSG00000009780"
6889,"enh5","ENSG00000082512"
6890,"enh3","ENSG00000117266"
6891,"enh8","ENSG00000142530"
6892,"enh11","ENSG00000174669"
6893,"enh12","ENSG00000198417"
6894,"enh10","ENSG00000172775"
6895,"enh11","ENSG00000167123"
6896,"enh11","ENSG00000174842"
6897,"enh10","ENSG00000105472"
6898,"enh5","ENSG00000079313"
6899,"enh2","ENSG00000180340"
6900,"enh9","ENSG00000133275"
6901,"enh14","ENSG00000165684"
6902,"enh9","ENSG00000196550"
6903,"enh11","ENSG00000175906"
6904,"enh4","ENSG00000167491"
6905,"enh12","ENSG00000165138"
6906,"enh14","ENSG00000151694"
6907,"enh6","ENSG00000162300"
6908,"enh11","ENSG00000129951"
6909,"enh4","ENSG00000106803"
6910,"enh1","ENSG00000117650"
6911,"enh1","ENSG00000117280"
6912,"enh14","ENSG00000117592"
6913,"enh8","ENSG00000068831"
6914,"enh11","ENSG00000104897"
6915,"enh6","ENSG00000051128"
6916,"enh12","ENSG00000064607"
6917,"enh3","ENSG00000167005"
6918,"enh6","ENSG00000099864"
6919,"enh10","ENSG00000174996"
6920,"enh5","ENSG00000087365"
6921,"enh13","ENSG00000014138"
6922,"enh3","ENSG00000161692"
6923,"enh12","ENSG00000005961"
6924,"enh1","ENSG00000175334"
6925,"enh9","ENSG00000227500"
6926,"enh5","ENSG00000161647"
6927,"enh9","ENSG00000105676"
6928,"enh13","ENSG00000005007"
6929,"enh12","ENSG00000105671"
6930,"enh3","ENSG00000005961"
6931,"enh9","ENSG00000136932"
6932,"enh1","ENSG00000148297"
6933,"enh10","ENSG00000108852"
6934,"enh9","ENSG00000068971"
6935,"enh2","ENSG00000149823"
6936,"enh1","ENSG00000186010"
6937,"enh14","ENSG00000126709"
6938,"enh8","ENSG00000102934"
6939,"enh6","ENSG00000064932"
6940,"enh6","ENSG00000115758"
6941,"enh14","ENSG00000130770"
6942,"enh14","ENSG00000108849"
6943,"enh5","ENSG00000180098"
6944,"enh5","ENSG00000178093"
6945,"enh3","ENSG00000155380"
6946,"enh11","ENSG00000173442"
6947,"enh11","ENSG00000102996"
6948,"enh3","ENSG00000162241"
6949,"enh14","ENSG00000104689"
6950,"enh14","ENSG00000136908"
6951,"enh9","ENSG00000057935"
6952,"enh9","ENSG00000125630"
6953,"enh13","ENSG00000105705"
6954,"enh2","ENSG00000135736"
6955,"enh3","ENSG00000130513"
6956,"enh5","ENSG00000136643"
6957,"enh9","ENSG00000144136"
6958,"enh5","ENSG00000196550"
6959,"enh6","ENSG00000004939"
6960,"enh7","ENSG00000168067"
6961,"enh13","ENSG00000136448"
6962,"enh9","ENSG00000090020"
6963,"enh8","ENSG00000162873"
6964,"enh4","ENSG00000105671"
6965,"enh1","ENSG00000051108"
6966,"enh1","ENSG00000099625"
6967,"enh5","ENSG00000117697"
6968,"enh7","ENSG00000167747"
6969,"enh5","ENSG00000168067"
6970,"enh9","ENSG00000100316"
6971,"enh13","ENSG00000167123"
6972,"enh10","ENSG00000181513"
6973,"enh12","ENSG00000213445"
6974,"enh2","ENSG00000105701"
6975,"enh13","ENSG00000068831"
6976,"enh11","ENSG00000174606"
6977,"enh11","ENSG00000135821"
6978,"enh12","ENSG00000095380"
6979,"enh13","ENSG00000238227"
6980,"enh6","ENSG00000178093"
6981,"enh12","ENSG00000183831"
6982,"enh10","ENSG00000136877"
6983,"enh1","ENSG00000160563"
6984,"enh9","ENSG00000198492"
6985,"enh12","ENSG00000071626"
6986,"enh3","ENSG00000198492"
6987,"enh8","ENSG00000149798"
6988,"enh6","ENSG00000106991"
6989,"enh2","ENSG00000160404"
6990,"enh12","ENSG00000167005"
6991,"enh3","ENSG00000130511"
6992,"enh1","ENSG00000160360"
6993,"enh8","ENSG00000133243"
6994,"enh3","ENSG00000119514"
6995,"enh2","ENSG00000148296"
6996,"enh6","ENSG00000167118"
6997,"enh7","ENSG00000186501"
6998,"enh2","ENSG00000105053"
6999,"enh1","ENSG00000167005"
7000,"enh3","ENSG00000065268"
7001,"enh3","ENSG00000051108"
7002,"enh9","ENSG00000125637"
7003,"enh6","ENSG00000005007"
7004,"enh14","ENSG00000142784"
7005,"enh13","ENSG00000253368"
7006,"enh3","ENSG00000176890"
7007,"enh7","ENSG00000125618"
7008,"enh4","ENSG00000129933"
7009,"enh12","ENSG00000162873"
7010,"enh1","ENSG00000117592"
7011,"enh3","ENSG00000162419"
7012,"enh7","ENSG00000142186"
7013,"enh12","ENSG00000133059"
7014,"enh9","ENSG00000140859"
7015,"enh3","ENSG00000149823"
7016,"enh10","ENSG00000159461"
7017,"enh13","ENSG00000181773"
7018,"enh5","ENSG00000160271"
7019,"enh5","ENSG00000161682"
7020,"enh12","ENSG00000168066"
7021,"enh13","ENSG00000104885"
7022,"enh12","ENSG00000130270"
7023,"enh7","ENSG00000174547"
7024,"enh9","ENSG00000167470"
7025,"enh5","ENSG00000181896"
7026,"enh5","ENSG00000105696"
7027,"enh1","ENSG00000135046"
7028,"enh2","ENSG00000142528"
7029,"enh1","ENSG00000160293"
7030,"enh11","ENSG00000170385"
7031,"enh7","ENSG00000126391"
7032,"enh1","ENSG00000143924"
7033,"enh9","ENSG00000130768"
7034,"enh3","ENSG00000153107"
7035,"enh13","ENSG00000176973"
7036,"enh7","ENSG00000186185"
7037,"enh10","ENSG00000069702"
7038,"enh10","ENSG00000167468"
7039,"enh3","ENSG00000171848"
7040,"enh13","ENSG00000117625"
7041,"enh13","ENSG00000131409"
7042,"enh4","ENSG00000071626"
7043,"enh13","ENSG00000131097"
7044,"enh2","ENSG00000183831"
7045,"enh5","ENSG00000106992"
7046,"enh4","ENSG00000106992"
7047,"enh10","ENSG00000213221"
7048,"enh6","ENSG00000071655"
7049,"enh6","ENSG00000156269"
7050,"enh6","ENSG00000174851"
7051,"enh10","ENSG00000117758"
7052,"enh11","ENSG00000136807"
7053,"enh9","ENSG00000136877"
7054,"enh11","ENSG00000099622"
7055,"enh13","ENSG00000133059"
7056,"enh3","ENSG00000198786"
7057,"enh2","ENSG00000006016"
7058,"enh14","ENSG00000163291"
7059,"enh10","ENSG00000148411"
7060,"enh9","ENSG00000126705"
7061,"enh5","ENSG00000068831"
7062,"enh6","ENSG00000197816"
7063,"enh2","ENSG00000152518"
7064,"enh9","ENSG00000115286"
7065,"enh11","ENSG00000159648"
7066,"enh5","ENSG00000172270"
7067,"enh5","ENSG00000254901"
7068,"enh3","ENSG00000174871"
7069,"enh10","ENSG00000102996"
7070,"enh13","ENSG00000105497"
7071,"enh7","ENSG00000090020"
7072,"enh8","ENSG00000142186"
7073,"enh9","ENSG00000117751"
7074,"enh3","ENSG00000126698"
7075,"enh3","ENSG00000196550"
7076,"enh10","ENSG00000130005"
7077,"enh10","ENSG00000062822"
7078,"enh10","ENSG00000104946"
7079,"enh2","ENSG00000161714"
7080,"enh13","ENSG00000117266"
7081,"enh6","ENSG00000174547"
7082,"enh3","ENSG00000223802"
7083,"enh13","ENSG00000011304"
7084,"enh8","ENSG00000108312"
7085,"enh2","ENSG00000131398"
7086,"enh5","ENSG00000130770"
7087,"enh14","ENSG00000227500"
7088,"enh12","ENSG00000181588"
7089,"enh6","ENSG00000012048"
7090,"enh6","ENSG00000051108"
7091,"enh1","ENSG00000180340"
7092,"enh7","ENSG00000165092"
7093,"enh10","ENSG00000115944"
7094,"enh3","ENSG00000136874"
7095,"enh9","ENSG00000253368"
7096,"enh2","ENSG00000167005"
7097,"enh14","ENSG00000106803"
7098,"enh12","ENSG00000105472"
7099,"enh3","ENSG00000213445"
7100,"enh1","ENSG00000133065"
7101,"enh2","ENSG00000227500"
7102,"enh10","ENSG00000250067"
7103,"enh2","ENSG00000160360"
7104,"enh9","ENSG00000133243"
7105,"enh8","ENSG00000064666"
7106,"enh12","ENSG00000066027"
7107,"enh4","ENSG00000169403"
7108,"enh8","ENSG00000173442"
7109,"enh11","ENSG00000148308"
7110,"enh5","ENSG00000099864"
7111,"enh2","ENSG00000185198"
7112,"enh8","ENSG00000213988"
7113,"enh8","ENSG00000105556"
7114,"enh12","ENSG00000117748"
7115,"enh1","ENSG00000169607"
7116,"enh3","ENSG00000253368"
7117,"enh6","ENSG00000108849"
7118,"enh5","ENSG00000136877"
7119,"enh8","ENSG00000158715"
7120,"enh5","ENSG00000125148"
7121,"enh5","ENSG00000204710"
7122,"enh9","ENSG00000125484"
7123,"enh4","ENSG00000173825"
7124,"enh9","ENSG00000173039"
7125,"enh6","ENSG00000108309"
7126,"enh2","ENSG00000106789"
7127,"enh11","ENSG00000174871"
7128,"enh6","ENSG00000071626"
7129,"enh9","ENSG00000065268"
7130,"enh4","ENSG00000108849"
7131,"enh6","ENSG00000204673"
7132,"enh14","ENSG00000160161"
7133,"enh2","ENSG00000160563"
7134,"enh5","ENSG00000148297"
7135,"enh8","ENSG00000119559"
7136,"enh3","ENSG00000158195"
7137,"enh2","ENSG00000108312"
7138,"enh4","ENSG00000099817"
7139,"enh9","ENSG00000130775"
7140,"enh8","ENSG00000144130"
7141,"enh3","ENSG00000163297"
7142,"enh5","ENSG00000135870"
7143,"enh12","ENSG00000106992"
7144,"enh7","ENSG00000175294"
7145,"enh3","ENSG00000136929"
7146,"enh3","ENSG00000120913"
7147,"enh14","ENSG00000122484"
7148,"enh9","ENSG00000149809"
7149,"enh10","ENSG00000165688"
7150,"enh2","ENSG00000198858"
7151,"enh12","ENSG00000105696"
7152,"enh5","ENSG00000065000"
7153,"enh6","ENSG00000099875"
7154,"enh9","ENSG00000120334"
7155,"enh8","ENSG00000213465"
7156,"enh13","ENSG00000138767"
7157,"enh11","ENSG00000125485"
7158,"enh8","ENSG00000107290"
7159,"enh14","ENSG00000117748"
7160,"enh12","ENSG00000136895"
7161,"enh8","ENSG00000165092"
7162,"enh6","ENSG00000133069"
7163,"enh1","ENSG00000099864"
7164,"enh13","ENSG00000125319"
7165,"enh5","ENSG00000119559"
7166,"enh12","ENSG00000142751"
7167,"enh6","ENSG00000136932"
7168,"enh7","ENSG00000039650"
7169,"enh10","ENSG00000105662"
7170,"enh13","ENSG00000160404"
7171,"enh2","ENSG00000184162"
7172,"enh11","ENSG00000175854"
7173,"enh13","ENSG00000070404"
7174,"enh13","ENSG00000143493"
7175,"enh13","ENSG00000125124"
7176,"enh4","ENSG00000181781"
7177,"enh12","ENSG00000174684"
7178,"enh6","ENSG00000173465"
7179,"enh3","ENSG00000095383"
7180,"enh12","ENSG00000107021"
7181,"enh13","ENSG00000104689"
7182,"enh13","ENSG00000235034"
7183,"enh8","ENSG00000115761"
7184,"enh2","ENSG00000130770"
7185,"enh3","ENSG00000141349"
7186,"enh2","ENSG00000100316"
7187,"enh1","ENSG00000126391"
7188,"enh9","ENSG00000107021"
7189,"enh6","ENSG00000117592"
7190,"enh4","ENSG00000160404"
7191,"enh5","ENSG00000142765"
7192,"enh1","ENSG00000173825"
7193,"enh12","ENSG00000135736"
7194,"enh4","ENSG00000198417"
7195,"enh7","ENSG00000173442"
7196,"enh6","ENSG00000180198"
7197,"enh3","ENSG00000174996"
7198,"enh14","ENSG00000105662"
7199,"enh7","ENSG00000162300"
7200,"enh10","ENSG00000181781"
7201,"enh8","ENSG00000160404"
7202,"enh8","ENSG00000125485"
7203,"enh2","ENSG00000148411"
7204,"enh8","ENSG00000196683"
7205,"enh7","ENSG00000172922"
7206,"enh3","ENSG00000105379"
7207,"enh6","ENSG00000148296"
7208,"enh11","ENSG00000106976"
7209,"enh14","ENSG00000196422"
7210,"enh6","ENSG00000030582"
7211,"enh4","ENSG00000181588"
7212,"enh10","ENSG00000104886"
7213,"enh2","ENSG00000142751"
7214,"enh5","ENSG00000131398"
7215,"enh13","ENSG00000175832"
7216,"enh7","ENSG00000174903"
7217,"enh8","ENSG00000117593"
7218,"enh9","ENSG00000115255"
7219,"enh13","ENSG00000175592"
7220,"enh12","ENSG00000122484"
7221,"enh5","ENSG00000181781"
7222,"enh13","ENSG00000130513"
7223,"enh14","ENSG00000174529"
7224,"enh1","ENSG00000167468"
7225,"enh11","ENSG00000133884"
7226,"enh13","ENSG00000140854"
7227,"enh3","ENSG00000165702"
7228,"enh1","ENSG00000171169"
7229,"enh11","ENSG00000088682"
7230,"enh14","ENSG00000115257"
7231,"enh11","ENSG00000130559"
7232,"enh8","ENSG00000120889"
7233,"enh3","ENSG00000196188"
7234,"enh7","ENSG00000130560"
7235,"enh5","ENSG00000138767"
7236,"enh5","ENSG00000159648"
7237,"enh8","ENSG00000180448"
7238,"enh3","ENSG00000173442"
7239,"enh14","ENSG00000117650"
7240,"enh2","ENSG00000106992"
7241,"enh12","ENSG00000125485"
7242,"enh10","ENSG00000158941"
7243,"enh4","ENSG00000227500"
7244,"enh9","ENSG00000184162"
7245,"enh14","ENSG00000069275"
7246,"enh7","ENSG00000198917"
7247,"enh1","ENSG00000167112"
7248,"enh7","ENSG00000131409"
7249,"enh14","ENSG00000144134"
7250,"enh7","ENSG00000158711"
7251,"enh8","ENSG00000117748"
7252,"enh7","ENSG00000167114"
7253,"enh6","ENSG00000107372"
7254,"enh9","ENSG00000105700"
7255,"enh12","ENSG00000070770"
7256,"enh6","ENSG00000167113"
7257,"enh7","ENSG00000122140"
7258,"enh2","ENSG00000064545"
7259,"enh10","ENSG00000136811"
7260,"enh3","ENSG00000196422"
7261,"enh4","ENSG00000099804"
7262,"enh4","ENSG00000143882"
7263,"enh9","ENSG00000189195"
7264,"enh13","ENSG00000167487"
7265,"enh9","ENSG00000196683"
7266,"enh10","ENSG00000181896"
7267,"enh8","ENSG00000204710"
7268,"enh9","ENSG00000158195"
7269,"enh12","ENSG00000171219"
7270,"enh10","ENSG00000129911"
7271,"enh11","ENSG00000005007"
7272,"enh14","ENSG00000125319"
7273,"enh9","ENSG00000152527"
7274,"enh4","ENSG00000014216"
7275,"enh10","ENSG00000090020"
7276,"enh12","ENSG00000197136"
7277,"enh4","ENSG00000117266"
7278,"enh5","ENSG00000158941"
7279,"enh3","ENSG00000254901"
7280,"enh3","ENSG00000125630"
7281,"enh8","ENSG00000067596"
7282,"enh8","ENSG00000163291"
7283,"enh3","ENSG00000103005"
7284,"enh11","ENSG00000130766"
7285,"enh13","ENSG00000117222"
7286,"enh14","ENSG00000181588"
7287,"enh2","ENSG00000120334"
7288,"enh9","ENSG00000119333"
7289,"enh13","ENSG00000122026"
7290,"enh12","ENSG00000153208"
7291,"enh10","ENSG00000152518"
7292,"enh6","ENSG00000172757"
7293,"enh4","ENSG00000130768"
7294,"enh5","ENSG00000106976"
7295,"enh6","ENSG00000159648"
7296,"enh6","ENSG00000167747"
7297,"enh4","ENSG00000143493"
7298,"enh14","ENSG00000169136"
7299,"enh3","ENSG00000148288"
7300,"enh4","ENSG00000130511"
7301,"enh2","ENSG00000006015"
7302,"enh4","ENSG00000131094"
7303,"enh13","ENSG00000089639"
7304,"enh10","ENSG00000131097"
7305,"enh4","ENSG00000064545"
7306,"enh2","ENSG00000172732"
7307,"enh7","ENSG00000167113"
7308,"enh4","ENSG00000105676"
7309,"enh14","ENSG00000136807"
7310,"enh13","ENSG00000066027"
7311,"enh3","ENSG00000161682"
7312,"enh12","ENSG00000142530"
7313,"enh1","ENSG00000136643"
7314,"enh12","ENSG00000160408"
7315,"enh10","ENSG00000102934"
7316,"enh11","ENSG00000008853"
7317,"enh13","ENSG00000165138"
7318,"enh11","ENSG00000142733"
7319,"enh12","ENSG00000168061"
7320,"enh1","ENSG00000196961"
7321,"enh1","ENSG00000104131"
7322,"enh10","ENSG00000123684"
7323,"enh11","ENSG00000186010"
7324,"enh2","ENSG00000197958"
7325,"enh7","ENSG00000129933"
7326,"enh10","ENSG00000117650"
7327,"enh5","ENSG00000129911"
7328,"enh7","ENSG00000099821"
7329,"enh13","ENSG00000119333"
7330,"enh5","ENSG00000175294"
7331,"enh9","ENSG00000144134"
7332,"enh12","ENSG00000182087"
7333,"enh7","ENSG00000005007"
7334,"enh3","ENSG00000149798"
7335,"enh13","ENSG00000144134"
7336,"enh2","ENSG00000108861"
7337,"enh4","ENSG00000160953"
7338,"enh12","ENSG00000141933"
7339,"enh7","ENSG00000167118"
7340,"enh14","ENSG00000101132"
7341,"enh4","ENSG00000197540"
7342,"enh6","ENSG00000161654"
7343,"enh12","ENSG00000125148"
7344,"enh3","ENSG00000165661"
7345,"enh3","ENSG00000148339"
7346,"enh11","ENSG00000105053"
7347,"enh5","ENSG00000136842"
7348,"enh12","ENSG00000162241"
7349,"enh13","ENSG00000204291"
7350,"enh4","ENSG00000066027"
7351,"enh4","ENSG00000104886"
7352,"enh13","ENSG00000167470"
7353,"enh5","ENSG00000172059"
7354,"enh6","ENSG00000115750"
7355,"enh14","ENSG00000143493"
7356,"enh9","ENSG00000148308"
7357,"enh3","ENSG00000188554"
7358,"enh7","ENSG00000174851"
7359,"enh13","ENSG00000122482"
7360,"enh9","ENSG00000115758"
7361,"enh3","ENSG00000144130"
7362,"enh12","ENSG00000005194"
7363,"enh7","ENSG00000161692"
7364,"enh6","ENSG00000057935"
