"selection_order","grna_target","response_id"
1,"enh12","ENSG00000105717"
2,"enh1","ENSG00000105669"
3,"enh10","ENSG00000172270"
4,"enh1","ENSG00000160447"
5,"enh4","ENSG00000091947"
6,"enh13","ENSG00000117266"
7,"enh9","ENSG00000131409"
8,"enh6","ENSG00000136908"
9,"enh10","ENSG00000250067"
10,"enh12","ENSG00000160345"
11,"enh10","ENSG00000185198"
12,"enh1","ENSG00000161714"
13,"enh14","ENSG00000135736"
14,"enh4","ENSG00000105053"
15,"enh14","ENSG00000129933"
16,"enh1","ENSG00000238227"
17,"enh3","ENSG00000182963"
18,"enh13","ENSG00000136938"
19,"enh2","ENSG00000165698"
20,"enh9","ENSG00000160404"
21,"enh11","ENSG00000168061"
22,"enh5","ENSG00000101132"
23,"enh11","ENSG00000160271"
24,"enh14","ENSG00000165092"
25,"enh6","ENSG00000174684"
26,"enh3","ENSG00000005007"
27,"enh6","ENSG00000099804"
28,"enh5","ENSG00000160447"
29,"enh11","ENSG00000250067"
30,"enh4","ENSG00000122140"
31,"enh14","ENSG00000117650"
32,"enh9","ENSG00000196116"
33,"enh10","ENSG00000256771"
34,"enh10","ENSG00000108861"
35,"enh6","ENSG00000099866"
36,"enh7","ENSG00000262874"
37,"enh14","ENSG00000167114"
38,"enh6","ENSG00000142784"
39,"enh14","ENSG00000175115"
40,"enh3","ENSG00000133895"
41,"enh10","ENSG00000089639"
42,"enh2","ENSG00000064787"
43,"enh3","ENSG00000105379"
44,"enh11","ENSG00000174851"
45,"enh5","ENSG00000187840"
46,"enh10","ENSG00000069275"
47,"enh8","ENSG00000138772"
48,"enh8","ENSG00000167110"
49,"enh1","ENSG00000160293"
50,"enh12","ENSG00000188177"
51,"enh9","ENSG00000133065"
52,"enh11","ENSG00000108861"
53,"enh5","ENSG00000104679"
54,"enh8","ENSG00000117266"
55,"enh9","ENSG00000126391"
56,"enh1","ENSG00000079313"
57,"enh3","ENSG00000149809"
58,"enh4","ENSG00000099821"
59,"enh13","ENSG00000144130"
60,"enh4","ENSG00000071626"
61,"enh5","ENSG00000120334"
62,"enh7","ENSG00000172059"
63,"enh10","ENSG00000099622"
64,"enh8","ENSG00000159461"
65,"enh6","ENSG00000131409"
66,"enh13","ENSG00000129946"
67,"enh8","ENSG00000181513"
68,"enh10","ENSG00000140854"
69,"enh9","ENSG00000136937"
70,"enh7","ENSG00000213023"
71,"enh2","ENSG00000180329"
72,"enh9","ENSG00000165092"
73,"enh5","ENSG00000087365"
74,"enh13","ENSG00000130559"
75,"enh11","ENSG00000136874"
76,"enh6","ENSG00000180329"
77,"enh14","ENSG00000099625"
78,"enh3","ENSG00000129911"
79,"enh10","ENSG00000119514"
80,"enh2","ENSG00000129968"
81,"enh11","ENSG00000119185"
82,"enh9","ENSG00000167487"
83,"enh9","ENSG00000090273"
84,"enh8","ENSG00000133069"
85,"enh6","ENSG00000174669"
86,"enh10","ENSG00000106992"
87,"enh3","ENSG00000149823"
88,"enh8","ENSG00000135821"
89,"enh4","ENSG00000196550"
90,"enh4","ENSG00000147669"
91,"enh8","ENSG00000174851"
92,"enh2","ENSG00000106785"
93,"enh5","ENSG00000162300"
94,"enh12","ENSG00000106976"
95,"enh14","ENSG00000010361"
96,"enh14","ENSG00000120913"
97,"enh12","ENSG00000105556"
98,"enh7","ENSG00000169136"
99,"enh8","ENSG00000203705"
100,"enh12","ENSG00000138036"
101,"enh1","ENSG00000173442"
102,"enh14","ENSG00000165689"
103,"enh7","ENSG00000051108"
104,"enh2","ENSG00000142733"
105,"enh14","ENSG00000134318"
106,"enh9","ENSG00000250067"
107,"enh3","ENSG00000118046"
108,"enh3","ENSG00000262874"
109,"enh3","ENSG00000196415"
110,"enh10","ENSG00000142544"
111,"enh11","ENSG00000254986"
112,"enh4","ENSG00000122026"
113,"enh1","ENSG00000167114"
114,"enh12","ENSG00000136448"
115,"enh8","ENSG00000131400"
116,"enh1","ENSG00000010361"
117,"enh13","ENSG00000136828"
118,"enh8","ENSG00000174871"
119,"enh6","ENSG00000062822"
120,"enh10","ENSG00000064687"
121,"enh11","ENSG00000162300"
122,"enh9","ENSG00000185761"
123,"enh13","ENSG00000104973"
124,"enh14","ENSG00000221983"
125,"enh4","ENSG00000136908"
126,"enh6","ENSG00000162419"
127,"enh5","ENSG00000159461"
128,"enh8","ENSG00000005007"
129,"enh5","ENSG00000130775"
130,"enh1","ENSG00000162300"
131,"enh11","ENSG00000167487"
132,"enh14","ENSG00000197136"
133,"enh11","ENSG00000152527"
134,"enh6","ENSG00000155380"
135,"enh4","ENSG00000130559"
136,"enh13","ENSG00000105379"
137,"enh8","ENSG00000064787"
138,"enh12","ENSG00000104885"
139,"enh4","ENSG00000099840"
140,"enh6","ENSG00000167112"
141,"enh9","ENSG00000177125"
142,"enh9","ENSG00000186010"
143,"enh11","ENSG00000135736"
144,"enh2","ENSG00000133069"
145,"enh8","ENSG00000115257"
146,"enh1","ENSG00000105656"
147,"enh3","ENSG00000169607"
148,"enh9","ENSG00000131400"
149,"enh1","ENSG00000197816"
150,"enh1","ENSG00000105472"
151,"enh6","ENSG00000196312"
152,"enh4","ENSG00000104131"
153,"enh12","ENSG00000131408"
154,"enh1","ENSG00000167112"
155,"enh12","ENSG00000161671"
156,"enh4","ENSG00000136877"
157,"enh4","ENSG00000136840"
158,"enh6","ENSG00000065268"
159,"enh3","ENSG00000126391"
160,"enh14","ENSG00000161682"
161,"enh11","ENSG00000133059"
162,"enh8","ENSG00000161682"
163,"enh12","ENSG00000148337"
164,"enh5","ENSG00000144134"
165,"enh1","ENSG00000105497"
166,"enh6","ENSG00000148291"
167,"enh12","ENSG00000099875"
168,"enh2","ENSG00000174547"
169,"enh5","ENSG00000014138"
170,"enh2","ENSG00000116017"
171,"enh12","ENSG00000169403"
172,"enh2","ENSG00000161677"
173,"enh10","ENSG00000106785"
174,"enh7","ENSG00000107021"
175,"enh9","ENSG00000160318"
176,"enh2","ENSG00000196415"
177,"enh1","ENSG00000213024"
178,"enh1","ENSG00000161671"
179,"enh14","ENSG00000167136"
180,"enh7","ENSG00000143924"
181,"enh12","ENSG00000131400"
182,"enh14","ENSG00000106976"
183,"enh6","ENSG00000153214"
184,"enh2","ENSG00000125170"
185,"enh4","ENSG00000176890"
186,"enh2","ENSG00000181513"
187,"enh9","ENSG00000213638"
188,"enh7","ENSG00000148356"
189,"enh10","ENSG00000158941"
190,"enh11","ENSG00000253368"
191,"enh10","ENSG00000167470"
192,"enh4","ENSG00000167759"
193,"enh6","ENSG00000167136"
194,"enh4","ENSG00000106785"
195,"enh12","ENSG00000168066"
196,"enh14","ENSG00000129951"
197,"enh4","ENSG00000099624"
198,"enh4","ENSG00000104679"
199,"enh12","ENSG00000176973"
200,"enh9","ENSG00000149806"
201,"enh13","ENSG00000148290"
202,"enh8","ENSG00000099804"
203,"enh14","ENSG00000171169"
204,"enh12","ENSG00000125485"
205,"enh1","ENSG00000241852"
206,"enh10","ENSG00000168591"
207,"enh14","ENSG00000090273"
208,"enh2","ENSG00000130772"
209,"enh5","ENSG00000108861"
210,"enh9","ENSG00000174684"
211,"enh12","ENSG00000204710"
212,"enh5","ENSG00000144161"
213,"enh9","ENSG00000172081"
214,"enh9","ENSG00000134330"
215,"enh8","ENSG00000131094"
216,"enh13","ENSG00000106799"
217,"enh8","ENSG00000134330"
218,"enh2","ENSG00000030582"
219,"enh14","ENSG00000039650"
220,"enh8","ENSG00000104885"
221,"enh10","ENSG00000099804"
222,"enh13","ENSG00000148291"
223,"enh12","ENSG00000167114"
224,"enh2","ENSG00000105669"
225,"enh11","ENSG00000167748"
226,"enh2","ENSG00000105671"
227,"enh13","ENSG00000160446"
228,"enh4","ENSG00000102931"
229,"enh2","ENSG00000152527"
230,"enh1","ENSG00000119333"
231,"enh7","ENSG00000165698"
232,"enh11","ENSG00000161714"
233,"enh11","ENSG00000141934"
234,"enh8","ENSG00000099875"
235,"enh14","ENSG00000167470"
236,"enh9","ENSG00000105696"
237,"enh5","ENSG00000250067"
238,"enh10","ENSG00000115091"
239,"enh10","ENSG00000130766"
240,"enh4","ENSG00000117691"
241,"enh6","ENSG00000172500"
242,"enh10","ENSG00000235034"
243,"enh9","ENSG00000167005"
244,"enh14","ENSG00000076321"
245,"enh1","ENSG00000105053"
246,"enh6","ENSG00000153107"
247,"enh9","ENSG00000116017"
248,"enh11","ENSG00000185278"
249,"enh2","ENSG00000167747"
250,"enh7","ENSG00000174276"
251,"enh7","ENSG00000171848"
252,"enh5","ENSG00000105053"
253,"enh12","ENSG00000148339"
254,"enh3","ENSG00000106789"
255,"enh11","ENSG00000184988"
256,"enh4","ENSG00000099625"
257,"enh13","ENSG00000106789"
258,"enh7","ENSG00000174529"
259,"enh2","ENSG00000189195"
260,"enh2","ENSG00000167759"
261,"enh13","ENSG00000122026"
262,"enh10","ENSG00000227500"
263,"enh7","ENSG00000126391"
264,"enh10","ENSG00000213465"
265,"enh7","ENSG00000187840"
266,"enh10","ENSG00000130270"
267,"enh2","ENSG00000172500"
268,"enh10","ENSG00000196312"
269,"enh6","ENSG00000130772"
270,"enh1","ENSG00000125630"
271,"enh1","ENSG00000144134"
272,"enh3","ENSG00000198917"
273,"enh6","ENSG00000119559"
274,"enh11","ENSG00000012048"
275,"enh14","ENSG00000144134"
276,"enh13","ENSG00000115761"
277,"enh8","ENSG00000162769"
278,"enh7","ENSG00000136936"
279,"enh3","ENSG00000069275"
280,"enh13","ENSG00000147439"
281,"enh1","ENSG00000159648"
282,"enh9","ENSG00000115758"
283,"enh2","ENSG00000175221"
284,"enh8","ENSG00000125611"
285,"enh10","ENSG00000125319"
286,"enh9","ENSG00000174529"
287,"enh6","ENSG00000172992"
288,"enh13","ENSG00000105662"
289,"enh14","ENSG00000141349"
290,"enh14","ENSG00000105656"
291,"enh11","ENSG00000187024"
292,"enh4","ENSG00000149798"
293,"enh12","ENSG00000119185"
294,"enh9","ENSG00000162976"
295,"enh8","ENSG00000125618"
296,"enh10","ENSG00000115268"
297,"enh6","ENSG00000160345"
298,"enh2","ENSG00000165699"
299,"enh14","ENSG00000167103"
300,"enh5","ENSG00000174950"
301,"enh12","ENSG00000134317"
302,"enh10","ENSG00000167112"
303,"enh3","ENSG00000136448"
304,"enh13","ENSG00000131097"
305,"enh10","ENSG00000105497"
306,"enh11","ENSG00000174516"
307,"enh6","ENSG00000105669"
308,"enh13","ENSG00000136929"
309,"enh8","ENSG00000126391"
310,"enh7","ENSG00000105383"
311,"enh8","ENSG00000180340"
312,"enh2","ENSG00000087365"
313,"enh12","ENSG00000197540"
314,"enh8","ENSG00000180329"
315,"enh4","ENSG00000131409"
316,"enh10","ENSG00000130775"
317,"enh1","ENSG00000213465"
318,"enh1","ENSG00000057935"
319,"enh9","ENSG00000183831"
320,"enh13","ENSG00000173039"
321,"enh8","ENSG00000172922"
322,"enh6","ENSG00000119523"
323,"enh7","ENSG00000105556"
324,"enh8","ENSG00000133065"
325,"enh10","ENSG00000175467"
326,"enh5","ENSG00000254986"
327,"enh9","ENSG00000148339"
328,"enh1","ENSG00000005194"
329,"enh10","ENSG00000136938"
330,"enh14","ENSG00000130772"
331,"enh12","ENSG00000181035"
332,"enh11","ENSG00000106991"
333,"enh10","ENSG00000180340"
334,"enh14","ENSG00000167112"
335,"enh7","ENSG00000125170"
336,"enh6","ENSG00000176890"
337,"enh4","ENSG00000173442"
338,"enh8","ENSG00000169607"
339,"enh6","ENSG00000178093"
340,"enh3","ENSG00000051128"
341,"enh3","ENSG00000162878"
342,"enh2","ENSG00000130559"
343,"enh6","ENSG00000119335"
344,"enh14","ENSG00000110047"
345,"enh7","ENSG00000175573"
346,"enh9","ENSG00000119185"
347,"enh14","ENSG00000175573"
348,"enh6","ENSG00000138767"
349,"enh2","ENSG00000153214"
350,"enh12","ENSG00000136877"
351,"enh12","ENSG00000161654"
352,"enh14","ENSG00000130513"
353,"enh9","ENSG00000143476"
354,"enh9","ENSG00000143870"
355,"enh12","ENSG00000162772"
356,"enh13","ENSG00000142544"
357,"enh2","ENSG00000197540"
358,"enh8","ENSG00000115091"
359,"enh1","ENSG00000142186"
360,"enh7","ENSG00000102931"
361,"enh1","ENSG00000168056"
362,"enh3","ENSG00000140859"
363,"enh2","ENSG00000099866"
364,"enh11","ENSG00000186566"
365,"enh8","ENSG00000165138"
366,"enh9","ENSG00000071655"
367,"enh14","ENSG00000133884"
368,"enh12","ENSG00000125618"
369,"enh1","ENSG00000108852"
370,"enh13","ENSG00000108849"
371,"enh13","ENSG00000171848"
372,"enh6","ENSG00000197958"
373,"enh11","ENSG00000108852"
374,"enh1","ENSG00000235034"
375,"enh10","ENSG00000142528"
376,"enh12","ENSG00000130768"
377,"enh14","ENSG00000120334"
378,"enh1","ENSG00000089639"
379,"enh10","ENSG00000174669"
380,"enh13","ENSG00000147669"
381,"enh5","ENSG00000070388"
382,"enh3","ENSG00000125618"
383,"enh7","ENSG00000172270"
384,"enh12","ENSG00000170385"
385,"enh1","ENSG00000182087"
386,"enh6","ENSG00000125611"
387,"enh11","ENSG00000163297"
388,"enh14","ENSG00000105383"
389,"enh8","ENSG00000136925"
390,"enh10","ENSG00000126709"
391,"enh7","ENSG00000103021"
392,"enh1","ENSG00000105705"
393,"enh4","ENSG00000141933"
394,"enh10","ENSG00000147439"
395,"enh12","ENSG00000119392"
396,"enh7","ENSG00000115286"
397,"enh9","ENSG00000130005"
398,"enh4","ENSG00000177125"
399,"enh7","ENSG00000196188"
400,"enh11","ENSG00000102996"
401,"enh9","ENSG00000107372"
402,"enh2","ENSG00000159461"
403,"enh13","ENSG00000180198"
404,"enh5","ENSG00000149823"
405,"enh7","ENSG00000110046"
406,"enh13","ENSG00000105669"
407,"enh9","ENSG00000133884"
408,"enh13","ENSG00000143870"
409,"enh10","ENSG00000142765"
410,"enh14","ENSG00000064547"
411,"enh4","ENSG00000175221"
412,"enh6","ENSG00000125484"
413,"enh7","ENSG00000105696"
414,"enh9","ENSG00000161714"
415,"enh6","ENSG00000174606"
416,"enh14","ENSG00000148291"
417,"enh6","ENSG00000175854"
418,"enh1","ENSG00000204710"
419,"enh6","ENSG00000079313"
420,"enh9","ENSG00000125485"
421,"enh9","ENSG00000196152"
422,"enh10","ENSG00000171848"
423,"enh11","ENSG00000115761"
424,"enh7","ENSG00000105669"
425,"enh4","ENSG00000175602"
426,"enh2","ENSG00000165684"
427,"enh9","ENSG00000104131"
428,"enh10","ENSG00000105671"
429,"enh8","ENSG00000196188"
430,"enh4","ENSG00000115750"
431,"enh10","ENSG00000105696"
432,"enh7","ENSG00000104886"
433,"enh12","ENSG00000181773"
434,"enh13","ENSG00000136877"
435,"enh3","ENSG00000160325"
436,"enh13","ENSG00000115944"
437,"enh2","ENSG00000149806"
438,"enh5","ENSG00000181773"
439,"enh8","ENSG00000105700"
440,"enh4","ENSG00000142530"
441,"enh14","ENSG00000174744"
442,"enh1","ENSG00000130768"
443,"enh7","ENSG00000143882"
444,"enh14","ENSG00000136842"
445,"enh5","ENSG00000136842"
446,"enh5","ENSG00000151694"
447,"enh7","ENSG00000119125"
448,"enh11","ENSG00000165092"
449,"enh10","ENSG00000160293"
450,"enh10","ENSG00000171940"
451,"enh11","ENSG00000213445"
452,"enh10","ENSG00000162878"
453,"enh13","ENSG00000106785"
454,"enh1","ENSG00000148290"
455,"enh7","ENSG00000158161"
456,"enh7","ENSG00000006016"
457,"enh1","ENSG00000105671"
458,"enh12","ENSG00000148334"
459,"enh2","ENSG00000160345"
460,"enh10","ENSG00000186010"
461,"enh12","ENSG00000125630"
462,"enh8","ENSG00000171159"
463,"enh8","ENSG00000148300"
464,"enh8","ENSG00000171848"
465,"enh4","ENSG00000171219"
466,"enh14","ENSG00000198917"
467,"enh11","ENSG00000168591"
468,"enh4","ENSG00000134330"
469,"enh8","ENSG00000070388"
470,"enh5","ENSG00000011304"
471,"enh3","ENSG00000172977"
472,"enh6","ENSG00000131400"
473,"enh5","ENSG00000213024"
474,"enh8","ENSG00000104897"
475,"enh13","ENSG00000099622"
476,"enh2","ENSG00000175573"
477,"enh2","ENSG00000115257"
478,"enh11","ENSG00000125144"
479,"enh10","ENSG00000106803"
480,"enh10","ENSG00000125630"
481,"enh3","ENSG00000174684"
482,"enh13","ENSG00000104886"
483,"enh12","ENSG00000142751"
484,"enh6","ENSG00000262874"
485,"enh6","ENSG00000185761"
486,"enh6","ENSG00000142765"
487,"enh2","ENSG00000198840"
488,"enh14","ENSG00000115944"
489,"enh14","ENSG00000120896"
490,"enh4","ENSG00000221983"
491,"enh12","ENSG00000143476"
492,"enh12","ENSG00000115257"
493,"enh14","ENSG00000147439"
494,"enh5","ENSG00000173327"
495,"enh6","ENSG00000126705"
496,"enh10","ENSG00000175550"
497,"enh12","ENSG00000188554"
498,"enh2","ENSG00000136828"
499,"enh13","ENSG00000148308"
500,"enh6","ENSG00000174276"
501,"enh9","ENSG00000012048"
502,"enh10","ENSG00000134330"
503,"enh9","ENSG00000071564"
504,"enh14","ENSG00000140859"
505,"enh2","ENSG00000203705"
506,"enh13","ENSG00000160325"
507,"enh10","ENSG00000167114"
508,"enh8","ENSG00000198786"
509,"enh1","ENSG00000062822"
510,"enh10","ENSG00000148308"
511,"enh9","ENSG00000115084"
512,"enh8","ENSG00000152527"
513,"enh2","ENSG00000125144"
514,"enh9","ENSG00000136929"
515,"enh6","ENSG00000089639"
516,"enh11","ENSG00000198746"
517,"enh6","ENSG00000102978"
518,"enh5","ENSG00000147439"
519,"enh2","ENSG00000106789"
520,"enh12","ENSG00000064490"
521,"enh4","ENSG00000162769"
522,"enh1","ENSG00000161654"
523,"enh14","ENSG00000126391"
524,"enh10","ENSG00000171169"
525,"enh6","ENSG00000175592"
526,"enh8","ENSG00000149798"
527,"enh1","ENSG00000165661"
528,"enh1","ENSG00000125482"
529,"enh1","ENSG00000115268"
530,"enh7","ENSG00000181781"
531,"enh13","ENSG00000142733"
532,"enh7","ENSG00000008853"
533,"enh14","ENSG00000162976"
534,"enh9","ENSG00000160563"
535,"enh14","ENSG00000143476"
536,"enh14","ENSG00000105700"
537,"enh5","ENSG00000130768"
538,"enh5","ENSG00000198858"
539,"enh3","ENSG00000114999"
540,"enh4","ENSG00000117650"
541,"enh3","ENSG00000189195"
542,"enh10","ENSG00000148303"
543,"enh2","ENSG00000130770"
544,"enh4","ENSG00000176973"
545,"enh6","ENSG00000133069"
546,"enh6","ENSG00000065600"
547,"enh6","ENSG00000147457"
548,"enh3","ENSG00000136929"
549,"enh5","ENSG00000162419"
550,"enh6","ENSG00000151694"
551,"enh6","ENSG00000136938"
552,"enh4","ENSG00000196188"
553,"enh5","ENSG00000136937"
554,"enh9","ENSG00000171848"
555,"enh10","ENSG00000117266"
556,"enh11","ENSG00000097046"
557,"enh14","ENSG00000104679"
558,"enh11","ENSG00000125124"
559,"enh4","ENSG00000198786"
560,"enh5","ENSG00000117758"
561,"enh2","ENSG00000089639"
562,"enh8","ENSG00000162419"
563,"enh10","ENSG00000198492"
564,"enh3","ENSG00000160326"
565,"enh4","ENSG00000188177"
566,"enh13","ENSG00000167112"
567,"enh5","ENSG00000104689"
568,"enh9","ENSG00000152527"
569,"enh10","ENSG00000160271"
570,"enh7","ENSG00000235034"
571,"enh3","ENSG00000117222"
572,"enh7","ENSG00000099625"
573,"enh9","ENSG00000162769"
574,"enh7","ENSG00000105676"
575,"enh5","ENSG00000198840"
576,"enh8","ENSG00000108849"
577,"enh9","ENSG00000104886"
578,"enh4","ENSG00000134317"
579,"enh5","ENSG00000148339"
580,"enh8","ENSG00000133275"
581,"enh13","ENSG00000136937"
582,"enh8","ENSG00000103021"
583,"enh12","ENSG00000070770"
584,"enh14","ENSG00000156269"
585,"enh2","ENSG00000173825"
586,"enh5","ENSG00000169403"
587,"enh7","ENSG00000172732"
588,"enh5","ENSG00000068976"
589,"enh11","ENSG00000105472"
590,"enh2","ENSG00000115944"
591,"enh1","ENSG00000180198"
592,"enh9","ENSG00000106789"
593,"enh10","ENSG00000160408"
594,"enh1","ENSG00000148248"
595,"enh1","ENSG00000185198"
596,"enh11","ENSG00000136932"
597,"enh7","ENSG00000051128"
598,"enh8","ENSG00000147439"
599,"enh8","ENSG00000105556"
600,"enh8","ENSG00000105669"
601,"enh1","ENSG00000115084"
602,"enh8","ENSG00000173465"
603,"enh6","ENSG00000105655"
604,"enh8","ENSG00000174669"
605,"enh11","ENSG00000104946"
606,"enh13","ENSG00000198492"
607,"enh7","ENSG00000173825"
608,"enh10","ENSG00000169607"
609,"enh9","ENSG00000070404"
610,"enh4","ENSG00000087152"
611,"enh8","ENSG00000107021"
612,"enh11","ENSG00000106789"
613,"enh11","ENSG00000175334"
614,"enh4","ENSG00000070761"
615,"enh2","ENSG00000130766"
616,"enh12","ENSG00000138767"
617,"enh13","ENSG00000172922"
618,"enh11","ENSG00000087365"
619,"enh1","ENSG00000126391"
620,"enh3","ENSG00000099821"
621,"enh10","ENSG00000185761"
622,"enh4","ENSG00000138756"
623,"enh4","ENSG00000174669"
624,"enh11","ENSG00000114999"
625,"enh3","ENSG00000213023"
626,"enh12","ENSG00000146670"
627,"enh3","ENSG00000104946"
628,"enh13","ENSG00000115756"
629,"enh5","ENSG00000065600"
630,"enh10","ENSG00000138772"
631,"enh14","ENSG00000064687"
632,"enh9","ENSG00000167470"
633,"enh8","ENSG00000188554"
634,"enh11","ENSG00000105726"
635,"enh5","ENSG00000160325"
636,"enh13","ENSG00000185761"
637,"enh11","ENSG00000070404"
638,"enh6","ENSG00000105726"
639,"enh10","ENSG00000160445"
640,"enh4","ENSG00000162878"
641,"enh14","ENSG00000166188"
642,"enh12","ENSG00000136854"
643,"enh11","ENSG00000174744"
644,"enh2","ENSG00000102978"
645,"enh12","ENSG00000135736"
646,"enh4","ENSG00000117625"
647,"enh5","ENSG00000175832"
648,"enh5","ENSG00000125170"
649,"enh5","ENSG00000262874"
650,"enh11","ENSG00000165661"
651,"enh6","ENSG00000104886"
652,"enh8","ENSG00000117691"
653,"enh5","ENSG00000213023"
654,"enh6","ENSG00000174996"
655,"enh8","ENSG00000071564"
656,"enh1","ENSG00000175573"
657,"enh4","ENSG00000173039"
658,"enh13","ENSG00000115084"
659,"enh1","ENSG00000102934"
660,"enh3","ENSG00000125319"
661,"enh12","ENSG00000175115"
662,"enh4","ENSG00000160408"
663,"enh3","ENSG00000174842"
664,"enh11","ENSG00000119392"
665,"enh12","ENSG00000143870"
666,"enh10","ENSG00000104897"
667,"enh4","ENSG00000136929"
668,"enh13","ENSG00000185198"
669,"enh1","ENSG00000163291"
670,"enh2","ENSG00000187193"
671,"enh4","ENSG00000223802"
672,"enh7","ENSG00000254470"
673,"enh8","ENSG00000122482"
674,"enh7","ENSG00000181773"
675,"enh2","ENSG00000125618"
676,"enh3","ENSG00000129951"
677,"enh10","ENSG00000125170"
678,"enh10","ENSG00000119523"
679,"enh11","ENSG00000173442"
680,"enh1","ENSG00000116014"
681,"enh10","ENSG00000167747"
682,"enh5","ENSG00000062822"
683,"enh4","ENSG00000105656"
684,"enh14","ENSG00000149809"
685,"enh1","ENSG00000174516"
686,"enh10","ENSG00000172977"
687,"enh9","ENSG00000064490"
688,"enh12","ENSG00000100316"
689,"enh10","ENSG00000119335"
690,"enh3","ENSG00000115756"
691,"enh7","ENSG00000142765"
692,"enh4","ENSG00000141349"
693,"enh3","ENSG00000176890"
694,"enh3","ENSG00000204138"
695,"enh5","ENSG00000148337"
696,"enh2","ENSG00000187840"
697,"enh8","ENSG00000172992"
698,"enh5","ENSG00000143882"
699,"enh9","ENSG00000105701"
700,"enh3","ENSG00000213221"
701,"enh9","ENSG00000168591"
702,"enh7","ENSG00000197766"
703,"enh7","ENSG00000165092"
704,"enh7","ENSG00000172992"
705,"enh13","ENSG00000104679"
706,"enh13","ENSG00000162878"
707,"enh8","ENSG00000148337"
708,"enh11","ENSG00000136925"
709,"enh14","ENSG00000099804"
710,"enh4","ENSG00000186501"
711,"enh12","ENSG00000133065"
712,"enh4","ENSG00000173465"
713,"enh14","ENSG00000125144"
714,"enh6","ENSG00000011304"
715,"enh2","ENSG00000168056"
716,"enh7","ENSG00000204673"
717,"enh1","ENSG00000130513"
718,"enh3","ENSG00000138036"
719,"enh10","ENSG00000110047"
720,"enh6","ENSG00000168061"
721,"enh6","ENSG00000125618"
722,"enh8","ENSG00000175707"
723,"enh7","ENSG00000126709"
724,"enh14","ENSG00000011304"
725,"enh4","ENSG00000066027"
726,"enh9","ENSG00000104960"
727,"enh12","ENSG00000136830"
728,"enh3","ENSG00000196312"
729,"enh6","ENSG00000162878"
730,"enh1","ENSG00000198858"
731,"enh10","ENSG00000188177"
732,"enh3","ENSG00000125144"
733,"enh4","ENSG00000167487"
734,"enh2","ENSG00000144134"
735,"enh3","ENSG00000148308"
736,"enh10","ENSG00000178093"
737,"enh4","ENSG00000149809"
738,"enh11","ENSG00000136682"
739,"enh12","ENSG00000069482"
740,"enh12","ENSG00000172500"
741,"enh4","ENSG00000136856"
742,"enh2","ENSG00000169403"
743,"enh1","ENSG00000175550"
744,"enh14","ENSG00000106992"
745,"enh14","ENSG00000198746"
746,"enh6","ENSG00000135821"
747,"enh1","ENSG00000172081"
748,"enh3","ENSG00000117601"
749,"enh11","ENSG00000160408"
750,"enh1","ENSG00000117751"
751,"enh7","ENSG00000142530"
752,"enh9","ENSG00000125611"
753,"enh8","ENSG00000136643"
754,"enh10","ENSG00000172500"
755,"enh14","ENSG00000136943"
756,"enh4","ENSG00000070388"
757,"enh1","ENSG00000082512"
758,"enh13","ENSG00000117601"
759,"enh14","ENSG00000014216"
760,"enh6","ENSG00000162298"
761,"enh11","ENSG00000099624"
762,"enh10","ENSG00000108312"
763,"enh13","ENSG00000105700"
764,"enh11","ENSG00000079313"
765,"enh2","ENSG00000136856"
766,"enh13","ENSG00000196188"
767,"enh12","ENSG00000105701"
768,"enh10","ENSG00000136874"
769,"enh7","ENSG00000115084"
770,"enh9","ENSG00000138767"
771,"enh3","ENSG00000161692"
772,"enh10","ENSG00000197766"
773,"enh3","ENSG00000160563"
774,"enh3","ENSG00000134317"
775,"enh6","ENSG00000148339"
776,"enh7","ENSG00000136828"
777,"enh13","ENSG00000175573"
778,"enh11","ENSG00000144161"
779,"enh10","ENSG00000115084"
780,"enh14","ENSG00000133065"
781,"enh5","ENSG00000160563"
782,"enh2","ENSG00000136807"
783,"enh12","ENSG00000126705"
784,"enh9","ENSG00000254901"
785,"enh2","ENSG00000099864"
786,"enh11","ENSG00000213638"
787,"enh13","ENSG00000148337"
788,"enh11","ENSG00000148356"
789,"enh12","ENSG00000119333"
790,"enh2","ENSG00000175707"
791,"enh9","ENSG00000070388"
792,"enh6","ENSG00000141934"
793,"enh13","ENSG00000117280"
794,"enh6","ENSG00000197816"
795,"enh7","ENSG00000099840"
796,"enh4","ENSG00000079313"
797,"enh14","ENSG00000005194"
798,"enh12","ENSG00000184162"
799,"enh8","ENSG00000115255"
800,"enh5","ENSG00000099817"
801,"enh3","ENSG00000102900"
802,"enh4","ENSG00000123685"
803,"enh5","ENSG00000129951"
804,"enh3","ENSG00000161671"
805,"enh1","ENSG00000189195"
806,"enh8","ENSG00000172775"
807,"enh2","ENSG00000106976"
808,"enh11","ENSG00000108883"
809,"enh7","ENSG00000141934"
810,"enh2","ENSG00000148411"
811,"enh10","ENSG00000120913"
812,"enh8","ENSG00000163297"
813,"enh14","ENSG00000186566"
814,"enh5","ENSG00000135736"
815,"enh3","ENSG00000117280"
816,"enh3","ENSG00000131097"
817,"enh5","ENSG00000160161"
818,"enh13","ENSG00000228300"
819,"enh6","ENSG00000160446"
820,"enh10","ENSG00000064545"
821,"enh6","ENSG00000169288"
822,"enh10","ENSG00000186566"
823,"enh4","ENSG00000140854"
824,"enh9","ENSG00000082512"
825,"enh7","ENSG00000165661"
826,"enh10","ENSG00000172757"
827,"enh12","ENSG00000136874"
828,"enh10","ENSG00000064787"
829,"enh3","ENSG00000126705"
830,"enh11","ENSG00000115750"
831,"enh2","ENSG00000204138"
832,"enh5","ENSG00000138767"
833,"enh10","ENSG00000064547"
834,"enh8","ENSG00000176973"
835,"enh7","ENSG00000186501"
836,"enh9","ENSG00000182087"
837,"enh11","ENSG00000161682"
838,"enh14","ENSG00000174851"
839,"enh7","ENSG00000136938"
840,"enh5","ENSG00000120889"
841,"enh6","ENSG00000148356"
842,"enh3","ENSG00000108312"
843,"enh3","ENSG00000174529"
844,"enh13","ENSG00000123685"
845,"enh10","ENSG00000116017"
846,"enh4","ENSG00000144161"
847,"enh13","ENSG00000197540"
848,"enh5","ENSG00000174871"
849,"enh7","ENSG00000108309"
850,"enh6","ENSG00000130560"
851,"enh14","ENSG00000119125"
852,"enh3","ENSG00000155380"
853,"enh4","ENSG00000160953"
854,"enh5","ENSG00000149806"
855,"enh2","ENSG00000105374"
856,"enh8","ENSG00000180448"
857,"enh1","ENSG00000213221"
858,"enh12","ENSG00000162241"
859,"enh13","ENSG00000172977"
860,"enh3","ENSG00000105717"
861,"enh9","ENSG00000142751"
862,"enh11","ENSG00000104885"
863,"enh5","ENSG00000039650"
864,"enh12","ENSG00000136925"
865,"enh4","ENSG00000168591"
866,"enh14","ENSG00000174529"
867,"enh9","ENSG00000070761"
868,"enh1","ENSG00000197136"
869,"enh2","ENSG00000099840"
870,"enh10","ENSG00000148300"
871,"enh14","ENSG00000142544"
872,"enh13","ENSG00000090020"
873,"enh13","ENSG00000174547"
874,"enh7","ENSG00000136842"
875,"enh1","ENSG00000155380"
876,"enh6","ENSG00000168591"
877,"enh9","ENSG00000130766"
878,"enh8","ENSG00000165698"
879,"enh9","ENSG00000262874"
880,"enh2","ENSG00000117691"
881,"enh8","ENSG00000119125"
882,"enh1","ENSG00000152527"
883,"enh2","ENSG00000185761"
884,"enh7","ENSG00000115268"
885,"enh14","ENSG00000160293"
886,"enh11","ENSG00000004939"
887,"enh4","ENSG00000174606"
888,"enh14","ENSG00000197766"
889,"enh13","ENSG00000160345"
890,"enh8","ENSG00000115268"
891,"enh3","ENSG00000131409"
892,"enh13","ENSG00000162772"
893,"enh6","ENSG00000204138"
894,"enh9","ENSG00000087365"
895,"enh10","ENSG00000133243"
896,"enh10","ENSG00000213445"
897,"enh9","ENSG00000167136"
898,"enh2","ENSG00000115091"
899,"enh14","ENSG00000120656"
900,"enh10","ENSG00000131400"
901,"enh12","ENSG00000173465"
902,"enh3","ENSG00000167005"
903,"enh12","ENSG00000105374"
904,"enh5","ENSG00000104897"
905,"enh10","ENSG00000180448"
906,"enh13","ENSG00000108852"
907,"enh6","ENSG00000117691"
908,"enh5","ENSG00000115970"
909,"enh7","ENSG00000167759"
910,"enh10","ENSG00000196550"
911,"enh3","ENSG00000186806"
912,"enh2","ENSG00000147454"
913,"enh7","ENSG00000175334"
914,"enh9","ENSG00000155380"
915,"enh3","ENSG00000136874"
916,"enh5","ENSG00000172757"
917,"enh13","ENSG00000135046"
918,"enh8","ENSG00000115761"
919,"enh12","ENSG00000186501"
920,"enh12","ENSG00000159579"
921,"enh1","ENSG00000143882"
922,"enh5","ENSG00000158711"
923,"enh10","ENSG00000198417"
924,"enh14","ENSG00000105655"
925,"enh14","ENSG00000117592"
926,"enh10","ENSG00000110046"
927,"enh4","ENSG00000182963"
928,"enh11","ENSG00000172775"
929,"enh14","ENSG00000159461"
930,"enh12","ENSG00000158715"
931,"enh6","ENSG00000149792"
932,"enh13","ENSG00000102931"
933,"enh7","ENSG00000168067"
934,"enh7","ENSG00000174871"
935,"enh12","ENSG00000140848"
936,"enh14","ENSG00000180198"
937,"enh6","ENSG00000149806"
938,"enh4","ENSG00000133895"
939,"enh13","ENSG00000149806"
940,"enh12","ENSG00000009780"
941,"enh1","ENSG00000103021"
942,"enh12","ENSG00000069275"
943,"enh4","ENSG00000105379"
944,"enh13","ENSG00000013306"
945,"enh5","ENSG00000160326"
946,"enh11","ENSG00000167468"
947,"enh9","ENSG00000126709"
948,"enh7","ENSG00000133884"
949,"enh9","ENSG00000178093"
950,"enh6","ENSG00000099821"
951,"enh4","ENSG00000130513"
952,"enh1","ENSG00000160408"
953,"enh7","ENSG00000117751"
954,"enh11","ENSG00000069275"
955,"enh12","ENSG00000235034"
956,"enh12","ENSG00000115750"
957,"enh3","ENSG00000064490"
958,"enh13","ENSG00000148288"
959,"enh13","ENSG00000182963"
960,"enh7","ENSG00000133895"
961,"enh7","ENSG00000185761"
962,"enh6","ENSG00000087263"
963,"enh4","ENSG00000254901"
964,"enh4","ENSG00000064547"
965,"enh2","ENSG00000091947"
966,"enh13","ENSG00000170385"
967,"enh12","ENSG00000204673"
968,"enh5","ENSG00000162976"
969,"enh2","ENSG00000108849"
970,"enh9","ENSG00000099866"
971,"enh5","ENSG00000119125"
972,"enh10","ENSG00000147454"
973,"enh2","ENSG00000134330"
974,"enh14","ENSG00000158161"
975,"enh12","ENSG00000162873"
976,"enh3","ENSG00000147669"
977,"enh12","ENSG00000187193"
978,"enh14","ENSG00000142186"
979,"enh14","ENSG00000115761"
980,"enh7","ENSG00000197217"
981,"enh7","ENSG00000108861"
982,"enh8","ENSG00000105701"
983,"enh11","ENSG00000076321"
984,"enh2","ENSG00000105497"
985,"enh7","ENSG00000070404"
986,"enh7","ENSG00000071655"
987,"enh10","ENSG00000106789"
988,"enh4","ENSG00000161671"
989,"enh2","ENSG00000133243"
990,"enh13","ENSG00000115286"
991,"enh6","ENSG00000108852"
992,"enh11","ENSG00000123685"
993,"enh1","ENSG00000174842"
994,"enh6","ENSG00000160408"
995,"enh1","ENSG00000099817"
996,"enh12","ENSG00000095383"
997,"enh11","ENSG00000130770"
998,"enh13","ENSG00000133884"
999,"enh14","ENSG00000087152"
1000,"enh9","ENSG00000143882"
1001,"enh14","ENSG00000213988"
1002,"enh8","ENSG00000171940"
1003,"enh5","ENSG00000106991"
1004,"enh7","ENSG00000196683"
1005,"enh10","ENSG00000168056"
1006,"enh12","ENSG00000117601"
1007,"enh13","ENSG00000129911"
1008,"enh6","ENSG00000115970"
1009,"enh4","ENSG00000099817"
1010,"enh13","ENSG00000172992"
1011,"enh9","ENSG00000006015"
1012,"enh11","ENSG00000117758"
1013,"enh11","ENSG00000158941"
1014,"enh12","ENSG00000175906"
1015,"enh2","ENSG00000166188"
1016,"enh12","ENSG00000108861"
1017,"enh1","ENSG00000148411"
1018,"enh6","ENSG00000141349"
1019,"enh3","ENSG00000130772"
1020,"enh5","ENSG00000119335"
1021,"enh2","ENSG00000144136"
1022,"enh13","ENSG00000204673"
1023,"enh3","ENSG00000099804"
1024,"enh14","ENSG00000104886"
1025,"enh5","ENSG00000107290"
1026,"enh12","ENSG00000162769"
1027,"enh8","ENSG00000136828"
1028,"enh1","ENSG00000169607"
1029,"enh3","ENSG00000235034"
1030,"enh11","ENSG00000126705"
1031,"enh14","ENSG00000165684"
1032,"enh8","ENSG00000125144"
1033,"enh4","ENSG00000158711"
1034,"enh5","ENSG00000115944"
1035,"enh14","ENSG00000175832"
1036,"enh9","ENSG00000165684"
1037,"enh3","ENSG00000136682"
1038,"enh4","ENSG00000148290"
1039,"enh3","ENSG00000175334"
1040,"enh11","ENSG00000175221"
1041,"enh6","ENSG00000070423"
1042,"enh5","ENSG00000134308"
1043,"enh6","ENSG00000173465"
1044,"enh13","ENSG00000130560"
1045,"enh11","ENSG00000148339"
1046,"enh3","ENSG00000175707"
1047,"enh10","ENSG00000130511"
1048,"enh3","ENSG00000122482"
1049,"enh12","ENSG00000119335"
1050,"enh3","ENSG00000141934"
1051,"enh11","ENSG00000117650"
1052,"enh7","ENSG00000175707"
1053,"enh5","ENSG00000129933"
1054,"enh8","ENSG00000014138"
1055,"enh4","ENSG00000119125"
1056,"enh11","ENSG00000142186"
1057,"enh8","ENSG00000167487"
1058,"enh11","ENSG00000162419"
1059,"enh14","ENSG00000136938"
1060,"enh13","ENSG00000175707"
1061,"enh6","ENSG00000140854"
1062,"enh7","ENSG00000105705"
1063,"enh5","ENSG00000221983"
1064,"enh6","ENSG00000180340"
1065,"enh1","ENSG00000160404"
1066,"enh13","ENSG00000119125"
1067,"enh8","ENSG00000126709"
1068,"enh10","ENSG00000196683"
1069,"enh13","ENSG00000099866"
1070,"enh14","ENSG00000005961"
1071,"enh11","ENSG00000105374"
1072,"enh8","ENSG00000177125"
1073,"enh1","ENSG00000196422"
1074,"enh3","ENSG00000254986"
1075,"enh11","ENSG00000173465"
1076,"enh4","ENSG00000213465"
1077,"enh9","ENSG00000173442"
1078,"enh10","ENSG00000099817"
1079,"enh12","ENSG00000160563"
1080,"enh5","ENSG00000117650"
1081,"enh11","ENSG00000062822"
1082,"enh7","ENSG00000070423"
1083,"enh11","ENSG00000161654"
1084,"enh1","ENSG00000119523"
1085,"enh12","ENSG00000175550"
1086,"enh7","ENSG00000070388"
1087,"enh1","ENSG00000153214"
1088,"enh10","ENSG00000087152"
1089,"enh4","ENSG00000174276"
1090,"enh5","ENSG00000099821"
1091,"enh6","ENSG00000064607"
1092,"enh7","ENSG00000160326"
1093,"enh9","ENSG00000169288"
1094,"enh2","ENSG00000131400"
1095,"enh11","ENSG00000160318"
1096,"enh11","ENSG00000196550"
1097,"enh7","ENSG00000099875"
1098,"enh8","ENSG00000167468"
1099,"enh2","ENSG00000197816"
1100,"enh12","ENSG00000065000"
1101,"enh3","ENSG00000014138"
1102,"enh12","ENSG00000138772"
1103,"enh11","ENSG00000105053"
1104,"enh7","ENSG00000162873"
1105,"enh14","ENSG00000136807"
1106,"enh4","ENSG00000105701"
1107,"enh13","ENSG00000138036"
1108,"enh6","ENSG00000030582"
1109,"enh6","ENSG00000158195"
1110,"enh12","ENSG00000136828"
1111,"enh1","ENSG00000165689"
1112,"enh7","ENSG00000070761"
1113,"enh13","ENSG00000134308"
1114,"enh13","ENSG00000196312"
1115,"enh5","ENSG00000138036"
1116,"enh5","ENSG00000148290"
1117,"enh5","ENSG00000136682"
1118,"enh9","ENSG00000064547"
1119,"enh13","ENSG00000167470"
1120,"enh14","ENSG00000162298"
1121,"enh14","ENSG00000181781"
1122,"enh14","ENSG00000009780"
1123,"enh3","ENSG00000106785"
1124,"enh5","ENSG00000136925"
1125,"enh12","ENSG00000174871"
1126,"enh3","ENSG00000173825"
1127,"enh11","ENSG00000162772"
1128,"enh7","ENSG00000119514"
1129,"enh2","ENSG00000064545"
1130,"enh5","ENSG00000125144"
1131,"enh9","ENSG00000174842"
1132,"enh1","ENSG00000171219"
1133,"enh2","ENSG00000148288"
1134,"enh7","ENSG00000158195"
1135,"enh7","ENSG00000152518"
1136,"enh1","ENSG00000135736"
1137,"enh6","ENSG00000184988"
1138,"enh14","ENSG00000090020"
1139,"enh14","ENSG00000148303"
1140,"enh8","ENSG00000160445"
1141,"enh2","ENSG00000106803"
1142,"enh1","ENSG00000256771"
1143,"enh8","ENSG00000168056"
1144,"enh3","ENSG00000133069"
1145,"enh9","ENSG00000180340"
1146,"enh13","ENSG00000149798"
1147,"enh9","ENSG00000160345"
1148,"enh1","ENSG00000104960"
1149,"enh6","ENSG00000125148"
1150,"enh8","ENSG00000172270"
1151,"enh2","ENSG00000182087"
1152,"enh9","ENSG00000181588"
1153,"enh11","ENSG00000189195"
1154,"enh6","ENSG00000104679"
1155,"enh2","ENSG00000161671"
1156,"enh5","ENSG00000186010"
1157,"enh8","ENSG00000110047"
1158,"enh5","ENSG00000105669"
1159,"enh7","ENSG00000168066"
1160,"enh3","ENSG00000174744"
1161,"enh5","ENSG00000196961"
1162,"enh5","ENSG00000168591"
1163,"enh13","ENSG00000103005"
1164,"enh4","ENSG00000175376"
1165,"enh14","ENSG00000172500"
1166,"enh9","ENSG00000203705"
1167,"enh2","ENSG00000186185"
1168,"enh9","ENSG00000174996"
1169,"enh8","ENSG00000196312"
1170,"enh11","ENSG00000148288"
1171,"enh9","ENSG00000174903"
1172,"enh5","ENSG00000142765"
1173,"enh5","ENSG00000136874"
1174,"enh10","ENSG00000136842"
1175,"enh1","ENSG00000148339"
1176,"enh6","ENSG00000070770"
1177,"enh11","ENSG00000180340"
1178,"enh5","ENSG00000175854"
1179,"enh14","ENSG00000108840"
1180,"enh10","ENSG00000012048"
1181,"enh3","ENSG00000104960"
1182,"enh1","ENSG00000158715"
1183,"enh11","ENSG00000135821"
1184,"enh5","ENSG00000198746"
1185,"enh4","ENSG00000130768"
1186,"enh3","ENSG00000180329"
1187,"enh7","ENSG00000187193"
1188,"enh4","ENSG00000173327"
1189,"enh5","ENSG00000105701"
1190,"enh12","ENSG00000142733"
1191,"enh1","ENSG00000148334"
1192,"enh3","ENSG00000153214"
1193,"enh7","ENSG00000067596"
1194,"enh9","ENSG00000146670"
1195,"enh12","ENSG00000167110"
1196,"enh4","ENSG00000076321"
1197,"enh9","ENSG00000142528"
1198,"enh4","ENSG00000105700"
1199,"enh11","ENSG00000187193"
1200,"enh2","ENSG00000173465"
1201,"enh14","ENSG00000160360"
1202,"enh3","ENSG00000254901"
1203,"enh2","ENSG00000169288"
1204,"enh9","ENSG00000069702"
1205,"enh2","ENSG00000088682"
1206,"enh5","ENSG00000070423"
1207,"enh1","ENSG00000005007"
1208,"enh4","ENSG00000182087"
1209,"enh1","ENSG00000110046"
1210,"enh5","ENSG00000163297"
1211,"enh13","ENSG00000143882"
1212,"enh2","ENSG00000107021"
1213,"enh9","ENSG00000148248"
1214,"enh8","ENSG00000102978"
1215,"enh12","ENSG00000153214"
1216,"enh8","ENSG00000126705"
1217,"enh7","ENSG00000064545"
1218,"enh7","ENSG00000160446"
1219,"enh9","ENSG00000136811"
1220,"enh10","ENSG00000105676"
1221,"enh13","ENSG00000125482"
1222,"enh7","ENSG00000213988"
1223,"enh14","ENSG00000161714"
1224,"enh6","ENSG00000105472"
1225,"enh11","ENSG00000071564"
1226,"enh12","ENSG00000254470"
1227,"enh4","ENSG00000115756"
1228,"enh4","ENSG00000117758"
1229,"enh1","ENSG00000167113"
1230,"enh10","ENSG00000125482"
1231,"enh11","ENSG00000125630"
1232,"enh11","ENSG00000135046"
1233,"enh1","ENSG00000108840"
1234,"enh11","ENSG00000148334"
1235,"enh9","ENSG00000076321"
1236,"enh2","ENSG00000009780"
1237,"enh5","ENSG00000203705"
1238,"enh4","ENSG00000198840"
1239,"enh7","ENSG00000101132"
1240,"enh9","ENSG00000138036"
1241,"enh11","ENSG00000149806"
1242,"enh10","ENSG00000172775"
1243,"enh6","ENSG00000140848"
1244,"enh14","ENSG00000065000"
1245,"enh11","ENSG00000105383"
1246,"enh10","ENSG00000241852"
1247,"enh9","ENSG00000064687"
1248,"enh2","ENSG00000131408"
1249,"enh8","ENSG00000158941"
1250,"enh2","ENSG00000148248"
1251,"enh11","ENSG00000064547"
1252,"enh14","ENSG00000108852"
1253,"enh9","ENSG00000144130"
1254,"enh14","ENSG00000175854"
1255,"enh10","ENSG00000126698"
1256,"enh8","ENSG00000198840"
1257,"enh2","ENSG00000129951"
1258,"enh6","ENSG00000119333"
1259,"enh4","ENSG00000180329"
1260,"enh7","ENSG00000148300"
1261,"enh13","ENSG00000136925"
1262,"enh3","ENSG00000119559"
1263,"enh14","ENSG00000012048"
1264,"enh3","ENSG00000138756"
1265,"enh6","ENSG00000134308"
1266,"enh9","ENSG00000134317"
1267,"enh3","ENSG00000127540"
1268,"enh8","ENSG00000115750"
1269,"enh3","ENSG00000136811"
1270,"enh1","ENSG00000197694"
1271,"enh1","ENSG00000167759"
1272,"enh14","ENSG00000104897"
1273,"enh10","ENSG00000119559"
1274,"enh8","ENSG00000116014"
1275,"enh5","ENSG00000148248"
1276,"enh7","ENSG00000198417"
1277,"enh6","ENSG00000119125"
1278,"enh6","ENSG00000165092"
1279,"enh5","ENSG00000130766"
1280,"enh7","ENSG00000158941"
1281,"enh14","ENSG00000108312"
1282,"enh2","ENSG00000104689"
1283,"enh1","ENSG00000165092"
1284,"enh2","ENSG00000106992"
1285,"enh6","ENSG00000130005"
1286,"enh9","ENSG00000125124"
1287,"enh13","ENSG00000126698"
1288,"enh1","ENSG00000167491"
1289,"enh4","ENSG00000153208"
1290,"enh1","ENSG00000188177"
1291,"enh4","ENSG00000172500"
1292,"enh2","ENSG00000136854"
1293,"enh9","ENSG00000173039"
1294,"enh4","ENSG00000174842"
1295,"enh14","ENSG00000135046"
1296,"enh12","ENSG00000119514"
1297,"enh14","ENSG00000160271"
1298,"enh10","ENSG00000129946"
1299,"enh12","ENSG00000172270"
1300,"enh8","ENSG00000130559"
1301,"enh11","ENSG00000160360"
1302,"enh13","ENSG00000165138"
1303,"enh14","ENSG00000167113"
1304,"enh13","ENSG00000142784"
1305,"enh6","ENSG00000105497"
1306,"enh12","ENSG00000147457"
1307,"enh4","ENSG00000106976"
1308,"enh11","ENSG00000091947"
1309,"enh6","ENSG00000167103"
1310,"enh5","ENSG00000065000"
1311,"enh12","ENSG00000105671"
1312,"enh8","ENSG00000168066"
1313,"enh3","ENSG00000136925"
1314,"enh8","ENSG00000064932"
1315,"enh12","ENSG00000152527"
1316,"enh11","ENSG00000115970"
1317,"enh7","ENSG00000162300"
1318,"enh5","ENSG00000131097"
1319,"enh11","ENSG00000119203"
1320,"enh5","ENSG00000066027"
1321,"enh4","ENSG00000171159"
1322,"enh10","ENSG00000172081"
1323,"enh10","ENSG00000180329"
1324,"enh4","ENSG00000171169"
1325,"enh10","ENSG00000198786"
1326,"enh9","ENSG00000165698"
1327,"enh4","ENSG00000106803"
1328,"enh4","ENSG00000012048"
1329,"enh10","ENSG00000117691"
1330,"enh14","ENSG00000174903"
1331,"enh2","ENSG00000168067"
1332,"enh10","ENSG00000160953"
1333,"enh3","ENSG00000138772"
1334,"enh9","ENSG00000105662"
1335,"enh11","ENSG00000168066"
1336,"enh3","ENSG00000238227"
1337,"enh5","ENSG00000197958"
1338,"enh2","ENSG00000167491"
1339,"enh6","ENSG00000136856"
1340,"enh8","ENSG00000136877"
1341,"enh8","ENSG00000115756"
1342,"enh13","ENSG00000071564"
1343,"enh4","ENSG00000196152"
1344,"enh10","ENSG00000156269"
1345,"enh8","ENSG00000143870"
1346,"enh12","ENSG00000117593"
1347,"enh4","ENSG00000125170"
1348,"enh2","ENSG00000167118"
1349,"enh3","ENSG00000160447"
1350,"enh1","ENSG00000176973"
1351,"enh4","ENSG00000172232"
1352,"enh6","ENSG00000068971"
1353,"enh6","ENSG00000115756"
1354,"enh10","ENSG00000133069"
1355,"enh3","ENSG00000152527"
1356,"enh13","ENSG00000161654"
1357,"enh5","ENSG00000131408"
1358,"enh1","ENSG00000159579"
1359,"enh7","ENSG00000197540"
1360,"enh10","ENSG00000099625"
1361,"enh11","ENSG00000125482"
1362,"enh14","ENSG00000108309"
1363,"enh14","ENSG00000142751"
1364,"enh13","ENSG00000149809"
1365,"enh14","ENSG00000064490"
1366,"enh8","ENSG00000167759"
1367,"enh10","ENSG00000159579"
1368,"enh14","ENSG00000162241"
1369,"enh1","ENSG00000100316"
1370,"enh13","ENSG00000105497"
1371,"enh11","ENSG00000108849"
1372,"enh8","ENSG00000130560"
1373,"enh8","ENSG00000125148"
1374,"enh7","ENSG00000160447"
1375,"enh10","ENSG00000175573"
1376,"enh8","ENSG00000167747"
1377,"enh7","ENSG00000104689"
1378,"enh7","ENSG00000108312"
1379,"enh5","ENSG00000253368"
1380,"enh1","ENSG00000104131"
1381,"enh14","ENSG00000181513"
1382,"enh11","ENSG00000131409"
1383,"enh3","ENSG00000064607"
1384,"enh9","ENSG00000175602"
1385,"enh13","ENSG00000130770"
1386,"enh13","ENSG00000148411"
1387,"enh10","ENSG00000122026"
1388,"enh7","ENSG00000175550"
1389,"enh9","ENSG00000105671"
1390,"enh5","ENSG00000130559"
1391,"enh11","ENSG00000115758"
1392,"enh4","ENSG00000125637"
1393,"enh6","ENSG00000114999"
1394,"enh4","ENSG00000167470"
1395,"enh3","ENSG00000117697"
1396,"enh13","ENSG00000130775"
1397,"enh7","ENSG00000065000"
1398,"enh1","ENSG00000196550"
1399,"enh11","ENSG00000142784"
1400,"enh14","ENSG00000130270"
1401,"enh5","ENSG00000223802"
1402,"enh4","ENSG00000167118"
1403,"enh14","ENSG00000197540"
1404,"enh2","ENSG00000064490"
1405,"enh5","ENSG00000174606"
1406,"enh9","ENSG00000136936"
1407,"enh6","ENSG00000198858"
1408,"enh5","ENSG00000136936"
1409,"enh5","ENSG00000135870"
1410,"enh3","ENSG00000168067"
1411,"enh1","ENSG00000071564"
1412,"enh3","ENSG00000204291"
1413,"enh10","ENSG00000104886"
1414,"enh13","ENSG00000160293"
1415,"enh14","ENSG00000147669"
1416,"enh2","ENSG00000172081"
1417,"enh14","ENSG00000122484"
1418,"enh9","ENSG00000188177"
1419,"enh14","ENSG00000104960"
1420,"enh13","ENSG00000162976"
1421,"enh3","ENSG00000133243"
1422,"enh10","ENSG00000107372"
1423,"enh6","ENSG00000171219"
1424,"enh13","ENSG00000148296"
1425,"enh7","ENSG00000213638"
1426,"enh4","ENSG00000172922"
1427,"enh6","ENSG00000172922"
1428,"enh6","ENSG00000171169"
1429,"enh10","ENSG00000173825"
1430,"enh5","ENSG00000227500"
1431,"enh1","ENSG00000174669"
1432,"enh4","ENSG00000165698"
1433,"enh5","ENSG00000166188"
1434,"enh12","ENSG00000104897"
1435,"enh9","ENSG00000136938"
1436,"enh9","ENSG00000117691"
1437,"enh3","ENSG00000125148"
1438,"enh12","ENSG00000168061"
1439,"enh12","ENSG00000182087"
1440,"enh4","ENSG00000165688"
1441,"enh14","ENSG00000014138"
1442,"enh6","ENSG00000161671"
1443,"enh6","ENSG00000165138"
1444,"enh7","ENSG00000102934"
1445,"enh8","ENSG00000187840"
1446,"enh2","ENSG00000228300"
1447,"enh5","ENSG00000115761"
1448,"enh1","ENSG00000173825"
1449,"enh4","ENSG00000148297"
1450,"enh9","ENSG00000051108"
1451,"enh1","ENSG00000172732"
1452,"enh9","ENSG00000144136"
1453,"enh9","ENSG00000235034"
1454,"enh12","ENSG00000196415"
1455,"enh12","ENSG00000133069"
1456,"enh12","ENSG00000204291"
1457,"enh4","ENSG00000136895"
1458,"enh14","ENSG00000158195"
1459,"enh6","ENSG00000196422"
1460,"enh4","ENSG00000165138"
1461,"enh6","ENSG00000173039"
1462,"enh11","ENSG00000184162"
1463,"enh6","ENSG00000136929"
1464,"enh6","ENSG00000167470"
1465,"enh12","ENSG00000197136"
1466,"enh6","ENSG00000221983"
1467,"enh12","ENSG00000149809"
1468,"enh4","ENSG00000136943"
1469,"enh3","ENSG00000135736"
1470,"enh9","ENSG00000125148"
1471,"enh10","ENSG00000175376"
1472,"enh11","ENSG00000148297"
1473,"enh9","ENSG00000198786"
1474,"enh14","ENSG00000064545"
1475,"enh4","ENSG00000135736"
1476,"enh6","ENSG00000167468"
1477,"enh8","ENSG00000196422"
1478,"enh8","ENSG00000140854"
1479,"enh1","ENSG00000004939"
1480,"enh4","ENSG00000014216"
1481,"enh7","ENSG00000169288"
1482,"enh6","ENSG00000101132"
1483,"enh12","ENSG00000169288"
1484,"enh14","ENSG00000172992"
1485,"enh5","ENSG00000167468"
1486,"enh12","ENSG00000120896"
1487,"enh9","ENSG00000104897"
1488,"enh7","ENSG00000136877"
1489,"enh11","ENSG00000148303"
1490,"enh1","ENSG00000070761"
1491,"enh12","ENSG00000158711"
1492,"enh3","ENSG00000130270"
1493,"enh4","ENSG00000187024"
1494,"enh9","ENSG00000187193"
1495,"enh4","ENSG00000196961"
1496,"enh5","ENSG00000160293"
1497,"enh12","ENSG00000071626"
1498,"enh5","ENSG00000180329"
1499,"enh6","ENSG00000168056"
1500,"enh2","ENSG00000108852"
1501,"enh5","ENSG00000196415"
1502,"enh13","ENSG00000165092"
1503,"enh11","ENSG00000182087"
1504,"enh12","ENSG00000119523"
1505,"enh5","ENSG00000069482"
1506,"enh14","ENSG00000175294"
1507,"enh5","ENSG00000188554"
1508,"enh5","ENSG00000105662"
1509,"enh9","ENSG00000117751"
1510,"enh2","ENSG00000105700"
1511,"enh5","ENSG00000196188"
1512,"enh14","ENSG00000065600"
1513,"enh8","ENSG00000088682"
1514,"enh2","ENSG00000160326"
1515,"enh10","ENSG00000108852"
1516,"enh10","ENSG00000160318"
1517,"enh12","ENSG00000168062"
1518,"enh2","ENSG00000183831"
1519,"enh6","ENSG00000203705"
1520,"enh5","ENSG00000119559"
1521,"enh12","ENSG00000144130"
1522,"enh6","ENSG00000167747"
1523,"enh3","ENSG00000090273"
1524,"enh9","ENSG00000105676"
1525,"enh1","ENSG00000136874"
1526,"enh11","ENSG00000151694"
1527,"enh12","ENSG00000129946"
1528,"enh12","ENSG00000115091"
1529,"enh11","ENSG00000087152"
1530,"enh14","ENSG00000130775"
1531,"enh1","ENSG00000104897"
1532,"enh12","ENSG00000130005"
1533,"enh4","ENSG00000196312"
1534,"enh9","ENSG00000168056"
1535,"enh8","ENSG00000167106"
1536,"enh5","ENSG00000158715"
1537,"enh9","ENSG00000125482"
1538,"enh6","ENSG00000133065"
1539,"enh2","ENSG00000104946"
1540,"enh8","ENSG00000213465"
1541,"enh5","ENSG00000174276"
1542,"enh3","ENSG00000204673"
1543,"enh14","ENSG00000172232"
1544,"enh11","ENSG00000152061"
1545,"enh8","ENSG00000196116"
1546,"enh4","ENSG00000136448"
1547,"enh3","ENSG00000180448"
1548,"enh13","ENSG00000134318"
1549,"enh6","ENSG00000130770"
1550,"enh5","ENSG00000105497"
1551,"enh5","ENSG00000175115"
1552,"enh9","ENSG00000186185"
1553,"enh8","ENSG00000171169"
1554,"enh10","ENSG00000125484"
1555,"enh14","ENSG00000235034"
1556,"enh8","ENSG00000130513"
1557,"enh6","ENSG00000097046"
1558,"enh11","ENSG00000104679"
1559,"enh13","ENSG00000064687"
1560,"enh9","ENSG00000180448"
1561,"enh10","ENSG00000182963"
1562,"enh6","ENSG00000161654"
1563,"enh1","ENSG00000087152"
1564,"enh13","ENSG00000070770"
1565,"enh9","ENSG00000129951"
1566,"enh14","ENSG00000117593"
1567,"enh9","ENSG00000173465"
1568,"enh9","ENSG00000160953"
1569,"enh2","ENSG00000153208"
1570,"enh12","ENSG00000115084"
1571,"enh2","ENSG00000175334"
1572,"enh8","ENSG00000169136"
1573,"enh11","ENSG00000142751"
1574,"enh9","ENSG00000162300"
1575,"enh4","ENSG00000197766"
1576,"enh6","ENSG00000213023"
1577,"enh2","ENSG00000148337"
1578,"enh4","ENSG00000119333"
1579,"enh7","ENSG00000099817"
1580,"enh1","ENSG00000076321"
1581,"enh11","ENSG00000136830"
1582,"enh5","ENSG00000165698"
1583,"enh10","ENSG00000006015"
1584,"enh3","ENSG00000172081"
1585,"enh6","ENSG00000181035"
1586,"enh7","ENSG00000107290"
1587,"enh10","ENSG00000181773"
1588,"enh1","ENSG00000136856"
1589,"enh4","ENSG00000136874"
1590,"enh2","ENSG00000185198"
1591,"enh14","ENSG00000117748"
1592,"enh13","ENSG00000148300"
1593,"enh10","ENSG00000065600"
1594,"enh8","ENSG00000068831"
1595,"enh3","ENSG00000162300"
1596,"enh14","ENSG00000108861"
1597,"enh9","ENSG00000158195"
1598,"enh8","ENSG00000156269"
1599,"enh2","ENSG00000133895"
1600,"enh10","ENSG00000161714"
1601,"enh2","ENSG00000136943"
1602,"enh5","ENSG00000064607"
1603,"enh6","ENSG00000161647"
1604,"enh8","ENSG00000186010"
1605,"enh12","ENSG00000125124"
1606,"enh12","ENSG00000126698"
1607,"enh11","ENSG00000110047"
1608,"enh7","ENSG00000125484"
1609,"enh3","ENSG00000065268"
1610,"enh2","ENSG00000158195"
1611,"enh3","ENSG00000152061"
1612,"enh3","ENSG00000107372"
1613,"enh11","ENSG00000196683"
1614,"enh12","ENSG00000156269"
1615,"enh2","ENSG00000204673"
1616,"enh8","ENSG00000136929"
1617,"enh14","ENSG00000198492"
1618,"enh4","ENSG00000125124"
1619,"enh1","ENSG00000088682"
1620,"enh8","ENSG00000069482"
1621,"enh5","ENSG00000148300"
1622,"enh8","ENSG00000105383"
1623,"enh5","ENSG00000125124"
1624,"enh3","ENSG00000182087"
1625,"enh9","ENSG00000148300"
1626,"enh2","ENSG00000115268"
1627,"enh7","ENSG00000133065"
1628,"enh7","ENSG00000185198"
1629,"enh3","ENSG00000175602"
1630,"enh3","ENSG00000105700"
1631,"enh13","ENSG00000133069"
1632,"enh2","ENSG00000148339"
1633,"enh9","ENSG00000136908"
1634,"enh3","ENSG00000123684"
1635,"enh4","ENSG00000115268"
1636,"enh4","ENSG00000187193"
1637,"enh4","ENSG00000167136"
1638,"enh13","ENSG00000213988"
1639,"enh6","ENSG00000087365"
1640,"enh6","ENSG00000175294"
1641,"enh8","ENSG00000204710"
1642,"enh10","ENSG00000165689"
1643,"enh7","ENSG00000170385"
1644,"enh8","ENSG00000133059"
1645,"enh14","ENSG00000162772"
1646,"enh5","ENSG00000131094"
1647,"enh7","ENSG00000162298"
1648,"enh6","ENSG00000160563"
1649,"enh12","ENSG00000167118"
1650,"enh4","ENSG00000108849"
1651,"enh13","ENSG00000148356"
1652,"enh3","ENSG00000174669"
1653,"enh8","ENSG00000009780"
1654,"enh2","ENSG00000155380"
1655,"enh10","ENSG00000076321"
1656,"enh14","ENSG00000151694"
1657,"enh5","ENSG00000099804"
1658,"enh6","ENSG00000186185"
1659,"enh7","ENSG00000140859"
1660,"enh9","ENSG00000069275"
1661,"enh12","ENSG00000149823"
1662,"enh5","ENSG00000186806"
1663,"enh3","ENSG00000108840"
1664,"enh13","ENSG00000071626"
1665,"enh4","ENSG00000180448"
1666,"enh11","ENSG00000174547"
1667,"enh4","ENSG00000151694"
1668,"enh13","ENSG00000213638"
1669,"enh1","ENSG00000134330"
1670,"enh14","ENSG00000126709"
1671,"enh7","ENSG00000227500"
1672,"enh3","ENSG00000101132"
1673,"enh4","ENSG00000105676"
1674,"enh8","ENSG00000256771"
1675,"enh14","ENSG00000127540"
1676,"enh5","ENSG00000172977"
1677,"enh9","ENSG00000172270"
1678,"enh1","ENSG00000105383"
1679,"enh10","ENSG00000174903"
1680,"enh8","ENSG00000175832"
1681,"enh7","ENSG00000091947"
1682,"enh5","ENSG00000117748"
1683,"enh10","ENSG00000175294"
1684,"enh11","ENSG00000108309"
1685,"enh10","ENSG00000070404"
1686,"enh11","ENSG00000181588"
1687,"enh13","ENSG00000130511"
1688,"enh1","ENSG00000131408"
1689,"enh9","ENSG00000160447"
1690,"enh8","ENSG00000148290"
1691,"enh8","ENSG00000167136"
1692,"enh11","ENSG00000117280"
1693,"enh5","ENSG00000136811"
1694,"enh7","ENSG00000213445"
1695,"enh8","ENSG00000141349"
1696,"enh10","ENSG00000149792"
1697,"enh3","ENSG00000167470"
1698,"enh5","ENSG00000064932"
1699,"enh8","ENSG00000143476"
1700,"enh10","ENSG00000064490"
1701,"enh14","ENSG00000116014"
1702,"enh7","ENSG00000129951"
1703,"enh4","ENSG00000119335"
1704,"enh10","ENSG00000125144"
1705,"enh8","ENSG00000068971"
1706,"enh7","ENSG00000087365"
1707,"enh12","ENSG00000172232"
1708,"enh10","ENSG00000142733"
1709,"enh2","ENSG00000175602"
1710,"enh1","ENSG00000122140"
1711,"enh7","ENSG00000119559"
1712,"enh13","ENSG00000064607"
1713,"enh9","ENSG00000119392"
1714,"enh2","ENSG00000106799"
1715,"enh2","ENSG00000149809"
1716,"enh13","ENSG00000099817"
1717,"enh6","ENSG00000169403"
1718,"enh4","ENSG00000174516"
1719,"enh12","ENSG00000165138"
1720,"enh9","ENSG00000158941"
1721,"enh14","ENSG00000168066"
1722,"enh5","ENSG00000186185"
1723,"enh12","ENSG00000115255"
1724,"enh12","ENSG00000174950"
1725,"enh4","ENSG00000171940"
1726,"enh6","ENSG00000161677"
1727,"enh7","ENSG00000181588"
1728,"enh13","ENSG00000187024"
1729,"enh13","ENSG00000099875"
1730,"enh13","ENSG00000136943"
1731,"enh14","ENSG00000161677"
1732,"enh7","ENSG00000099624"
1733,"enh10","ENSG00000148411"
1734,"enh11","ENSG00000129946"
1735,"enh5","ENSG00000167136"
1736,"enh4","ENSG00000172992"
1737,"enh1","ENSG00000129911"
1738,"enh3","ENSG00000115255"
1739,"enh13","ENSG00000174606"
1740,"enh4","ENSG00000119514"
1741,"enh6","ENSG00000099875"
1742,"enh1","ENSG00000186501"
1743,"enh10","ENSG00000071626"
1744,"enh5","ENSG00000115286"
1745,"enh3","ENSG00000136877"
1746,"enh4","ENSG00000196415"
1747,"enh1","ENSG00000117650"
1748,"enh13","ENSG00000238227"
1749,"enh11","ENSG00000178093"
1750,"enh11","ENSG00000162976"
1751,"enh10","ENSG00000204710"
1752,"enh7","ENSG00000143493"
1753,"enh10","ENSG00000148288"
1754,"enh11","ENSG00000161647"
1755,"enh13","ENSG00000108861"
1756,"enh1","ENSG00000176890"
1757,"enh7","ENSG00000167005"
1758,"enh11","ENSG00000125484"
1759,"enh9","ENSG00000138772"
1760,"enh10","ENSG00000187024"
1761,"enh2","ENSG00000136895"
1762,"enh5","ENSG00000196683"
1763,"enh8","ENSG00000105708"
1764,"enh1","ENSG00000149809"
1765,"enh10","ENSG00000108883"
1766,"enh8","ENSG00000213024"
1767,"enh7","ENSG00000068971"
1768,"enh13","ENSG00000160447"
1769,"enh10","ENSG00000008853"
1770,"enh1","ENSG00000140859"
1771,"enh4","ENSG00000198492"
1772,"enh8","ENSG00000198746"
1773,"enh6","ENSG00000147454"
1774,"enh4","ENSG00000158941"
1775,"enh8","ENSG00000181781"
1776,"enh4","ENSG00000148337"
1777,"enh5","ENSG00000160404"
1778,"enh12","ENSG00000099624"
1779,"enh3","ENSG00000136895"
1780,"enh12","ENSG00000161647"
1781,"enh6","ENSG00000119185"
1782,"enh8","ENSG00000119523"
1783,"enh2","ENSG00000099804"
1784,"enh3","ENSG00000181773"
1785,"enh10","ENSG00000174276"
1786,"enh8","ENSG00000130772"
1787,"enh9","ENSG00000185198"
1788,"enh4","ENSG00000117697"
1789,"enh14","ENSG00000172059"
1790,"enh11","ENSG00000143476"
1791,"enh14","ENSG00000133275"
1792,"enh12","ENSG00000181781"
1793,"enh7","ENSG00000176890"
1794,"enh1","ENSG00000106785"
1795,"enh4","ENSG00000120656"
1796,"enh5","ENSG00000152527"
1797,"enh1","ENSG00000165698"
1798,"enh6","ENSG00000160293"
1799,"enh14","ENSG00000069482"
1800,"enh1","ENSG00000105556"
1801,"enh3","ENSG00000175221"
1802,"enh9","ENSG00000115761"
1803,"enh10","ENSG00000197540"
1804,"enh7","ENSG00000135046"
1805,"enh14","ENSG00000178093"
1806,"enh4","ENSG00000148339"
1807,"enh3","ENSG00000087365"
1808,"enh3","ENSG00000198858"
1809,"enh13","ENSG00000175376"
1810,"enh9","ENSG00000196961"
1811,"enh7","ENSG00000069275"
1812,"enh4","ENSG00000099866"
1813,"enh11","ENSG00000168067"
1814,"enh1","ENSG00000153208"
1815,"enh10","ENSG00000155380"
1816,"enh2","ENSG00000172775"
1817,"enh10","ENSG00000167487"
1818,"enh14","ENSG00000110046"
1819,"enh13","ENSG00000169403"
1820,"enh1","ENSG00000158941"
1821,"enh12","ENSG00000014138"
1822,"enh9","ENSG00000136830"
1823,"enh11","ENSG00000142544"
1824,"enh8","ENSG00000160563"
1825,"enh2","ENSG00000160408"
1826,"enh4","ENSG00000174871"
1827,"enh6","ENSG00000105708"
1828,"enh13","ENSG00000117697"
1829,"enh4","ENSG00000107290"
1830,"enh14","ENSG00000149792"
1831,"enh1","ENSG00000167136"
1832,"enh10","ENSG00000160161"
1833,"enh11","ENSG00000173039"
1834,"enh6","ENSG00000102996"
1835,"enh14","ENSG00000203705"
1836,"enh5","ENSG00000169136"
1837,"enh6","ENSG00000104946"
1838,"enh8","ENSG00000158711"
1839,"enh6","ENSG00000168066"
1840,"enh3","ENSG00000102931"
1841,"enh10","ENSG00000105379"
1842,"enh13","ENSG00000187193"
1843,"enh2","ENSG00000136929"
1844,"enh12","ENSG00000087152"
1845,"enh1","ENSG00000161677"
1846,"enh13","ENSG00000131398"
1847,"enh6","ENSG00000175602"
1848,"enh5","ENSG00000013306"
1849,"enh7","ENSG00000175221"
1850,"enh10","ENSG00000213023"
1851,"enh6","ENSG00000213988"
1852,"enh3","ENSG00000136856"
1853,"enh4","ENSG00000006016"
1854,"enh7","ENSG00000115944"
1855,"enh3","ENSG00000070388"
1856,"enh10","ENSG00000107021"
1857,"enh3","ENSG00000161647"
1858,"enh10","ENSG00000174684"
1859,"enh8","ENSG00000161647"
1860,"enh7","ENSG00000162878"
1861,"enh1","ENSG00000070770"
1862,"enh13","ENSG00000144161"
1863,"enh13","ENSG00000105472"
1864,"enh9","ENSG00000105726"
1865,"enh3","ENSG00000174516"
1866,"enh7","ENSG00000253368"
1867,"enh6","ENSG00000126698"
1868,"enh9","ENSG00000169136"
1869,"enh12","ENSG00000135046"
1870,"enh5","ENSG00000065268"
1871,"enh5","ENSG00000159648"
1872,"enh3","ENSG00000066027"
1873,"enh13","ENSG00000087152"
1874,"enh7","ENSG00000168591"
1875,"enh11","ENSG00000120334"
1876,"enh8","ENSG00000136908"
1877,"enh7","ENSG00000160161"
1878,"enh9","ENSG00000129968"
1879,"enh8","ENSG00000136807"
1880,"enh1","ENSG00000162878"
1881,"enh12","ENSG00000198492"
1882,"enh1","ENSG00000140848"
1883,"enh13","ENSG00000159648"
1884,"enh8","ENSG00000173327"
1885,"enh5","ENSG00000138756"
1886,"enh1","ENSG00000162769"
1887,"enh14","ENSG00000105556"
1888,"enh1","ENSG00000162298"
1889,"enh2","ENSG00000142544"
1890,"enh6","ENSG00000213445"
1891,"enh4","ENSG00000160293"
1892,"enh14","ENSG00000057935"
1893,"enh1","ENSG00000136682"
1894,"enh10","ENSG00000136932"
1895,"enh12","ENSG00000064547"
1896,"enh4","ENSG00000160446"
1897,"enh7","ENSG00000174744"
1898,"enh4","ENSG00000167113"
1899,"enh6","ENSG00000163291"
1900,"enh12","ENSG00000162976"
1901,"enh2","ENSG00000204710"
1902,"enh7","ENSG00000147454"
1903,"enh2","ENSG00000196550"
1904,"enh5","ENSG00000125148"
1905,"enh7","ENSG00000148411"
1906,"enh13","ENSG00000119392"
1907,"enh4","ENSG00000134318"
1908,"enh5","ENSG00000174516"
1909,"enh4","ENSG00000156269"
1910,"enh5","ENSG00000129946"
1911,"enh3","ENSG00000120656"
1912,"enh5","ENSG00000198786"
1913,"enh7","ENSG00000148297"
1914,"enh5","ENSG00000104131"
1915,"enh2","ENSG00000143882"
1916,"enh14","ENSG00000136682"
1917,"enh12","ENSG00000165699"
1918,"enh1","ENSG00000175854"
1919,"enh11","ENSG00000006015"
1920,"enh9","ENSG00000171169"
1921,"enh3","ENSG00000115761"
1922,"enh6","ENSG00000102934"
1923,"enh4","ENSG00000064932"
1924,"enh5","ENSG00000102934"
1925,"enh10","ENSG00000152527"
1926,"enh9","ENSG00000158715"
1927,"enh4","ENSG00000142751"
1928,"enh3","ENSG00000196961"
1929,"enh12","ENSG00000181588"
1930,"enh12","ENSG00000144161"
1931,"enh8","ENSG00000136932"
1932,"enh8","ENSG00000071655"
1933,"enh9","ENSG00000196415"
1934,"enh2","ENSG00000167487"
1935,"enh8","ENSG00000069275"
1936,"enh2","ENSG00000171848"
1937,"enh9","ENSG00000140854"
1938,"enh5","ENSG00000005007"
1939,"enh7","ENSG00000165138"
1940,"enh4","ENSG00000159648"
1941,"enh3","ENSG00000256771"
1942,"enh13","ENSG00000100316"
1943,"enh13","ENSG00000070404"
1944,"enh14","ENSG00000160325"
1945,"enh9","ENSG00000119333"
1946,"enh3","ENSG00000105701"
1947,"enh4","ENSG00000147439"
1948,"enh10","ENSG00000213221"
1949,"enh14","ENSG00000105708"
1950,"enh2","ENSG00000160404"
1951,"enh14","ENSG00000172922"
1952,"enh7","ENSG00000064547"
1953,"enh2","ENSG00000105053"
1954,"enh5","ENSG00000008853"
1955,"enh2","ENSG00000064932"
1956,"enh10","ENSG00000104973"
1957,"enh14","ENSG00000175376"
1958,"enh3","ENSG00000142530"
1959,"enh2","ENSG00000071564"
1960,"enh5","ENSG00000160445"
1961,"enh8","ENSG00000126698"
1962,"enh13","ENSG00000141933"
1963,"enh2","ENSG00000158711"
1964,"enh11","ENSG00000213988"
1965,"enh6","ENSG00000108883"
1966,"enh3","ENSG00000165689"
1967,"enh12","ENSG00000196683"
1968,"enh1","ENSG00000181781"
1969,"enh6","ENSG00000117280"
1970,"enh4","ENSG00000126705"
1971,"enh4","ENSG00000167114"
1972,"enh1","ENSG00000182963"
1973,"enh12","ENSG00000134318"
1974,"enh3","ENSG00000103021"
1975,"enh14","ENSG00000204710"
1976,"enh11","ENSG00000136828"
1977,"enh8","ENSG00000160404"
1978,"enh2","ENSG00000100316"
1979,"enh4","ENSG00000148248"
1980,"enh2","ENSG00000162878"
1981,"enh9","ENSG00000110046"
1982,"enh7","ENSG00000186010"
1983,"enh3","ENSG00000144130"
1984,"enh9","ENSG00000130560"
1985,"enh10","ENSG00000068971"
1986,"enh13","ENSG00000126709"
1987,"enh12","ENSG00000125170"
1988,"enh4","ENSG00000125485"
1989,"enh10","ENSG00000181035"
1990,"enh7","ENSG00000182963"
1991,"enh11","ENSG00000175832"
1992,"enh2","ENSG00000174669"
1993,"enh7","ENSG00000069702"
1994,"enh10","ENSG00000149798"
1995,"enh9","ENSG00000119514"
1996,"enh10","ENSG00000147669"
1997,"enh10","ENSG00000148296"
1998,"enh1","ENSG00000198417"
1999,"enh12","ENSG00000187840"
2000,"enh14","ENSG00000067596"
2001,"enh12","ENSG00000241852"
2002,"enh9","ENSG00000117625"
2003,"enh12","ENSG00000104689"
2004,"enh5","ENSG00000160318"
2005,"enh5","ENSG00000148288"
2006,"enh13","ENSG00000180340"
2007,"enh5","ENSG00000115091"
2008,"enh9","ENSG00000165688"
2009,"enh13","ENSG00000064787"
2010,"enh8","ENSG00000149806"
2011,"enh13","ENSG00000185278"
2012,"enh14","ENSG00000068831"
2013,"enh6","ENSG00000173825"
2014,"enh8","ENSG00000064490"
2015,"enh2","ENSG00000133065"
2016,"enh6","ENSG00000165698"
2017,"enh13","ENSG00000160563"
2018,"enh4","ENSG00000117748"
2019,"enh7","ENSG00000127540"
2020,"enh12","ENSG00000147439"
2021,"enh6","ENSG00000105705"
2022,"enh5","ENSG00000198917"
2023,"enh14","ENSG00000173327"
2024,"enh11","ENSG00000064607"
2025,"enh1","ENSG00000104689"
2026,"enh5","ENSG00000105472"
2027,"enh11","ENSG00000064787"
2028,"enh3","ENSG00000196152"
2029,"enh14","ENSG00000148300"
2030,"enh5","ENSG00000064547"
2031,"enh6","ENSG00000117751"
2032,"enh13","ENSG00000006016"
2033,"enh1","ENSG00000158711"
2034,"enh4","ENSG00000106992"
2035,"enh2","ENSG00000171169"
2036,"enh14","ENSG00000108883"
2037,"enh7","ENSG00000174684"
2038,"enh14","ENSG00000174276"
2039,"enh6","ENSG00000110046"
2040,"enh2","ENSG00000171219"
2041,"enh7","ENSG00000153214"
2042,"enh4","ENSG00000100316"
2043,"enh13","ENSG00000135736"
2044,"enh7","ENSG00000125319"
2045,"enh10","ENSG00000065000"
2046,"enh3","ENSG00000062822"
2047,"enh10","ENSG00000108309"
2048,"enh12","ENSG00000082512"
2049,"enh12","ENSG00000125319"
2050,"enh10","ENSG00000105708"
2051,"enh9","ENSG00000105374"
2052,"enh12","ENSG00000160161"
2053,"enh14","ENSG00000125482"
2054,"enh3","ENSG00000142528"
2055,"enh5","ENSG00000116017"
2056,"enh13","ENSG00000181781"
2057,"enh14","ENSG00000095380"
2058,"enh3","ENSG00000173465"
2059,"enh4","ENSG00000144136"
2060,"enh3","ENSG00000196550"
2061,"enh14","ENSG00000168056"
2062,"enh3","ENSG00000130559"
2063,"enh14","ENSG00000051108"
2064,"enh12","ENSG00000174842"
2065,"enh9","ENSG00000142186"
2066,"enh9","ENSG00000168061"
2067,"enh7","ENSG00000117266"
2068,"enh3","ENSG00000136938"
2069,"enh3","ENSG00000116014"
2070,"enh4","ENSG00000161714"
2071,"enh10","ENSG00000130768"
2072,"enh7","ENSG00000119523"
2073,"enh1","ENSG00000129946"
2074,"enh7","ENSG00000167468"
2075,"enh9","ENSG00000168066"
2076,"enh12","ENSG00000119203"
2077,"enh14","ENSG00000099840"
2078,"enh14","ENSG00000163297"
2079,"enh4","ENSG00000136937"
2080,"enh10","ENSG00000136854"
2081,"enh13","ENSG00000125319"
2082,"enh14","ENSG00000136448"
2083,"enh7","ENSG00000104131"
2084,"enh1","ENSG00000160345"
2085,"enh9","ENSG00000090020"
2086,"enh8","ENSG00000125485"
2087,"enh6","ENSG00000152527"
2088,"enh11","ENSG00000105379"
2089,"enh13","ENSG00000051128"
2090,"enh8","ENSG00000105655"
2091,"enh13","ENSG00000106992"
2092,"enh7","ENSG00000162769"
2093,"enh7","ENSG00000071626"
2094,"enh6","ENSG00000105696"
2095,"enh3","ENSG00000167118"
2096,"enh5","ENSG00000197217"
2097,"enh7","ENSG00000142186"
2098,"enh1","ENSG00000171940"
2099,"enh12","ENSG00000167468"
2100,"enh13","ENSG00000133275"
2101,"enh13","ENSG00000176973"
2102,"enh5","ENSG00000141933"
2103,"enh8","ENSG00000172081"
2104,"enh13","ENSG00000175854"
2105,"enh9","ENSG00000189195"
2106,"enh11","ENSG00000173825"
2107,"enh14","ENSG00000198870"
2108,"enh8","ENSG00000136840"
2109,"enh6","ENSG00000136925"
2110,"enh1","ENSG00000136854"
2111,"enh8","ENSG00000099817"
2112,"enh8","ENSG00000107290"
2113,"enh1","ENSG00000136828"
2114,"enh13","ENSG00000175115"
2115,"enh7","ENSG00000196152"
2116,"enh1","ENSG00000184162"
2117,"enh11","ENSG00000090020"
2118,"enh12","ENSG00000099622"
2119,"enh3","ENSG00000115084"
2120,"enh13","ENSG00000174842"
2121,"enh11","ENSG00000174669"
2122,"enh1","ENSG00000115970"
2123,"enh7","ENSG00000167118"
2124,"enh13","ENSG00000107290"
2125,"enh11","ENSG00000174529"
2126,"enh10","ENSG00000105700"
2127,"enh1","ENSG00000136929"
2128,"enh2","ENSG00000172059"
2129,"enh14","ENSG00000119559"
2130,"enh14","ENSG00000115268"
2131,"enh9","ENSG00000159579"
2132,"enh4","ENSG00000213221"
2133,"enh11","ENSG00000106799"
2134,"enh8","ENSG00000117601"
2135,"enh4","ENSG00000235034"
2136,"enh1","ENSG00000167747"
2137,"enh2","ENSG00000105726"
2138,"enh1","ENSG00000070404"
2139,"enh3","ENSG00000136943"
2140,"enh10","ENSG00000126391"
2141,"enh13","ENSG00000069482"
2142,"enh3","ENSG00000126698"
2143,"enh13","ENSG00000156269"
2144,"enh4","ENSG00000115944"
2145,"enh9","ENSG00000187840"
2146,"enh5","ENSG00000142528"
2147,"enh14","ENSG00000064666"
2148,"enh3","ENSG00000162873"
2149,"enh11","ENSG00000117266"
2150,"enh7","ENSG00000133069"
2151,"enh8","ENSG00000168591"
2152,"enh14","ENSG00000186501"
2153,"enh5","ENSG00000181588"
2154,"enh13","ENSG00000099864"
2155,"enh1","ENSG00000099840"
2156,"enh10","ENSG00000071655"
2157,"enh6","ENSG00000160953"
2158,"enh2","ENSG00000169136"
2159,"enh1","ENSG00000119125"
2160,"enh1","ENSG00000134308"
2161,"enh11","ENSG00000009780"
2162,"enh7","ENSG00000143870"
2163,"enh11","ENSG00000204138"
2164,"enh2","ENSG00000181588"
2165,"enh8","ENSG00000175854"
2166,"enh7","ENSG00000105656"
2167,"enh1","ENSG00000213988"
2168,"enh11","ENSG00000126391"
2169,"enh1","ENSG00000119514"
2170,"enh4","ENSG00000198746"
2171,"enh8","ENSG00000148339"
2172,"enh13","ENSG00000120656"
2173,"enh13","ENSG00000174871"
2174,"enh12","ENSG00000213445"
2175,"enh5","ENSG00000104885"
2176,"enh3","ENSG00000097046"
2177,"enh5","ENSG00000176890"
2178,"enh3","ENSG00000174547"
2179,"enh3","ENSG00000115268"
2180,"enh13","ENSG00000175294"
2181,"enh12","ENSG00000136842"
2182,"enh11","ENSG00000130513"
2183,"enh5","ENSG00000006016"
2184,"enh12","ENSG00000167123"
2185,"enh14","ENSG00000149798"
2186,"enh8","ENSG00000119333"
2187,"enh13","ENSG00000198917"
2188,"enh9","ENSG00000091947"
2189,"enh12","ENSG00000102934"
2190,"enh14","ENSG00000117222"
2191,"enh8","ENSG00000106803"
2192,"enh4","ENSG00000099864"
2193,"enh13","ENSG00000123684"
2194,"enh11","ENSG00000039650"
2195,"enh11","ENSG00000131408"
2196,"enh8","ENSG00000155380"
2197,"enh1","ENSG00000117222"
2198,"enh3","ENSG00000198417"
2199,"enh2","ENSG00000136448"
2200,"enh6","ENSG00000171848"
2201,"enh14","ENSG00000262874"
2202,"enh3","ENSG00000105383"
2203,"enh5","ENSG00000136448"
2204,"enh11","ENSG00000153208"
2205,"enh2","ENSG00000125148"
2206,"enh1","ENSG00000183831"
2207,"enh6","ENSG00000071655"
2208,"enh6","ENSG00000120889"
2209,"enh7","ENSG00000140854"
2210,"enh3","ENSG00000087152"
2211,"enh13","ENSG00000136842"
2212,"enh10","ENSG00000197694"
2213,"enh2","ENSG00000175832"
2214,"enh6","ENSG00000117266"
2215,"enh2","ENSG00000120889"
2216,"enh10","ENSG00000135821"
2217,"enh14","ENSG00000174669"
2218,"enh14","ENSG00000161692"
2219,"enh11","ENSG00000183831"
2220,"enh3","ENSG00000039650"
2221,"enh9","ENSG00000125144"
2222,"enh2","ENSG00000013306"
2223,"enh6","ENSG00000120913"
2224,"enh4","ENSG00000175707"
2225,"enh7","ENSG00000102900"
2226,"enh2","ENSG00000071626"
2227,"enh9","ENSG00000122026"
2228,"enh7","ENSG00000165699"
2229,"enh3","ENSG00000174851"
2230,"enh14","ENSG00000119523"
2231,"enh14","ENSG00000115750"
2232,"enh6","ENSG00000135046"
2233,"enh10","ENSG00000161654"
2234,"enh8","ENSG00000064545"
2235,"enh7","ENSG00000173465"
2236,"enh6","ENSG00000186566"
2237,"enh11","ENSG00000262874"
2238,"enh5","ENSG00000012048"
2239,"enh10","ENSG00000198746"
2240,"enh9","ENSG00000104679"
2241,"enh11","ENSG00000103021"
2242,"enh14","ENSG00000163291"
2243,"enh10","ENSG00000163297"
2244,"enh7","ENSG00000130511"
2245,"enh12","ENSG00000117751"
2246,"enh7","ENSG00000105671"
2247,"enh5","ENSG00000158161"
2248,"enh2","ENSG00000196152"
2249,"enh6","ENSG00000174903"
2250,"enh7","ENSG00000148337"
2251,"enh9","ENSG00000182963"
2252,"enh1","ENSG00000169136"
2253,"enh13","ENSG00000148297"
2254,"enh12","ENSG00000256771"
2255,"enh13","ENSG00000103021"
2256,"enh4","ENSG00000114999"
2257,"enh3","ENSG00000091947"
2258,"enh6","ENSG00000147669"
2259,"enh3","ENSG00000172270"
2260,"enh1","ENSG00000115257"
2261,"enh5","ENSG00000076321"
2262,"enh13","ENSG00000196116"
2263,"enh9","ENSG00000104946"
2264,"enh14","ENSG00000148339"
2265,"enh8","ENSG00000130775"
2266,"enh7","ENSG00000120896"
2267,"enh13","ENSG00000125484"
2268,"enh11","ENSG00000105671"
2269,"enh12","ENSG00000140854"
2270,"enh7","ENSG00000161654"
2271,"enh4","ENSG00000108312"
2272,"enh8","ENSG00000110046"
2273,"enh8","ENSG00000064687"
2274,"enh11","ENSG00000133243"
2275,"enh14","ENSG00000136854"
2276,"enh7","ENSG00000147457"
2277,"enh1","ENSG00000213023"
2278,"enh3","ENSG00000117748"
2279,"enh8","ENSG00000136856"
2280,"enh7","ENSG00000197136"
2281,"enh12","ENSG00000134308"
2282,"enh11","ENSG00000065000"
2283,"enh10","ENSG00000130770"
2284,"enh4","ENSG00000104897"
2285,"enh8","ENSG00000176890"
2286,"enh2","ENSG00000167114"
2287,"enh11","ENSG00000181781"
2288,"enh2","ENSG00000102996"
2289,"enh2","ENSG00000110046"
2290,"enh10","ENSG00000129968"
2291,"enh5","ENSG00000126698"
2292,"enh2","ENSG00000153107"
2293,"enh9","ENSG00000143924"
2294,"enh5","ENSG00000115758"
2295,"enh1","ENSG00000165699"
2296,"enh6","ENSG00000204673"
2297,"enh4","ENSG00000030582"
2298,"enh5","ENSG00000186566"
2299,"enh5","ENSG00000204291"
2300,"enh12","ENSG00000196550"
2301,"enh9","ENSG00000160446"
2302,"enh7","ENSG00000005007"
2303,"enh3","ENSG00000180098"
2304,"enh10","ENSG00000009780"
2305,"enh8","ENSG00000104679"
2306,"enh14","ENSG00000186185"
2307,"enh5","ENSG00000126709"
2308,"enh2","ENSG00000070388"
2309,"enh13","ENSG00000161692"
2310,"enh9","ENSG00000196188"
2311,"enh4","ENSG00000064545"
2312,"enh13","ENSG00000131400"
2313,"enh13","ENSG00000175550"
2314,"enh8","ENSG00000102934"
2315,"enh13","ENSG00000097046"
2316,"enh10","ENSG00000107290"
2317,"enh9","ENSG00000161692"
2318,"enh10","ENSG00000149806"
2319,"enh8","ENSG00000141934"
2320,"enh14","ENSG00000082512"
2321,"enh11","ENSG00000138767"
2322,"enh3","ENSG00000165699"
2323,"enh5","ENSG00000174842"
2324,"enh11","ENSG00000160345"
2325,"enh7","ENSG00000064490"
2326,"enh12","ENSG00000106785"
2327,"enh8","ENSG00000167748"
2328,"enh14","ENSG00000196961"
2329,"enh9","ENSG00000117280"
2330,"enh13","ENSG00000184988"
2331,"enh7","ENSG00000144136"
2332,"enh6","ENSG00000136937"
2333,"enh12","ENSG00000117625"
2334,"enh9","ENSG00000136925"
2335,"enh13","ENSG00000133059"
2336,"enh6","ENSG00000136877"
2337,"enh14","ENSG00000213024"
2338,"enh2","ENSG00000125637"
2339,"enh3","ENSG00000079313"
2340,"enh3","ENSG00000014216"
2341,"enh12","ENSG00000144134"
2342,"enh10","ENSG00000182087"
2343,"enh3","ENSG00000148339"
2344,"enh13","ENSG00000120334"
2345,"enh10","ENSG00000115750"
2346,"enh11","ENSG00000070770"
2347,"enh7","ENSG00000138767"
2348,"enh6","ENSG00000138756"
2349,"enh8","ENSG00000160326"
2350,"enh9","ENSG00000149809"
2351,"enh13","ENSG00000115970"
2352,"enh14","ENSG00000160953"
2353,"enh10","ENSG00000183831"
2354,"enh8","ENSG00000062822"
2355,"enh5","ENSG00000115268"
2356,"enh9","ENSG00000176973"
2357,"enh1","ENSG00000186010"
2358,"enh14","ENSG00000185198"
2359,"enh5","ENSG00000005194"
2360,"enh10","ENSG00000175334"
2361,"enh8","ENSG00000161714"
2362,"enh6","ENSG00000005194"
2363,"enh2","ENSG00000010361"
2364,"enh6","ENSG00000105671"
2365,"enh6","ENSG00000102900"
2366,"enh3","ENSG00000181781"
2367,"enh13","ENSG00000065000"
2368,"enh14","ENSG00000115257"
2369,"enh11","ENSG00000171848"
2370,"enh1","ENSG00000144130"
2371,"enh11","ENSG00000126709"
2372,"enh7","ENSG00000223802"
2373,"enh9","ENSG00000105656"
2374,"enh12","ENSG00000136938"
2375,"enh4","ENSG00000188554"
2376,"enh12","ENSG00000165688"
2377,"enh10","ENSG00000167103"
2378,"enh11","ENSG00000197958"
2379,"enh11","ENSG00000103005"
2380,"enh8","ENSG00000148288"
2381,"enh7","ENSG00000153208"
2382,"enh2","ENSG00000148296"
2383,"enh2","ENSG00000039650"
2384,"enh6","ENSG00000223802"
2385,"enh10","ENSG00000064932"
2386,"enh12","ENSG00000108883"
2387,"enh9","ENSG00000148334"
2388,"enh2","ENSG00000130775"
2389,"enh4","ENSG00000133069"
2390,"enh13","ENSG00000119335"
2391,"enh4","ENSG00000175906"
2392,"enh8","ENSG00000175573"
2393,"enh10","ENSG00000136925"
2394,"enh7","ENSG00000169607"
2395,"enh11","ENSG00000104897"
2396,"enh3","ENSG00000123685"
2397,"enh9","ENSG00000149823"
2398,"enh1","ENSG00000008853"
2399,"enh7","ENSG00000117222"
2400,"enh13","ENSG00000158161"
2401,"enh10","ENSG00000102934"
2402,"enh10","ENSG00000144136"
2403,"enh6","ENSG00000099622"
2404,"enh2","ENSG00000172992"
2405,"enh13","ENSG00000110046"
2406,"enh8","ENSG00000169403"
2407,"enh4","ENSG00000130772"
2408,"enh11","ENSG00000088682"
2409,"enh6","ENSG00000142751"
2410,"enh8","ENSG00000136936"
2411,"enh13","ENSG00000173465"
2412,"enh8","ENSG00000070423"
2413,"enh3","ENSG00000165661"
2414,"enh13","ENSG00000148339"
2415,"enh10","ENSG00000099821"
2416,"enh10","ENSG00000196961"
2417,"enh9","ENSG00000168062"
2418,"enh2","ENSG00000115756"
2419,"enh2","ENSG00000175467"
2420,"enh11","ENSG00000172992"
2421,"enh10","ENSG00000172059"
2422,"enh12","ENSG00000148288"
2423,"enh13","ENSG00000174950"
2424,"enh13","ENSG00000167759"
2425,"enh3","ENSG00000172232"
2426,"enh3","ENSG00000144134"
2427,"enh10","ENSG00000181781"
2428,"enh9","ENSG00000167110"
2429,"enh2","ENSG00000107290"
2430,"enh4","ENSG00000089639"
2431,"enh2","ENSG00000197958"
2432,"enh7","ENSG00000117748"
2433,"enh9","ENSG00000221983"
2434,"enh8","ENSG00000107372"
2435,"enh4","ENSG00000104689"
2436,"enh12","ENSG00000175294"
2437,"enh12","ENSG00000062822"
2438,"enh12","ENSG00000198917"
2439,"enh14","ENSG00000136937"
2440,"enh13","ENSG00000129933"
2441,"enh13","ENSG00000169288"
2442,"enh9","ENSG00000070770"
2443,"enh13","ENSG00000012048"
2444,"enh1","ENSG00000006015"
2445,"enh8","ENSG00000104689"
2446,"enh12","ENSG00000174547"
2447,"enh9","ENSG00000120656"
2448,"enh1","ENSG00000120889"
2449,"enh5","ENSG00000254901"
2450,"enh10","ENSG00000130513"
2451,"enh7","ENSG00000167136"
2452,"enh9","ENSG00000004939"
2453,"enh6","ENSG00000115761"
2454,"enh11","ENSG00000196188"
2455,"enh12","ENSG00000136895"
2456,"enh4","ENSG00000125618"
2457,"enh1","ENSG00000167470"
2458,"enh6","ENSG00000102931"
2459,"enh6","ENSG00000087152"
2460,"enh12","ENSG00000213024"
2461,"enh6","ENSG00000134330"
2462,"enh7","ENSG00000106976"
2463,"enh12","ENSG00000175573"
2464,"enh4","ENSG00000090020"
2465,"enh10","ENSG00000102931"
2466,"enh3","ENSG00000115286"
2467,"enh14","ENSG00000134308"
2468,"enh14","ENSG00000125630"
2469,"enh5","ENSG00000125485"
2470,"enh2","ENSG00000141349"
2471,"enh11","ENSG00000065268"
2472,"enh13","ENSG00000158711"
2473,"enh11","ENSG00000051128"
2474,"enh2","ENSG00000213638"
2475,"enh1","ENSG00000254470"
2476,"enh1","ENSG00000187193"
2477,"enh12","ENSG00000105705"
2478,"enh3","ENSG00000064687"
2479,"enh5","ENSG00000153214"
2480,"enh1","ENSG00000162976"
2481,"enh3","ENSG00000142765"
2482,"enh11","ENSG00000167747"
2483,"enh6","ENSG00000106803"
2484,"enh4","ENSG00000175334"
2485,"enh10","ENSG00000067596"
2486,"enh1","ENSG00000172500"
2487,"enh13","ENSG00000204291"
2488,"enh2","ENSG00000213988"
2489,"enh3","ENSG00000064547"
2490,"enh5","ENSG00000129968"
2491,"enh5","ENSG00000167747"
2492,"enh13","ENSG00000173327"
2493,"enh10","ENSG00000189195"
2494,"enh6","ENSG00000228300"
2495,"enh10","ENSG00000142784"
2496,"enh13","ENSG00000180098"
2497,"enh5","ENSG00000170385"
2498,"enh2","ENSG00000238227"
2499,"enh9","ENSG00000115756"
2500,"enh11","ENSG00000165689"
2501,"enh6","ENSG00000130775"
2502,"enh2","ENSG00000105472"
2503,"enh8","ENSG00000090020"
2504,"enh7","ENSG00000133243"
2505,"enh10","ENSG00000161647"
2506,"enh12","ENSG00000174276"
2507,"enh13","ENSG00000175906"
2508,"enh2","ENSG00000140854"
2509,"enh10","ENSG00000119333"
2510,"enh7","ENSG00000189195"
2511,"enh13","ENSG00000171219"
2512,"enh8","ENSG00000119559"
2513,"enh9","ENSG00000147669"
2514,"enh6","ENSG00000197217"
2515,"enh12","ENSG00000167747"
2516,"enh10","ENSG00000120334"
2517,"enh5","ENSG00000119514"
2518,"enh11","ENSG00000115084"
2519,"enh4","ENSG00000175115"
2520,"enh13","ENSG00000175467"
2521,"enh1","ENSG00000106992"
2522,"enh13","ENSG00000115257"
2523,"enh8","ENSG00000129968"
2524,"enh11","ENSG00000180198"
2525,"enh7","ENSG00000250067"
2526,"enh11","ENSG00000173327"
2527,"enh3","ENSG00000167106"
2528,"enh7","ENSG00000122026"
2529,"enh3","ENSG00000198786"
2530,"enh13","ENSG00000197958"
2531,"enh13","ENSG00000064932"
2532,"enh9","ENSG00000213024"
2533,"enh12","ENSG00000175592"
2534,"enh11","ENSG00000181035"
2535,"enh6","ENSG00000129933"
2536,"enh5","ENSG00000106803"
2537,"enh14","ENSG00000105497"
2538,"enh13","ENSG00000130270"
2539,"enh14","ENSG00000064787"
2540,"enh10","ENSG00000142186"
2541,"enh9","ENSG00000223802"
2542,"enh3","ENSG00000119392"
2543,"enh4","ENSG00000162772"
2544,"enh10","ENSG00000091947"
2545,"enh3","ENSG00000106799"
2546,"enh13","ENSG00000197136"
2547,"enh6","ENSG00000181773"
2548,"enh14","ENSG00000141933"
2549,"enh14","ENSG00000204291"
2550,"enh1","ENSG00000117691"
2551,"enh9","ENSG00000196422"
2552,"enh12","ENSG00000213221"
2553,"enh11","ENSG00000117222"
2554,"enh3","ENSG00000180198"
2555,"enh8","ENSG00000174529"
2556,"enh2","ENSG00000117593"
2557,"enh14","ENSG00000168067"
2558,"enh11","ENSG00000171159"
2559,"enh11","ENSG00000172270"
2560,"enh2","ENSG00000104897"
2561,"enh9","ENSG00000142765"
2562,"enh1","ENSG00000129951"
2563,"enh12","ENSG00000123684"
2564,"enh2","ENSG00000134318"
2565,"enh6","ENSG00000131094"
2566,"enh11","ENSG00000176890"
2567,"enh10","ENSG00000143476"
2568,"enh1","ENSG00000162669"
2569,"enh1","ENSG00000106803"
2570,"enh3","ENSG00000196188"
2571,"enh10","ENSG00000099866"
2572,"enh9","ENSG00000088682"
2573,"enh1","ENSG00000105676"
2574,"enh8","ENSG00000161677"
2575,"enh5","ENSG00000174744"
2576,"enh10","ENSG00000204291"
2577,"enh14","ENSG00000130559"
2578,"enh7","ENSG00000178093"
2579,"enh14","ENSG00000160345"
2580,"enh7","ENSG00000148291"
2581,"enh14","ENSG00000223802"
2582,"enh2","ENSG00000105655"
2583,"enh8","ENSG00000197816"
2584,"enh7","ENSG00000105662"
2585,"enh4","ENSG00000155380"
2586,"enh14","ENSG00000070388"
2587,"enh9","ENSG00000186566"
2588,"enh5","ENSG00000144130"
2589,"enh14","ENSG00000148297"
2590,"enh1","ENSG00000187024"
2591,"enh11","ENSG00000130270"
2592,"enh6","ENSG00000108312"
2593,"enh7","ENSG00000162241"
2594,"enh11","ENSG00000141349"
2595,"enh5","ENSG00000165138"
2596,"enh3","ENSG00000165138"
2597,"enh14","ENSG00000069702"
2598,"enh7","ENSG00000198492"
2599,"enh7","ENSG00000159648"
2600,"enh11","ENSG00000160404"
2601,"enh4","ENSG00000254470"
2602,"enh11","ENSG00000186501"
2603,"enh2","ENSG00000079313"
2604,"enh12","ENSG00000153107"
2605,"enh2","ENSG00000198746"
2606,"enh8","ENSG00000213023"
2607,"enh9","ENSG00000163291"
2608,"enh14","ENSG00000133059"
2609,"enh8","ENSG00000120913"
2610,"enh7","ENSG00000097046"
2611,"enh5","ENSG00000122484"
2612,"enh10","ENSG00000087365"
2613,"enh14","ENSG00000136908"
2614,"enh3","ENSG00000161677"
2615,"enh4","ENSG00000133884"
2616,"enh5","ENSG00000136830"
2617,"enh12","ENSG00000197766"
2618,"enh8","ENSG00000165092"
2619,"enh12","ENSG00000136807"
2620,"enh8","ENSG00000187024"
2621,"enh11","ENSG00000174996"
2622,"enh5","ENSG00000087152"
2623,"enh13","ENSG00000168067"
2624,"enh10","ENSG00000125124"
2625,"enh1","ENSG00000131094"
2626,"enh5","ENSG00000138772"
2627,"enh3","ENSG00000100316"
2628,"enh4","ENSG00000142528"
2629,"enh11","ENSG00000065600"
2630,"enh10","ENSG00000115944"
2631,"enh10","ENSG00000173465"
2632,"enh10","ENSG00000108840"
2633,"enh7","ENSG00000182087"
2634,"enh1","ENSG00000142784"
2635,"enh8","ENSG00000227500"
2636,"enh10","ENSG00000105374"
2637,"enh8","ENSG00000197217"
2638,"enh1","ENSG00000105655"
2639,"enh8","ENSG00000162976"
2640,"enh2","ENSG00000068831"
2641,"enh12","ENSG00000153208"
2642,"enh4","ENSG00000120896"
2643,"enh8","ENSG00000142528"
2644,"enh9","ENSG00000119203"
2645,"enh1","ENSG00000167468"
2646,"enh9","ENSG00000136856"
2647,"enh8","ENSG00000117748"
2648,"enh11","ENSG00000089639"
2649,"enh9","ENSG00000105472"
2650,"enh6","ENSG00000099625"
2651,"enh3","ENSG00000106991"
2652,"enh13","ENSG00000197816"
2653,"enh13","ENSG00000172757"
2654,"enh14","ENSG00000102996"
2655,"enh4","ENSG00000110046"
2656,"enh13","ENSG00000167103"
2657,"enh13","ENSG00000105374"
2658,"enh1","ENSG00000068976"
2659,"enh11","ENSG00000138036"
2660,"enh7","ENSG00000108883"
2661,"enh11","ENSG00000153214"
2662,"enh5","ENSG00000142751"
2663,"enh14","ENSG00000108849"
2664,"enh7","ENSG00000167112"
2665,"enh8","ENSG00000117650"
2666,"enh14","ENSG00000180098"
2667,"enh2","ENSG00000120896"
2668,"enh13","ENSG00000120913"
2669,"enh3","ENSG00000099840"
2670,"enh11","ENSG00000106976"
2671,"enh10","ENSG00000138756"
2672,"enh14","ENSG00000006016"
2673,"enh13","ENSG00000161671"
2674,"enh8","ENSG00000136943"
2675,"enh1","ENSG00000160161"
2676,"enh13","ENSG00000057935"
2677,"enh9","ENSG00000174276"
2678,"enh13","ENSG00000203705"
2679,"enh9","ENSG00000198417"
2680,"enh2","ENSG00000051128"
2681,"enh9","ENSG00000196550"
2682,"enh11","ENSG00000105708"
2683,"enh1","ENSG00000126698"
2684,"enh2","ENSG00000012048"
2685,"enh14","ENSG00000143882"
2686,"enh8","ENSG00000065600"
2687,"enh9","ENSG00000108883"
2688,"enh6","ENSG00000069275"
2689,"enh5","ENSG00000125611"
2690,"enh2","ENSG00000070770"
2691,"enh4","ENSG00000065268"
2692,"enh5","ENSG00000142784"
2693,"enh14","ENSG00000138767"
2694,"enh6","ENSG00000122140"
2695,"enh10","ENSG00000162241"
2696,"enh3","ENSG00000070404"
2697,"enh8","ENSG00000051108"
2698,"enh5","ENSG00000162241"
2699,"enh3","ENSG00000106992"
2700,"enh6","ENSG00000173327"
2701,"enh1","ENSG00000120913"
2702,"enh10","ENSG00000186806"
2703,"enh9","ENSG00000119335"
2704,"enh14","ENSG00000196550"
2705,"enh12","ENSG00000165698"
2706,"enh5","ENSG00000165699"
2707,"enh9","ENSG00000008853"
2708,"enh13","ENSG00000119514"
2709,"enh13","ENSG00000115268"
2710,"enh6","ENSG00000115084"
2711,"enh5","ENSG00000185198"
2712,"enh8","ENSG00000161671"
2713,"enh11","ENSG00000165698"
2714,"enh12","ENSG00000172977"
2715,"enh8","ENSG00000148248"
2716,"enh7","ENSG00000174547"
2717,"enh3","ENSG00000117592"
2718,"enh9","ENSG00000159648"
2719,"enh7","ENSG00000099864"
2720,"enh9","ENSG00000107021"
2721,"enh3","ENSG00000095380"
2722,"enh2","ENSG00000064547"
2723,"enh5","ENSG00000196152"
2724,"enh13","ENSG00000250067"
2725,"enh13","ENSG00000115091"
2726,"enh12","ENSG00000160404"
2727,"enh13","ENSG00000181513"
2728,"enh8","ENSG00000198417"
2729,"enh1","ENSG00000136938"
2730,"enh1","ENSG00000175115"
2731,"enh6","ENSG00000136807"
2732,"enh5","ENSG00000105374"
2733,"enh13","ENSG00000134317"
2734,"enh12","ENSG00000158195"
2735,"enh3","ENSG00000160271"
2736,"enh9","ENSG00000167748"
2737,"enh2","ENSG00000136937"
2738,"enh5","ENSG00000108849"
2739,"enh2","ENSG00000131409"
2740,"enh10","ENSG00000103021"
2741,"enh14","ENSG00000106799"
2742,"enh3","ENSG00000106803"
2743,"enh7","ENSG00000136943"
2744,"enh14","ENSG00000171940"
2745,"enh10","ENSG00000070388"
2746,"enh13","ENSG00000197217"
2747,"enh3","ENSG00000161654"
2748,"enh2","ENSG00000181035"
2749,"enh4","ENSG00000197540"
2750,"enh12","ENSG00000119125"
2751,"enh1","ENSG00000115750"
2752,"enh9","ENSG00000136877"
2753,"enh14","ENSG00000181588"
2754,"enh6","ENSG00000174744"
2755,"enh1","ENSG00000196961"
2756,"enh12","ENSG00000102996"
2757,"enh2","ENSG00000160318"
2758,"enh6","ENSG00000105556"
2759,"enh3","ENSG00000105708"
2760,"enh10","ENSG00000167748"
2761,"enh10","ENSG00000148290"
2762,"enh9","ENSG00000122484"
2763,"enh12","ENSG00000065268"
2764,"enh10","ENSG00000090020"
2765,"enh10","ENSG00000140859"
2766,"enh4","ENSG00000161682"
2767,"enh12","ENSG00000175467"
2768,"enh10","ENSG00000180198"
2769,"enh6","ENSG00000106976"
2770,"enh14","ENSG00000169136"
2771,"enh9","ENSG00000131398"
2772,"enh9","ENSG00000144161"
2773,"enh14","ENSG00000144136"
2774,"enh11","ENSG00000169607"
2775,"enh4","ENSG00000108852"
2776,"enh10","ENSG00000188554"
2777,"enh6","ENSG00000175832"
2778,"enh1","ENSG00000156269"
2779,"enh6","ENSG00000175334"
2780,"enh5","ENSG00000181035"
2781,"enh4","ENSG00000107372"
2782,"enh7","ENSG00000106789"
2783,"enh10","ENSG00000136856"
2784,"enh1","ENSG00000162873"
2785,"enh7","ENSG00000160408"
2786,"enh4","ENSG00000131097"
2787,"enh7","ENSG00000131094"
2788,"enh1","ENSG00000006016"
2789,"enh14","ENSG00000165702"
2790,"enh12","ENSG00000262874"
2791,"enh14","ENSG00000103005"
2792,"enh13","ENSG00000163291"
2793,"enh6","ENSG00000142528"
2794,"enh13","ENSG00000141934"
2795,"enh7","ENSG00000122140"
2796,"enh2","ENSG00000136925"
2797,"enh3","ENSG00000148334"
2798,"enh5","ENSG00000122140"
2799,"enh8","ENSG00000117280"
2800,"enh9","ENSG00000006016"
2801,"enh5","ENSG00000071655"
2802,"enh7","ENSG00000162772"
2803,"enh3","ENSG00000087263"
2804,"enh1","ENSG00000105700"
2805,"enh10","ENSG00000174547"
2806,"enh7","ENSG00000105708"
2807,"enh6","ENSG00000167759"
2808,"enh3","ENSG00000108309"
2809,"enh5","ENSG00000213638"
2810,"enh5","ENSG00000167748"
2811,"enh1","ENSG00000262874"
2812,"enh11","ENSG00000175294"
2813,"enh12","ENSG00000254901"
2814,"enh7","ENSG00000204710"
2815,"enh14","ENSG00000131097"
2816,"enh4","ENSG00000005194"
2817,"enh14","ENSG00000134317"
2818,"enh12","ENSG00000130560"
2819,"enh11","ENSG00000169136"
2820,"enh4","ENSG00000143882"
2821,"enh3","ENSG00000174996"
2822,"enh14","ENSG00000123684"
2823,"enh2","ENSG00000099622"
2824,"enh4","ENSG00000136932"
2825,"enh12","ENSG00000136682"
2826,"enh8","ENSG00000130511"
2827,"enh5","ENSG00000160953"
2828,"enh2","ENSG00000135046"
2829,"enh12","ENSG00000099804"
2830,"enh9","ENSG00000101132"
2831,"enh13","ENSG00000175832"
2832,"enh9","ENSG00000181781"
2833,"enh11","ENSG00000160161"
2834,"enh14","ENSG00000160326"
2835,"enh5","ENSG00000099864"
2836,"enh6","ENSG00000171159"
2837,"enh4","ENSG00000160563"
2838,"enh6","ENSG00000165688"
2839,"enh8","ENSG00000102931"
2840,"enh10","ENSG00000135736"
2841,"enh5","ENSG00000213221"
2842,"enh3","ENSG00000197217"
2843,"enh2","ENSG00000147669"
2844,"enh2","ENSG00000148290"
2845,"enh13","ENSG00000142186"
2846,"enh10","ENSG00000131097"
2847,"enh4","ENSG00000162976"
2848,"enh12","ENSG00000149792"
2849,"enh8","ENSG00000130005"
2850,"enh2","ENSG00000135870"
2851,"enh1","ENSG00000116017"
2852,"enh8","ENSG00000182087"
2853,"enh13","ENSG00000090273"
2854,"enh8","ENSG00000174276"
2855,"enh13","ENSG00000105676"
2856,"enh8","ENSG00000213638"
2857,"enh12","ENSG00000169136"
2858,"enh12","ENSG00000088682"
2859,"enh9","ENSG00000126698"
2860,"enh2","ENSG00000136877"
2861,"enh3","ENSG00000117691"
2862,"enh9","ENSG00000165689"
2863,"enh6","ENSG00000180448"
2864,"enh9","ENSG00000173825"
2865,"enh1","ENSG00000131097"
2866,"enh11","ENSG00000136856"
2867,"enh10","ENSG00000136448"
2868,"enh13","ENSG00000167106"
2869,"enh7","ENSG00000116014"
2870,"enh12","ENSG00000142530"
2871,"enh6","ENSG00000185278"
2872,"enh13","ENSG00000005194"
2873,"enh3","ENSG00000148337"
2874,"enh7","ENSG00000064932"
2875,"enh8","ENSG00000143882"
2876,"enh10","ENSG00000118046"
2877,"enh12","ENSG00000099821"
2878,"enh3","ENSG00000067596"
2879,"enh10","ENSG00000133059"
2880,"enh10","ENSG00000168061"
2881,"enh1","ENSG00000104946"
2882,"enh1","ENSG00000152061"
2883,"enh8","ENSG00000174684"
2884,"enh10","ENSG00000173327"
2885,"enh7","ENSG00000184988"
2886,"enh8","ENSG00000172977"
2887,"enh1","ENSG00000127540"
2888,"enh9","ENSG00000142530"
2889,"enh13","ENSG00000174996"
2890,"enh6","ENSG00000169136"
2891,"enh2","ENSG00000126698"
2892,"enh5","ENSG00000115084"
2893,"enh1","ENSG00000087263"
2894,"enh9","ENSG00000198492"
2895,"enh8","ENSG00000105726"
2896,"enh3","ENSG00000148296"
2897,"enh11","ENSG00000127540"
2898,"enh8","ENSG00000196961"
2899,"enh11","ENSG00000071655"
2900,"enh9","ENSG00000134318"
2901,"enh6","ENSG00000159579"
2902,"enh3","ENSG00000117650"
2903,"enh8","ENSG00000148296"
2904,"enh3","ENSG00000198746"
2905,"enh4","ENSG00000102900"
2906,"enh12","ENSG00000136908"
2907,"enh2","ENSG00000173039"
2908,"enh10","ENSG00000161692"
2909,"enh4","ENSG00000162298"
2910,"enh11","ENSG00000174950"
2911,"enh10","ENSG00000176890"
2912,"enh7","ENSG00000106992"
2913,"enh13","ENSG00000106991"
2914,"enh4","ENSG00000167491"
2915,"enh6","ENSG00000172232"
2916,"enh14","ENSG00000117625"
2917,"enh2","ENSG00000014216"
2918,"enh6","ENSG00000010361"
2919,"enh2","ENSG00000090020"
2920,"enh7","ENSG00000117758"
2921,"enh12","ENSG00000104886"
2922,"enh2","ENSG00000160446"
2923,"enh8","ENSG00000153208"
2924,"enh9","ENSG00000099625"
2925,"enh5","ENSG00000149798"
2926,"enh14","ENSG00000125319"
2927,"enh9","ENSG00000184162"
2928,"enh3","ENSG00000143882"
2929,"enh12","ENSG00000175334"
2930,"enh14","ENSG00000104689"
2931,"enh11","ENSG00000126698"
2932,"enh14","ENSG00000196312"
2933,"enh10","ENSG00000148248"
2934,"enh5","ENSG00000136943"
2935,"enh5","ENSG00000131409"
2936,"enh2","ENSG00000136908"
2937,"enh7","ENSG00000159461"
2938,"enh12","ENSG00000152061"
2939,"enh3","ENSG00000051108"
2940,"enh14","ENSG00000187193"
2941,"enh14","ENSG00000130766"
2942,"enh12","ENSG00000117691"
2943,"enh8","ENSG00000153107"
2944,"enh8","ENSG00000175592"
2945,"enh8","ENSG00000104131"
2946,"enh8","ENSG00000146670"
2947,"enh6","ENSG00000142544"
2948,"enh3","ENSG00000158941"
2949,"enh6","ENSG00000136936"
2950,"enh2","ENSG00000198917"
2951,"enh9","ENSG00000099821"
2952,"enh1","ENSG00000141349"
2953,"enh2","ENSG00000178093"
2954,"enh10","ENSG00000122140"
2955,"enh2","ENSG00000227500"
2956,"enh12","ENSG00000178093"
2957,"enh8","ENSG00000039650"
2958,"enh2","ENSG00000005007"
2959,"enh12","ENSG00000103021"
2960,"enh13","ENSG00000171159"
2961,"enh5","ENSG00000165702"
2962,"enh10","ENSG00000196116"
2963,"enh13","ENSG00000088682"
2964,"enh6","ENSG00000187840"
2965,"enh3","ENSG00000181513"
2966,"enh12","ENSG00000143493"
2967,"enh14","ENSG00000130768"
2968,"enh9","ENSG00000180198"
2969,"enh3","ENSG00000213445"
2970,"enh3","ENSG00000125484"
2971,"enh7","ENSG00000155380"
2972,"enh6","ENSG00000142530"
2973,"enh13","ENSG00000147454"
2974,"enh10","ENSG00000105383"
2975,"enh3","ENSG00000115257"
2976,"enh14","ENSG00000143870"
2977,"enh6","ENSG00000130270"
2978,"enh9","ENSG00000102934"
2979,"enh2","ENSG00000140859"
2980,"enh8","ENSG00000130770"
2981,"enh11","ENSG00000071626"
2982,"enh5","ENSG00000119185"
2983,"enh13","ENSG00000152527"
2984,"enh7","ENSG00000105497"
2985,"enh9","ENSG00000148288"
2986,"enh5","ENSG00000174903"
2987,"enh6","ENSG00000119514"
2988,"enh6","ENSG00000143882"
2989,"enh4","ENSG00000143870"
2990,"enh5","ENSG00000106976"
2991,"enh10","ENSG00000105701"
2992,"enh10","ENSG00000070761"
2993,"enh1","ENSG00000160271"
2994,"enh9","ENSG00000162298"
2995,"enh12","ENSG00000142765"
2996,"enh7","ENSG00000136840"
2997,"enh1","ENSG00000030582"
2998,"enh7","ENSG00000119335"
2999,"enh10","ENSG00000099840"
3000,"enh2","ENSG00000142530"
3001,"enh8","ENSG00000161654"
3002,"enh11","ENSG00000070761"
3003,"enh10","ENSG00000158711"
3004,"enh4","ENSG00000168067"
3005,"enh8","ENSG00000167112"
3006,"enh12","ENSG00000196188"
3007,"enh4","ENSG00000131400"
3008,"enh13","ENSG00000188554"
3009,"enh7","ENSG00000138756"
3010,"enh12","ENSG00000160293"
3011,"enh6","ENSG00000126709"
3012,"enh8","ENSG00000129951"
3013,"enh5","ENSG00000117280"
3014,"enh1","ENSG00000130772"
3015,"enh6","ENSG00000254901"
3016,"enh14","ENSG00000160446"
3017,"enh6","ENSG00000167005"
3018,"enh8","ENSG00000106799"
3019,"enh9","ENSG00000116014"
3020,"enh1","ENSG00000117592"
3021,"enh12","ENSG00000148356"
3022,"enh4","ENSG00000142765"
3023,"enh9","ENSG00000108312"
3024,"enh8","ENSG00000106785"
3025,"enh12","ENSG00000142186"
3026,"enh11","ENSG00000125485"
3027,"enh4","ENSG00000117593"
3028,"enh13","ENSG00000198840"
3029,"enh6","ENSG00000143493"
3030,"enh8","ENSG00000175115"
3031,"enh6","ENSG00000135870"
3032,"enh12","ENSG00000168591"
3033,"enh13","ENSG00000172081"
3034,"enh11","ENSG00000176973"
3035,"enh5","ENSG00000125484"
3036,"enh7","ENSG00000160293"
3037,"enh12","ENSG00000105669"
3038,"enh1","ENSG00000104973"
3039,"enh14","ENSG00000187840"
3040,"enh5","ENSG00000110047"
3041,"enh12","ENSG00000254986"
3042,"enh6","ENSG00000110047"
3043,"enh2","ENSG00000158161"
3044,"enh7","ENSG00000012048"
3045,"enh10","ENSG00000187840"
3046,"enh9","ENSG00000125319"
3047,"enh8","ENSG00000116017"
3048,"enh1","ENSG00000168591"
3049,"enh1","ENSG00000069702"
3050,"enh11","ENSG00000117748"
3051,"enh1","ENSG00000108861"
3052,"enh10","ENSG00000117650"
3053,"enh12","ENSG00000012048"
3054,"enh10","ENSG00000119125"
3055,"enh1","ENSG00000051128"
3056,"enh8","ENSG00000099625"
3057,"enh13","ENSG00000152061"
3058,"enh2","ENSG00000181896"
3059,"enh5","ENSG00000136908"
3060,"enh2","ENSG00000095380"
3061,"enh12","ENSG00000067596"
3062,"enh5","ENSG00000125482"
3063,"enh2","ENSG00000148308"
3064,"enh1","ENSG00000166188"
3065,"enh8","ENSG00000204291"
3066,"enh14","ENSG00000105705"
3067,"enh12","ENSG00000160953"
3068,"enh3","ENSG00000171169"
3069,"enh9","ENSG00000071626"
3070,"enh5","ENSG00000099840"
3071,"enh3","ENSG00000141349"
3072,"enh12","ENSG00000136929"
3073,"enh2","ENSG00000149823"
3074,"enh3","ENSG00000213988"
3075,"enh10","ENSG00000133895"
3076,"enh10","ENSG00000148291"
3077,"enh6","ENSG00000004939"
3078,"enh6","ENSG00000172081"
3079,"enh10","ENSG00000064666"
3080,"enh12","ENSG00000168056"
3081,"enh2","ENSG00000105696"
3082,"enh3","ENSG00000172500"
3083,"enh10","ENSG00000010361"
3084,"enh8","ENSG00000197694"
3085,"enh7","ENSG00000171159"
3086,"enh4","ENSG00000186566"
3087,"enh10","ENSG00000175592"
3088,"enh13","ENSG00000172059"
3089,"enh2","ENSG00000163297"
3090,"enh5","ENSG00000125618"
3091,"enh2","ENSG00000108312"
3092,"enh14","ENSG00000107372"
3093,"enh14","ENSG00000153214"
3094,"enh2","ENSG00000090273"
3095,"enh3","ENSG00000162241"
3096,"enh6","ENSG00000149798"
3097,"enh12","ENSG00000174851"
3098,"enh13","ENSG00000136830"
3099,"enh3","ENSG00000160445"
3100,"enh14","ENSG00000254901"
3101,"enh1","ENSG00000136932"
3102,"enh14","ENSG00000131398"
3103,"enh11","ENSG00000180448"
3104,"enh9","ENSG00000136807"
3105,"enh13","ENSG00000108883"
3106,"enh9","ENSG00000198870"
3107,"enh9","ENSG00000162241"
3108,"enh5","ENSG00000197816"
3109,"enh3","ENSG00000105671"
3110,"enh3","ENSG00000175854"
3111,"enh14","ENSG00000136936"
3112,"enh12","ENSG00000110047"
3113,"enh1","ENSG00000099821"
3114,"enh4","ENSG00000008853"
3115,"enh5","ENSG00000161671"
3116,"enh12","ENSG00000148308"
3117,"enh6","ENSG00000106789"
3118,"enh9","ENSG00000167103"
3119,"enh13","ENSG00000176890"
3120,"enh10","ENSG00000176973"
3121,"enh1","ENSG00000172775"
3122,"enh7","ENSG00000198870"
3123,"enh4","ENSG00000108840"
3124,"enh9","ENSG00000067596"
3125,"enh13","ENSG00000159579"
3126,"enh12","ENSG00000117266"
3127,"enh6","ENSG00000142733"
3128,"enh13","ENSG00000127540"
3129,"enh3","ENSG00000167113"
3130,"enh1","ENSG00000106799"
3131,"enh10","ENSG00000167468"
3132,"enh5","ENSG00000130005"
3133,"enh3","ENSG00000162769"
3134,"enh14","ENSG00000167759"
3135,"enh1","ENSG00000160953"
3136,"enh7","ENSG00000104946"
3137,"enh11","ENSG00000005007"
3138,"enh6","ENSG00000070404"
3139,"enh8","ENSG00000197766"
3140,"enh8","ENSG00000119335"
3141,"enh12","ENSG00000106803"
3142,"enh2","ENSG00000119125"
3143,"enh2","ENSG00000065268"
3144,"enh14","ENSG00000165661"
3145,"enh12","ENSG00000087365"
3146,"enh9","ENSG00000166188"
3147,"enh5","ENSG00000122482"
3148,"enh7","ENSG00000114999"
3149,"enh5","ENSG00000030582"
3150,"enh7","ENSG00000147439"
3151,"enh11","ENSG00000165702"
3152,"enh1","ENSG00000122482"
3153,"enh11","ENSG00000130559"
3154,"enh13","ENSG00000241852"
3155,"enh14","ENSG00000186806"
3156,"enh8","ENSG00000117592"
3157,"enh6","ENSG00000012048"
3158,"enh7","ENSG00000125482"
3159,"enh12","ENSG00000011304"
3160,"enh3","ENSG00000151694"
3161,"enh3","ENSG00000186010"
3162,"enh9","ENSG00000167491"
3163,"enh6","ENSG00000138036"
3164,"enh12","ENSG00000107290"
3165,"enh5","ENSG00000161692"
3166,"enh13","ENSG00000174669"
3167,"enh13","ENSG00000119333"
3168,"enh5","ENSG00000174547"
3169,"enh1","ENSG00000130770"
3170,"enh3","ENSG00000071564"
3171,"enh11","ENSG00000198840"
3172,"enh13","ENSG00000131408"
3173,"enh14","ENSG00000105662"
3174,"enh1","ENSG00000014216"
3175,"enh9","ENSG00000171159"
3176,"enh6","ENSG00000125144"
3177,"enh9","ENSG00000172977"
3178,"enh1","ENSG00000152518"
3179,"enh12","ENSG00000097046"
3180,"enh14","ENSG00000136929"
3181,"enh5","ENSG00000126391"
3182,"enh4","ENSG00000125630"
3183,"enh13","ENSG00000070388"
3184,"enh10","ENSG00000148297"
3185,"enh6","ENSG00000106799"
3186,"enh9","ENSG00000161682"
3187,"enh9","ENSG00000181035"
3188,"enh8","ENSG00000133895"
3189,"enh6","ENSG00000174871"
3190,"enh10","ENSG00000213988"
3191,"enh1","ENSG00000129933"
3192,"enh11","ENSG00000167110"
3193,"enh4","ENSG00000196422"
3194,"enh1","ENSG00000161647"
3195,"enh9","ENSG00000136840"
3196,"enh12","ENSG00000174996"
3197,"enh13","ENSG00000158941"
3198,"enh14","ENSG00000196683"
3199,"enh4","ENSG00000160271"
3200,"enh11","ENSG00000148296"
3201,"enh3","ENSG00000106976"
3202,"enh6","ENSG00000115257"
3203,"enh12","ENSG00000129968"
3204,"enh14","ENSG00000125485"
3205,"enh12","ENSG00000186806"
3206,"enh12","ENSG00000161682"
3207,"enh4","ENSG00000144134"
3208,"enh2","ENSG00000115758"
3209,"enh6","ENSG00000122482"
3210,"enh9","ENSG00000162419"
3211,"enh5","ENSG00000115750"
3212,"enh7","ENSG00000134318"
3213,"enh6","ENSG00000162976"
3214,"enh12","ENSG00000172922"
3215,"enh13","ENSG00000153107"
3216,"enh6","ENSG00000104973"
3217,"enh8","ENSG00000119203"
3218,"enh12","ENSG00000163297"
3219,"enh2","ENSG00000167110"
3220,"enh6","ENSG00000076321"
3221,"enh5","ENSG00000171848"
3222,"enh9","ENSG00000099622"
3223,"enh2","ENSG00000175906"
3224,"enh2","ENSG00000008853"
3225,"enh7","ENSG00000185278"
3226,"enh10","ENSG00000158715"
3227,"enh3","ENSG00000148297"
3228,"enh8","ENSG00000131408"
3229,"enh1","ENSG00000223802"
3230,"enh10","ENSG00000181588"
3231,"enh9","ENSG00000204138"
3232,"enh3","ENSG00000175550"
3233,"enh12","ENSG00000130559"
3234,"enh2","ENSG00000064607"
3235,"enh4","ENSG00000119523"
3236,"enh4","ENSG00000189195"
3237,"enh11","ENSG00000133884"
3238,"enh4","ENSG00000147454"
3239,"enh8","ENSG00000175376"
3240,"enh11","ENSG00000108840"
3241,"enh13","ENSG00000105655"
3242,"enh5","ENSG00000213445"
3243,"enh7","ENSG00000064666"
3244,"enh13","ENSG00000069275"
3245,"enh12","ENSG00000129911"
3246,"enh10","ENSG00000117601"
3247,"enh9","ENSG00000117266"
3248,"enh6","ENSG00000122484"
3249,"enh4","ENSG00000198417"
3250,"enh9","ENSG00000186806"
3251,"enh11","ENSG00000196422"
3252,"enh8","ENSG00000099866"
3253,"enh1","ENSG00000167005"
3254,"enh9","ENSG00000138756"
3255,"enh12","ENSG00000147669"
3256,"enh6","ENSG00000136943"
3257,"enh5","ENSG00000161714"
3258,"enh4","ENSG00000174950"
3259,"enh3","ENSG00000160345"
3260,"enh13","ENSG00000142765"
3261,"enh11","ENSG00000105556"
3262,"enh6","ENSG00000069702"
3263,"enh10","ENSG00000162976"
3264,"enh2","ENSG00000065600"
3265,"enh2","ENSG00000097046"
3266,"enh12","ENSG00000221983"
3267,"enh4","ENSG00000138772"
3268,"enh4","ENSG00000158715"
3269,"enh10","ENSG00000184162"
3270,"enh10","ENSG00000122482"
3271,"enh13","ENSG00000140848"
3272,"enh11","ENSG00000174276"
3273,"enh14","ENSG00000119335"
3274,"enh4","ENSG00000135046"
3275,"enh11","ENSG00000160445"
3276,"enh6","ENSG00000213465"
3277,"enh9","ENSG00000130770"
3278,"enh5","ENSG00000135046"
3279,"enh4","ENSG00000213638"
3280,"enh14","ENSG00000148290"
3281,"enh12","ENSG00000167103"
3282,"enh2","ENSG00000105662"
3283,"enh5","ENSG00000099625"
3284,"enh7","ENSG00000254986"
3285,"enh1","ENSG00000168066"
3286,"enh9","ENSG00000130513"
3287,"enh14","ENSG00000152527"
3288,"enh3","ENSG00000117266"
3289,"enh1","ENSG00000130560"
3290,"enh9","ENSG00000175294"
3291,"enh3","ENSG00000117593"
3292,"enh1","ENSG00000147669"
3293,"enh10","ENSG00000102996"
3294,"enh12","ENSG00000186185"
3295,"enh14","ENSG00000153208"
3296,"enh9","ENSG00000057935"
3297,"enh12","ENSG00000143924"
3298,"enh6","ENSG00000064932"
3299,"enh2","ENSG00000126391"
3300,"enh1","ENSG00000097046"
3301,"enh3","ENSG00000174950"
3302,"enh1","ENSG00000149798"
3303,"enh9","ENSG00000153208"
3304,"enh12","ENSG00000172081"
3305,"enh7","ENSG00000120334"
3306,"enh10","ENSG00000105662"
3307,"enh7","ENSG00000180098"
3308,"enh3","ENSG00000136842"
3309,"enh2","ENSG00000148300"
3310,"enh4","ENSG00000125144"
3311,"enh7","ENSG00000104973"
3312,"enh7","ENSG00000142751"
3313,"enh9","ENSG00000064932"
3314,"enh6","ENSG00000198492"
3315,"enh1","ENSG00000204291"
3316,"enh4","ENSG00000148296"
3317,"enh2","ENSG00000173327"
3318,"enh12","ENSG00000117697"
3319,"enh1","ENSG00000143924"
3320,"enh3","ENSG00000142784"
3321,"enh12","ENSG00000133895"
3322,"enh11","ENSG00000119514"
3323,"enh12","ENSG00000115286"
3324,"enh2","ENSG00000134317"
3325,"enh7","ENSG00000186566"
3326,"enh5","ENSG00000184988"
3327,"enh1","ENSG00000181513"
3328,"enh12","ENSG00000185198"
3329,"enh5","ENSG00000147454"
3330,"enh4","ENSG00000172059"
3331,"enh3","ENSG00000181035"
3332,"enh6","ENSG00000152061"
3333,"enh11","ENSG00000095383"
3334,"enh8","ENSG00000160325"
3335,"enh13","ENSG00000147457"
3336,"enh13","ENSG00000163297"
3337,"enh9","ENSG00000106803"
3338,"enh11","ENSG00000143924"
3339,"enh10","ENSG00000136807"
3340,"enh12","ENSG00000159648"
3341,"enh14","ENSG00000138036"
3342,"enh8","ENSG00000160293"
3343,"enh6","ENSG00000175707"
3344,"enh4","ENSG00000153214"
3345,"enh2","ENSG00000146670"
3346,"enh1","ENSG00000253368"
3347,"enh7","ENSG00000176973"
3348,"enh1","ENSG00000148303"
3349,"enh6","ENSG00000167487"
3350,"enh8","ENSG00000071626"
3351,"enh8","ENSG00000142733"
3352,"enh11","ENSG00000172059"
3353,"enh5","ENSG00000100316"
3354,"enh6","ENSG00000115286"
3355,"enh5","ENSG00000175592"
3356,"enh11","ENSG00000119523"
3357,"enh8","ENSG00000079313"
3358,"enh13","ENSG00000223802"
3359,"enh9","ENSG00000152061"
3360,"enh4","ENSG00000106789"
3361,"enh8","ENSG00000173039"
3362,"enh7","ENSG00000138772"
3363,"enh4","ENSG00000097046"
3364,"enh13","ENSG00000136874"
3365,"enh9","ENSG00000173327"
3366,"enh5","ENSG00000162873"
3367,"enh1","ENSG00000117697"
3368,"enh1","ENSG00000167106"
3369,"enh1","ENSG00000105379"
3370,"enh8","ENSG00000186501"
3371,"enh10","ENSG00000014216"
3372,"enh4","ENSG00000120913"
3373,"enh4","ENSG00000131398"
3374,"enh3","ENSG00000153107"
3375,"enh10","ENSG00000104885"
3376,"enh1","ENSG00000204138"
3377,"enh2","ENSG00000099821"
3378,"enh5","ENSG00000171940"
3379,"enh8","ENSG00000148334"
3380,"enh1","ENSG00000181588"
3381,"enh2","ENSG00000168061"
3382,"enh11","ENSG00000213221"
3383,"enh13","ENSG00000165661"
3384,"enh5","ENSG00000188177"
3385,"enh1","ENSG00000173465"
3386,"enh8","ENSG00000136937"
3387,"enh1","ENSG00000095380"
3388,"enh6","ENSG00000136448"
3389,"enh3","ENSG00000228300"
3390,"enh2","ENSG00000114999"
3391,"enh2","ENSG00000254986"
3392,"enh7","ENSG00000149798"
3393,"enh3","ENSG00000131400"
3394,"enh5","ENSG00000165661"
3395,"enh6","ENSG00000103021"
3396,"enh1","ENSG00000051108"
3397,"enh3","ENSG00000148411"
3398,"enh14","ENSG00000196152"
3399,"enh13","ENSG00000125170"
3400,"enh4","ENSG00000204710"
3401,"enh6","ENSG00000167114"
3402,"enh13","ENSG00000130772"
3403,"enh9","ENSG00000099804"
3404,"enh7","ENSG00000228300"
3405,"enh2","ENSG00000167468"
3406,"enh11","ENSG00000068971"
3407,"enh8","ENSG00000185278"
3408,"enh3","ENSG00000148300"
3409,"enh13","ENSG00000095383"
3410,"enh5","ENSG00000143924"
3411,"enh6","ENSG00000070761"
3412,"enh8","ENSG00000172059"
3413,"enh3","ENSG00000167747"
3414,"enh8","ENSG00000174516"
3415,"enh8","ENSG00000168061"
3416,"enh9","ENSG00000172775"
3417,"enh3","ENSG00000148303"
3418,"enh9","ENSG00000087152"
3419,"enh7","ENSG00000115758"
3420,"enh10","ENSG00000213638"
3421,"enh11","ENSG00000180098"
3422,"enh2","ENSG00000167748"
3423,"enh12","ENSG00000173442"
3424,"enh1","ENSG00000099622"
3425,"enh8","ENSG00000147457"
3426,"enh6","ENSG00000197136"
3427,"enh2","ENSG00000136938"
3428,"enh3","ENSG00000130770"
3429,"enh2","ENSG00000125630"
3430,"enh12","ENSG00000171848"
3431,"enh5","ENSG00000120896"
3432,"enh5","ENSG00000090020"
3433,"enh8","ENSG00000005961"
3434,"enh3","ENSG00000187024"
3435,"enh10","ENSG00000197816"
3436,"enh2","ENSG00000108883"
3437,"enh3","ENSG00000099625"
3438,"enh7","ENSG00000130772"
3439,"enh4","ENSG00000105662"
3440,"enh9","ENSG00000013306"
3441,"enh5","ENSG00000162769"
3442,"enh14","ENSG00000129911"
3443,"enh4","ENSG00000106799"
3444,"enh8","ENSG00000125124"
3445,"enh10","ENSG00000196152"
3446,"enh10","ENSG00000172922"
3447,"enh6","ENSG00000099624"
3448,"enh7","ENSG00000064607"
3449,"enh6","ENSG00000176973"
3450,"enh14","ENSG00000143924"
3451,"enh4","ENSG00000129946"
3452,"enh13","ENSG00000186010"
3453,"enh11","ENSG00000099864"
3454,"enh5","ENSG00000256771"
3455,"enh9","ENSG00000115970"
3456,"enh10","ENSG00000143493"
3457,"enh10","ENSG00000172992"
3458,"enh10","ENSG00000163291"
3459,"enh13","ENSG00000125630"
3460,"enh11","ENSG00000238227"
3461,"enh1","ENSG00000165138"
3462,"enh3","ENSG00000105696"
3463,"enh14","ENSG00000117280"
3464,"enh13","ENSG00000174903"
3465,"enh6","ENSG00000136854"
3466,"enh9","ENSG00000136854"
3467,"enh5","ENSG00000155380"
3468,"enh6","ENSG00000105379"
3469,"enh10","ENSG00000103005"
3470,"enh13","ENSG00000162769"
3471,"enh2","ENSG00000174851"
3472,"enh5","ENSG00000130513"
3473,"enh5","ENSG00000006015"
3474,"enh4","ENSG00000115091"
3475,"enh14","ENSG00000099622"
3476,"enh3","ENSG00000197766"
3477,"enh13","ENSG00000253368"
3478,"enh9","ENSG00000130772"
3479,"enh7","ENSG00000149823"
3480,"enh10","ENSG00000135046"
3481,"enh1","ENSG00000180448"
3482,"enh5","ENSG00000160345"
3483,"enh4","ENSG00000165661"
3484,"enh14","ENSG00000136811"
3485,"enh13","ENSG00000065600"
3486,"enh14","ENSG00000105472"
3487,"enh6","ENSG00000171940"
3488,"enh12","ENSG00000068971"
3489,"enh3","ENSG00000120334"
3490,"enh9","ENSG00000065268"
3491,"enh1","ENSG00000119559"
3492,"enh13","ENSG00000162669"
3493,"enh4","ENSG00000125148"
3494,"enh14","ENSG00000196415"
3495,"enh8","ENSG00000129946"
3496,"enh13","ENSG00000116014"
3497,"enh13","ENSG00000122484"
3498,"enh9","ENSG00000141934"
3499,"enh7","ENSG00000161682"
3500,"enh5","ENSG00000014216"
3501,"enh10","ENSG00000099875"
3502,"enh5","ENSG00000125319"
3503,"enh10","ENSG00000160447"
3504,"enh7","ENSG00000186185"
3505,"enh2","ENSG00000250067"
3506,"enh3","ENSG00000198492"
3507,"enh2","ENSG00000181773"
3508,"enh9","ENSG00000160161"
3509,"enh5","ENSG00000176973"
3510,"enh7","ENSG00000172081"
3511,"enh8","ENSG00000013306"
3512,"enh7","ENSG00000151694"
3513,"enh6","ENSG00000162241"
3514,"enh9","ENSG00000171219"
3515,"enh4","ENSG00000152527"
3516,"enh9","ENSG00000149792"
3517,"enh6","ENSG00000174547"
3518,"enh3","ENSG00000165092"
3519,"enh13","ENSG00000186566"
3520,"enh2","ENSG00000125485"
3521,"enh14","ENSG00000169403"
3522,"enh10","ENSG00000136936"
3523,"enh8","ENSG00000142530"
3524,"enh3","ENSG00000136643"
3525,"enh14","ENSG00000175602"
3526,"enh8","ENSG00000076321"
3527,"enh1","ENSG00000161692"
3528,"enh2","ENSG00000117601"
3529,"enh10","ENSG00000175906"
3530,"enh3","ENSG00000136830"
3531,"enh9","ENSG00000168067"
3532,"enh12","ENSG00000197958"
3533,"enh7","ENSG00000130513"
3534,"enh13","ENSG00000119203"
3535,"enh4","ENSG00000105669"
3536,"enh2","ENSG00000130270"
3537,"enh6","ENSG00000051108"
3538,"enh4","ENSG00000181588"
3539,"enh2","ENSG00000104886"
3540,"enh3","ENSG00000167103"
3541,"enh14","ENSG00000167123"
3542,"enh4","ENSG00000148334"
3543,"enh10","ENSG00000159461"
3544,"enh11","ENSG00000099840"
3545,"enh2","ENSG00000065000"
3546,"enh11","ENSG00000181513"
3547,"enh6","ENSG00000158161"
3548,"enh12","ENSG00000115944"
3549,"enh6","ENSG00000134318"
3550,"enh10","ENSG00000106799"
3551,"enh11","ENSG00000107290"
3552,"enh11","ENSG00000070388"
3553,"enh3","ENSG00000197958"
3554,"enh1","ENSG00000065268"
3555,"enh9","ENSG00000160445"
3556,"enh7","ENSG00000011304"
3557,"enh3","ENSG00000136828"
3558,"enh11","ENSG00000186010"
3559,"enh6","ENSG00000117592"
3560,"enh11","ENSG00000136840"
3561,"enh12","ENSG00000198417"
3562,"enh1","ENSG00000071626"
3563,"enh5","ENSG00000108312"
3564,"enh7","ENSG00000005961"
3565,"enh13","ENSG00000213445"
3566,"enh12","ENSG00000005961"
3567,"enh8","ENSG00000186185"
3568,"enh10","ENSG00000136937"
3569,"enh6","ENSG00000196116"
3570,"enh11","ENSG00000005194"
3571,"enh2","ENSG00000142765"
3572,"enh11","ENSG00000197217"
3573,"enh7","ENSG00000175854"
3574,"enh4","ENSG00000115084"
3575,"enh4","ENSG00000062822"
3576,"enh2","ENSG00000130513"
3577,"enh11","ENSG00000115756"
3578,"enh8","ENSG00000166188"
3579,"enh5","ENSG00000160408"
3580,"enh12","ENSG00000142544"
3581,"enh14","ENSG00000144130"
3582,"enh13","ENSG00000087365"
3583,"enh7","ENSG00000148339"
3584,"enh5","ENSG00000087263"
3585,"enh4","ENSG00000090273"
3586,"enh9","ENSG00000148296"
3587,"enh11","ENSG00000136842"
3588,"enh10","ENSG00000133275"
3589,"enh6","ENSG00000129968"
3590,"enh8","ENSG00000067596"
3591,"enh14","ENSG00000106803"
3592,"enh9","ENSG00000135870"
3593,"enh14","ENSG00000136877"
3594,"enh4","ENSG00000174851"
3595,"enh6","ENSG00000071626"
3596,"enh1","ENSG00000117266"
3597,"enh8","ENSG00000142765"
3598,"enh7","ENSG00000197816"
3599,"enh12","ENSG00000184988"
3600,"enh14","ENSG00000169607"
3601,"enh1","ENSG00000138756"
3602,"enh13","ENSG00000173442"
3603,"enh4","ENSG00000165702"
3604,"enh13","ENSG00000079313"
3605,"enh3","ENSG00000162419"
3606,"enh14","ENSG00000162769"
3607,"enh2","ENSG00000198858"
3608,"enh8","ENSG00000117758"
3609,"enh12","ENSG00000173039"
3610,"enh1","ENSG00000099864"
3611,"enh14","ENSG00000130005"
3612,"enh11","ENSG00000187840"
3613,"enh7","ENSG00000089639"
3614,"enh12","ENSG00000198840"
3615,"enh1","ENSG00000160445"
3616,"enh3","ENSG00000134308"
3617,"enh13","ENSG00000167491"
3618,"enh14","ENSG00000148308"
3619,"enh1","ENSG00000165702"
3620,"enh4","ENSG00000105497"
3621,"enh14","ENSG00000062822"
3622,"enh9","ENSG00000167113"
3623,"enh2","ENSG00000174684"
3624,"enh3","ENSG00000148248"
3625,"enh4","ENSG00000184162"
3626,"enh6","ENSG00000067596"
3627,"enh9","ENSG00000197694"
3628,"enh8","ENSG00000105717"
3629,"enh7","ENSG00000149806"
3630,"enh1","ENSG00000117280"
3631,"enh10","ENSG00000087263"
3632,"enh5","ENSG00000167112"
3633,"enh8","ENSG00000104946"
3634,"enh8","ENSG00000223802"
3635,"enh7","ENSG00000105053"
3636,"enh4","ENSG00000129933"
3637,"enh3","ENSG00000160161"
3638,"enh11","ENSG00000120896"
3639,"enh4","ENSG00000161654"
3640,"enh4","ENSG00000168061"
3641,"enh14","ENSG00000160161"
3642,"enh1","ENSG00000142751"
3643,"enh14","ENSG00000175467"
3644,"enh14","ENSG00000051128"
3645,"enh2","ENSG00000162419"
3646,"enh9","ENSG00000142733"
3647,"enh11","ENSG00000069482"
3648,"enh4","ENSG00000071655"
3649,"enh3","ENSG00000110046"
3650,"enh8","ENSG00000185198"
3651,"enh2","ENSG00000196116"
3652,"enh14","ENSG00000181035"
3653,"enh9","ENSG00000089639"
3654,"enh9","ENSG00000099864"
3655,"enh7","ENSG00000104885"
3656,"enh1","ENSG00000162419"
3657,"enh6","ENSG00000175550"
3658,"enh11","ENSG00000106803"
3659,"enh7","ENSG00000103005"
3660,"enh5","ENSG00000136840"
3661,"enh4","ENSG00000142544"
3662,"enh5","ENSG00000160360"
3663,"enh12","ENSG00000064932"
3664,"enh4","ENSG00000138036"
3665,"enh12","ENSG00000130775"
3666,"enh7","ENSG00000175906"
3667,"enh6","ENSG00000235034"
3668,"enh10","ENSG00000101132"
3669,"enh12","ENSG00000198746"
3670,"enh12","ENSG00000105700"
3671,"enh5","ENSG00000134317"
3672,"enh10","ENSG00000104960"
3673,"enh12","ENSG00000167106"
3674,"enh11","ENSG00000158715"
3675,"enh9","ENSG00000142784"
3676,"enh9","ENSG00000160360"
3677,"enh7","ENSG00000108840"
3678,"enh14","ENSG00000106991"
3679,"enh14","ENSG00000152518"
3680,"enh9","ENSG00000185278"
3681,"enh1","ENSG00000149823"
3682,"enh13","ENSG00000180448"
3683,"enh12","ENSG00000186566"
3684,"enh10","ENSG00000196422"
3685,"enh5","ENSG00000147669"
3686,"enh10","ENSG00000062822"
3687,"enh8","ENSG00000142751"
3688,"enh5","ENSG00000162878"
3689,"enh2","ENSG00000204291"
3690,"enh14","ENSG00000131408"
3691,"enh1","ENSG00000125319"
3692,"enh13","ENSG00000039650"
3693,"enh9","ENSG00000176890"
3694,"enh14","ENSG00000149823"
3695,"enh5","ENSG00000142186"
3696,"enh11","ENSG00000254901"
3697,"enh2","ENSG00000162669"
3698,"enh2","ENSG00000069275"
3699,"enh4","ENSG00000160447"
3700,"enh6","ENSG00000174529"
3701,"enh2","ENSG00000087263"
3702,"enh12","ENSG00000102900"
3703,"enh4","ENSG00000197694"
3704,"enh2","ENSG00000198786"
3705,"enh11","ENSG00000133275"
3706,"enh4","ENSG00000130511"
3707,"enh5","ENSG00000106789"
3708,"enh9","ENSG00000158161"
3709,"enh10","ENSG00000184988"
3710,"enh5","ENSG00000133895"
3711,"enh8","ENSG00000174950"
3712,"enh11","ENSG00000102931"
3713,"enh10","ENSG00000138036"
3714,"enh8","ENSG00000175467"
3715,"enh9","ENSG00000104885"
3716,"enh3","ENSG00000105726"
3717,"enh12","ENSG00000162419"
3718,"enh2","ENSG00000175592"
3719,"enh3","ENSG00000169136"
3720,"enh1","ENSG00000144136"
3721,"enh3","ENSG00000102996"
3722,"enh11","ENSG00000101132"
3723,"enh5","ENSG00000117222"
3724,"enh11","ENSG00000105705"
3725,"enh13","ENSG00000131094"
3726,"enh13","ENSG00000105708"
3727,"enh9","ENSG00000126705"
3728,"enh7","ENSG00000126705"
3729,"enh2","ENSG00000103005"
3730,"enh4","ENSG00000153107"
3731,"enh6","ENSG00000162300"
3732,"enh7","ENSG00000066027"
3733,"enh4","ENSG00000005007"
3734,"enh14","ENSG00000095383"
3735,"enh8","ENSG00000138767"
3736,"enh4","ENSG00000174744"
3737,"enh3","ENSG00000130005"
3738,"enh5","ENSG00000178093"
3739,"enh7","ENSG00000174669"
3740,"enh1","ENSG00000136448"
3741,"enh5","ENSG00000175906"
3742,"enh12","ENSG00000166188"
3743,"enh8","ENSG00000101132"
3744,"enh14","ENSG00000176973"
3745,"enh3","ENSG00000197816"
3746,"enh13","ENSG00000091947"
3747,"enh11","ENSG00000148308"
3748,"enh4","ENSG00000152061"
3749,"enh12","ENSG00000185761"
3750,"enh3","ENSG00000130768"
3751,"enh8","ENSG00000119514"
3752,"enh14","ENSG00000172270"
3753,"enh7","ENSG00000148296"
3754,"enh12","ENSG00000160360"
3755,"enh4","ENSG00000175832"
3756,"enh13","ENSG00000014138"
3757,"enh4","ENSG00000180198"
3758,"enh3","ENSG00000165684"
3759,"enh9","ENSG00000117222"
3760,"enh2","ENSG00000125319"
3761,"enh1","ENSG00000254901"
3762,"enh13","ENSG00000167468"
3763,"enh4","ENSG00000131094"
3764,"enh14","ENSG00000167747"
3765,"enh13","ENSG00000138772"
3766,"enh9","ENSG00000163297"
3767,"enh4","ENSG00000169288"
3768,"enh4","ENSG00000161677"
3769,"enh7","ENSG00000119333"
3770,"enh11","ENSG00000147454"
3771,"enh2","ENSG00000213221"
3772,"enh7","ENSG00000213221"
3773,"enh5","ENSG00000161647"
3774,"enh9","ENSG00000153214"
3775,"enh14","ENSG00000116017"
3776,"enh9","ENSG00000175573"
3777,"enh12","ENSG00000160271"
3778,"enh1","ENSG00000099875"
3779,"enh10","ENSG00000172732"
3780,"enh12","ENSG00000122140"
3781,"enh3","ENSG00000119333"
3782,"enh8","ENSG00000087365"
3783,"enh1","ENSG00000172922"
3784,"enh7","ENSG00000174996"
3785,"enh10","ENSG00000175832"
3786,"enh11","ENSG00000136936"
3787,"enh10","ENSG00000119185"
3788,"enh10","ENSG00000254901"
3789,"enh13","ENSG00000107372"
3790,"enh5","ENSG00000105379"
3791,"enh5","ENSG00000105717"
3792,"enh8","ENSG00000174547"
3793,"enh13","ENSG00000165702"
3794,"enh13","ENSG00000161714"
3795,"enh7","ENSG00000009780"
3796,"enh10","ENSG00000203705"
3797,"enh13","ENSG00000187840"
3798,"enh12","ENSG00000175707"
3799,"enh1","ENSG00000149806"
3800,"enh12","ENSG00000161677"
3801,"enh9","ENSG00000227500"
3802,"enh5","ENSG00000142544"
3803,"enh11","ENSG00000051108"
3804,"enh2","ENSG00000067596"
3805,"enh9","ENSG00000254470"
3806,"enh4","ENSG00000138767"
3807,"enh1","ENSG00000142733"
3808,"enh8","ENSG00000004939"
3809,"enh14","ENSG00000136643"
3810,"enh11","ENSG00000165684"
3811,"enh2","ENSG00000160563"
3812,"enh5","ENSG00000105708"
3813,"enh12","ENSG00000122484"
3814,"enh13","ENSG00000117593"
3815,"enh6","ENSG00000198417"
3816,"enh4","ENSG00000130270"
3817,"enh9","ENSG00000174516"
3818,"enh13","ENSG00000160271"
3819,"enh14","ENSG00000142733"
3820,"enh11","ENSG00000057935"
3821,"enh12","ENSG00000066027"
3822,"enh14","ENSG00000133895"
3823,"enh4","ENSG00000117266"
3824,"enh8","ENSG00000160446"
3825,"enh1","ENSG00000122026"
3826,"enh1","ENSG00000148288"
3827,"enh7","ENSG00000167123"
3828,"enh14","ENSG00000228300"
3829,"enh5","ENSG00000168061"
3830,"enh7","ENSG00000175832"
3831,"enh5","ENSG00000071564"
3832,"enh3","ENSG00000167114"
3833,"enh7","ENSG00000064787"
3834,"enh5","ENSG00000143493"
3835,"enh9","ENSG00000099840"
3836,"enh2","ENSG00000173442"
3837,"enh14","ENSG00000136932"
3838,"enh4","ENSG00000126709"
3839,"enh6","ENSG00000117697"
3840,"enh6","ENSG00000175115"
3841,"enh11","ENSG00000165138"
3842,"enh1","ENSG00000142765"
3843,"enh1","ENSG00000099866"
3844,"enh6","ENSG00000167113"
3845,"enh6","ENSG00000090273"
3846,"enh14","ENSG00000183831"
3847,"enh1","ENSG00000228300"
3848,"enh14","ENSG00000105671"
3849,"enh8","ENSG00000144134"
3850,"enh4","ENSG00000160445"
3851,"enh14","ENSG00000147457"
3852,"enh4","ENSG00000133275"
3853,"enh2","ENSG00000175550"
3854,"enh11","ENSG00000130511"
3855,"enh1","ENSG00000170385"
3856,"enh1","ENSG00000120656"
3857,"enh1","ENSG00000115758"
3858,"enh2","ENSG00000196312"
3859,"enh9","ENSG00000117592"
3860,"enh5","ENSG00000130270"
3861,"enh13","ENSG00000172500"
3862,"enh4","ENSG00000133065"
3863,"enh12","ENSG00000143882"
3864,"enh11","ENSG00000160293"
3865,"enh10","ENSG00000115761"
3866,"enh3","ENSG00000120896"
3867,"enh14","ENSG00000167491"
3868,"enh11","ENSG00000160325"
3869,"enh2","ENSG00000138772"
3870,"enh5","ENSG00000099875"
3871,"enh5","ENSG00000102996"
3872,"enh9","ENSG00000160408"
3873,"enh6","ENSG00000183831"
3874,"enh6","ENSG00000158711"
3875,"enh13","ENSG00000142528"
3876,"enh10","ENSG00000069482"
3877,"enh12","ENSG00000117748"
3878,"enh11","ENSG00000256771"
3879,"enh10","ENSG00000167136"
3880,"enh9","ENSG00000107290"
3881,"enh10","ENSG00000165702"
3882,"enh13","ENSG00000167118"
3883,"enh4","ENSG00000172732"
3884,"enh7","ENSG00000256771"
3885,"enh3","ENSG00000167468"
3886,"enh12","ENSG00000161692"
3887,"enh7","ENSG00000070770"
3888,"enh13","ENSG00000142751"
3889,"enh14","ENSG00000196422"
3890,"enh10","ENSG00000160446"
3891,"enh5","ENSG00000160271"
3892,"enh8","ENSG00000148356"
3893,"enh6","ENSG00000152518"
3894,"enh5","ENSG00000196422"
3895,"enh3","ENSG00000167759"
3896,"enh4","ENSG00000167005"
3897,"enh4","ENSG00000011304"
3898,"enh4","ENSG00000167468"
3899,"enh6","ENSG00000184162"
3900,"enh6","ENSG00000136830"
3901,"enh12","ENSG00000148411"
3902,"enh1","ENSG00000142530"
3903,"enh6","ENSG00000142186"
3904,"enh5","ENSG00000152518"
3905,"enh12","ENSG00000099864"
3906,"enh5","ENSG00000172775"
3907,"enh10","ENSG00000160563"
3908,"enh13","ENSG00000105671"
3909,"enh13","ENSG00000168061"
3910,"enh9","ENSG00000129933"
3911,"enh6","ENSG00000172757"
3912,"enh13","ENSG00000136856"
3913,"enh12","ENSG00000131094"
3914,"enh10","ENSG00000148356"
3915,"enh9","ENSG00000167106"
3916,"enh7","ENSG00000120913"
3917,"enh4","ENSG00000070404"
3918,"enh5","ENSG00000167005"
3919,"enh3","ENSG00000120889"
3920,"enh3","ENSG00000165698"
3921,"enh11","ENSG00000149809"
3922,"enh11","ENSG00000152518"
3923,"enh1","ENSG00000168062"
3924,"enh12","ENSG00000196422"
3925,"enh7","ENSG00000099821"
3926,"enh5","ENSG00000159579"
3927,"enh1","ENSG00000013306"
3928,"enh1","ENSG00000130511"
3929,"enh12","ENSG00000133884"
3930,"enh3","ENSG00000122140"
3931,"enh3","ENSG00000070770"
3932,"enh11","ENSG00000181896"
3933,"enh1","ENSG00000065600"
3934,"enh9","ENSG00000175376"
3935,"enh5","ENSG00000204710"
3936,"enh12","ENSG00000110046"
3937,"enh10","ENSG00000143882"
3938,"enh1","ENSG00000198917"
3939,"enh2","ENSG00000138767"
3940,"enh5","ENSG00000162772"
3941,"enh1","ENSG00000064932"
3942,"enh6","ENSG00000143870"
3943,"enh13","ENSG00000136932"
3944,"enh11","ENSG00000108312"
3945,"enh12","ENSG00000148297"
3946,"enh3","ENSG00000105655"
3947,"enh8","ENSG00000168067"
3948,"enh6","ENSG00000105662"
3949,"enh13","ENSG00000172775"
3950,"enh3","ENSG00000196683"
3951,"enh9","ENSG00000125630"
3952,"enh6","ENSG00000135736"
3953,"enh5","ENSG00000105700"
3954,"enh5","ENSG00000115257"
3955,"enh8","ENSG00000120896"
3956,"enh14","ENSG00000069275"
3957,"enh14","ENSG00000131400"
3958,"enh2","ENSG00000167470"
3959,"enh11","ENSG00000168062"
3960,"enh6","ENSG00000188177"
3961,"enh4","ENSG00000099875"
3962,"enh2","ENSG00000165138"
3963,"enh11","ENSG00000182963"
3964,"enh11","ENSG00000161677"
3965,"enh2","ENSG00000165689"
3966,"enh14","ENSG00000103021"
3967,"enh9","ENSG00000147439"
3968,"enh13","ENSG00000004939"
3969,"enh4","ENSG00000185198"
3970,"enh4","ENSG00000170385"
3971,"enh8","ENSG00000254901"
3972,"enh6","ENSG00000144161"
3973,"enh6","ENSG00000148411"
3974,"enh8","ENSG00000165684"
3975,"enh7","ENSG00000006015"
3976,"enh8","ENSG00000095383"
3977,"enh13","ENSG00000162298"
3978,"enh13","ENSG00000117650"
3979,"enh6","ENSG00000148248"
3980,"enh4","ENSG00000117751"
3981,"enh6","ENSG00000103005"
3982,"enh6","ENSG00000162873"
3983,"enh9","ENSG00000129946"
3984,"enh4","ENSG00000069482"
3985,"enh10","ENSG00000140848"
3986,"enh7","ENSG00000149809"
3987,"enh10","ENSG00000228300"
3988,"enh1","ENSG00000142528"
3989,"enh1","ENSG00000068971"
3990,"enh5","ENSG00000136895"
3991,"enh2","ENSG00000142784"
3992,"enh8","ENSG00000148303"
3993,"enh11","ENSG00000143870"
3994,"enh13","ENSG00000069702"
3995,"enh7","ENSG00000076321"
3996,"enh2","ENSG00000004939"
3997,"enh1","ENSG00000103005"
3998,"enh1","ENSG00000175334"
3999,"enh14","ENSG00000105717"
4000,"enh8","ENSG00000117697"
4001,"enh6","ENSG00000133895"
4002,"enh5","ENSG00000108309"
4003,"enh14","ENSG00000198858"
4004,"enh8","ENSG00000119185"
4005,"enh13","ENSG00000161677"
4006,"enh8","ENSG00000099624"
4007,"enh12","ENSG00000197217"
4008,"enh10","ENSG00000136877"
4009,"enh7","ENSG00000174851"
4010,"enh13","ENSG00000174851"
4011,"enh5","ENSG00000114999"
4012,"enh3","ENSG00000174276"
4013,"enh9","ENSG00000141933"
4014,"enh1","ENSG00000148300"
4015,"enh10","ENSG00000070423"
4016,"enh12","ENSG00000175854"
4017,"enh3","ENSG00000125637"
4018,"enh8","ENSG00000129933"
4019,"enh12","ENSG00000090020"
4020,"enh6","ENSG00000123685"
4021,"enh12","ENSG00000182963"
4022,"enh11","ENSG00000105701"
4023,"enh11","ENSG00000105676"
4024,"enh8","ENSG00000159579"
4025,"enh12","ENSG00000071564"
4026,"enh7","ENSG00000065600"
4027,"enh4","ENSG00000102978"
4028,"enh4","ENSG00000105726"
4029,"enh10","ENSG00000162298"
4030,"enh11","ENSG00000175573"
4031,"enh1","ENSG00000115286"
4032,"enh3","ENSG00000125611"
4033,"enh10","ENSG00000160326"
4034,"enh14","ENSG00000143493"
4035,"enh14","ENSG00000064607"
4036,"enh2","ENSG00000160325"
4037,"enh4","ENSG00000148300"
4038,"enh4","ENSG00000158195"
4039,"enh6","ENSG00000071564"
4040,"enh6","ENSG00000165661"
4041,"enh11","ENSG00000167491"
4042,"enh7","ENSG00000184162"
4043,"enh13","ENSG00000196422"
4044,"enh13","ENSG00000174684"
4045,"enh11","ENSG00000143493"
4046,"enh12","ENSG00000065600"
4047,"enh2","ENSG00000172922"
4048,"enh6","ENSG00000181588"
4049,"enh3","ENSG00000099864"
4050,"enh8","ENSG00000174842"
4051,"enh12","ENSG00000105708"
4052,"enh12","ENSG00000250067"
4053,"enh3","ENSG00000012048"
4054,"enh14","ENSG00000115255"
4055,"enh8","ENSG00000160408"
4056,"enh5","ENSG00000173465"
4057,"enh9","ENSG00000133243"
4058,"enh12","ENSG00000175376"
4059,"enh13","ENSG00000051108"
4060,"enh13","ENSG00000213024"
4061,"enh14","ENSG00000122482"
4062,"enh9","ENSG00000136842"
4063,"enh14","ENSG00000161671"
4064,"enh8","ENSG00000250067"
4065,"enh3","ENSG00000110047"
4066,"enh8","ENSG00000152518"
4067,"enh12","ENSG00000162669"
4068,"enh2","ENSG00000177125"
4069,"enh9","ENSG00000108849"
4070,"enh5","ENSG00000099866"
4071,"enh9","ENSG00000130768"
4072,"enh7","ENSG00000254901"
4073,"enh6","ENSG00000186010"
4074,"enh9","ENSG00000188554"
4075,"enh7","ENSG00000125148"
4076,"enh11","ENSG00000174842"
4077,"enh5","ENSG00000167114"
4078,"enh6","ENSG00000160271"
4079,"enh12","ENSG00000087263"
4080,"enh8","ENSG00000014216"
4081,"enh3","ENSG00000115750"
4082,"enh1","ENSG00000136830"
4083,"enh13","ENSG00000174744"
4084,"enh10","ENSG00000198917"
4085,"enh12","ENSG00000144136"
4086,"enh14","ENSG00000167110"
4087,"enh13","ENSG00000183831"
4088,"enh8","ENSG00000173442"
4089,"enh14","ENSG00000148248"
4090,"enh13","ENSG00000101132"
4091,"enh11","ENSG00000136811"
4092,"enh1","ENSG00000174547"
4093,"enh1","ENSG00000102900"
4094,"enh7","ENSG00000165689"
4095,"enh13","ENSG00000070423"
4096,"enh1","ENSG00000196152"
4097,"enh11","ENSG00000186185"
4098,"enh4","ENSG00000125611"
4099,"enh10","ENSG00000105472"
4100,"enh9","ENSG00000105053"
4101,"enh1","ENSG00000090273"
4102,"enh13","ENSG00000108309"
4103,"enh8","ENSG00000178093"
4104,"enh13","ENSG00000160318"
4105,"enh7","ENSG00000136895"
4106,"enh10","ENSG00000174606"
4107,"enh2","ENSG00000161647"
4108,"enh5","ENSG00000148356"
4109,"enh11","ENSG00000115944"
4110,"enh13","ENSG00000119559"
4111,"enh11","ENSG00000122484"
4112,"enh3","ENSG00000070761"
4113,"enh2","ENSG00000160360"
4114,"enh2","ENSG00000135821"
4115,"enh11","ENSG00000104973"
4116,"enh12","ENSG00000160447"
4117,"enh3","ENSG00000168066"
4118,"enh5","ENSG00000104973"
4119,"enh3","ENSG00000241852"
4120,"enh12","ENSG00000180198"
4121,"enh8","ENSG00000066027"
4122,"enh5","ENSG00000196116"
4123,"enh1","ENSG00000107021"
4124,"enh9","ENSG00000103005"
4125,"enh7","ENSG00000175592"
4126,"enh1","ENSG00000196415"
4127,"enh1","ENSG00000133275"
4128,"enh9","ENSG00000122482"
4129,"enh10","ENSG00000127540"
4130,"enh2","ENSG00000171940"
4131,"enh12","ENSG00000175832"
4132,"enh3","ENSG00000156269"
4133,"enh4","ENSG00000136828"
4134,"enh10","ENSG00000144130"
4135,"enh14","ENSG00000070770"
4136,"enh7","ENSG00000141933"
4137,"enh2","ENSG00000125482"
4138,"enh14","ENSG00000181773"
4139,"enh3","ENSG00000158195"
4140,"enh7","ENSG00000082512"
4141,"enh13","ENSG00000104689"
4142,"enh3","ENSG00000158711"
4143,"enh4","ENSG00000162241"
4144,"enh1","ENSG00000125124"
4145,"enh11","ENSG00000160326"
4146,"enh13","ENSG00000136643"
4147,"enh3","ENSG00000165702"
4148,"enh7","ENSG00000125637"
4149,"enh10","ENSG00000115756"
4150,"enh2","ENSG00000135736"
4151,"enh11","ENSG00000115268"
4152,"enh6","ENSG00000161692"
4153,"enh1","ENSG00000136842"
4154,"enh7","ENSG00000004939"
4155,"enh11","ENSG00000168056"
4156,"enh3","ENSG00000125630"
4157,"enh10","ENSG00000095383"
4158,"enh9","ENSG00000115257"
4159,"enh11","ENSG00000198786"
4160,"enh8","ENSG00000119392"
4161,"enh11","ENSG00000166188"
4162,"enh10","ENSG00000057935"
4163,"enh10","ENSG00000161682"
4164,"enh14","ENSG00000115970"
4165,"enh11","ENSG00000188177"
4166,"enh12","ENSG00000213988"
4167,"enh12","ENSG00000129933"
4168,"enh14","ENSG00000142784"
4169,"enh12","ENSG00000125148"
4170,"enh4","ENSG00000161692"
4171,"enh5","ENSG00000169607"
4172,"enh6","ENSG00000165699"
4173,"enh4","ENSG00000117601"
4174,"enh4","ENSG00000122482"
4175,"enh9","ENSG00000070423"
4176,"enh13","ENSG00000148303"
4177,"enh12","ENSG00000122482"
4178,"enh4","ENSG00000104885"
4179,"enh8","ENSG00000108852"
4180,"enh11","ENSG00000159579"
4181,"enh9","ENSG00000011304"
4182,"enh10","ENSG00000131094"
4183,"enh10","ENSG00000131398"
4184,"enh2","ENSG00000213465"
4185,"enh11","ENSG00000172977"
4186,"enh2","ENSG00000162769"
4187,"enh11","ENSG00000102900"
4188,"enh4","ENSG00000172775"
4189,"enh9","ENSG00000136828"
4190,"enh11","ENSG00000160563"
4191,"enh10","ENSG00000152061"
4192,"enh1","ENSG00000175707"
4193,"enh2","ENSG00000143870"
4194,"enh8","ENSG00000149809"
4195,"enh9","ENSG00000175832"
4196,"enh8","ENSG00000144130"
4197,"enh9","ENSG00000115091"
4198,"enh6","ENSG00000064787"
4199,"enh1","ENSG00000068831"
4200,"enh11","ENSG00000167136"
4201,"enh13","ENSG00000160326"
4202,"enh2","ENSG00000160161"
4203,"enh12","ENSG00000069702"
4204,"enh7","ENSG00000108849"
4205,"enh1","ENSG00000125611"
4206,"enh9","ENSG00000100316"
4207,"enh11","ENSG00000105497"
4208,"enh14","ENSG00000204138"
4209,"enh7","ENSG00000131409"
4210,"enh3","ENSG00000175376"
4211,"enh5","ENSG00000105696"
4212,"enh9","ENSG00000167118"
4213,"enh2","ENSG00000147439"
4214,"enh10","ENSG00000204673"
4215,"enh4","ENSG00000213988"
4216,"enh2","ENSG00000142751"
4217,"enh6","ENSG00000253368"
4218,"enh9","ENSG00000172059"
4219,"enh10","ENSG00000115255"
4220,"enh14","ENSG00000213445"
4221,"enh5","ENSG00000198492"
4222,"enh10","ENSG00000105556"
4223,"enh5","ENSG00000172992"
4224,"enh6","ENSG00000117601"
4225,"enh2","ENSG00000165092"
4226,"enh8","ENSG00000186566"
4227,"enh9","ENSG00000172757"
4228,"enh9","ENSG00000125484"
4229,"enh13","ENSG00000167748"
4230,"enh5","ENSG00000120656"
4231,"enh14","ENSG00000187024"
4232,"enh14","ENSG00000198786"
4233,"enh11","ENSG00000120889"
4234,"enh8","ENSG00000069702"
4235,"enh4","ENSG00000186010"
4236,"enh8","ENSG00000241852"
4237,"enh4","ENSG00000174903"
4238,"enh7","ENSG00000167113"
4239,"enh7","ENSG00000167748"
4240,"enh13","ENSG00000136811"
4241,"enh13","ENSG00000168062"
4242,"enh6","ENSG00000115944"
4243,"enh6","ENSG00000167110"
4244,"enh11","ENSG00000104689"
4245,"enh9","ENSG00000162669"
4246,"enh6","ENSG00000099864"
4247,"enh4","ENSG00000169607"
4248,"enh11","ENSG00000068831"
4249,"enh8","ENSG00000172732"
4250,"enh13","ENSG00000009780"
4251,"enh2","ENSG00000172270"
4252,"enh4","ENSG00000175592"
4253,"enh3","ENSG00000095383"
4254,"enh9","ENSG00000108861"
4255,"enh5","ENSG00000140848"
4256,"enh11","ENSG00000106992"
4257,"enh10","ENSG00000136895"
4258,"enh12","ENSG00000160408"
4259,"enh8","ENSG00000147454"
4260,"enh3","ENSG00000148356"
4261,"enh11","ENSG00000131094"
4262,"enh1","ENSG00000136643"
4263,"enh1","ENSG00000198492"
4264,"enh1","ENSG00000102996"
4265,"enh9","ENSG00000030582"
4266,"enh6","ENSG00000174950"
4267,"enh6","ENSG00000149809"
4268,"enh12","ENSG00000228300"
4269,"enh6","ENSG00000149823"
4270,"enh12","ENSG00000095380"
4271,"enh8","ENSG00000099840"
4272,"enh8","ENSG00000197958"
4273,"enh10","ENSG00000151694"
4274,"enh12","ENSG00000013306"
4275,"enh11","ENSG00000136877"
4276,"enh2","ENSG00000162300"
4277,"enh3","ENSG00000160446"
4278,"enh2","ENSG00000174606"
4279,"enh3","ENSG00000162298"
4280,"enh11","ENSG00000162298"
4281,"enh6","ENSG00000241852"
4282,"enh1","ENSG00000130766"
4283,"enh4","ENSG00000116014"
4284,"enh8","ENSG00000006015"
4285,"enh7","ENSG00000105701"
4286,"enh5","ENSG00000118046"
4287,"enh11","ENSG00000156269"
4288,"enh6","ENSG00000188554"
4289,"enh9","ENSG00000186501"
4290,"enh1","ENSG00000158161"
4291,"enh4","ENSG00000181773"
4292,"enh11","ENSG00000223802"
4293,"enh2","ENSG00000136643"
4294,"enh6","ENSG00000066027"
4295,"enh10","ENSG00000175602"
4296,"enh1","ENSG00000174684"
4297,"enh4","ENSG00000064787"
4298,"enh10","ENSG00000141934"
4299,"enh8","ENSG00000131097"
4300,"enh12","ENSG00000108840"
4301,"enh11","ENSG00000136643"
4302,"enh1","ENSG00000108312"
4303,"enh14","ENSG00000174871"
4304,"enh12","ENSG00000213638"
4305,"enh2","ENSG00000082512"
4306,"enh10","ENSG00000181896"
4307,"enh2","ENSG00000136811"
4308,"enh12","ENSG00000167113"
4309,"enh5","ENSG00000136828"
4310,"enh2","ENSG00000106991"
4311,"enh3","ENSG00000148291"
4312,"enh14","ENSG00000104973"
4313,"enh12","ENSG00000175221"
4314,"enh8","ENSG00000122026"
4315,"enh9","ENSG00000115255"
4316,"enh3","ENSG00000223802"
4317,"enh8","ENSG00000174744"
4318,"enh8","ENSG00000057935"
4319,"enh12","ENSG00000130770"
4320,"enh6","ENSG00000115750"
4321,"enh7","ENSG00000130770"
4322,"enh9","ENSG00000165699"
4323,"enh3","ENSG00000160404"
4324,"enh8","ENSG00000105497"
4325,"enh1","ENSG00000175906"
4326,"enh6","ENSG00000143924"
4327,"enh5","ENSG00000102931"
4328,"enh12","ENSG00000180340"
4329,"enh7","ENSG00000135736"
4330,"enh10","ENSG00000064607"
4331,"enh12","ENSG00000165684"
4332,"enh3","ENSG00000136854"
4333,"enh2","ENSG00000196188"
4334,"enh1","ENSG00000106976"
4335,"enh2","ENSG00000005961"
4336,"enh5","ENSG00000141349"
4337,"enh12","ENSG00000136840"
4338,"enh9","ENSG00000175592"
4339,"enh3","ENSG00000090020"
4340,"enh7","ENSG00000142544"
4341,"enh8","ENSG00000221983"
4342,"enh6","ENSG00000120334"
4343,"enh13","ENSG00000165689"
4344,"enh11","ENSG00000175592"
4345,"enh12","ENSG00000162298"
4346,"enh6","ENSG00000130513"
4347,"enh4","ENSG00000174684"
4348,"enh10","ENSG00000079313"
4349,"enh10","ENSG00000180098"
4350,"enh13","ENSG00000102978"
4351,"enh14","ENSG00000115756"
4352,"enh1","ENSG00000130775"
4353,"enh13","ENSG00000105383"
4354,"enh13","ENSG00000125611"
4355,"enh7","ENSG00000115255"
4356,"enh14","ENSG00000168591"
4357,"enh11","ENSG00000134317"
4358,"enh1","ENSG00000136936"
4359,"enh2","ENSG00000051108"
4360,"enh3","ENSG00000104973"
4361,"enh3","ENSG00000006016"
4362,"enh2","ENSG00000160447"
4363,"enh4","ENSG00000068971"
4364,"enh14","ENSG00000155380"
4365,"enh8","ENSG00000136682"
4366,"enh10","ENSG00000116014"
4367,"enh14","ENSG00000133069"
4368,"enh9","ENSG00000175906"
4369,"enh1","ENSG00000087365"
4370,"enh11","ENSG00000158161"
4371,"enh2","ENSG00000176973"
4372,"enh3","ENSG00000099866"
4373,"enh4","ENSG00000087263"
4374,"enh4","ENSG00000130766"
4375,"enh10","ENSG00000167123"
4376,"enh2","ENSG00000120334"
4377,"enh13","ENSG00000087263"
4378,"enh7","ENSG00000167491"
4379,"enh13","ENSG00000105656"
4380,"enh12","ENSG00000136811"
4381,"enh7","ENSG00000166188"
4382,"enh14","ENSG00000174996"
4383,"enh5","ENSG00000099622"
4384,"enh14","ENSG00000068971"
4385,"enh7","ENSG00000160271"
4386,"enh1","ENSG00000185278"
4387,"enh3","ENSG00000147454"
4388,"enh12","ENSG00000115756"
4389,"enh1","ENSG00000136895"
4390,"enh1","ENSG00000135821"
4391,"enh13","ENSG00000136807"
4392,"enh5","ENSG00000140859"
4393,"enh7","ENSG00000141349"
4394,"enh12","ENSG00000162300"
4395,"enh9","ENSG00000153107"
4396,"enh3","ENSG00000198840"
4397,"enh11","ENSG00000175115"
4398,"enh12","ENSG00000010361"
4399,"enh9","ENSG00000117697"
4400,"enh8","ENSG00000120889"
4401,"enh1","ENSG00000181896"
4402,"enh7","ENSG00000090273"
4403,"enh3","ENSG00000108883"
4404,"enh12","ENSG00000174903"
4405,"enh7","ENSG00000099622"
4406,"enh11","ENSG00000167113"
4407,"enh7","ENSG00000105726"
4408,"enh11","ENSG00000159461"
4409,"enh5","ENSG00000168067"
4410,"enh7","ENSG00000117625"
4411,"enh8","ENSG00000102996"
4412,"enh7","ENSG00000161677"
4413,"enh4","ENSG00000180340"
4414,"enh1","ENSG00000125485"
4415,"enh13","ENSG00000196961"
4416,"enh6","ENSG00000130559"
4417,"enh4","ENSG00000117592"
4418,"enh5","ENSG00000091947"
4419,"enh1","ENSG00000177125"
4420,"enh10","ENSG00000162669"
4421,"enh9","ENSG00000196683"
4422,"enh13","ENSG00000130005"
4423,"enh14","ENSG00000115084"
4424,"enh13","ENSG00000099625"
4425,"enh12","ENSG00000130270"
4426,"enh10","ENSG00000117758"
4427,"enh7","ENSG00000153107"
4428,"enh12","ENSG00000141349"
4429,"enh2","ENSG00000099817"
4430,"enh13","ENSG00000172232"
4431,"enh7","ENSG00000144134"
4432,"enh6","ENSG00000108861"
4433,"enh14","ENSG00000117266"
4434,"enh14","ENSG00000142530"
4435,"enh14","ENSG00000174842"
4436,"enh1","ENSG00000136937"
4437,"enh12","ENSG00000131097"
4438,"enh8","ENSG00000125319"
4439,"enh2","ENSG00000129946"
4440,"enh13","ENSG00000068831"
4441,"enh6","ENSG00000182087"
4442,"enh4","ENSG00000065600"
4443,"enh11","ENSG00000160447"
4444,"enh11","ENSG00000175602"
4445,"enh6","ENSG00000069482"
4446,"enh4","ENSG00000136643"
4447,"enh11","ENSG00000196961"
4448,"enh12","ENSG00000147454"
4449,"enh12","ENSG00000070404"
4450,"enh11","ENSG00000167118"
4451,"enh1","ENSG00000151694"
4452,"enh2","ENSG00000182963"
4453,"enh11","ENSG00000134318"
4454,"enh6","ENSG00000122026"
4455,"enh5","ENSG00000148303"
4456,"enh5","ENSG00000070761"
4457,"enh14","ENSG00000119333"
4458,"enh12","ENSG00000134330"
4459,"enh10","ENSG00000167491"
4460,"enh7","ENSG00000136929"
4461,"enh8","ENSG00000136811"
4462,"enh8","ENSG00000162878"
4463,"enh11","ENSG00000186806"
4464,"enh9","ENSG00000174871"
4465,"enh1","ENSG00000171848"
4466,"enh7","ENSG00000175294"
4467,"enh2","ENSG00000184162"
4468,"enh7","ENSG00000136811"
4469,"enh10","ENSG00000148339"
4470,"enh4","ENSG00000167112"
4471,"enh11","ENSG00000174871"
4472,"enh8","ENSG00000134308"
4473,"enh6","ENSG00000160360"
4474,"enh8","ENSG00000174606"
4475,"enh12","ENSG00000105696"
4476,"enh14","ENSG00000071626"
4477,"enh14","ENSG00000153107"
4478,"enh11","ENSG00000161671"
4479,"enh13","ENSG00000118046"
4480,"enh10","ENSG00000136682"
4481,"enh2","ENSG00000120913"
4482,"enh13","ENSG00000117748"
4483,"enh13","ENSG00000180329"
4484,"enh9","ENSG00000114999"
4485,"enh13","ENSG00000115255"
4486,"enh7","ENSG00000160345"
4487,"enh4","ENSG00000141934"
4488,"enh2","ENSG00000105676"
4489,"enh7","ENSG00000125618"
4490,"enh8","ENSG00000105656"
4491,"enh14","ENSG00000238227"
4492,"enh2","ENSG00000176890"
4493,"enh8","ENSG00000089639"
4494,"enh1","ENSG00000136877"
4495,"enh14","ENSG00000013306"
4496,"enh10","ENSG00000149823"
4497,"enh12","ENSG00000167470"
4498,"enh13","ENSG00000140859"
4499,"enh6","ENSG00000129911"
4500,"enh4","ENSG00000143924"
4501,"enh7","ENSG00000142784"
4502,"enh3","ENSG00000158715"
4503,"enh9","ENSG00000118046"
4504,"enh5","ENSG00000187024"
4505,"enh1","ENSG00000143493"
4506,"enh1","ENSG00000102978"
4507,"enh9","ENSG00000158711"
4508,"enh6","ENSG00000165684"
4509,"enh8","ENSG00000162772"
4510,"enh7","ENSG00000123684"
4511,"enh1","ENSG00000168061"
4512,"enh9","ENSG00000136874"
4513,"enh6","ENSG00000141933"
4514,"enh8","ENSG00000167470"
4515,"enh1","ENSG00000136925"
4516,"enh14","ENSG00000167468"
4517,"enh14","ENSG00000177125"
4518,"enh7","ENSG00000136682"
4519,"enh9","ENSG00000172922"
4520,"enh5","ENSG00000064490"
4521,"enh3","ENSG00000119125"
4522,"enh11","ENSG00000130560"
4523,"enh12","ENSG00000160326"
4524,"enh5","ENSG00000071626"
4525,"enh1","ENSG00000174950"
4526,"enh11","ENSG00000159648"
4527,"enh5","ENSG00000135821"
4528,"enh5","ENSG00000180340"
4529,"enh5","ENSG00000130560"
4530,"enh6","ENSG00000186806"
4531,"enh14","ENSG00000168062"
4532,"enh11","ENSG00000136908"
4533,"enh1","ENSG00000133884"
4534,"enh11","ENSG00000196312"
4535,"enh10","ENSG00000147457"
4536,"enh8","ENSG00000181035"
4537,"enh5","ENSG00000167759"
4538,"enh13","ENSG00000102996"
4539,"enh13","ENSG00000262874"
4540,"enh14","ENSG00000126705"
4541,"enh13","ENSG00000149823"
4542,"enh2","ENSG00000125484"
4543,"enh13","ENSG00000144136"
4544,"enh8","ENSG00000133243"
4545,"enh3","ENSG00000143870"
4546,"enh13","ENSG00000160445"
4547,"enh6","ENSG00000172977"
4548,"enh8","ENSG00000198870"
4549,"enh13","ENSG00000146670"
4550,"enh12","ENSG00000099840"
4551,"enh4","ENSG00000106991"
4552,"enh12","ENSG00000253368"
4553,"enh4","ENSG00000105705"
4554,"enh3","ENSG00000102934"
4555,"enh2","ENSG00000149798"
4556,"enh2","ENSG00000185278"
4557,"enh6","ENSG00000136682"
4558,"enh11","ENSG00000064666"
4559,"enh5","ENSG00000228300"
4560,"enh5","ENSG00000171159"
4561,"enh12","ENSG00000106992"
4562,"enh8","ENSG00000103005"
4563,"enh3","ENSG00000213024"
4564,"enh9","ENSG00000162772"
4565,"enh13","ENSG00000160360"
4566,"enh6","ENSG00000148308"
4567,"enh2","ENSG00000104960"
4568,"enh2","ENSG00000117592"
4569,"enh5","ENSG00000133065"
4570,"enh3","ENSG00000147439"
4571,"enh13","ENSG00000067596"
4572,"enh6","ENSG00000167106"
4573,"enh14","ENSG00000125637"
4574,"enh12","ENSG00000064787"
4575,"enh12","ENSG00000135870"
4576,"enh1","ENSG00000115944"
4577,"enh5","ENSG00000089639"
4578,"enh5","ENSG00000175550"
4579,"enh13","ENSG00000152518"
4580,"enh4","ENSG00000068976"
4581,"enh11","ENSG00000095380"
4582,"enh11","ENSG00000115255"
4583,"enh9","ENSG00000117758"
4584,"enh7","ENSG00000087263"
4585,"enh4","ENSG00000162669"
4586,"enh11","ENSG00000068976"
4587,"enh13","ENSG00000106803"
4588,"enh4","ENSG00000105655"
4589,"enh4","ENSG00000254986"
4590,"enh3","ENSG00000161714"
4591,"enh3","ENSG00000099624"
4592,"enh1","ENSG00000136811"
4593,"enh14","ENSG00000182963"
4594,"enh9","ENSG00000117650"
4595,"enh7","ENSG00000013306"
4596,"enh7","ENSG00000173039"
4597,"enh5","ENSG00000126705"
4598,"enh14","ENSG00000117691"
4599,"enh7","ENSG00000160325"
4600,"enh1","ENSG00000197766"
4601,"enh12","ENSG00000005007"
4602,"enh5","ENSG00000144136"
4603,"enh13","ENSG00000167487"
4604,"enh8","ENSG00000115970"
4605,"enh4","ENSG00000123684"
4606,"enh14","ENSG00000162669"
4607,"enh7","ENSG00000198746"
4608,"enh10","ENSG00000158195"
4609,"enh8","ENSG00000165688"
4610,"enh2","ENSG00000115750"
4611,"enh14","ENSG00000204673"
4612,"enh11","ENSG00000125148"
4613,"enh2","ENSG00000196961"
4614,"enh8","ENSG00000102900"
4615,"enh14","ENSG00000140848"
4616,"enh8","ENSG00000115944"
4617,"enh2","ENSG00000162241"
4618,"enh5","ENSG00000115756"
4619,"enh1","ENSG00000119203"
4620,"enh3","ENSG00000133059"
4621,"enh12","ENSG00000149806"
4622,"enh8","ENSG00000143493"
4623,"enh4","ENSG00000102934"
4624,"enh4","ENSG00000136807"
4625,"enh10","ENSG00000117592"
4626,"enh5","ENSG00000123685"
4627,"enh7","ENSG00000148308"
4628,"enh3","ENSG00000005194"
4629,"enh5","ENSG00000187193"
4630,"enh4","ENSG00000165689"
4631,"enh7","ENSG00000120656"
4632,"enh5","ENSG00000163291"
4633,"enh9","ENSG00000181896"
4634,"enh14","ENSG00000065268"
4635,"enh10","ENSG00000130772"
4636,"enh8","ENSG00000140859"
4637,"enh3","ENSG00000174606"
4638,"enh9","ENSG00000165661"
4639,"enh9","ENSG00000108852"
4640,"enh13","ENSG00000177125"
4641,"enh14","ENSG00000105676"
4642,"enh11","ENSG00000160953"
4643,"enh12","ENSG00000117650"
4644,"enh1","ENSG00000070423"
4645,"enh2","ENSG00000142528"
4646,"enh5","ENSG00000174529"
4647,"enh3","ENSG00000136936"
4648,"enh12","ENSG00000130511"
4649,"enh3","ENSG00000135821"
4650,"enh7","ENSG00000172775"
4651,"enh7","ENSG00000196312"
4652,"enh2","ENSG00000160271"
4653,"enh13","ENSG00000149792"
4654,"enh6","ENSG00000064545"
4655,"enh2","ENSG00000125124"
4656,"enh11","ENSG00000198858"
4657,"enh1","ENSG00000070388"
4658,"enh5","ENSG00000136854"
4659,"enh2","ENSG00000180448"
4660,"enh8","ENSG00000198492"
4661,"enh2","ENSG00000105705"
4662,"enh12","ENSG00000108849"
4663,"enh9","ENSG00000198746"
4664,"enh2","ENSG00000152061"
4665,"enh12","ENSG00000114999"
4666,"enh10","ENSG00000005961"
4667,"enh11","ENSG00000130766"
4668,"enh3","ENSG00000119185"
4669,"enh11","ENSG00000136938"
4670,"enh6","ENSG00000108309"
4671,"enh4","ENSG00000064666"
4672,"enh11","ENSG00000213465"
4673,"enh2","ENSG00000115286"
4674,"enh9","ENSG00000197958"
4675,"enh1","ENSG00000133069"
4676,"enh1","ENSG00000105374"
4677,"enh10","ENSG00000105655"
4678,"enh5","ENSG00000123684"
4679,"enh6","ENSG00000161714"
4680,"enh2","ENSG00000158941"
4681,"enh2","ENSG00000181781"
4682,"enh5","ENSG00000064687"
4683,"enh8","ENSG00000136938"
4684,"enh3","ENSG00000115758"
4685,"enh3","ENSG00000131094"
4686,"enh9","ENSG00000105383"
4687,"enh3","ENSG00000146670"
4688,"enh8","ENSG00000136448"
4689,"enh9","ENSG00000115750"
4690,"enh3","ENSG00000253368"
4691,"enh11","ENSG00000174606"
4692,"enh11","ENSG00000070423"
4693,"enh1","ENSG00000136840"
4694,"enh2","ENSG00000115255"
4695,"enh7","ENSG00000134317"
4696,"enh5","ENSG00000064545"
4697,"enh2","ENSG00000197766"
4698,"enh12","ENSG00000131409"
4699,"enh9","ENSG00000197766"
4700,"enh2","ENSG00000174950"
4701,"enh4","ENSG00000125482"
4702,"enh4","ENSG00000169403"
4703,"enh6","ENSG00000148300"
4704,"enh10","ENSG00000160404"
4705,"enh8","ENSG00000213988"
4706,"enh1","ENSG00000160325"
4707,"enh12","ENSG00000148300"
4708,"enh10","ENSG00000165688"
4709,"enh7","ENSG00000174950"
4710,"enh8","ENSG00000064547"
4711,"enh2","ENSG00000158715"
4712,"enh10","ENSG00000223802"
4713,"enh9","ENSG00000064787"
4714,"enh14","ENSG00000091947"
4715,"enh10","ENSG00000014138"
4716,"enh4","ENSG00000101132"
4717,"enh13","ENSG00000175334"
4718,"enh13","ENSG00000143476"
4719,"enh6","ENSG00000197694"
4720,"enh8","ENSG00000130270"
4721,"enh2","ENSG00000148297"
4722,"enh1","ENSG00000250067"
4723,"enh9","ENSG00000051128"
4724,"enh14","ENSG00000185761"
4725,"enh3","ENSG00000173442"
4726,"enh3","ENSG00000163291"
4727,"enh11","ENSG00000148290"
4728,"enh8","ENSG00000180198"
4729,"enh14","ENSG00000106789"
4730,"enh6","ENSG00000131097"
4731,"enh11","ENSG00000148411"
4732,"enh14","ENSG00000180340"
4733,"enh7","ENSG00000172500"
4734,"enh6","ENSG00000180098"
4735,"enh6","ENSG00000133243"
4736,"enh7","ENSG00000173442"
4737,"enh9","ENSG00000204673"
4738,"enh2","ENSG00000172757"
4739,"enh4","ENSG00000099622"
4740,"enh6","ENSG00000227500"
4741,"enh3","ENSG00000130511"
4742,"enh14","ENSG00000104131"
4743,"enh1","ENSG00000143476"
4744,"enh9","ENSG00000160293"
4745,"enh7","ENSG00000241852"
4746,"enh11","ENSG00000142528"
4747,"enh1","ENSG00000163297"
4748,"enh7","ENSG00000174606"
4749,"enh10","ENSG00000039650"
4750,"enh3","ENSG00000136908"
4751,"enh4","ENSG00000120334"
4752,"enh5","ENSG00000106799"
4753,"enh2","ENSG00000161654"
4754,"enh12","ENSG00000167748"
4755,"enh14","ENSG00000136874"
4756,"enh5","ENSG00000067596"
4757,"enh7","ENSG00000136807"
4758,"enh7","ENSG00000104679"
4759,"enh3","ENSG00000196422"
4760,"enh11","ENSG00000082512"
4761,"enh8","ENSG00000184162"
4762,"enh13","ENSG00000167747"
4763,"enh6","ENSG00000167123"
4764,"enh11","ENSG00000175906"
4765,"enh8","ENSG00000185761"
4766,"enh10","ENSG00000125148"
4767,"enh5","ENSG00000051108"
4768,"enh6","ENSG00000198917"
4769,"enh6","ENSG00000187024"
4770,"enh12","ENSG00000172775"
4771,"enh5","ENSG00000168066"
4772,"enh12","ENSG00000064545"
4773,"enh14","ENSG00000213221"
4774,"enh10","ENSG00000005007"
4775,"enh8","ENSG00000122484"
4776,"enh8","ENSG00000105676"
4777,"enh7","ENSG00000162669"
4778,"enh3","ENSG00000175832"
4779,"enh11","ENSG00000119559"
4780,"enh14","ENSG00000105696"
4781,"enh6","ENSG00000136811"
4782,"enh2","ENSG00000126709"
4783,"enh14","ENSG00000241852"
4784,"enh3","ENSG00000013306"
4785,"enh6","ENSG00000175906"
4786,"enh2","ENSG00000171159"
4787,"enh1","ENSG00000101132"
4788,"enh8","ENSG00000197136"
4789,"enh8","ENSG00000065000"
4790,"enh2","ENSG00000148291"
4791,"enh4","ENSG00000136925"
4792,"enh4","ENSG00000204291"
4793,"enh8","ENSG00000010361"
4794,"enh1","ENSG00000130559"
4795,"enh1","ENSG00000172270"
4796,"enh6","ENSG00000213221"
4797,"enh11","ENSG00000162878"
4798,"enh3","ENSG00000167112"
4799,"enh12","ENSG00000172732"
4800,"enh10","ENSG00000119392"
4801,"enh7","ENSG00000126698"
4802,"enh6","ENSG00000136840"
4803,"enh4","ENSG00000130005"
4804,"enh6","ENSG00000172270"
4805,"enh9","ENSG00000148297"
4806,"enh7","ENSG00000030582"
4807,"enh13","ENSG00000175221"
4808,"enh4","ENSG00000142733"
4809,"enh11","ENSG00000117697"
4810,"enh2","ENSG00000131097"
4811,"enh8","ENSG00000172757"
4812,"enh2","ENSG00000122482"
4813,"enh4","ENSG00000172977"
4814,"enh5","ENSG00000167491"
4815,"enh4","ENSG00000149792"
4816,"enh9","ENSG00000167114"
4817,"enh5","ENSG00000175221"
4818,"enh2","ENSG00000119203"
4819,"enh1","ENSG00000187840"
4820,"enh3","ENSG00000186566"
4821,"enh12","ENSG00000115268"
4822,"enh11","ENSG00000144136"
4823,"enh2","ENSG00000104131"
4824,"enh4","ENSG00000105671"
4825,"enh8","ENSG00000087152"
4826,"enh8","ENSG00000115758"
4827,"enh11","ENSG00000117751"
4828,"enh1","ENSG00000186566"
4829,"enh7","ENSG00000136448"
4830,"enh4","ENSG00000181896"
4831,"enh12","ENSG00000165661"
4832,"enh5","ENSG00000105676"
4833,"enh12","ENSG00000116017"
4834,"enh1","ENSG00000117593"
4835,"enh5","ENSG00000182963"
4836,"enh1","ENSG00000135870"
4837,"enh14","ENSG00000173825"
4838,"enh2","ENSG00000144130"
4839,"enh13","ENSG00000161647"
4840,"enh8","ENSG00000106789"
4841,"enh3","ENSG00000142186"
4842,"enh2","ENSG00000174842"
4843,"enh7","ENSG00000196550"
4844,"enh7","ENSG00000136908"
4845,"enh14","ENSG00000147454"
4846,"enh9","ENSG00000167112"
4847,"enh4","ENSG00000105708"
4848,"enh8","ENSG00000172500"
4849,"enh9","ENSG00000095380"
4850,"enh2","ENSG00000129933"
4851,"enh4","ENSG00000147457"
4852,"enh2","ENSG00000142186"
4853,"enh11","ENSG00000147669"
4854,"enh10","ENSG00000108849"
4855,"enh4","ENSG00000203705"
4856,"enh3","ENSG00000143924"
4857,"enh2","ENSG00000131398"
4858,"enh10","ENSG00000170385"
4859,"enh8","ENSG00000144161"
4860,"enh1","ENSG00000213638"
4861,"enh11","ENSG00000119125"
4862,"enh7","ENSG00000133059"
4863,"enh1","ENSG00000175294"
4864,"enh3","ENSG00000130766"
4865,"enh1","ENSG00000115756"
4866,"enh1","ENSG00000071655"
4867,"enh5","ENSG00000156269"
4868,"enh4","ENSG00000129951"
4869,"enh4","ENSG00000143476"
4870,"enh14","ENSG00000136840"
4871,"enh14","ENSG00000130560"
4872,"enh4","ENSG00000185761"
4873,"enh1","ENSG00000203705"
4874,"enh5","ENSG00000175602"
4875,"enh8","ENSG00000135870"
4876,"enh13","ENSG00000138767"
4877,"enh6","ENSG00000160445"
4878,"enh10","ENSG00000105726"
4879,"enh13","ENSG00000198858"
4880,"enh6","ENSG00000256771"
4881,"enh8","ENSG00000167113"
4882,"enh4","ENSG00000125484"
4883,"enh2","ENSG00000186566"
4884,"enh5","ENSG00000004939"
4885,"enh4","ENSG00000051108"
4886,"enh3","ENSG00000117625"
4887,"enh5","ENSG00000131398"
4888,"enh6","ENSG00000070388"
4889,"enh3","ENSG00000159461"
4890,"enh13","ENSG00000125148"
4891,"enh13","ENSG00000104960"
4892,"enh4","ENSG00000117222"
4893,"enh1","ENSG00000105717"
4894,"enh11","ENSG00000167005"
4895,"enh12","ENSG00000148291"
4896,"enh14","ENSG00000152061"
4897,"enh5","ENSG00000142530"
4898,"enh13","ENSG00000117625"
4899,"enh1","ENSG00000167110"
4900,"enh5","ENSG00000133884"
4901,"enh4","ENSG00000108309"
4902,"enh7","ENSG00000005194"
4903,"enh13","ENSG00000136908"
4904,"enh14","ENSG00000189195"
4905,"enh5","ENSG00000148291"
4906,"enh9","ENSG00000147454"
4907,"enh13","ENSG00000131409"
4908,"enh3","ENSG00000172059"
4909,"enh6","ENSG00000130768"
4910,"enh12","ENSG00000130772"
4911,"enh4","ENSG00000181781"
4912,"enh3","ENSG00000119203"
4913,"enh4","ENSG00000071564"
4914,"enh9","ENSG00000115944"
4915,"enh14","ENSG00000119392"
4916,"enh2","ENSG00000169607"
4917,"enh10","ENSG00000153107"
4918,"enh7","ENSG00000010361"
4919,"enh12","ENSG00000136643"
4920,"enh3","ENSG00000169288"
4921,"enh1","ENSG00000125637"
4922,"enh11","ENSG00000148248"
4923,"enh13","ENSG00000167114"
4924,"enh8","ENSG00000162300"
4925,"enh10","ENSG00000197217"
4926,"enh11","ENSG00000235034"
4927,"enh2","ENSG00000014138"
4928,"enh5","ENSG00000130772"
4929,"enh8","ENSG00000160161"
4930,"enh8","ENSG00000171219"
4931,"enh10","ENSG00000068831"
4932,"enh9","ENSG00000140848"
4933,"enh14","ENSG00000171159"
4934,"enh9","ENSG00000148411"
4935,"enh9","ENSG00000120896"
4936,"enh14","ENSG00000099817"
4937,"enh13","ENSG00000178093"
4938,"enh12","ENSG00000198786"
4939,"enh5","ENSG00000117601"
4940,"enh3","ENSG00000198870"
4941,"enh8","ENSG00000125482"
4942,"enh11","ENSG00000204291"
4943,"enh13","ENSG00000125124"
4944,"enh3","ENSG00000069702"
4945,"enh12","ENSG00000099625"
4946,"enh8","ENSG00000030582"
4947,"enh9","ENSG00000102900"
4948,"enh10","ENSG00000114999"
4949,"enh10","ENSG00000167118"
4950,"enh2","ENSG00000167136"
4951,"enh7","ENSG00000175602"
4952,"enh8","ENSG00000167005"
4953,"enh9","ENSG00000115286"
4954,"enh12","ENSG00000213023"
4955,"enh9","ENSG00000213023"
4956,"enh2","ENSG00000105701"
4957,"enh3","ENSG00000174903"
4958,"enh1","ENSG00000105726"
4959,"enh8","ENSG00000134317"
4960,"enh2","ENSG00000104679"
4961,"enh10","ENSG00000106991"
4962,"enh8","ENSG00000196415"
4963,"enh9","ENSG00000169403"
4964,"enh1","ENSG00000186806"
4965,"enh12","ENSG00000203705"
4966,"enh3","ENSG00000099875"
4967,"enh12","ENSG00000148248"
4968,"enh12","ENSG00000127540"
4969,"enh9","ENSG00000106785"
4970,"enh5","ENSG00000174669"
4971,"enh7","ENSG00000135821"
4972,"enh2","ENSG00000256771"
4973,"enh13","ENSG00000136895"
4974,"enh4","ENSG00000160318"
4975,"enh2","ENSG00000198492"
4976,"enh5","ENSG00000198417"
4977,"enh5","ENSG00000160446"
4978,"enh3","ENSG00000115944"
4979,"enh4","ENSG00000158161"
4980,"enh9","ENSG00000160325"
4981,"enh13","ENSG00000099624"
4982,"enh14","ENSG00000188177"
4983,"enh13","ENSG00000071655"
4984,"enh5","ENSG00000064787"
4985,"enh3","ENSG00000119514"
4986,"enh2","ENSG00000057935"
4987,"enh1","ENSG00000165684"
4988,"enh12","ENSG00000051128"
4989,"enh1","ENSG00000197217"
4990,"enh7","ENSG00000198917"
4991,"enh11","ENSG00000115091"
4992,"enh14","ENSG00000174547"
4993,"enh7","ENSG00000125630"
4994,"enh8","ENSG00000108883"
4995,"enh14","ENSG00000148334"
4996,"enh2","ENSG00000168062"
4997,"enh13","ENSG00000068971"
4998,"enh14","ENSG00000162300"
4999,"enh11","ENSG00000169288"
5000,"enh9","ENSG00000204710"
5001,"enh10","ENSG00000153208"
5002,"enh6","ENSG00000196152"
5003,"enh7","ENSG00000039650"
5004,"enh4","ENSG00000186185"
5005,"enh13","ENSG00000162419"
5006,"enh8","ENSG00000181588"
5007,"enh14","ENSG00000136925"
5008,"enh12","ENSG00000135821"
5009,"enh9","ENSG00000068831"
5010,"enh14","ENSG00000160445"
5011,"enh14","ENSG00000102934"
5012,"enh5","ENSG00000153107"
5013,"enh14","ENSG00000102900"
5014,"enh14","ENSG00000104885"
5015,"enh7","ENSG00000161647"
5016,"enh6","ENSG00000160161"
5017,"enh7","ENSG00000116017"
5018,"enh1","ENSG00000196188"
5019,"enh2","ENSG00000119559"
5020,"enh2","ENSG00000070761"
5021,"enh14","ENSG00000173039"
5022,"enh2","ENSG00000126705"
5023,"enh9","ENSG00000142544"
5024,"enh12","ENSG00000167491"
5025,"enh3","ENSG00000104897"
5026,"enh1","ENSG00000174871"
5027,"enh4","ENSG00000174547"
5028,"enh7","ENSG00000105379"
5029,"enh6","ENSG00000051128"
5030,"enh11","ENSG00000196415"
5031,"enh6","ENSG00000185198"
5032,"enh6","ENSG00000159648"
5033,"enh12","ENSG00000227500"
5034,"enh13","ENSG00000133895"
5035,"enh3","ENSG00000173327"
5036,"enh7","ENSG00000115761"
5037,"enh13","ENSG00000196550"
5038,"enh12","ENSG00000196961"
5039,"enh13","ENSG00000174529"
5040,"enh13","ENSG00000171940"
5041,"enh12","ENSG00000165092"
5042,"enh4","ENSG00000184988"
5043,"enh8","ENSG00000253368"
5044,"enh3","ENSG00000129933"
5045,"enh14","ENSG00000005007"
5046,"enh9","ENSG00000180329"
5047,"enh3","ENSG00000129968"
5048,"enh13","ENSG00000117758"
5049,"enh13","ENSG00000122140"
5050,"enh4","ENSG00000186806"
5051,"enh13","ENSG00000064666"
5052,"enh12","ENSG00000169607"
5053,"enh5","ENSG00000238227"
5054,"enh12","ENSG00000141934"
5055,"enh8","ENSG00000131409"
5056,"enh2","ENSG00000105556"
5057,"enh12","ENSG00000133275"
5058,"enh4","ENSG00000064607"
5059,"enh2","ENSG00000117758"
5060,"enh4","ENSG00000116017"
5061,"enh1","ENSG00000011304"
5062,"enh3","ENSG00000177125"
5063,"enh6","ENSG00000104131"
5064,"enh13","ENSG00000167123"
5065,"enh10","ENSG00000174744"
5066,"enh8","ENSG00000012048"
5067,"enh4","ENSG00000238227"
5068,"enh3","ENSG00000165688"
5069,"enh12","ENSG00000115970"
5070,"enh11","ENSG00000136895"
5071,"enh8","ENSG00000095380"
5072,"enh6","ENSG00000129951"
5073,"enh8","ENSG00000254986"
5074,"enh13","ENSG00000197766"
5075,"enh9","ENSG00000198858"
5076,"enh8","ENSG00000008853"
5077,"enh14","ENSG00000174606"
5078,"enh7","ENSG00000115750"
5079,"enh4","ENSG00000135821"
5080,"enh8","ENSG00000148308"
5081,"enh8","ENSG00000188177"
5082,"enh13","ENSG00000014216"
5083,"enh9","ENSG00000108840"
5084,"enh6","ENSG00000169607"
5085,"enh5","ENSG00000009780"
5086,"enh3","ENSG00000250067"
5087,"enh1","ENSG00000173327"
5088,"enh7","ENSG00000142528"
5089,"enh10","ENSG00000125611"
5090,"enh7","ENSG00000105700"
5091,"enh1","ENSG00000133895"
5092,"enh6","ENSG00000125630"
5093,"enh5","ENSG00000125630"
5094,"enh8","ENSG00000105379"
5095,"enh5","ENSG00000097046"
5096,"enh1","ENSG00000181773"
5097,"enh10","ENSG00000125637"
5098,"enh4","ENSG00000136854"
5099,"enh7","ENSG00000172977"
5100,"enh7","ENSG00000162976"
5101,"enh8","ENSG00000161692"
5102,"enh14","ENSG00000162878"
5103,"enh3","ENSG00000088682"
5104,"enh5","ENSG00000167103"
5105,"enh4","ENSG00000082512"
5106,"enh5","ENSG00000095380"
5107,"enh7","ENSG00000238227"
5108,"enh1","ENSG00000115761"
5109,"enh6","ENSG00000136643"
5110,"enh5","ENSG00000103021"
5111,"enh2","ENSG00000198870"
5112,"enh10","ENSG00000105717"
5113,"enh11","ENSG00000134308"
5114,"enh14","ENSG00000142765"
5115,"enh4","ENSG00000149806"
5116,"enh14","ENSG00000167106"
5117,"enh11","ENSG00000107372"
5118,"enh7","ENSG00000095380"
5119,"enh10","ENSG00000135870"
5120,"enh8","ENSG00000104886"
5121,"enh12","ENSG00000125144"
5122,"enh7","ENSG00000134330"
5123,"enh1","ENSG00000107290"
5124,"enh7","ENSG00000152527"
5125,"enh3","ENSG00000122484"
5126,"enh8","ENSG00000100316"
5127,"enh4","ENSG00000130560"
5128,"enh8","ENSG00000163291"
5129,"enh3","ENSG00000159648"
5130,"enh4","ENSG00000165699"
5131,"enh7","ENSG00000152061"
5132,"enh13","ENSG00000227500"
5133,"enh9","ENSG00000161677"
5134,"enh2","ENSG00000110047"
5135,"enh14","ENSG00000125170"
5136,"enh3","ENSG00000120913"
5137,"enh3","ENSG00000185278"
5138,"enh12","ENSG00000160446"
5139,"enh7","ENSG00000160360"
5140,"enh11","ENSG00000196116"
5141,"enh3","ENSG00000099817"
5142,"enh10","ENSG00000162772"
5143,"enh8","ENSG00000196683"
5144,"enh14","ENSG00000120889"
5145,"enh13","ENSG00000158715"
5146,"enh9","ENSG00000198840"
5147,"enh2","ENSG00000175376"
5148,"enh11","ENSG00000160446"
5149,"enh4","ENSG00000115286"
5150,"enh4","ENSG00000135870"
5151,"enh7","ENSG00000120889"
5152,"enh2","ENSG00000254470"
5153,"enh9","ENSG00000103021"
5154,"enh5","ENSG00000136938"
5155,"enh5","ENSG00000180198"
5156,"enh3","ENSG00000004939"
5157,"enh11","ENSG00000167114"
5158,"enh12","ENSG00000115761"
5159,"enh12","ENSG00000161714"
5160,"enh1","ENSG00000134318"
5161,"enh12","ENSG00000106789"
5162,"enh10","ENSG00000167005"
5163,"enh11","ENSG00000241852"
5164,"enh14","ENSG00000126698"
5165,"enh3","ENSG00000184988"
5166,"enh12","ENSG00000125482"
5167,"enh11","ENSG00000185761"
5168,"enh11","ENSG00000147457"
5169,"enh10","ENSG00000197958"
5170,"enh10","ENSG00000143870"
5171,"enh12","ENSG00000030582"
5172,"enh12","ENSG00000196152"
5173,"enh1","ENSG00000175602"
5174,"enh7","ENSG00000057935"
5175,"enh7","ENSG00000221983"
5176,"enh12","ENSG00000173825"
5177,"enh10","ENSG00000131408"
5178,"enh4","ENSG00000126698"
5179,"enh5","ENSG00000108840"
5180,"enh8","ENSG00000196152"
5181,"enh12","ENSG00000158941"
5182,"enh9","ENSG00000148308"
5183,"enh5","ENSG00000068971"
5184,"enh7","ENSG00000130775"
5185,"enh9","ENSG00000119523"
5186,"enh3","ENSG00000064787"
5187,"enh5","ENSG00000177125"
5188,"enh4","ENSG00000142784"
5189,"enh6","ENSG00000009780"
5190,"enh14","ENSG00000172732"
5191,"enh3","ENSG00000227500"
5192,"enh3","ENSG00000187840"
5193,"enh13","ENSG00000136854"
5194,"enh9","ENSG00000106799"
5195,"enh7","ENSG00000160318"
5196,"enh8","ENSG00000147669"
5197,"enh1","ENSG00000168067"
5198,"enh10","ENSG00000120896"
5199,"enh2","ENSG00000105717"
5200,"enh7","ENSG00000163297"
5201,"enh13","ENSG00000153208"
5202,"enh1","ENSG00000172992"
5203,"enh6","ENSG00000005007"
5204,"enh2","ENSG00000197694"
5205,"enh13","ENSG00000181035"
5206,"enh8","ENSG00000106991"
5207,"enh2","ENSG00000180098"
5208,"enh13","ENSG00000136936"
5209,"enh4","ENSG00000213445"
5210,"enh9","ENSG00000064607"
5211,"enh7","ENSG00000068831"
5212,"enh3","ENSG00000064666"
5213,"enh3","ENSG00000171940"
5214,"enh5","ENSG00000057935"
5215,"enh5","ENSG00000175467"
5216,"enh1","ENSG00000172757"
5217,"enh9","ENSG00000169607"
5218,"enh11","ENSG00000125618"
5219,"enh13","ENSG00000169607"
5220,"enh5","ENSG00000173039"
5221,"enh13","ENSG00000182087"
5222,"enh6","ENSG00000198870"
5223,"enh1","ENSG00000160563"
5224,"enh6","ENSG00000130511"
5225,"enh7","ENSG00000188177"
5226,"enh1","ENSG00000131409"
5227,"enh7","ENSG00000105374"
5228,"enh4","ENSG00000213023"
5229,"enh8","ENSG00000117593"
5230,"enh2","ENSG00000213023"
5231,"enh6","ENSG00000082512"
5232,"enh6","ENSG00000125170"
5233,"enh13","ENSG00000108840"
5234,"enh8","ENSG00000108861"
5235,"enh13","ENSG00000167110"
5236,"enh9","ENSG00000136895"
5237,"enh5","ENSG00000133275"
5238,"enh2","ENSG00000099625"
5239,"enh6","ENSG00000123684"
5240,"enh6","ENSG00000104897"
5241,"enh8","ENSG00000228300"
5242,"enh7","ENSG00000181896"
5243,"enh11","ENSG00000013306"
5244,"enh3","ENSG00000068971"
5245,"enh4","ENSG00000185278"
5246,"enh8","ENSG00000087263"
5247,"enh2","ENSG00000136932"
5248,"enh2","ENSG00000163291"
5249,"enh11","ENSG00000167123"
5250,"enh6","ENSG00000180198"
5251,"enh13","ENSG00000143924"
5252,"enh10","ENSG00000120889"
5253,"enh8","ENSG00000051128"
5254,"enh1","ENSG00000136807"
5255,"enh8","ENSG00000168062"
5256,"enh9","ENSG00000108309"
5257,"enh11","ENSG00000116014"
5258,"enh10","ENSG00000129951"
5259,"enh4","ENSG00000104886"
5260,"enh13","ENSG00000110047"
5261,"enh10","ENSG00000115970"
5262,"enh4","ENSG00000105717"
5263,"enh13","ENSG00000142530"
5264,"enh12","ENSG00000174744"
5265,"enh10","ENSG00000066027"
5266,"enh6","ENSG00000159461"
5267,"enh12","ENSG00000079313"
5268,"enh12","ENSG00000238227"
5269,"enh11","ENSG00000117593"
5270,"enh4","ENSG00000140859"
5271,"enh13","ENSG00000099821"
5272,"enh3","ENSG00000162976"
5273,"enh7","ENSG00000180448"
5274,"enh5","ENSG00000117697"
5275,"enh2","ENSG00000161692"
5276,"enh10","ENSG00000117751"
5277,"enh13","ENSG00000144134"
5278,"enh5","ENSG00000120913"
5279,"enh14","ENSG00000117697"
5280,"enh6","ENSG00000163297"
5281,"enh11","ENSG00000177125"
5282,"enh11","ENSG00000144130"
5283,"enh10","ENSG00000133065"
5284,"enh8","ENSG00000238227"
5285,"enh13","ENSG00000174516"
5286,"enh11","ENSG00000130768"
5287,"enh7","ENSG00000159579"
5288,"enh6","ENSG00000196550"
5289,"enh13","ENSG00000102900"
5290,"enh4","ENSG00000183831"
5291,"enh2","ENSG00000148356"
5292,"enh13","ENSG00000196152"
5293,"enh10","ENSG00000173039"
5294,"enh1","ENSG00000064490"
5295,"enh9","ENSG00000110047"
5296,"enh7","ENSG00000062822"
5297,"enh3","ENSG00000160318"
5298,"enh7","ENSG00000158711"
5299,"enh3","ENSG00000117751"
5300,"enh1","ENSG00000005961"
5301,"enh8","ENSG00000070761"
5302,"enh5","ENSG00000107021"
5303,"enh13","ENSG00000184162"
5304,"enh3","ENSG00000153208"
5305,"enh13","ENSG00000162241"
5306,"enh1","ENSG00000131400"
5307,"enh11","ENSG00000118046"
5308,"enh5","ENSG00000117625"
5309,"enh1","ENSG00000148296"
5310,"enh11","ENSG00000105662"
5311,"enh14","ENSG00000102931"
5312,"enh4","ENSG00000115761"
5313,"enh11","ENSG00000105656"
5314,"enh4","ENSG00000174529"
5315,"enh3","ENSG00000167748"
5316,"enh9","ENSG00000148337"
5317,"enh2","ENSG00000174871"
5318,"enh9","ENSG00000170385"
5319,"enh14","ENSG00000161647"
5320,"enh10","ENSG00000186501"
5321,"enh2","ENSG00000141934"
5322,"enh5","ENSG00000010361"
5323,"enh2","ENSG00000147457"
5324,"enh13","ENSG00000076321"
5325,"enh7","ENSG00000171169"
5326,"enh6","ENSG00000162772"
5327,"enh2","ENSG00000152518"
5328,"enh8","ENSG00000183831"
5329,"enh12","ENSG00000176890"
5330,"enh6","ENSG00000172059"
5331,"enh2","ENSG00000133884"
5332,"enh5","ENSG00000197136"
5333,"enh4","ENSG00000204138"
5334,"enh14","ENSG00000068976"
5335,"enh12","ENSG00000006015"
5336,"enh6","ENSG00000120896"
5337,"enh4","ENSG00000172757"
5338,"enh5","ENSG00000189195"
5339,"enh4","ENSG00000130770"
5340,"enh13","ENSG00000130766"
5341,"enh7","ENSG00000175467"
5342,"enh5","ENSG00000152061"
5343,"enh13","ENSG00000095380"
5344,"enh14","ENSG00000181896"
5345,"enh8","ENSG00000181896"
5346,"enh10","ENSG00000105705"
5347,"enh9","ENSG00000174950"
5348,"enh8","ENSG00000175602"
5349,"enh12","ENSG00000148303"
5350,"enh4","ENSG00000198870"
5351,"enh8","ENSG00000181773"
5352,"enh8","ENSG00000142544"
5353,"enh12","ENSG00000138756"
5354,"enh13","ENSG00000064547"
5355,"enh10","ENSG00000013306"
5356,"enh1","ENSG00000090020"
5357,"enh14","ENSG00000158715"
5358,"enh1","ENSG00000114999"
5359,"enh2","ENSG00000221983"
5360,"enh2","ENSG00000159579"
5361,"enh12","ENSG00000105656"
5362,"enh5","ENSG00000167487"
5363,"enh1","ENSG00000123684"
5364,"enh9","ENSG00000175115"
5365,"enh12","ENSG00000174516"
5366,"enh3","ENSG00000168062"
5367,"enh9","ENSG00000228300"
5368,"enh12","ENSG00000174684"
5369,"enh10","ENSG00000161677"
5370,"enh7","ENSG00000130768"
5371,"enh7","ENSG00000119185"
5372,"enh14","ENSG00000136856"
5373,"enh14","ENSG00000122026"
5374,"enh9","ENSG00000213221"
5375,"enh6","ENSG00000119392"
5376,"enh5","ENSG00000104960"
5377,"enh9","ENSG00000066027"
5378,"enh12","ENSG00000039650"
5379,"enh7","ENSG00000136932"
5380,"enh3","ENSG00000115091"
5381,"enh10","ENSG00000204138"
5382,"enh1","ENSG00000125148"
5383,"enh4","ENSG00000204673"
5384,"enh5","ENSG00000168056"
5385,"enh13","ENSG00000105556"
5386,"enh8","ENSG00000097046"
5387,"enh5","ENSG00000106992"
5388,"enh12","ENSG00000223802"
5389,"enh9","ENSG00000095383"
5390,"enh10","ENSG00000166188"
5391,"enh1","ENSG00000142544"
5392,"enh4","ENSG00000129911"
5393,"enh10","ENSG00000167113"
5394,"enh10","ENSG00000120656"
5395,"enh7","ENSG00000131408"
5396,"enh7","ENSG00000119392"
5397,"enh1","ENSG00000102931"
5398,"enh13","ENSG00000114999"
5399,"enh10","ENSG00000185278"
5400,"enh11","ENSG00000167103"
5401,"enh9","ENSG00000105708"
5402,"enh8","ENSG00000091947"
5403,"enh11","ENSG00000008853"
5404,"enh5","ENSG00000167113"
5405,"enh6","ENSG00000117758"
5406,"enh5","ENSG00000105656"
5407,"enh12","ENSG00000107021"
5408,"enh7","ENSG00000156269"
5409,"enh1","ENSG00000115255"
5410,"enh5","ENSG00000117592"
5411,"enh7","ENSG00000105655"
5412,"enh12","ENSG00000106799"
5413,"enh5","ENSG00000153208"
5414,"enh9","ENSG00000130559"
5415,"enh7","ENSG00000136643"
5416,"enh2","ENSG00000006016"
5417,"enh2","ENSG00000186501"
5418,"enh11","ENSG00000175467"
5419,"enh3","ENSG00000187193"
5420,"enh7","ENSG00000174903"
5421,"enh2","ENSG00000119333"
5422,"enh12","ENSG00000105379"
5423,"enh9","ENSG00000120913"
5424,"enh1","ENSG00000196312"
5425,"enh11","ENSG00000175854"
5426,"enh2","ENSG00000011304"
5427,"enh5","ENSG00000158195"
5428,"enh12","ENSG00000163291"
5429,"enh11","ENSG00000142530"
5430,"enh3","ENSG00000178093"
5431,"enh4","ENSG00000197816"
5432,"enh4","ENSG00000067596"
5433,"enh6","ENSG00000116017"
5434,"enh9","ENSG00000143493"
5435,"enh13","ENSG00000104131"
5436,"enh10","ENSG00000153214"
5437,"enh7","ENSG00000107372"
5438,"enh8","ENSG00000070770"
5439,"enh12","ENSG00000117222"
5440,"enh14","ENSG00000165138"
5441,"enh3","ENSG00000103005"
5442,"enh8","ENSG00000125170"
5443,"enh13","ENSG00000175592"
5444,"enh11","ENSG00000115286"
5445,"enh8","ENSG00000104973"
5446,"enh2","ENSG00000188554"
5447,"enh6","ENSG00000105676"
5448,"enh10","ENSG00000090273"
5449,"enh1","ENSG00000174996"
5450,"enh13","ENSG00000254986"
5451,"enh1","ENSG00000107372"
5452,"enh2","ENSG00000119514"
5453,"enh4","ENSG00000160360"
5454,"enh11","ENSG00000116017"
5455,"enh10","ENSG00000115758"
5456,"enh6","ENSG00000138772"
5457,"enh10","ENSG00000169136"
5458,"enh1","ENSG00000160360"
5459,"enh12","ENSG00000117592"
5460,"enh3","ENSG00000160408"
5461,"enh10","ENSG00000149809"
5462,"enh3","ENSG00000135870"
5463,"enh3","ENSG00000105656"
5464,"enh4","ENSG00000070423"
5465,"enh14","ENSG00000125618"
5466,"enh1","ENSG00000147439"
5467,"enh9","ENSG00000122140"
5468,"enh1","ENSG00000067596"
5469,"enh11","ENSG00000069702"
5470,"enh6","ENSG00000104689"
5471,"enh2","ENSG00000108840"
5472,"enh11","ENSG00000167470"
5473,"enh5","ENSG00000106785"
5474,"enh12","ENSG00000076321"
5475,"enh11","ENSG00000087263"
5476,"enh6","ENSG00000160447"
5477,"enh3","ENSG00000160360"
5478,"enh8","ENSG00000123684"
5479,"enh12","ENSG00000136936"
5480,"enh5","ENSG00000090273"
5481,"enh13","ENSG00000082512"
5482,"enh12","ENSG00000159461"
5483,"enh4","ENSG00000173825"
5484,"enh1","ENSG00000064666"
5485,"enh1","ENSG00000105696"
5486,"enh14","ENSG00000174950"
5487,"enh3","ENSG00000181896"
5488,"enh1","ENSG00000147457"
5489,"enh9","ENSG00000105379"
5490,"enh8","ENSG00000187193"
5491,"enh3","ENSG00000173039"
5492,"enh12","ENSG00000104973"
5493,"enh12","ENSG00000136943"
5494,"enh1","ENSG00000065000"
5495,"enh14","ENSG00000089639"
5496,"enh13","ENSG00000162300"
5497,"enh3","ENSG00000143493"
5498,"enh8","ENSG00000125637"
5499,"enh13","ENSG00000213465"
5500,"enh2","ENSG00000167106"
5501,"enh2","ENSG00000070423"
5502,"enh14","ENSG00000119185"
5503,"enh7","ENSG00000117650"
5504,"enh11","ENSG00000172732"
5505,"enh8","ENSG00000204138"
5506,"enh3","ENSG00000188554"
5507,"enh8","ENSG00000104960"
5508,"enh14","ENSG00000165698"
5509,"enh4","ENSG00000009780"
5510,"enh2","ENSG00000122484"
5511,"enh14","ENSG00000161654"
5512,"enh12","ENSG00000162878"
5513,"enh10","ENSG00000005194"
5514,"enh5","ENSG00000136643"
5515,"enh9","ENSG00000238227"
5516,"enh9","ENSG00000068971"
5517,"enh1","ENSG00000148308"
5518,"enh4","ENSG00000197136"
5519,"enh5","ENSG00000185761"
5520,"enh11","ENSG00000158195"
5521,"enh2","ENSG00000107372"
5522,"enh3","ENSG00000180340"
5523,"enh13","ENSG00000189195"
5524,"enh3","ENSG00000068831"
5525,"enh3","ENSG00000057935"
5526,"enh2","ENSG00000117650"
5527,"enh9","ENSG00000167747"
5528,"enh4","ENSG00000172081"
5529,"enh6","ENSG00000174851"
5530,"enh9","ENSG00000133275"
5531,"enh9","ENSG00000172992"
5532,"enh9","ENSG00000172500"
5533,"enh3","ENSG00000130775"
5534,"enh11","ENSG00000148337"
5535,"enh8","ENSG00000162298"
5536,"enh10","ENSG00000162300"
5537,"enh14","ENSG00000008853"
5538,"enh13","ENSG00000105696"
5539,"enh3","ENSG00000175467"
5540,"enh8","ENSG00000105705"
5541,"enh7","ENSG00000095383"
5542,"enh14","ENSG00000129968"
5543,"enh9","ENSG00000123685"
5544,"enh12","ENSG00000099866"
5545,"enh10","ENSG00000068976"
5546,"enh2","ENSG00000116014"
5547,"enh1","ENSG00000180098"
5548,"enh13","ENSG00000065268"
5549,"enh9","ENSG00000105655"
5550,"enh14","ENSG00000172081"
5551,"enh11","ENSG00000120656"
5552,"enh14","ENSG00000144161"
5553,"enh2","ENSG00000122026"
5554,"enh14","ENSG00000131094"
5555,"enh3","ENSG00000136937"
5556,"enh4","ENSG00000148303"
5557,"enh1","ENSG00000213445"
5558,"enh10","ENSG00000142530"
5559,"enh3","ENSG00000185198"
5560,"enh5","ENSG00000099624"
5561,"enh9","ENSG00000014138"
5562,"enh11","ENSG00000125611"
5563,"enh7","ENSG00000131400"
5564,"enh12","ENSG00000117758"
5565,"enh9","ENSG00000175221"
5566,"enh14","ENSG00000173442"
5567,"enh4","ENSG00000069275"
5568,"enh11","ENSG00000198492"
5569,"enh13","ENSG00000197694"
5570,"enh12","ENSG00000108309"
5571,"enh12","ENSG00000198870"
5572,"enh10","ENSG00000162873"
5573,"enh4","ENSG00000213024"
5574,"enh9","ENSG00000039650"
5575,"enh6","ENSG00000175573"
5576,"enh6","ENSG00000108849"
5577,"enh11","ENSG00000165688"
5578,"enh10","ENSG00000238227"
5579,"enh14","ENSG00000004939"
5580,"enh14","ENSG00000162873"
5581,"enh6","ENSG00000196961"
5582,"enh1","ENSG00000140854"
5583,"enh6","ENSG00000160404"
5584,"enh6","ENSG00000196683"
5585,"enh14","ENSG00000097046"
5586,"enh8","ENSG00000138756"
5587,"enh13","ENSG00000119523"
5588,"enh3","ENSG00000105676"
5589,"enh6","ENSG00000005961"
5590,"enh14","ENSG00000171219"
5591,"enh11","ENSG00000172081"
5592,"enh12","ENSG00000187024"
5593,"enh13","ENSG00000172732"
5594,"enh9","ENSG00000174547"
5595,"enh1","ENSG00000254986"
5596,"enh9","ENSG00000123684"
5597,"enh8","ENSG00000120334"
5598,"enh1","ENSG00000105708"
5599,"enh12","ENSG00000116014"
5600,"enh11","ENSG00000067596"
5601,"enh12","ENSG00000120913"
5602,"enh9","ENSG00000175467"
5603,"enh4","ENSG00000119559"
5604,"enh2","ENSG00000117625"
5605,"enh9","ENSG00000136932"
5606,"enh1","ENSG00000014138"
5607,"enh9","ENSG00000162873"
5608,"enh9","ENSG00000140859"
5609,"enh14","ENSG00000123685"
5610,"enh5","ENSG00000180448"
5611,"enh10","ENSG00000104679"
5612,"enh12","ENSG00000068976"
5613,"enh7","ENSG00000110047"
5614,"enh11","ENSG00000146670"
5615,"enh3","ENSG00000142544"
5616,"enh1","ENSG00000186185"
5617,"enh9","ENSG00000152518"
5618,"enh4","ENSG00000013306"
5619,"enh8","ENSG00000197540"
5620,"enh1","ENSG00000158195"
5621,"enh13","ENSG00000168056"
5622,"enh3","ENSG00000149806"
5623,"enh8","ENSG00000108309"
5624,"enh3","ENSG00000197136"
5625,"enh7","ENSG00000168062"
5626,"enh6","ENSG00000105656"
5627,"enh6","ENSG00000175221"
5628,"enh2","ENSG00000148334"
5629,"enh8","ENSG00000106992"
5630,"enh6","ENSG00000168067"
5631,"enh4","ENSG00000178093"
5632,"enh7","ENSG00000123685"
5633,"enh3","ENSG00000089639"
5634,"enh11","ENSG00000149823"
5635,"enh12","ENSG00000204138"
5636,"enh13","ENSG00000136448"
5637,"enh11","ENSG00000099804"
5638,"enh11","ENSG00000140848"
5639,"enh5","ENSG00000197540"
5640,"enh2","ENSG00000188177"
5641,"enh4","ENSG00000144130"
5642,"enh8","ENSG00000169288"
5643,"enh7","ENSG00000136937"
5644,"enh8","ENSG00000133884"
5645,"enh3","ENSG00000148288"
5646,"enh10","ENSG00000160325"
5647,"enh10","ENSG00000102900"
5648,"enh9","ENSG00000105700"
5649,"enh5","ENSG00000186501"
5650,"enh1","ENSG00000147454"
5651,"enh14","ENSG00000140854"
5652,"enh6","ENSG00000106991"
5653,"enh14","ENSG00000142528"
5654,"enh14","ENSG00000105669"
5655,"enh7","ENSG00000102996"
5656,"enh10","ENSG00000161671"
5657,"enh9","ENSG00000175334"
5658,"enh6","ENSG00000158941"
5659,"enh12","ENSG00000125611"
5660,"enh4","ENSG00000117280"
5661,"enh10","ENSG00000100316"
5662,"enh2","ENSG00000175115"
5663,"enh11","ENSG00000188554"
5664,"enh4","ENSG00000172270"
5665,"enh13","ENSG00000167113"
5666,"enh1","ENSG00000133065"
5667,"enh14","ENSG00000117601"
5668,"enh4","ENSG00000165092"
5669,"enh4","ENSG00000131408"
5670,"enh10","ENSG00000168066"
5671,"enh8","ENSG00000158195"
5672,"enh6","ENSG00000131408"
5673,"enh4","ENSG00000168056"
5674,"enh2","ENSG00000123685"
5675,"enh11","ENSG00000162241"
5676,"enh14","ENSG00000099866"
5677,"enh5","ENSG00000148334"
5678,"enh6","ENSG00000064547"
5679,"enh7","ENSG00000172757"
5680,"enh4","ENSG00000110047"
5681,"enh3","ENSG00000070423"
5682,"enh11","ENSG00000122026"
5683,"enh13","ENSG00000159461"
5684,"enh12","ENSG00000181513"
5685,"enh14","ENSG00000118046"
5686,"enh11","ENSG00000198917"
5687,"enh3","ENSG00000185761"
5688,"enh8","ENSG00000175550"
5689,"enh4","ENSG00000105472"
5690,"enh12","ENSG00000133243"
5691,"enh5","ENSG00000171169"
5692,"enh3","ENSG00000171848"
5693,"enh4","ENSG00000175467"
5694,"enh5","ENSG00000172081"
5695,"enh3","ENSG00000005961"
5696,"enh13","ENSG00000099804"
5697,"enh6","ENSG00000172732"
5698,"enh13","ENSG00000174276"
5699,"enh1","ENSG00000198870"
5700,"enh2","ENSG00000101132"
5701,"enh2","ENSG00000156269"
5702,"enh11","ENSG00000167759"
5703,"enh5","ENSG00000125637"
5704,"enh3","ENSG00000140848"
5705,"enh6","ENSG00000065000"
5706,"enh2","ENSG00000162298"
5707,"enh7","ENSG00000088682"
5708,"enh12","ENSG00000197816"
5709,"enh12","ENSG00000108312"
5710,"enh3","ENSG00000122026"
5711,"enh4","ENSG00000108861"
5712,"enh6","ENSG00000006016"
5713,"enh3","ENSG00000175906"
5714,"enh10","ENSG00000160345"
5715,"enh9","ENSG00000131094"
5716,"enh3","ENSG00000168061"
5717,"enh8","ENSG00000180098"
5718,"enh5","ENSG00000235034"
5719,"enh1","ENSG00000108849"
5720,"enh8","ENSG00000160953"
5721,"enh8","ENSG00000006016"
5722,"enh4","ENSG00000168066"
5723,"enh9","ENSG00000135736"
5724,"enh7","ENSG00000204291"
5725,"enh7","ENSG00000136925"
5726,"enh4","ENSG00000162873"
5727,"enh5","ENSG00000134330"
5728,"enh14","ENSG00000135870"
5729,"enh5","ENSG00000173442"
5730,"enh7","ENSG00000134308"
5731,"enh6","ENSG00000165689"
5732,"enh11","ENSG00000140859"
5733,"enh13","ENSG00000162873"
5734,"enh11","ENSG00000107021"
5735,"enh13","ENSG00000070761"
5736,"enh9","ENSG00000102978"
5737,"enh2","ENSG00000136830"
5738,"enh7","ENSG00000167487"
5739,"enh8","ENSG00000120656"
5740,"enh9","ENSG00000180098"
5741,"enh12","ENSG00000136856"
5742,"enh1","ENSG00000130270"
5743,"enh13","ENSG00000062822"
5744,"enh14","ENSG00000197694"
5745,"enh13","ENSG00000107021"
5746,"enh1","ENSG00000173039"
5747,"enh1","ENSG00000064787"
5748,"enh9","ENSG00000174851"
5749,"enh11","ENSG00000171940"
5750,"enh5","ENSG00000110046"
5751,"enh3","ENSG00000065600"
5752,"enh9","ENSG00000148290"
5753,"enh9","ENSG00000213445"
5754,"enh6","ENSG00000136842"
5755,"enh13","ENSG00000104885"
5756,"enh8","ENSG00000175294"
5757,"enh1","ENSG00000119392"
5758,"enh9","ENSG00000175550"
5759,"enh6","ENSG00000006015"
5760,"enh14","ENSG00000088682"
5761,"enh7","ENSG00000108852"
5762,"enh2","ENSG00000186806"
5763,"enh6","ENSG00000158715"
5764,"enh9","ENSG00000160326"
5765,"enh3","ENSG00000108861"
5766,"enh3","ENSG00000134330"
5767,"enh14","ENSG00000167748"
5768,"enh13","ENSG00000198417"
5769,"enh13","ENSG00000008853"
5770,"enh8","ENSG00000105671"
5771,"enh13","ENSG00000168591"
5772,"enh6","ENSG00000250067"
5773,"enh11","ENSG00000163291"
5774,"enh12","ENSG00000122026"
5775,"enh10","ENSG00000129933"
5776,"enh7","ENSG00000138036"
5777,"enh8","ENSG00000064666"
5778,"enh12","ENSG00000129951"
5779,"enh5","ENSG00000127540"
5780,"enh9","ENSG00000065000"
5781,"enh9","ENSG00000254986"
5782,"enh5","ENSG00000172500"
5783,"enh10","ENSG00000160360"
5784,"enh12","ENSG00000091947"
5785,"enh2","ENSG00000165702"
5786,"enh1","ENSG00000171169"
5787,"enh14","ENSG00000100316"
5788,"enh10","ENSG00000141349"
5789,"enh1","ENSG00000167123"
5790,"enh4","ENSG00000253368"
5791,"enh7","ENSG00000115091"
5792,"enh7","ENSG00000105472"
5793,"enh5","ENSG00000146670"
5794,"enh2","ENSG00000175294"
5795,"enh2","ENSG00000134308"
5796,"enh3","ENSG00000125170"
5797,"enh12","ENSG00000160318"
5798,"enh9","ENSG00000172732"
5799,"enh2","ENSG00000118046"
5800,"enh10","ENSG00000136929"
5801,"enh1","ENSG00000204673"
5802,"enh4","ENSG00000122484"
5803,"enh10","ENSG00000130560"
5804,"enh8","ENSG00000105053"
5805,"enh8","ENSG00000131398"
5806,"enh5","ENSG00000161677"
5807,"enh9","ENSG00000161671"
5808,"enh12","ENSG00000197694"
5809,"enh2","ENSG00000162772"
5810,"enh14","ENSG00000114999"
5811,"enh3","ENSG00000196116"
5812,"enh12","ENSG00000130513"
5813,"enh6","ENSG00000136895"
5814,"enh5","ENSG00000069275"
5815,"enh5","ENSG00000174996"
5816,"enh1","ENSG00000175467"
5817,"enh8","ENSG00000099864"
5818,"enh14","ENSG00000253368"
5819,"enh4","ENSG00000165684"
5820,"enh2","ENSG00000162873"
5821,"enh7","ENSG00000197958"
5822,"enh6","ENSG00000165702"
5823,"enh4","ENSG00000129968"
5824,"enh4","ENSG00000148308"
5825,"enh13","ENSG00000172270"
5826,"enh7","ENSG00000143476"
5827,"enh5","ENSG00000183831"
5828,"enh1","ENSG00000119335"
5829,"enh9","ENSG00000064545"
5830,"enh12","ENSG00000089639"
5831,"enh8","ENSG00000135046"
5832,"enh1","ENSG00000175832"
5833,"enh7","ENSG00000172922"
5834,"enh11","ENSG00000198870"
5835,"enh12","ENSG00000120656"
5836,"enh2","ENSG00000104885"
5837,"enh9","ENSG00000099875"
5838,"enh14","ENSG00000131409"
5839,"enh13","ENSG00000166188"
5840,"enh1","ENSG00000119185"
5841,"enh10","ENSG00000158161"
5842,"enh5","ENSG00000254470"
5843,"enh6","ENSG00000104885"
5844,"enh14","ENSG00000129946"
5845,"enh9","ENSG00000120889"
5846,"enh9","ENSG00000213988"
5847,"enh8","ENSG00000172232"
5848,"enh4","ENSG00000227500"
5849,"enh10","ENSG00000141933"
5850,"enh7","ENSG00000167114"
5851,"enh14","ENSG00000148296"
5852,"enh10","ENSG00000198870"
5853,"enh1","ENSG00000106789"
5854,"enh11","ENSG00000135870"
5855,"enh1","ENSG00000108309"
5856,"enh12","ENSG00000181896"
5857,"enh9","ENSG00000133069"
5858,"enh14","ENSG00000160447"
5859,"enh6","ENSG00000090020"
5860,"enh7","ENSG00000130005"
5861,"enh6","ENSG00000127540"
5862,"enh1","ENSG00000174529"
5863,"enh12","ENSG00000160325"
5864,"enh13","ENSG00000134330"
5865,"enh8","ENSG00000065268"
5866,"enh2","ENSG00000174996"
5867,"enh3","ENSG00000129946"
5868,"enh1","ENSG00000117748"
5869,"enh1","ENSG00000160318"
5870,"enh14","ENSG00000172775"
5871,"enh11","ENSG00000105696"
5872,"enh10","ENSG00000136943"
5873,"enh9","ENSG00000125170"
5874,"enh1","ENSG00000148291"
5875,"enh3","ENSG00000172732"
5876,"enh11","ENSG00000136448"
5877,"enh4","ENSG00000064687"
5878,"enh13","ENSG00000256771"
5879,"enh5","ENSG00000102900"
5880,"enh3","ENSG00000071655"
5881,"enh2","ENSG00000198417"
5882,"enh5","ENSG00000198870"
5883,"enh13","ENSG00000235034"
5884,"enh6","ENSG00000181513"
5885,"enh3","ENSG00000105472"
5886,"enh6","ENSG00000105053"
5887,"enh14","ENSG00000197816"
5888,"enh2","ENSG00000104973"
5889,"enh9","ENSG00000125618"
5890,"enh4","ENSG00000159579"
5891,"enh1","ENSG00000104679"
5892,"enh5","ENSG00000197766"
5893,"enh12","ENSG00000185278"
5894,"enh6","ENSG00000091947"
5895,"enh11","ENSG00000125637"
5896,"enh2","ENSG00000167112"
5897,"enh5","ENSG00000181513"
5898,"enh9","ENSG00000014216"
5899,"enh3","ENSG00000125485"
5900,"enh14","ENSG00000170385"
5901,"enh14","ENSG00000115286"
5902,"enh3","ENSG00000133884"
5903,"enh2","ENSG00000262874"
5904,"enh4","ENSG00000180098"
5905,"enh8","ENSG00000165689"
5906,"enh11","ENSG00000105655"
5907,"enh5","ENSG00000172732"
5908,"enh6","ENSG00000174842"
5909,"enh3","ENSG00000107290"
5910,"enh6","ENSG00000117593"
5911,"enh6","ENSG00000126391"
5912,"enh13","ENSG00000165698"
5913,"enh2","ENSG00000144161"
5914,"enh13","ENSG00000188177"
5915,"enh9","ENSG00000196312"
5916,"enh4","ENSG00000127540"
5917,"enh6","ENSG00000162769"
5918,"enh7","ENSG00000140848"
5919,"enh10","ENSG00000165699"
5920,"enh9","ENSG00000104973"
5921,"enh14","ENSG00000070761"
5922,"enh8","ENSG00000117222"
5923,"enh7","ENSG00000136830"
5924,"enh12","ENSG00000167136"
5925,"enh3","ENSG00000136807"
5926,"enh2","ENSG00000095383"
5927,"enh13","ENSG00000204710"
5928,"enh11","ENSG00000006016"
5929,"enh12","ENSG00000141933"
5930,"enh11","ENSG00000174903"
5931,"enh6","ENSG00000105374"
5932,"enh5","ENSG00000148411"
5933,"enh2","ENSG00000161714"
5934,"enh10","ENSG00000213024"
5935,"enh1","ENSG00000131398"
5936,"enh10","ENSG00000126705"
5937,"enh4","ENSG00000133243"
5938,"enh14","ENSG00000130511"
5939,"enh2","ENSG00000105383"
5940,"enh3","ENSG00000148290"
5941,"enh2","ENSG00000115084"
5942,"enh5","ENSG00000117751"
5943,"enh14","ENSG00000138756"
5944,"enh14","ENSG00000159648"
5945,"enh13","ENSG00000005961"
5946,"enh11","ENSG00000100316"
5947,"enh8","ENSG00000005194"
5948,"enh7","ENSG00000168061"
5949,"enh10","ENSG00000177125"
5950,"enh11","ENSG00000138772"
5951,"enh2","ENSG00000184988"
5952,"enh3","ENSG00000011304"
5953,"enh9","ENSG00000161647"
5954,"enh1","ENSG00000198786"
5955,"enh13","ENSG00000181773"
5956,"enh3","ENSG00000168056"
5957,"enh3","ENSG00000175294"
5958,"enh11","ENSG00000131398"
5959,"enh2","ENSG00000123684"
5960,"enh12","ENSG00000142528"
5961,"enh10","ENSG00000197136"
5962,"enh2","ENSG00000119185"
5963,"enh3","ENSG00000104886"
5964,"enh10","ENSG00000104131"
5965,"enh10","ENSG00000175707"
5966,"enh6","ENSG00000064666"
5967,"enh10","ENSG00000030582"
5968,"enh4","ENSG00000181513"
5969,"enh4","ENSG00000196683"
5970,"enh14","ENSG00000176890"
5971,"enh13","ENSG00000136840"
5972,"enh6","ENSG00000133275"
5973,"enh13","ENSG00000119185"
5974,"enh13","ENSG00000141349"
5975,"enh14","ENSG00000180448"
5976,"enh9","ENSG00000106991"
5977,"enh2","ENSG00000119523"
5978,"enh6","ENSG00000125319"
5979,"enh7","ENSG00000064687"
5980,"enh12","ENSG00000158161"
5981,"enh6","ENSG00000104960"
5982,"enh1","ENSG00000180329"
5983,"enh6","ENSG00000105701"
5984,"enh9","ENSG00000105669"
5985,"enh5","ENSG00000119523"
5986,"enh11","ENSG00000165699"
5987,"enh3","ENSG00000136840"
5988,"enh1","ENSG00000160446"
5989,"enh7","ENSG00000117691"
5990,"enh4","ENSG00000140848"
5991,"enh11","ENSG00000014216"
5992,"enh13","ENSG00000130768"
5993,"enh1","ENSG00000125144"
5994,"enh7","ENSG00000115257"
5995,"enh11","ENSG00000136807"
5996,"enh12","ENSG00000123685"
5997,"enh2","ENSG00000186010"
5998,"enh3","ENSG00000126709"
5999,"enh11","ENSG00000122482"
6000,"enh7","ENSG00000196116"
6001,"enh10","ENSG00000134318"
6002,"enh3","ENSG00000160293"
6003,"enh4","ENSG00000108883"
6004,"enh6","ENSG00000196415"
6005,"enh7","ENSG00000186806"
6006,"enh8","ENSG00000213445"
6007,"enh10","ENSG00000144161"
6008,"enh8","ENSG00000198858"
6009,"enh3","ENSG00000172992"
6010,"enh2","ENSG00000172232"
6011,"enh2","ENSG00000130768"
6012,"enh3","ENSG00000213638"
6013,"enh14","ENSG00000213465"
6014,"enh5","ENSG00000051128"
6015,"enh10","ENSG00000196188"
6016,"enh6","ENSG00000136932"
6017,"enh13","ENSG00000102934"
6018,"enh11","ENSG00000010361"
6019,"enh11","ENSG00000172500"
6020,"enh6","ENSG00000153208"
6021,"enh4","ENSG00000118046"
6022,"enh13","ENSG00000115750"
6023,"enh3","ENSG00000136932"
6024,"enh7","ENSG00000160953"
6025,"enh7","ENSG00000117280"
6026,"enh9","ENSG00000181513"
6027,"enh8","ENSG00000160271"
6028,"enh5","ENSG00000105726"
6029,"enh10","ENSG00000136828"
6030,"enh3","ENSG00000159579"
6031,"enh7","ENSG00000099866"
6032,"enh4","ENSG00000256771"
6033,"enh3","ENSG00000163297"
6034,"enh7","ENSG00000148288"
6035,"enh2","ENSG00000197136"
6036,"enh4","ENSG00000136842"
6037,"enh6","ENSG00000204710"
6038,"enh8","ENSG00000064607"
6039,"enh5","ENSG00000167118"
6040,"enh3","ENSG00000168591"
6041,"enh8","ENSG00000068976"
6042,"enh3","ENSG00000082512"
6043,"enh13","ENSG00000173825"
6044,"enh14","ENSG00000160408"
6045,"enh8","ENSG00000148297"
6046,"enh2","ENSG00000168066"
6047,"enh2","ENSG00000160293"
6048,"enh7","ENSG00000183831"
6049,"enh10","ENSG00000148337"
6050,"enh1","ENSG00000133059"
6051,"enh6","ENSG00000198840"
6052,"enh3","ENSG00000030582"
6053,"enh10","ENSG00000174842"
6054,"enh10","ENSG00000136811"
6055,"enh4","ENSG00000148411"
6056,"enh2","ENSG00000167005"
6057,"enh4","ENSG00000143493"
6058,"enh6","ENSG00000057935"
6059,"enh9","ENSG00000125637"
6060,"enh6","ENSG00000148337"
6061,"enh14","ENSG00000213023"
6062,"enh11","ENSG00000172757"
6063,"enh1","ENSG00000126709"
6064,"enh3","ENSG00000076321"
6065,"enh11","ENSG00000181773"
6066,"enh8","ENSG00000167118"
6067,"enh1","ENSG00000181035"
6068,"enh14","ENSG00000167487"
6069,"enh12","ENSG00000120334"
6070,"enh8","ENSG00000189195"
6071,"enh10","ENSG00000122484"
6072,"enh9","ENSG00000174606"
6073,"enh13","ENSG00000160953"
6074,"enh10","ENSG00000187193"
6075,"enh10","ENSG00000119203"
6076,"enh6","ENSG00000213638"
6077,"enh3","ENSG00000197540"
6078,"enh11","ENSG00000117592"
6079,"enh3","ENSG00000104131"
6080,"enh7","ENSG00000147669"
6081,"enh11","ENSG00000102934"
6082,"enh11","ENSG00000064490"
6083,"enh6","ENSG00000181896"
6084,"enh13","ENSG00000135870"
6085,"enh7","ENSG00000125144"
6086,"enh10","ENSG00000172232"
6087,"enh14","ENSG00000180329"
6088,"enh2","ENSG00000105656"
6089,"enh11","ENSG00000180329"
6090,"enh5","ENSG00000167110"
6091,"enh1","ENSG00000138767"
6092,"enh12","ENSG00000118046"
6093,"enh13","ENSG00000181896"
6094,"enh7","ENSG00000165684"
6095,"enh11","ENSG00000175707"
6096,"enh12","ENSG00000108852"
6097,"enh10","ENSG00000051108"
6098,"enh13","ENSG00000117222"
6099,"enh1","ENSG00000125484"
6100,"enh7","ENSG00000213465"
6101,"enh2","ENSG00000064666"
6102,"enh3","ENSG00000105053"
6103,"enh9","ENSG00000102931"
6104,"enh14","ENSG00000119203"
6105,"enh2","ENSG00000143924"
6106,"enh13","ENSG00000005007"
6107,"enh6","ENSG00000146670"
6108,"enh13","ENSG00000129968"
6109,"enh11","ENSG00000105700"
6110,"enh7","ENSG00000165688"
6111,"enh5","ENSG00000105556"
6112,"enh11","ENSG00000221983"
6113,"enh8","ENSG00000153214"
6114,"enh10","ENSG00000117222"
6115,"enh5","ENSG00000070770"
6116,"enh11","ENSG00000142733"
6117,"enh3","ENSG00000105374"
6118,"enh7","ENSG00000117697"
6119,"enh1","ENSG00000129968"
6120,"enh4","ENSG00000104973"
6121,"enh14","ENSG00000184162"
6122,"enh3","ENSG00000135046"
6123,"enh2","ENSG00000108309"
6124,"enh5","ENSG00000149792"
6125,"enh4","ENSG00000136830"
6126,"enh5","ENSG00000161654"
6127,"enh11","ENSG00000130772"
6128,"enh11","ENSG00000175550"
6129,"enh12","ENSG00000117280"
6130,"enh7","ENSG00000203705"
6131,"enh10","ENSG00000123684"
6132,"enh10","ENSG00000165698"
6133,"enh4","ENSG00000065000"
6134,"enh11","ENSG00000197694"
6135,"enh1","ENSG00000172977"
6136,"enh13","ENSG00000167005"
6137,"enh9","ENSG00000148356"
6138,"enh9","ENSG00000197816"
6139,"enh3","ENSG00000158161"
6140,"enh5","ENSG00000133069"
6141,"enh9","ENSG00000175707"
6142,"enh12","ENSG00000105655"
6143,"enh2","ENSG00000087152"
6144,"enh1","ENSG00000122484"
6145,"enh10","ENSG00000181513"
6146,"enh4","ENSG00000160326"
6147,"enh4","ENSG00000103021"
6148,"enh5","ENSG00000167470"
6149,"enh8","ENSG00000174903"
6150,"enh5","ENSG00000133059"
6151,"enh14","ENSG00000071564"
6152,"enh7","ENSG00000106785"
6153,"enh9","ENSG00000065600"
6154,"enh10","ENSG00000162419"
6155,"enh13","ENSG00000254470"
6156,"enh4","ENSG00000136811"
6157,"enh5","ENSG00000119333"
6158,"enh8","ENSG00000213221"
6159,"enh4","ENSG00000057935"
6160,"enh1","ENSG00000123685"
6161,"enh5","ENSG00000140854"
6162,"enh14","ENSG00000250067"
6163,"enh5","ENSG00000169288"
6164,"enh11","ENSG00000117601"
6165,"enh10","ENSG00000134308"
6166,"enh5","ENSG00000104946"
6167,"enh9","ENSG00000148291"
6168,"enh10","ENSG00000136908"
6169,"enh11","ENSG00000167106"
6170,"enh4","ENSG00000005961"
6171,"enh11","ENSG00000172922"
6172,"enh1","ENSG00000148297"
6173,"enh6","ENSG00000189195"
6174,"enh8","ENSG00000141933"
6175,"enh9","ENSG00000097046"
6176,"enh8","ENSG00000127540"
6177,"enh2","ENSG00000167103"
6178,"enh1","ENSG00000039650"
6179,"enh10","ENSG00000175115"
6180,"enh12","ENSG00000064607"
6181,"enh7","ENSG00000099804"
6182,"enh8","ENSG00000196550"
6183,"enh3","ENSG00000117758"
6184,"enh1","ENSG00000180340"
6185,"enh9","ENSG00000187024"
6186,"enh4","ENSG00000103005"
6187,"enh3","ENSG00000119523"
6188,"enh11","ENSG00000227500"
6189,"enh11","ENSG00000141933"
6190,"enh1","ENSG00000185761"
6191,"enh13","ENSG00000105705"
6192,"enh13","ENSG00000125637"
6193,"enh4","ENSG00000166188"
6194,"enh6","ENSG00000106992"
6195,"enh11","ENSG00000148291"
6196,"enh4","ENSG00000119203"
6197,"enh6","ENSG00000181781"
6198,"enh12","ENSG00000008853"
6199,"enh12","ENSG00000070761"
6200,"enh10","ENSG00000171159"
6201,"enh3","ENSG00000064545"
6202,"enh5","ENSG00000102978"
6203,"enh1","ENSG00000178093"
6204,"enh4","ENSG00000167103"
6205,"enh3","ENSG00000133065"
6206,"enh2","ENSG00000196422"
6207,"enh9","ENSG00000119559"
6208,"enh13","ENSG00000204138"
6209,"enh6","ENSG00000198786"
6210,"enh3","ENSG00000167123"
6211,"enh12","ENSG00000105662"
6212,"enh1","ENSG00000198840"
6213,"enh4","ENSG00000181035"
6214,"enh5","ENSG00000105655"
6215,"enh4","ENSG00000160404"
6216,"enh1","ENSG00000134317"
6217,"enh14","ENSG00000117751"
6218,"enh5","ENSG00000119392"
6219,"enh10","ENSG00000069702"
6220,"enh2","ENSG00000174903"
6221,"enh9","ENSG00000172232"
6222,"enh5","ENSG00000175334"
6223,"enh9","ENSG00000009780"
6224,"enh10","ENSG00000115257"
6225,"enh3","ENSG00000171159"
6226,"enh4","ENSG00000175854"
6227,"enh14","ENSG00000070423"
6228,"enh13","ENSG00000160408"
6229,"enh4","ENSG00000142186"
6230,"enh12","ENSG00000183831"
6231,"enh9","ENSG00000120334"
6232,"enh7","ENSG00000149792"
6233,"enh8","ENSG00000090273"
6234,"enh3","ENSG00000071626"
6235,"enh4","ENSG00000167110"
6236,"enh7","ENSG00000118046"
6237,"enh7","ENSG00000180198"
6238,"enh12","ENSG00000064666"
6239,"enh2","ENSG00000162976"
6240,"enh14","ENSG00000087365"
6241,"enh6","ENSG00000147439"
6242,"enh2","ENSG00000068971"
6243,"enh7","ENSG00000197694"
6244,"enh7","ENSG00000162419"
6245,"enh3","ENSG00000065000"
6246,"enh13","ENSG00000104946"
6247,"enh11","ENSG00000147439"
6248,"enh14","ENSG00000125484"
6249,"enh4","ENSG00000125319"
6250,"enh2","ENSG00000068976"
6251,"enh2","ENSG00000235034"
6252,"enh14","ENSG00000256771"
6253,"enh9","ENSG00000104689"
6254,"enh1","ENSG00000171159"
6255,"enh7","ENSG00000100316"
6256,"enh8","ENSG00000162241"
6257,"enh5","ENSG00000172270"
6258,"enh11","ENSG00000105669"
6259,"enh14","ENSG00000071655"
6260,"enh13","ENSG00000120889"
6261,"enh11","ENSG00000099622"
6262,"enh2","ENSG00000196683"
6263,"enh5","ENSG00000213988"
6264,"enh5","ENSG00000174851"
6265,"enh12","ENSG00000106991"
6266,"enh11","ENSG00000134330"
6267,"enh2","ENSG00000136840"
6268,"enh9","ENSG00000198917"
6269,"enh13","ENSG00000066027"
6270,"enh12","ENSG00000101132"
6271,"enh6","ENSG00000129946"
6272,"enh1","ENSG00000174744"
6273,"enh7","ENSG00000161692"
6274,"enh2","ENSG00000140848"
6275,"enh5","ENSG00000181781"
6276,"enh5","ENSG00000204138"
6277,"enh11","ENSG00000198417"
6278,"enh6","ENSG00000105700"
6279,"enh3","ENSG00000188177"
6280,"enh12","ENSG00000167487"
6281,"enh5","ENSG00000196550"
6282,"enh14","ENSG00000185278"
6283,"enh8","ENSG00000125484"
6284,"enh3","ENSG00000169403"
6285,"enh6","ENSG00000117222"
6286,"enh12","ENSG00000186010"
6287,"enh9","ENSG00000136448"
6288,"enh1","ENSG00000136908"
6289,"enh11","ENSG00000197816"
6290,"enh11","ENSG00000171219"
6291,"enh12","ENSG00000171219"
6292,"enh8","ENSG00000136854"
6293,"enh7","ENSG00000105717"
6294,"enh13","ENSG00000167136"
6295,"enh1","ENSG00000099624"
6296,"enh1","ENSG00000175592"
6297,"enh12","ENSG00000165702"
6298,"enh10","ENSG00000130005"
6299,"enh4","ENSG00000105383"
6300,"enh8","ENSG00000175906"
6301,"enh2","ENSG00000241852"
6302,"enh7","ENSG00000196961"
6303,"enh10","ENSG00000262874"
6304,"enh13","ENSG00000125485"
6305,"enh5","ENSG00000088682"
6306,"enh2","ENSG00000133275"
6307,"enh8","ENSG00000144136"
6308,"enh12","ENSG00000131398"
6309,"enh2","ENSG00000102900"
6310,"enh10","ENSG00000123685"
6311,"enh2","ENSG00000005194"
6312,"enh13","ENSG00000105717"
6313,"enh3","ENSG00000130513"
6314,"enh13","ENSG00000136682"
6315,"enh12","ENSG00000213465"
6316,"enh8","ENSG00000158161"
6317,"enh7","ENSG00000106799"
6318,"enh1","ENSG00000125170"
6319,"enh2","ENSG00000066027"
6320,"enh7","ENSG00000213024"
6321,"enh1","ENSG00000141934"
6322,"enh11","ENSG00000197136"
6323,"enh7","ENSG00000175376"
6324,"enh9","ENSG00000151694"
6325,"enh9","ENSG00000136943"
6326,"enh5","ENSG00000005961"
6327,"enh9","ENSG00000079313"
6328,"enh1","ENSG00000064687"
6329,"enh12","ENSG00000172059"
6330,"enh9","ENSG00000175854"
6331,"enh10","ENSG00000105656"
6332,"enh8","ENSG00000130766"
6333,"enh7","ENSG00000175115"
6334,"enh14","ENSG00000196116"
6335,"enh2","ENSG00000180198"
6336,"enh6","ENSG00000148296"
6337,"enh10","ENSG00000253368"
6338,"enh11","ENSG00000104960"
6339,"enh8","ENSG00000108840"
6340,"enh8","ENSG00000160447"
6341,"enh7","ENSG00000106991"
6342,"enh1","ENSG00000161682"
6343,"enh14","ENSG00000125611"
6344,"enh1","ENSG00000149792"
6345,"enh3","ENSG00000175573"
6346,"enh2","ENSG00000102931"
6347,"enh7","ENSG00000130560"
6348,"enh7","ENSG00000117601"
6349,"enh12","ENSG00000130766"
6350,"enh8","ENSG00000129911"
6351,"enh8","ENSG00000204673"
6352,"enh7","ENSG00000122484"
6353,"enh9","ENSG00000099624"
6354,"enh12","ENSG00000151694"
6355,"enh11","ENSG00000129951"
6356,"enh5","ENSG00000116014"
6357,"enh3","ENSG00000184162"
6358,"enh11","ENSG00000185198"
6359,"enh9","ENSG00000256771"
6360,"enh14","ENSG00000160404"
6361,"enh9","ENSG00000117601"
6362,"enh5","ENSG00000104886"
6363,"enh3","ENSG00000105556"
6364,"enh3","ENSG00000133275"
6365,"enh10","ENSG00000174950"
6366,"enh4","ENSG00000088682"
6367,"enh4","ENSG00000095380"
6368,"enh10","ENSG00000117697"
6369,"enh11","ENSG00000104131"
6370,"enh2","ENSG00000254901"
6371,"enh14","ENSG00000064932"
6372,"enh5","ENSG00000172059"
6373,"enh4","ENSG00000152518"
6374,"enh2","ENSG00000006015"
6375,"enh7","ENSG00000174516"
6376,"enh4","ENSG00000148291"
6377,"enh14","ENSG00000070404"
6378,"enh7","ENSG00000129946"
6379,"enh7","ENSG00000148303"
6380,"enh12","ENSG00000105497"
6381,"enh12","ENSG00000125637"
6382,"enh10","ENSG00000136840"
6383,"enh13","ENSG00000143493"
6384,"enh13","ENSG00000125144"
6385,"enh12","ENSG00000105676"
6386,"enh12","ENSG00000104679"
6387,"enh8","ENSG00000108312"
6388,"enh2","ENSG00000125611"
6389,"enh5","ENSG00000147457"
6390,"enh1","ENSG00000174606"
6391,"enh10","ENSG00000174851"
6392,"enh6","ENSG00000095383"
6393,"enh1","ENSG00000174276"
6394,"enh5","ENSG00000107372"
6395,"enh7","ENSG00000102978"
6396,"enh1","ENSG00000197540"
6397,"enh5","ENSG00000184162"
6398,"enh14","ENSG00000175906"
6399,"enh5","ENSG00000131400"
6400,"enh5","ENSG00000115255"
6401,"enh8","ENSG00000198917"
6402,"enh8","ENSG00000173825"
6403,"enh10","ENSG00000221983"
6404,"enh6","ENSG00000144130"
6405,"enh11","ENSG00000196152"
6406,"enh14","ENSG00000136828"
6407,"enh14","ENSG00000254470"
6408,"enh9","ENSG00000131097"
6409,"enh1","ENSG00000175376"
6410,"enh10","ENSG00000130559"
6411,"enh3","ENSG00000176973"
6412,"enh14","ENSG00000175221"
6413,"enh12","ENSG00000057935"
6414,"enh7","ENSG00000160445"
6415,"enh4","ENSG00000262874"
6416,"enh12","ENSG00000090273"
6417,"enh14","ENSG00000102978"
6418,"enh8","ENSG00000114999"
6419,"enh6","ENSG00000106785"
6420,"enh13","ENSG00000117751"
6421,"enh5","ENSG00000105383"
6422,"enh12","ENSG00000148290"
6423,"enh10","ENSG00000104946"
6424,"enh2","ENSG00000076321"
6425,"enh7","ENSG00000129911"
6426,"enh12","ENSG00000180448"
6427,"enh1","ENSG00000064607"
6428,"enh4","ENSG00000039650"
6429,"enh12","ENSG00000189195"
6430,"enh14","ENSG00000149806"
6431,"enh1","ENSG00000174851"
6432,"enh5","ENSG00000136856"
6433,"enh7","ENSG00000167103"
6434,"enh3","ENSG00000131408"
6435,"enh11","ENSG00000228300"
6436,"enh10","ENSG00000167759"
6437,"enh1","ENSG00000172232"
6438,"enh12","ENSG00000104131"
6439,"enh5","ENSG00000148308"
6440,"enh6","ENSG00000125637"
6441,"enh4","ENSG00000099804"
6442,"enh2","ENSG00000143493"
6443,"enh9","ENSG00000241852"
6444,"enh14","ENSG00000135821"
6445,"enh10","ENSG00000065268"
6446,"enh8","ENSG00000160345"
6447,"enh8","ENSG00000105374"
6448,"enh6","ENSG00000008853"
6449,"enh10","ENSG00000082512"
6450,"enh8","ENSG00000115084"
6451,"enh1","ENSG00000167487"
6452,"enh4","ENSG00000102996"
6453,"enh11","ENSG00000155380"
6454,"enh5","ENSG00000172922"
6455,"enh2","ENSG00000127540"
6456,"enh11","ENSG00000133069"
6457,"enh9","ENSG00000148303"
6458,"enh3","ENSG00000152518"
6459,"enh6","ENSG00000064490"
6460,"enh5","ENSG00000148296"
6461,"enh7","ENSG00000161714"
6462,"enh7","ENSG00000163291"
6463,"enh13","ENSG00000126391"
6464,"enh13","ENSG00000213221"
6465,"enh1","ENSG00000221983"
6466,"enh8","ENSG00000148291"
6467,"enh9","ENSG00000136682"
6468,"enh7","ENSG00000014216"
6469,"enh5","ENSG00000069702"
6470,"enh11","ENSG00000099817"
6471,"enh5","ENSG00000204673"
6472,"enh1","ENSG00000160326"
6473,"enh13","ENSG00000133065"
6474,"enh6","ENSG00000014138"
6475,"enh10","ENSG00000174529"
6476,"enh14","ENSG00000160563"
6477,"enh14","ENSG00000141934"
6478,"enh4","ENSG00000115255"
6479,"enh10","ENSG00000117593"
6480,"enh7","ENSG00000122482"
6481,"enh2","ENSG00000172732"
6482,"enh11","ENSG00000133895"
6483,"enh5","ENSG00000117593"
6484,"enh13","ENSG00000126705"
6485,"enh1","ENSG00000169288"
6486,"enh5","ENSG00000136877"
6487,"enh13","ENSG00000165699"
6488,"enh12","ENSG00000005194"
6489,"enh3","ENSG00000172922"
6490,"enh3","ENSG00000204710"
6491,"enh7","ENSG00000115970"
6492,"enh5","ENSG00000149809"
6493,"enh4","ENSG00000167106"
6494,"enh9","ENSG00000213465"
6495,"enh10","ENSG00000051128"
6496,"enh3","ENSG00000105497"
6497,"enh8","ENSG00000167491"
6498,"enh2","ENSG00000213445"
6499,"enh3","ENSG00000175592"
6500,"enh6","ENSG00000186501"
6501,"enh11","ENSG00000213024"
6502,"enh6","ENSG00000140859"
6503,"enh3","ENSG00000099622"
6504,"enh8","ENSG00000167103"
6505,"enh13","ENSG00000198746"
6506,"enh8","ENSG00000175221"
6507,"enh2","ENSG00000174744"
6508,"enh8","ENSG00000184988"
6509,"enh14","ENSG00000158941"
6510,"enh13","ENSG00000064545"
6511,"enh5","ENSG00000185278"
6512,"enh6","ENSG00000068831"
6513,"enh6","ENSG00000197766"
6514,"enh10","ENSG00000168062"
6515,"enh7","ENSG00000146670"
6516,"enh14","ENSG00000198417"
6517,"enh11","ENSG00000149798"
6518,"enh13","ENSG00000186806"
6519,"enh10","ENSG00000167110"
6520,"enh2","ENSG00000175854"
6521,"enh11","ENSG00000130005"
6522,"enh5","ENSG00000143870"
6523,"enh3","ENSG00000130560"
6524,"enh14","ENSG00000148337"
6525,"enh8","ENSG00000149823"
6526,"enh7","ENSG00000148290"
6527,"enh1","ENSG00000117758"
6528,"enh13","ENSG00000181588"
6529,"enh1","ENSG00000106991"
6530,"enh11","ENSG00000064932"
6531,"enh11","ENSG00000172232"
6532,"enh5","ENSG00000130511"
6533,"enh11","ENSG00000129911"
6534,"enh9","ENSG00000167759"
6535,"enh11","ENSG00000175376"
6536,"enh4","ENSG00000115758"
6537,"enh14","ENSG00000134330"
6538,"enh13","ENSG00000105701"
6539,"enh12","ENSG00000105726"
6540,"enh5","ENSG00000158941"
6541,"enh12","ENSG00000103005"
6542,"enh10","ENSG00000168067"
6543,"enh14","ENSG00000138772"
6544,"enh7","ENSG00000196422"
6545,"enh4","ENSG00000104946"
6546,"enh9","ENSG00000062822"
6547,"enh1","ENSG00000227500"
6548,"enh1","ENSG00000188554"
6549,"enh3","ENSG00000104885"
6550,"enh8","ENSG00000105662"
6551,"enh13","ENSG00000175602"
6552,"enh2","ENSG00000174276"
6553,"enh4","ENSG00000120889"
6554,"enh11","ENSG00000149792"
6555,"enh8","ENSG00000160318"
6556,"enh7","ENSG00000115756"
6557,"enh14","ENSG00000030582"
6558,"enh11","ENSG00000115257"
6559,"enh4","ENSG00000161647"
6560,"enh10","ENSG00000099864"
6561,"enh11","ENSG00000099625"
6562,"enh14","ENSG00000099864"
6563,"enh8","ENSG00000160360"
6564,"enh8","ENSG00000162873"
6565,"enh8","ENSG00000122140"
6566,"enh11","ENSG00000144134"
6567,"enh12","ENSG00000099817"
6568,"enh3","ENSG00000167487"
6569,"enh7","ENSG00000130559"
6570,"enh10","ENSG00000152518"
6571,"enh12","ENSG00000136937"
6572,"enh14","ENSG00000182087"
6573,"enh10","ENSG00000106976"
6574,"enh11","ENSG00000131097"
6575,"enh6","ENSG00000125485"
6576,"enh6","ENSG00000170385"
6577,"enh6","ENSG00000166188"
6578,"enh3","ENSG00000115970"
6579,"enh14","ENSG00000115091"
6580,"enh13","ENSG00000165684"
6581,"enh8","ENSG00000235034"
6582,"enh8","ENSG00000158715"
6583,"enh9","ENSG00000133059"
6584,"enh4","ENSG00000010361"
6585,"enh13","ENSG00000120896"
6586,"enh5","ENSG00000175707"
6587,"enh5","ENSG00000148297"
6588,"enh8","ENSG00000165661"
6589,"enh2","ENSG00000120656"
6590,"enh10","ENSG00000198840"
6591,"enh11","ENSG00000099875"
6592,"enh12","ENSG00000104960"
6593,"enh7","ENSG00000188554"
6594,"enh1","ENSG00000069275"
6595,"enh12","ENSG00000171159"
6596,"enh7","ENSG00000125485"
6597,"enh7","ENSG00000133275"
6598,"enh9","ENSG00000165702"
6599,"enh5","ENSG00000103005"
6600,"enh10","ENSG00000095380"
6601,"enh2","ENSG00000180340"
6602,"enh11","ENSG00000099866"
6603,"enh5","ENSG00000095383"
6604,"enh6","ENSG00000254470"
6605,"enh13","ENSG00000153214"
6606,"enh6","ENSG00000117625"
6607,"enh10","ENSG00000174871"
6608,"enh6","ENSG00000174516"
6609,"enh1","ENSG00000069482"
6610,"enh7","ENSG00000181513"
6611,"enh14","ENSG00000104946"
6612,"enh14","ENSG00000165688"
6613,"enh4","ENSG00000241852"
6614,"enh8","ENSG00000167123"
6615,"enh12","ENSG00000051108"
6616,"enh4","ENSG00000163291"
6617,"enh6","ENSG00000198746"
6618,"enh8","ENSG00000159648"
6619,"enh10","ENSG00000004939"
6620,"enh13","ENSG00000030582"
6621,"enh11","ENSG00000203705"
6622,"enh3","ENSG00000254470"
6623,"enh7","ENSG00000167110"
6624,"enh4","ENSG00000087365"
6625,"enh1","ENSG00000105701"
6626,"enh10","ENSG00000131409"
6627,"enh2","ENSG00000253368"
6628,"enh13","ENSG00000198870"
6629,"enh9","ENSG00000106992"
6630,"enh11","ENSG00000138756"
6631,"enh7","ENSG00000130766"
6632,"enh11","ENSG00000142765"
6633,"enh3","ENSG00000172775"
6634,"enh11","ENSG00000162769"
6635,"enh5","ENSG00000197694"
6636,"enh11","ENSG00000119333"
6637,"enh7","ENSG00000131398"
6638,"enh12","ENSG00000167759"
6639,"enh6","ENSG00000148334"
6640,"enh3","ENSG00000142751"
6641,"enh5","ENSG00000142733"
6642,"enh10","ENSG00000097046"
6643,"enh13","ENSG00000115758"
6644,"enh8","ENSG00000136874"
6645,"enh2","ENSG00000070404"
6646,"enh9","ENSG00000064666"
6647,"enh14","ENSG00000136895"
6648,"enh6","ENSG00000115268"
6649,"enh13","ENSG00000168066"
6650,"enh13","ENSG00000130513"
6651,"enh2","ENSG00000117222"
6652,"enh1","ENSG00000197958"
6653,"enh13","ENSG00000151694"
6654,"enh10","ENSG00000174516"
6655,"enh14","ENSG00000122140"
6656,"enh1","ENSG00000169403"
6657,"enh10","ENSG00000144134"
6658,"enh8","ENSG00000134318"
6659,"enh1","ENSG00000167103"
6660,"enh5","ENSG00000165092"
6661,"enh5","ENSG00000241852"
6662,"enh12","ENSG00000070388"
6663,"enh11","ENSG00000117691"
6664,"enh1","ENSG00000159461"
6665,"enh5","ENSG00000141934"
6666,"enh3","ENSG00000167136"
6667,"enh12","ENSG00000102931"
6668,"enh12","ENSG00000180329"
6669,"enh4","ENSG00000136938"
6670,"enh13","ENSG00000011304"
6671,"enh14","ENSG00000172757"
6672,"enh10","ENSG00000165661"
6673,"enh1","ENSG00000138036"
6674,"enh7","ENSG00000125611"
6675,"enh6","ENSG00000117748"
6676,"enh13","ENSG00000186501"
6677,"enh11","ENSG00000162873"
6678,"enh12","ENSG00000171169"
6679,"enh3","ENSG00000197694"
6680,"enh9","ENSG00000167123"
6681,"enh1","ENSG00000136943"
6682,"enh5","ENSG00000161682"
6683,"enh11","ENSG00000204710"
6684,"enh14","ENSG00000101132"
6685,"enh12","ENSG00000004939"
6686,"enh12","ENSG00000196312"
6687,"enh5","ENSG00000173825"
6688,"enh13","ENSG00000117592"
6689,"enh2","ENSG00000136936"
6690,"enh6","ENSG00000160326"
6691,"enh6","ENSG00000148297"
6692,"enh2","ENSG00000197217"
6693,"enh4","ENSG00000198858"
6694,"enh4","ENSG00000104960"
6695,"enh10","ENSG00000165138"
6696,"enh2","ENSG00000122140"
6697,"enh14","ENSG00000175592"
6698,"enh6","ENSG00000130766"
6699,"enh3","ENSG00000108849"
6700,"enh9","ENSG00000133895"
6701,"enh1","ENSG00000184988"
6702,"enh2","ENSG00000117748"
6703,"enh3","ENSG00000167110"
6704,"enh10","ENSG00000169288"
6705,"enh3","ENSG00000009780"
6706,"enh1","ENSG00000167118"
6707,"enh5","ENSG00000136929"
6708,"enh4","ENSG00000159461"
6709,"enh14","ENSG00000146670"
6710,"enh6","ENSG00000064687"
6711,"enh13","ENSG00000108312"
6712,"enh9","ENSG00000147457"
6713,"enh3","ENSG00000140854"
6714,"enh8","ENSG00000174996"
6715,"enh6","ENSG00000175467"
6716,"enh7","ENSG00000171940"
6717,"enh4","ENSG00000175294"
6718,"enh12","ENSG00000125484"
6719,"enh10","ENSG00000159648"
6720,"enh2","ENSG00000141933"
6721,"enh7","ENSG00000173327"
6722,"enh3","ENSG00000104689"
6723,"enh8","ENSG00000186806"
6724,"enh13","ENSG00000158195"
6725,"enh4","ENSG00000148356"
6726,"enh7","ENSG00000180329"
6727,"enh8","ENSG00000105696"
6728,"enh10","ENSG00000142751"
6729,"enh14","ENSG00000213638"
6730,"enh12","ENSG00000071655"
6731,"enh1","ENSG00000162772"
6732,"enh14","ENSG00000105701"
6733,"enh12","ENSG00000174669"
6734,"enh1","ENSG00000196116"
6735,"enh10","ENSG00000071564"
6736,"enh4","ENSG00000115970"
6737,"enh8","ENSG00000130768"
6738,"enh14","ENSG00000105053"
6739,"enh2","ENSG00000151694"
6740,"enh13","ENSG00000138756"
6741,"enh13","ENSG00000148334"
6742,"enh3","ENSG00000181588"
6743,"enh1","ENSG00000143870"
6744,"enh11","ENSG00000125319"
6745,"enh14","ENSG00000105379"
6746,"enh10","ENSG00000171219"
6747,"enh10","ENSG00000125485"
6748,"enh1","ENSG00000064547"
6749,"enh4","ENSG00000197217"
6750,"enh5","ENSG00000117266"
6751,"enh6","ENSG00000197540"
6752,"enh7","ENSG00000204138"
6753,"enh4","ENSG00000198917"
6754,"enh8","ENSG00000149792"
6755,"enh4","ENSG00000162300"
6756,"enh11","ENSG00000133065"
6757,"enh2","ENSG00000117751"
6758,"enh4","ENSG00000160345"
6759,"enh7","ENSG00000167470"
6760,"enh10","ENSG00000117280"
6761,"enh2","ENSG00000161682"
6762,"enh5","ENSG00000082512"
6763,"enh4","ENSG00000167747"
6764,"enh1","ENSG00000091947"
6765,"enh6","ENSG00000144136"
6766,"enh14","ENSG00000175334"
6767,"enh10","ENSG00000115286"
6768,"enh5","ENSG00000162669"
6769,"enh3","ENSG00000186501"
6770,"enh14","ENSG00000148411"
6771,"enh3","ENSG00000172757"
6772,"enh13","ENSG00000148248"
6773,"enh8","ENSG00000148411"
6774,"enh13","ENSG00000198786"
6775,"enh10","ENSG00000105053"
6776,"enh9","ENSG00000144134"
6777,"enh7","ENSG00000187024"
6778,"enh7","ENSG00000167106"
6779,"enh14","ENSG00000198840"
6780,"enh13","ENSG00000006015"
6781,"enh12","ENSG00000173327"
6782,"enh14","ENSG00000171848"
6783,"enh7","ENSG00000168056"
6784,"enh9","ENSG00000005961"
6785,"enh1","ENSG00000133243"
6786,"enh12","ENSG00000105053"
6787,"enh7","ENSG00000068976"
6788,"enh2","ENSG00000131094"
6789,"enh1","ENSG00000125618"
6790,"enh10","ENSG00000133884"
6791,"enh11","ENSG00000197540"
6792,"enh1","ENSG00000174903"
6793,"enh2","ENSG00000105379"
6794,"enh9","ENSG00000119125"
6795,"enh13","ENSG00000160161"
6796,"enh14","ENSG00000160318"
6797,"enh14","ENSG00000105726"
6798,"enh13","ENSG00000099840"
6799,"enh12","ENSG00000155380"
6800,"enh6","ENSG00000115091"
6801,"enh7","ENSG00000014138"
6802,"enh6","ENSG00000107021"
6803,"enh1","ENSG00000066027"
6804,"enh11","ENSG00000143882"
6805,"enh7","ENSG00000148334"
6806,"enh5","ENSG00000162298"
6807,"enh12","ENSG00000068831"
6808,"enh11","ENSG00000104886"
6809,"enh7","ENSG00000174842"
6810,"enh1","ENSG00000141933"
6811,"enh9","ENSG00000117748"
6812,"enh14","ENSG00000165699"
6813,"enh2","ENSG00000174529"
6814,"enh5","ENSG00000172232"
6815,"enh11","ENSG00000161692"
6816,"enh6","ENSG00000187193"
6817,"enh8","ENSG00000117751"
6818,"enh3","ENSG00000167491"
6819,"enh4","ENSG00000069702"
6820,"enh1","ENSG00000198746"
6821,"enh4","ENSG00000070770"
6822,"enh9","ENSG00000162878"
6823,"enh10","ENSG00000138767"
6824,"enh2","ENSG00000159648"
6825,"enh4","ENSG00000175573"
6826,"enh3","ENSG00000149792"
6827,"enh9","ENSG00000174669"
6828,"enh11","ENSG00000066027"
6829,"enh4","ENSG00000175550"
6830,"enh2","ENSG00000069702"
6831,"enh8","ENSG00000123685"
6832,"enh12","ENSG00000152518"
6833,"enh2","ENSG00000119335"
6834,"enh10","ENSG00000099624"
6835,"enh1","ENSG00000130005"
6836,"enh9","ENSG00000159461"
6837,"enh13","ENSG00000106976"
6838,"enh10","ENSG00000088682"
6839,"enh2","ENSG00000168591"
6840,"enh9","ENSG00000149798"
6841,"enh7","ENSG00000117592"
6842,"enh11","ENSG00000105717"
6843,"enh5","ENSG00000171219"
6844,"enh3","ENSG00000141933"
6845,"enh3","ENSG00000068976"
6846,"enh2","ENSG00000172977"
6847,"enh2","ENSG00000108861"
6848,"enh10","ENSG00000143924"
6849,"enh13","ENSG00000171169"
6850,"enh3","ENSG00000149798"
6851,"enh11","ENSG00000120913"
6852,"enh12","ENSG00000107372"
6853,"enh6","ENSG00000204291"
6854,"enh3","ENSG00000160953"
6855,"enh7","ENSG00000065268"
6856,"enh6","ENSG00000167491"
6857,"enh12","ENSG00000006016"
6858,"enh6","ENSG00000254986"
6859,"enh11","ENSG00000123684"
6860,"enh3","ENSG00000108852"
6861,"enh8","ENSG00000106976"
6862,"enh11","ENSG00000213023"
6863,"enh6","ENSG00000100316"
6864,"enh3","ENSG00000144161"
6865,"enh9","ENSG00000135821"
6866,"enh9","ENSG00000130270"
6867,"enh1","ENSG00000104885"
6868,"enh4","ENSG00000115257"
6869,"enh3","ENSG00000143476"
6870,"enh11","ENSG00000140854"
6871,"enh1","ENSG00000167748"
6872,"enh14","ENSG00000175550"
6873,"enh13","ENSG00000117691"
6874,"enh8","ENSG00000143924"
6875,"enh1","ENSG00000120896"
6876,"enh8","ENSG00000262874"
6877,"enh3","ENSG00000104679"
6878,"enh11","ENSG00000171169"
6879,"enh14","ENSG00000169288"
6880,"enh1","ENSG00000099804"
6881,"enh7","ENSG00000071564"
6882,"enh3","ENSG00000010361"
6883,"enh9","ENSG00000184988"
6884,"enh12","ENSG00000175602"
6885,"enh6","ENSG00000125124"
6886,"enh11","ENSG00000136937"
6887,"enh3","ENSG00000125124"
6888,"enh4","ENSG00000174996"
6889,"enh11","ENSG00000131400"
6890,"enh5","ENSG00000196312"
6891,"enh14","ENSG00000105374"
6892,"enh5","ENSG00000079313"
6893,"enh12","ENSG00000174529"
6894,"enh13","ENSG00000116017"
6895,"enh5","ENSG00000136932"
6896,"enh2","ENSG00000136682"
6897,"enh10","ENSG00000175221"
6898,"enh4","ENSG00000167748"
6899,"enh5","ENSG00000167106"
6900,"enh14","ENSG00000227500"
6901,"enh9","ENSG00000197217"
6902,"enh7","ENSG00000117593"
6903,"enh12","ENSG00000160445"
6904,"enh3","ENSG00000203705"
6905,"enh10","ENSG00000162769"
6906,"enh14","ENSG00000079313"
6907,"enh14","ENSG00000066027"
6908,"enh3","ENSG00000162772"
6909,"enh8","ENSG00000175334"
6910,"enh6","ENSG00000105383"
6911,"enh14","ENSG00000087263"
6912,"enh9","ENSG00000115268"
6913,"enh9","ENSG00000160271"
6914,"enh12","ENSG00000102978"
6915,"enh12","ENSG00000104946"
6916,"enh11","ENSG00000030582"
6917,"enh14","ENSG00000006015"
6918,"enh14","ENSG00000162419"
6919,"enh4","ENSG00000105556"
6920,"enh12","ENSG00000172757"
6921,"enh14","ENSG00000254986"
6922,"enh11","ENSG00000254470"
6923,"enh3","ENSG00000131398"
6924,"enh1","ENSG00000104886"
6925,"enh7","ENSG00000165702"
6926,"enh11","ENSG00000136943"
6927,"enh8","ENSG00000117625"
6928,"enh11","ENSG00000014138"
6929,"enh5","ENSG00000213465"
6930,"enh5","ENSG00000175294"
6931,"enh13","ENSG00000125618"
6932,"enh8","ENSG00000152061"
6933,"enh2","ENSG00000105708"
6934,"enh5","ENSG00000167123"
6935,"enh13","ENSG00000254901"
6936,"enh8","ENSG00000011304"
6937,"enh9","ENSG00000010361"
6938,"enh8","ENSG00000182963"
6939,"enh12","ENSG00000064687"
6940,"enh7","ENSG00000148248"
6941,"enh9","ENSG00000167468"
6942,"enh4","ENSG00000168062"
6943,"enh2","ENSG00000117280"
6944,"enh7","ENSG00000142733"
6945,"enh1","ENSG00000012048"
6946,"enh4","ENSG00000136936"
6947,"enh10","ENSG00000134317"
6948,"enh3","ENSG00000064932"
6949,"enh4","ENSG00000250067"
6950,"enh3","ENSG00000102978"
6951,"enh2","ENSG00000143476"
6952,"enh10","ENSG00000174996"
6953,"enh8","ENSG00000105472"
6954,"enh9","ENSG00000130775"
6955,"enh6","ENSG00000118046"
6956,"enh14","ENSG00000125148"
6957,"enh13","ENSG00000122482"
6958,"enh3","ENSG00000105705"
6959,"enh1","ENSG00000172059"
6960,"enh12","ENSG00000126709"
6961,"enh11","ENSG00000153107"
6962,"enh5","ENSG00000174684"
6963,"enh9","ENSG00000102996"
6964,"enh6","ENSG00000167118"
6965,"enh4","ENSG00000163297"
6966,"enh14","ENSG00000148356"
6967,"enh12","ENSG00000198858"
6968,"enh14","ENSG00000168061"
6969,"enh7","ENSG00000177125"
6970,"enh7","ENSG00000198840"
6971,"enh10","ENSG00000125618"
6972,"enh4","ENSG00000051128"
6973,"enh12","ENSG00000140859"
6974,"enh1","ENSG00000196683"
6975,"enh1","ENSG00000162241"
6976,"enh11","ENSG00000136854"
6977,"enh4","ENSG00000006015"
6978,"enh7","ENSG00000167747"
6979,"enh9","ENSG00000117593"
6980,"enh13","ENSG00000196415"
6981,"enh3","ENSG00000183831"
6982,"enh8","ENSG00000138036"
6983,"enh11","ENSG00000158711"
6984,"enh7","ENSG00000104960"
6985,"enh2","ENSG00000117697"
6986,"enh6","ENSG00000115758"
6987,"enh4","ENSG00000130775"
6988,"enh7","ENSG00000169403"
6989,"enh12","ENSG00000180098"
6990,"enh9","ENSG00000161654"
6991,"enh7","ENSG00000198858"
6992,"enh14","ENSG00000174516"
6993,"enh10","ENSG00000104689"
6994,"enh9","ENSG00000105556"
6995,"enh1","ENSG00000165688"
6996,"enh4","ENSG00000064490"
6997,"enh1","ENSG00000118046"
6998,"enh3","ENSG00000125482"
6999,"enh11","ENSG00000136929"
7000,"enh12","ENSG00000167005"
7001,"enh7","ENSG00000136874"
7002,"enh2","ENSG00000165661"
7003,"enh13","ENSG00000140854"
7004,"enh12","ENSG00000172992"
7005,"enh4","ENSG00000160325"
7006,"enh11","ENSG00000090273"
7007,"enh11","ENSG00000169403"
7008,"enh14","ENSG00000119514"
7009,"enh3","ENSG00000171219"
7010,"enh11","ENSG00000119335"
7011,"enh5","ENSG00000070404"
7012,"enh10","ENSG00000146670"
7013,"enh2","ENSG00000133059"
7014,"enh14","ENSG00000107290"
7015,"enh13","ENSG00000155380"
7016,"enh9","ENSG00000136643"
7017,"enh2","ENSG00000103021"
7018,"enh5","ENSG00000133243"
7019,"enh7","ENSG00000131097"
7020,"enh14","ENSG00000197958"
7021,"enh10","ENSG00000129911"
7022,"enh8","ENSG00000082512"
7023,"enh4","ENSG00000187840"
7024,"enh9","ENSG00000131408"
7025,"enh2","ENSG00000064687"
7026,"enh7","ENSG00000090020"
7027,"enh6","ENSG00000014216"
7028,"enh13","ENSG00000105726"
7029,"enh12","ENSG00000120889"
7030,"enh12","ENSG00000174606"
7031,"enh14","ENSG00000158711"
7032,"enh10","ENSG00000117625"
7033,"enh14","ENSG00000125124"
7034,"enh12","ENSG00000148296"
7035,"enh1","ENSG00000153107"
7036,"enh8","ENSG00000136830"
7037,"enh3","ENSG00000147457"
7038,"enh3","ENSG00000221983"
7039,"enh2","ENSG00000165688"
7040,"enh13","ENSG00000160404"
7041,"enh4","ENSG00000105696"
7042,"enh12","ENSG00000119559"
7043,"enh4","ENSG00000105374"
7044,"enh5","ENSG00000168062"
7045,"enh12","ENSG00000167112"
7046,"enh5","ENSG00000117691"
7047,"enh6","ENSG00000177125"
7048,"enh1","ENSG00000120334"
7049,"enh14","ENSG00000148288"
7050,"enh6","ENSG00000099817"
7051,"enh14","ENSG00000117758"
7052,"enh12","ENSG00000126391"
7053,"enh11","ENSG00000099821"
7054,"enh6","ENSG00000148303"
7055,"enh4","ENSG00000119392"
7056,"enh14","ENSG00000130770"
7057,"enh5","ENSG00000108852"
7058,"enh6","ENSG00000156269"
7059,"enh4","ENSG00000004939"
7060,"enh6","ENSG00000144134"
7061,"enh7","ENSG00000136854"
7062,"enh11","ENSG00000162669"
7063,"enh7","ENSG00000129968"
7064,"enh3","ENSG00000069482"
7065,"enh3","ENSG00000008853"
7066,"enh4","ENSG00000134308"
7067,"enh2","ENSG00000149792"
7068,"enh6","ENSG00000116014"
7069,"enh13","ENSG00000133243"
7070,"enh14","ENSG00000136830"
7071,"enh13","ENSG00000213023"
7072,"enh10","ENSG00000148334"
7073,"enh4","ENSG00000146670"
7074,"enh13","ENSG00000196683"
7075,"enh9","ENSG00000165138"
7076,"enh12","ENSG00000115758"
7077,"enh3","ENSG00000107021"
7078,"enh4","ENSG00000167123"
7079,"enh1","ENSG00000099625"
7080,"enh4","ENSG00000095383"
7081,"enh9","ENSG00000134308"
7082,"enh6","ENSG00000134317"
7083,"enh3","ENSG00000119335"
7084,"enh13","ENSG00000135821"
7085,"enh11","ENSG00000005961"
7086,"enh3","ENSG00000105669"
7087,"enh2","ENSG00000071655"
7088,"enh10","ENSG00000165092"
7089,"enh2","ENSG00000136842"
7090,"enh6","ENSG00000125482"
7091,"enh14","ENSG00000196188"
7092,"enh8","ENSG00000162669"
7093,"enh14","ENSG00000099624"
7094,"enh14","ENSG00000099821"
7095,"enh9","ENSG00000253368"
7096,"enh1","ENSG00000115091"
7097,"enh2","ENSG00000130560"
7098,"enh11","ENSG00000106785"
7099,"enh7","ENSG00000161671"
7100,"enh3","ENSG00000175115"
7101,"enh5","ENSG00000119203"
7102,"enh8","ENSG00000167114"
7103,"enh1","ENSG00000095383"
7104,"enh9","ENSG00000171940"
7105,"enh7","ENSG00000144161"
7106,"enh11","ENSG00000148300"
7107,"enh6","ENSG00000182963"
7108,"enh7","ENSG00000181035"
7109,"enh5","ENSG00000180098"
7110,"enh13","ENSG00000186185"
7111,"enh10","ENSG00000136830"
7112,"enh7","ENSG00000135870"
7113,"enh3","ENSG00000186185"
7114,"enh7","ENSG00000069482"
7115,"enh6","ENSG00000107290"
7116,"enh6","ENSG00000136828"
7117,"enh7","ENSG00000172232"
7118,"enh7","ENSG00000079313"
7119,"enh12","ENSG00000171940"
7120,"enh4","ENSG00000126391"
7121,"enh10","ENSG00000254470"
7122,"enh11","ENSG00000064687"
7123,"enh11","ENSG00000130775"
7124,"enh4","ENSG00000171848"
7125,"enh7","ENSG00000171219"
7126,"enh13","ENSG00000129951"
7127,"enh3","ENSG00000105662"
7128,"enh10","ENSG00000011304"
7129,"enh4","ENSG00000149823"
7130,"enh6","ENSG00000160318"
7131,"enh3","ENSG00000144136"
7132,"enh4","ENSG00000196116"
7133,"enh4","ENSG00000136682"
7134,"enh14","ENSG00000133243"
7135,"enh2","ENSG00000069482"
7136,"enh5","ENSG00000122026"
7137,"enh11","ENSG00000122140"
7138,"enh3","ENSG00000006015"
7139,"enh13","ENSG00000010361"
7140,"enh9","ENSG00000068976"
7141,"enh10","ENSG00000173442"
7142,"enh3","ENSG00000170385"
7143,"enh6","ENSG00000095380"
7144,"enh8","ENSG00000165699"
7145,"enh6","ENSG00000115255"
7146,"enh2","ENSG00000167123"
7147,"enh9","ENSG00000106976"
7148,"enh14","ENSG00000106785"
7149,"enh5","ENSG00000175376"
7150,"enh1","ENSG00000135046"
7151,"enh3","ENSG00000142733"
7152,"enh9","ENSG00000005194"
7153,"enh11","ENSG00000204673"
7154,"enh8","ENSG00000151694"
7155,"enh4","ENSG00000119185"
7156,"enh8","ENSG00000125630"
7157,"enh4","ENSG00000133059"
7158,"enh1","ENSG00000175221"
7159,"enh10","ENSG00000117748"
7160,"enh3","ENSG00000161682"
7161,"enh9","ENSG00000105497"
7162,"enh7","ENSG00000180340"
7163,"enh9","ENSG00000197136"
7164,"enh10","ENSG00000196415"
7165,"enh14","ENSG00000173465"
7166,"enh5","ENSG00000134318"
7167,"enh11","ENSG00000129933"
7168,"enh10","ENSG00000254986"
7169,"enh9","ENSG00000197540"
7170,"enh11","ENSG00000064545"
7171,"enh2","ENSG00000138756"
7172,"enh5","ENSG00000130770"
7173,"enh9","ENSG00000105717"
7174,"enh5","ENSG00000129911"
7175,"enh10","ENSG00000169403"
7176,"enh6","ENSG00000196188"
7177,"enh14","ENSG00000107021"
7178,"enh14","ENSG00000186010"
7179,"enh1","ENSG00000105662"
7180,"enh12","ENSG00000136932"
7181,"enh8","ENSG00000135736"
7182,"enh9","ENSG00000141349"
7183,"enh12","ENSG00000014216"
7184,"enh10","ENSG00000102978"
7185,"enh6","ENSG00000167748"
7186,"enh7","ENSG00000198786"
7187,"enh2","ENSG00000170385"
7188,"enh10","ENSG00000186185"
7189,"enh8","ENSG00000099622"
7190,"enh5","ENSG00000165688"
7191,"enh7","ENSG00000125124"
7192,"enh14","ENSG00000184988"
7193,"enh7","ENSG00000136856"
7194,"enh13","ENSG00000161682"
7195,"enh6","ENSG00000136874"
7196,"enh5","ENSG00000182087"
7197,"enh1","ENSG00000009780"
7198,"enh6","ENSG00000105717"
7199,"enh3","ENSG00000134318"
7200,"enh2","ENSG00000160445"
7201,"enh6","ENSG00000133884"
7202,"enh11","ENSG00000110046"
7203,"enh8","ENSG00000142784"
7204,"enh7","ENSG00000106803"
7205,"enh7","ENSG00000104897"
7206,"enh9","ENSG00000130511"
7207,"enh13","ENSG00000165688"
7208,"enh5","ENSG00000165689"
7209,"enh13","ENSG00000089639"
7210,"enh2","ENSG00000213024"
7211,"enh11","ENSG00000174684"
7212,"enh2","ENSG00000148303"
7213,"enh2","ENSG00000136874"
7214,"enh1","ENSG00000138772"
7215,"enh6","ENSG00000238227"
7216,"enh6","ENSG00000213024"
7217,"enh13","ENSG00000169136"
7218,"enh2","ENSG00000115761"
7219,"enh2","ENSG00000138036"
7220,"enh5","ENSG00000175573"
7221,"enh7","ENSG00000144130"
7222,"enh8","ENSG00000118046"
7223,"enh13","ENSG00000068976"
7224,"enh13","ENSG00000221983"
7225,"enh6","ENSG00000119203"
7226,"enh4","ENSG00000014138"
7227,"enh2","ENSG00000187024"
7228,"enh4","ENSG00000162419"
7229,"enh13","ENSG00000064490"
7230,"enh14","ENSG00000174684"
7231,"enh4","ENSG00000068831"
7232,"enh12","ENSG00000168067"
7233,"enh6","ENSG00000131398"
7234,"enh10","ENSG00000105669"
7235,"enh2","ENSG00000119392"
7236,"enh7","ENSG00000130270"
7237,"enh12","ENSG00000177125"
7238,"enh5","ENSG00000143476"
7239,"enh1","ENSG00000117625"
7240,"enh14","ENSG00000167005"
7241,"enh2","ENSG00000115970"
7242,"enh7","ENSG00000087152"
7243,"enh8","ENSG00000136842"
7244,"enh6","ENSG00000148290"
7245,"enh2","ENSG00000130511"
7246,"enh14","ENSG00000159579"
7247,"enh11","ENSG00000197766"
7248,"enh8","ENSG00000136895"
7249,"enh14","ENSG00000197217"
7250,"enh8","ENSG00000254470"
7251,"enh11","ENSG00000011304"
7252,"enh4","ENSG00000107021"
7253,"enh2","ENSG00000099875"
7254,"enh8","ENSG00000115286"
7255,"enh14","ENSG00000172977"
7256,"enh10","ENSG00000175854"
7257,"enh6","ENSG00000088682"
7258,"enh7","ENSG00000119203"
7259,"enh6","ENSG00000143476"
7260,"enh1","ENSG00000117601"
7261,"enh11","ENSG00000167112"
7262,"enh6","ENSG00000168062"
7263,"enh9","ENSG00000204291"
7264,"enh12","ENSG00000196116"
7265,"enh9","ENSG00000099817"
7266,"enh5","ENSG00000068831"
7267,"enh5","ENSG00000181896"
7268,"enh13","ENSG00000104897"
7269,"enh3","ENSG00000174871"
7270,"enh2","ENSG00000129911"
7271,"enh4","ENSG00000169136"
7272,"enh14","ENSG00000175707"
7273,"enh13","ENSG00000105053"
7274,"enh10","ENSG00000198858"
7275,"enh9","ENSG00000181773"
7276,"enh9","ENSG00000156269"
7277,"enh6","ENSG00000160325"
7278,"enh2","ENSG00000062822"
7279,"enh11","ENSG00000129968"
7280,"enh10","ENSG00000136643"
7281,"enh8","ENSG00000170385"
7282,"enh5","ENSG00000136807"
7283,"enh5","ENSG00000105671"
7284,"enh8","ENSG00000099821"
7285,"enh6","ENSG00000039650"
7286,"enh10","ENSG00000167106"
7287,"enh9","ENSG00000087263"
7288,"enh8","ENSG00000165702"
7289,"enh4","ENSG00000197958"
7290,"enh3","ENSG00000166188"
7291,"enh9","ENSG00000174744"
7292,"enh9","ENSG00000127540"
7293,"enh6","ENSG00000161682"
7294,"enh9","ENSG00000005007"
7295,"enh7","ENSG00000196415"
7296,"enh11","ENSG00000102978"
7297,"enh12","ENSG00000105472"
7298,"enh5","ENSG00000105705"
7299,"enh7","ENSG00000129933"
7300,"enh3","ENSG00000116017"
7301,"enh6","ENSG00000172775"
7302,"enh6","ENSG00000162669"
7303,"enh10","ENSG00000006016"
7304,"enh2","ENSG00000117266"
7305,"enh6","ENSG00000175376"
7306,"enh1","ENSG00000064545"
7307,"enh6","ENSG00000120656"
7308,"enh1","ENSG00000108883"
7309,"enh12","ENSG00000133059"
7310,"enh6","ENSG00000107372"
7311,"enh6","ENSG00000099840"
7312,"enh3","ENSG00000162669"
7313,"enh3","ENSG00000138767"
7314,"enh5","ENSG00000165684"
7315,"enh2","ENSG00000102934"
7316,"enh2","ENSG00000174516"
7317,"enh9","ENSG00000129911"
7318,"enh2","ENSG00000223802"
7319,"enh1","ENSG00000148337"
7320,"enh5","ENSG00000108883"
7321,"enh9","ENSG00000069482"
7322,"enh11","ENSG00000117625"
7323,"enh6","ENSG00000013306"
7324,"enh2","ENSG00000099624"
7325,"enh8","ENSG00000070404"
7326,"enh12","ENSG00000105383"
7327,"enh14","ENSG00000188554"
7328,"enh9","ENSG00000105705"
7329,"enh9","ENSG00000135046"
7330,"enh1","ENSG00000148356"
7331,"enh4","ENSG00000148288"
7332,"enh14","ENSG00000167118"
7333,"enh1","ENSG00000110047"
7334,"enh11","ENSG00000125170"
7335,"enh8","ENSG00000140848"
7336,"enh6","ENSG00000173442"
7337,"enh2","ENSG00000160953"
7338,"enh14","ENSG00000115758"
7339,"enh5","ENSG00000064666"
7340,"enh2","ENSG00000167113"
7341,"enh7","ENSG00000158715"
7342,"enh12","ENSG00000070423"
7343,"enh7","ENSG00000160563"
7344,"enh10","ENSG00000165684"
7345,"enh1","ENSG00000126705"
7346,"enh6","ENSG00000117650"
7347,"enh14","ENSG00000099875"
7348,"enh12","ENSG00000149798"
7349,"enh4","ENSG00000160161"
7350,"enh1","ENSG00000146670"
7351,"enh3","ENSG00000213465"
7352,"enh1","ENSG00000144161"
7353,"enh6","ENSG00000148288"
7354,"enh11","ENSG00000170385"
7355,"enh6","ENSG00000133059"
7356,"enh10","ENSG00000070770"
7357,"enh6","ENSG00000108840"
7358,"enh4","ENSG00000228300"
7359,"enh7","ENSG00000160404"
7360,"enh2","ENSG00000130005"
7361,"enh6","ENSG00000068976"
7362,"enh8","ENSG00000142186"
7363,"enh12","ENSG00000142784"
7364,"enh12","ENSG00000165689"
