"selection_order","grna_target","response_id"
1,"enh1","ENSG00000143882"
2,"enh13","ENSG00000198786"
3,"enh4","ENSG00000013306"
4,"enh9","ENSG00000130772"
5,"enh4","ENSG00000107372"
6,"enh14","ENSG00000174516"
7,"enh9","ENSG00000144130"
8,"enh2","ENSG00000167113"
9,"enh13","ENSG00000065600"
10,"enh9","ENSG00000097046"
11,"enh10","ENSG00000006016"
12,"enh12","ENSG00000116014"
13,"enh2","ENSG00000173825"
14,"enh10","ENSG00000123684"
15,"enh5","ENSG00000070404"
16,"enh5","ENSG00000169136"
17,"enh4","ENSG00000174529"
18,"enh4","ENSG00000172270"
19,"enh8","ENSG00000140848"
20,"enh12","ENSG00000122482"
21,"enh14","ENSG00000161654"
22,"enh2","ENSG00000006015"
23,"enh5","ENSG00000130772"
24,"enh2","ENSG00000197694"
25,"enh1","ENSG00000167114"
26,"enh6","ENSG00000149809"
27,"enh8","ENSG00000108312"
28,"enh1","ENSG00000130772"
29,"enh13","ENSG00000181588"
30,"enh5","ENSG00000108312"
31,"enh4","ENSG00000163297"
32,"enh9","ENSG00000196188"
33,"enh8","ENSG00000069702"
34,"enh7","ENSG00000102900"
35,"enh6","ENSG00000173825"
36,"enh8","ENSG00000131097"
37,"enh1","ENSG00000213638"
38,"enh3","ENSG00000156269"
39,"enh7","ENSG00000167114"
40,"enh1","ENSG00000167748"
41,"enh12","ENSG00000108309"
42,"enh3","ENSG00000125124"
43,"enh6","ENSG00000147669"
44,"enh2","ENSG00000175550"
45,"enh11","ENSG00000187840"
46,"enh14","ENSG00000198786"
47,"enh8","ENSG00000169403"
48,"enh10","ENSG00000148300"
49,"enh11","ENSG00000174871"
50,"enh6","ENSG00000126391"
51,"enh9","ENSG00000069702"
52,"enh6","ENSG00000079313"
53,"enh3","ENSG00000107372"
54,"enh8","ENSG00000160325"
55,"enh14","ENSG00000136937"
56,"enh11","ENSG00000105053"
57,"enh5","ENSG00000129911"
58,"enh12","ENSG00000140859"
59,"enh14","ENSG00000198417"
60,"enh1","ENSG00000119559"
61,"enh13","ENSG00000070770"
62,"enh1","ENSG00000136854"
63,"enh8","ENSG00000196683"
64,"enh10","ENSG00000174996"
65,"enh6","ENSG00000197694"
66,"enh14","ENSG00000178093"
67,"enh3","ENSG00000064932"
68,"enh6","ENSG00000158711"
69,"enh5","ENSG00000170385"
70,"enh8","ENSG00000130270"
71,"enh13","ENSG00000136448"
72,"enh9","ENSG00000168062"
73,"enh13","ENSG00000167747"
74,"enh3","ENSG00000204710"
75,"enh11","ENSG00000149809"
76,"enh9","ENSG00000167470"
77,"enh2","ENSG00000159648"
78,"enh14","ENSG00000136936"
79,"enh1","ENSG00000105656"
80,"enh9","ENSG00000147454"
81,"enh12","ENSG00000064490"
82,"enh9","ENSG00000172232"
83,"enh9","ENSG00000213465"
84,"enh8","ENSG00000167103"
85,"enh14","ENSG00000165689"
86,"enh7","ENSG00000160446"
87,"enh12","ENSG00000142186"
88,"enh10","ENSG00000130560"
89,"enh13","ENSG00000175832"
90,"enh13","ENSG00000115286"
91,"enh3","ENSG00000213465"
92,"enh3","ENSG00000105726"
93,"enh14","ENSG00000148296"
94,"enh9","ENSG00000159579"
95,"enh2","ENSG00000116014"
96,"enh11","ENSG00000148411"
97,"enh13","ENSG00000133059"
98,"enh11","ENSG00000174842"
99,"enh11","ENSG00000030582"
100,"enh6","ENSG00000134318"
101,"enh8","ENSG00000057935"
102,"enh14","ENSG00000122484"
103,"enh2","ENSG00000057935"
104,"enh3","ENSG00000162669"
105,"enh10","ENSG00000125482"
106,"enh3","ENSG00000181896"
107,"enh9","ENSG00000134318"
108,"enh4","ENSG00000196116"
109,"enh10","ENSG00000131400"
110,"enh6","ENSG00000159461"
111,"enh7","ENSG00000051108"
112,"enh10","ENSG00000148303"
113,"enh12","ENSG00000125170"
114,"enh14","ENSG00000149823"
115,"enh8","ENSG00000165092"
116,"enh9","ENSG00000010361"
117,"enh14","ENSG00000186806"
118,"enh8","ENSG00000223802"
119,"enh6","ENSG00000068971"
120,"enh1","ENSG00000153214"
121,"enh7","ENSG00000133275"
122,"enh9","ENSG00000189195"
123,"enh6","ENSG00000196550"
124,"enh5","ENSG00000197958"
125,"enh14","ENSG00000228300"
126,"enh9","ENSG00000110046"
127,"enh12","ENSG00000143493"
128,"enh3","ENSG00000238227"
129,"enh5","ENSG00000156269"
130,"enh13","ENSG00000162300"
131,"enh13","ENSG00000142765"
132,"enh7","ENSG00000181773"
133,"enh4","ENSG00000151694"
134,"enh9","ENSG00000135046"
135,"enh8","ENSG00000106799"
136,"enh14","ENSG00000013306"
137,"enh8","ENSG00000134317"
138,"enh13","ENSG00000125630"
139,"enh4","ENSG00000223802"
140,"enh2","ENSG00000197766"
141,"enh9","ENSG00000181513"
142,"enh4","ENSG00000147454"
143,"enh5","ENSG00000120913"
144,"enh3","ENSG00000160325"
145,"enh11","ENSG00000103021"
146,"enh4","ENSG00000069702"
147,"enh8","ENSG00000108840"
148,"enh9","ENSG00000143882"
149,"enh12","ENSG00000082512"
150,"enh4","ENSG00000161671"
151,"enh10","ENSG00000198870"
152,"enh9","ENSG00000147669"
153,"enh1","ENSG00000119203"
154,"enh13","ENSG00000117748"
155,"enh6","ENSG00000105472"
156,"enh4","ENSG00000198917"
157,"enh2","ENSG00000174669"
158,"enh9","ENSG00000069482"
159,"enh1","ENSG00000126391"
160,"enh2","ENSG00000196312"
161,"enh9","ENSG00000115750"
162,"enh8","ENSG00000181781"
163,"enh14","ENSG00000115091"
164,"enh5","ENSG00000160447"
165,"enh9","ENSG00000105662"
166,"enh2","ENSG00000119559"
167,"enh6","ENSG00000196961"
168,"enh14","ENSG00000117691"
169,"enh1","ENSG00000107290"
170,"enh7","ENSG00000174851"
171,"enh14","ENSG00000129946"
172,"enh14","ENSG00000254901"
173,"enh9","ENSG00000129911"
174,"enh1","ENSG00000198746"
175,"enh9","ENSG00000162669"
176,"enh10","ENSG00000106991"
177,"enh6","ENSG00000172977"
178,"enh7","ENSG00000142751"
179,"enh2","ENSG00000254901"
180,"enh4","ENSG00000227500"
181,"enh14","ENSG00000005961"
182,"enh11","ENSG00000238227"
183,"enh9","ENSG00000105556"
184,"enh8","ENSG00000110046"
185,"enh6","ENSG00000172775"
186,"enh12","ENSG00000136932"
187,"enh11","ENSG00000131094"
188,"enh7","ENSG00000198417"
189,"enh2","ENSG00000238227"
190,"enh13","ENSG00000174516"
191,"enh7","ENSG00000136448"
192,"enh5","ENSG00000120889"
193,"enh1","ENSG00000108883"
194,"enh14","ENSG00000175592"
195,"enh10","ENSG00000213465"
196,"enh4","ENSG00000158941"
197,"enh5","ENSG00000105700"
198,"enh3","ENSG00000196961"
199,"enh12","ENSG00000176973"
200,"enh6","ENSG00000149806"
201,"enh9","ENSG00000149823"
202,"enh5","ENSG00000102931"
203,"enh10","ENSG00000254470"
204,"enh11","ENSG00000168056"
205,"enh9","ENSG00000165661"
206,"enh2","ENSG00000198917"
207,"enh5","ENSG00000125611"
208,"enh2","ENSG00000010361"
209,"enh8","ENSG00000136840"
210,"enh8","ENSG00000168067"
211,"enh2","ENSG00000170385"
212,"enh10","ENSG00000107372"
213,"enh10","ENSG00000162772"
214,"enh9","ENSG00000136932"
215,"enh8","ENSG00000162873"
216,"enh5","ENSG00000152061"
217,"enh1","ENSG00000160271"
218,"enh3","ENSG00000146670"
219,"enh14","ENSG00000204673"
220,"enh12","ENSG00000188177"
221,"enh6","ENSG00000198492"
222,"enh4","ENSG00000014216"
223,"enh6","ENSG00000126705"
224,"enh9","ENSG00000099622"
225,"enh4","ENSG00000117625"
226,"enh4","ENSG00000115758"
227,"enh10","ENSG00000065268"
228,"enh14","ENSG00000167005"
229,"enh14","ENSG00000173039"
230,"enh12","ENSG00000213024"
231,"enh7","ENSG00000126709"
232,"enh1","ENSG00000125618"
233,"enh13","ENSG00000188177"
234,"enh12","ENSG00000105676"
235,"enh3","ENSG00000064607"
236,"enh9","ENSG00000130559"
237,"enh10","ENSG00000174950"
238,"enh1","ENSG00000115091"
239,"enh4","ENSG00000169607"
240,"enh13","ENSG00000104886"
241,"enh1","ENSG00000104897"
242,"enh14","ENSG00000057935"
243,"enh4","ENSG00000105655"
244,"enh1","ENSG00000159461"
245,"enh5","ENSG00000108861"
246,"enh7","ENSG00000227500"
247,"enh6","ENSG00000161654"
248,"enh10","ENSG00000130559"
249,"enh13","ENSG00000105379"
250,"enh14","ENSG00000180329"
251,"enh11","ENSG00000175467"
252,"enh8","ENSG00000134318"
253,"enh10","ENSG00000181588"
254,"enh11","ENSG00000119523"
255,"enh13","ENSG00000165092"
256,"enh4","ENSG00000213638"
257,"enh9","ENSG00000141934"
258,"enh8","ENSG00000103021"
259,"enh3","ENSG00000197694"
260,"enh3","ENSG00000175707"
261,"enh5","ENSG00000198840"
262,"enh9","ENSG00000104679"
263,"enh8","ENSG00000169136"
264,"enh3","ENSG00000119185"
265,"enh2","ENSG00000168066"
266,"enh12","ENSG00000131398"
267,"enh4","ENSG00000198858"
268,"enh1","ENSG00000104946"
269,"enh7","ENSG00000136925"
270,"enh9","ENSG00000147457"
271,"enh11","ENSG00000197217"
272,"enh8","ENSG00000130513"
273,"enh1","ENSG00000175854"
274,"enh6","ENSG00000149792"
275,"enh2","ENSG00000181588"
276,"enh14","ENSG00000117697"
277,"enh9","ENSG00000152527"
278,"enh11","ENSG00000167748"
279,"enh13","ENSG00000117592"
280,"enh3","ENSG00000117593"
281,"enh11","ENSG00000174516"
282,"enh14","ENSG00000172775"
283,"enh8","ENSG00000122484"
284,"enh6","ENSG00000115255"
285,"enh12","ENSG00000181896"
286,"enh9","ENSG00000175906"
287,"enh9","ENSG00000129951"
288,"enh14","ENSG00000144134"
289,"enh6","ENSG00000235034"
290,"enh10","ENSG00000213988"
291,"enh4","ENSG00000087263"
292,"enh6","ENSG00000162241"
293,"enh5","ENSG00000167005"
294,"enh1","ENSG00000181035"
295,"enh7","ENSG00000197136"
296,"enh1","ENSG00000100316"
297,"enh3","ENSG00000160345"
298,"enh10","ENSG00000070404"
299,"enh2","ENSG00000198870"
300,"enh6","ENSG00000136943"
301,"enh14","ENSG00000064547"
302,"enh11","ENSG00000119559"
303,"enh5","ENSG00000176973"
304,"enh14","ENSG00000181773"
305,"enh4","ENSG00000148339"
306,"enh13","ENSG00000160161"
307,"enh8","ENSG00000115944"
308,"enh12","ENSG00000117751"
309,"enh6","ENSG00000106799"
310,"enh2","ENSG00000070770"
311,"enh9","ENSG00000064547"
312,"enh3","ENSG00000104886"
313,"enh14","ENSG00000131398"
314,"enh5","ENSG00000136448"
315,"enh5","ENSG00000107021"
316,"enh12","ENSG00000131409"
317,"enh12","ENSG00000167113"
318,"enh4","ENSG00000142751"
319,"enh9","ENSG00000184988"
320,"enh10","ENSG00000181035"
321,"enh7","ENSG00000101132"
322,"enh7","ENSG00000147457"
323,"enh13","ENSG00000064687"
324,"enh8","ENSG00000158161"
325,"enh10","ENSG00000173327"
326,"enh3","ENSG00000136874"
327,"enh5","ENSG00000148411"
328,"enh13","ENSG00000105671"
329,"enh8","ENSG00000167468"
330,"enh7","ENSG00000123685"
331,"enh9","ENSG00000117222"
332,"enh13","ENSG00000068976"
333,"enh12","ENSG00000174529"
334,"enh4","ENSG00000144161"
335,"enh14","ENSG00000167114"
336,"enh5","ENSG00000186010"
337,"enh6","ENSG00000175573"
338,"enh2","ENSG00000129911"
339,"enh7","ENSG00000125124"
340,"enh14","ENSG00000172081"
341,"enh4","ENSG00000160326"
342,"enh12","ENSG00000051128"
343,"enh1","ENSG00000198840"
344,"enh6","ENSG00000169136"
345,"enh3","ENSG00000165689"
346,"enh3","ENSG00000174851"
347,"enh2","ENSG00000136811"
348,"enh7","ENSG00000160563"
349,"enh2","ENSG00000062822"
350,"enh2","ENSG00000138036"
351,"enh2","ENSG00000116017"
352,"enh9","ENSG00000051108"
353,"enh3","ENSG00000167748"
354,"enh6","ENSG00000115091"
355,"enh12","ENSG00000130559"
356,"enh12","ENSG00000136643"
357,"enh8","ENSG00000165684"
358,"enh3","ENSG00000143870"
359,"enh1","ENSG00000174903"
360,"enh3","ENSG00000099804"
361,"enh11","ENSG00000130559"
362,"enh2","ENSG00000140854"
363,"enh3","ENSG00000125319"
364,"enh4","ENSG00000165702"
365,"enh7","ENSG00000125148"
366,"enh7","ENSG00000105053"
367,"enh11","ENSG00000203705"
368,"enh13","ENSG00000213023"
369,"enh11","ENSG00000160161"
370,"enh14","ENSG00000171219"
371,"enh6","ENSG00000117280"
372,"enh9","ENSG00000175334"
373,"enh13","ENSG00000089639"
374,"enh12","ENSG00000204138"
375,"enh12","ENSG00000186185"
376,"enh13","ENSG00000223802"
377,"enh6","ENSG00000039650"
378,"enh11","ENSG00000136925"
379,"enh4","ENSG00000136840"
380,"enh7","ENSG00000228300"
381,"enh5","ENSG00000178093"
382,"enh4","ENSG00000119125"
383,"enh10","ENSG00000115944"
384,"enh10","ENSG00000172992"
385,"enh10","ENSG00000149792"
386,"enh14","ENSG00000174547"
387,"enh10","ENSG00000151694"
388,"enh12","ENSG00000130513"
389,"enh13","ENSG00000197136"
390,"enh12","ENSG00000185761"
391,"enh6","ENSG00000180448"
392,"enh1","ENSG00000136682"
393,"enh9","ENSG00000012048"
394,"enh1","ENSG00000130513"
395,"enh10","ENSG00000158711"
396,"enh11","ENSG00000172757"
397,"enh13","ENSG00000161654"
398,"enh10","ENSG00000153208"
399,"enh8","ENSG00000119125"
400,"enh13","ENSG00000006016"
401,"enh7","ENSG00000196961"
402,"enh5","ENSG00000160563"
403,"enh12","ENSG00000167136"
404,"enh2","ENSG00000107372"
405,"enh7","ENSG00000174684"
406,"enh1","ENSG00000105700"
407,"enh2","ENSG00000172977"
408,"enh14","ENSG00000099622"
409,"enh12","ENSG00000148356"
410,"enh2","ENSG00000136943"
411,"enh12","ENSG00000133065"
412,"enh9","ENSG00000087152"
413,"enh7","ENSG00000167123"
414,"enh9","ENSG00000167103"
415,"enh7","ENSG00000115084"
416,"enh13","ENSG00000099804"
417,"enh11","ENSG00000167005"
418,"enh7","ENSG00000119514"
419,"enh12","ENSG00000136811"
420,"enh2","ENSG00000148339"
421,"enh9","ENSG00000196312"
422,"enh7","ENSG00000153107"
423,"enh6","ENSG00000104960"
424,"enh11","ENSG00000127540"
425,"enh6","ENSG00000143870"
426,"enh10","ENSG00000104946"
427,"enh1","ENSG00000104886"
428,"enh14","ENSG00000106992"
429,"enh9","ENSG00000095383"
430,"enh14","ENSG00000238227"
431,"enh12","ENSG00000120889"
432,"enh9","ENSG00000119335"
433,"enh14","ENSG00000138772"
434,"enh2","ENSG00000118046"
435,"enh4","ENSG00000144130"
436,"enh3","ENSG00000172270"
437,"enh6","ENSG00000221983"
438,"enh1","ENSG00000149798"
439,"enh12","ENSG00000143870"
440,"enh5","ENSG00000117601"
441,"enh3","ENSG00000014216"
442,"enh11","ENSG00000161714"
443,"enh7","ENSG00000197694"
444,"enh14","ENSG00000104679"
445,"enh11","ENSG00000227500"
446,"enh1","ENSG00000133895"
447,"enh7","ENSG00000172992"
448,"enh13","ENSG00000136943"
449,"enh12","ENSG00000160325"
450,"enh12","ENSG00000129951"
451,"enh8","ENSG00000175832"
452,"enh12","ENSG00000161714"
453,"enh4","ENSG00000105705"
454,"enh8","ENSG00000148248"
455,"enh9","ENSG00000136643"
456,"enh6","ENSG00000165698"
457,"enh14","ENSG00000069482"
458,"enh9","ENSG00000115761"
459,"enh3","ENSG00000165698"
460,"enh10","ENSG00000011304"
461,"enh13","ENSG00000135870"
462,"enh11","ENSG00000171159"
463,"enh4","ENSG00000071564"
464,"enh2","ENSG00000175376"
465,"enh5","ENSG00000148288"
466,"enh8","ENSG00000188554"
467,"enh14","ENSG00000181035"
468,"enh11","ENSG00000097046"
469,"enh8","ENSG00000136895"
470,"enh14","ENSG00000136908"
471,"enh2","ENSG00000136842"
472,"enh6","ENSG00000197540"
473,"enh7","ENSG00000039650"
474,"enh5","ENSG00000168061"
475,"enh6","ENSG00000104886"
476,"enh4","ENSG00000099821"
477,"enh3","ENSG00000136943"
478,"enh13","ENSG00000102996"
479,"enh7","ENSG00000196683"
480,"enh12","ENSG00000076321"
481,"enh9","ENSG00000148297"
482,"enh5","ENSG00000069275"
483,"enh5","ENSG00000198917"
484,"enh7","ENSG00000148356"
485,"enh1","ENSG00000168067"
486,"enh6","ENSG00000253368"
487,"enh9","ENSG00000171159"
488,"enh4","ENSG00000197958"
489,"enh7","ENSG00000062822"
490,"enh6","ENSG00000171159"
491,"enh1","ENSG00000151694"
492,"enh1","ENSG00000144130"
493,"enh11","ENSG00000108840"
494,"enh6","ENSG00000051108"
495,"enh10","ENSG00000181781"
496,"enh5","ENSG00000143870"
497,"enh10","ENSG00000238227"
498,"enh3","ENSG00000160408"
499,"enh12","ENSG00000079313"
500,"enh13","ENSG00000133275"
501,"enh13","ENSG00000182087"
502,"enh2","ENSG00000068971"
503,"enh7","ENSG00000169288"
504,"enh10","ENSG00000162769"
505,"enh6","ENSG00000213024"
506,"enh1","ENSG00000178093"
507,"enh1","ENSG00000181588"
508,"enh8","ENSG00000174547"
509,"enh5","ENSG00000172992"
510,"enh6","ENSG00000064545"
511,"enh11","ENSG00000115084"
512,"enh2","ENSG00000168591"
513,"enh3","ENSG00000144130"
514,"enh14","ENSG00000175854"
515,"enh6","ENSG00000168067"
516,"enh10","ENSG00000133059"
517,"enh3","ENSG00000175854"
518,"enh2","ENSG00000005007"
519,"enh5","ENSG00000133243"
520,"enh14","ENSG00000006015"
521,"enh6","ENSG00000136937"
522,"enh10","ENSG00000198858"
523,"enh3","ENSG00000105705"
524,"enh7","ENSG00000172059"
525,"enh10","ENSG00000163297"
526,"enh7","ENSG00000197540"
527,"enh11","ENSG00000181781"
528,"enh9","ENSG00000167748"
529,"enh7","ENSG00000221983"
530,"enh8","ENSG00000108309"
531,"enh14","ENSG00000196422"
532,"enh7","ENSG00000159648"
533,"enh11","ENSG00000110047"
534,"enh8","ENSG00000140859"
535,"enh2","ENSG00000105472"
536,"enh12","ENSG00000104131"
537,"enh6","ENSG00000005961"
538,"enh9","ENSG00000130005"
539,"enh8","ENSG00000105472"
540,"enh4","ENSG00000175592"
541,"enh4","ENSG00000175294"
542,"enh12","ENSG00000117592"
543,"enh13","ENSG00000168066"
544,"enh2","ENSG00000173327"
545,"enh6","ENSG00000197816"
546,"enh6","ENSG00000099866"
547,"enh7","ENSG00000106789"
548,"enh6","ENSG00000122140"
549,"enh3","ENSG00000004939"
550,"enh6","ENSG00000175592"
551,"enh13","ENSG00000167468"
552,"enh5","ENSG00000167103"
553,"enh6","ENSG00000174996"
554,"enh13","ENSG00000173039"
555,"enh12","ENSG00000126705"
556,"enh12","ENSG00000162419"
557,"enh2","ENSG00000149823"
558,"enh13","ENSG00000102934"
559,"enh7","ENSG00000087365"
560,"enh7","ENSG00000158161"
561,"enh3","ENSG00000125618"
562,"enh9","ENSG00000068831"
563,"enh14","ENSG00000167113"
564,"enh4","ENSG00000148356"
565,"enh6","ENSG00000188177"
566,"enh4","ENSG00000129968"
567,"enh11","ENSG00000135736"
568,"enh14","ENSG00000171848"
569,"enh12","ENSG00000186806"
570,"enh14","ENSG00000151694"
571,"enh14","ENSG00000165688"
572,"enh7","ENSG00000162241"
573,"enh12","ENSG00000014138"
574,"enh2","ENSG00000104679"
575,"enh9","ENSG00000105669"
576,"enh8","ENSG00000160293"
577,"enh10","ENSG00000087365"
578,"enh5","ENSG00000108849"
579,"enh1","ENSG00000126709"
580,"enh2","ENSG00000143924"
581,"enh2","ENSG00000175221"
582,"enh8","ENSG00000171940"
583,"enh12","ENSG00000227500"
584,"enh7","ENSG00000148288"
585,"enh3","ENSG00000178093"
586,"enh6","ENSG00000131398"
587,"enh2","ENSG00000148300"
588,"enh5","ENSG00000177125"
589,"enh14","ENSG00000125148"
590,"enh11","ENSG00000167468"
591,"enh11","ENSG00000198492"
592,"enh5","ENSG00000126705"
593,"enh12","ENSG00000196422"
594,"enh9","ENSG00000065000"
595,"enh1","ENSG00000136932"
596,"enh5","ENSG00000125637"
597,"enh14","ENSG00000165698"
598,"enh7","ENSG00000151694"
599,"enh11","ENSG00000102934"
600,"enh11","ENSG00000099622"
601,"enh14","ENSG00000117593"
602,"enh7","ENSG00000115758"
603,"enh14","ENSG00000172922"
604,"enh3","ENSG00000117222"
605,"enh1","ENSG00000105708"
606,"enh10","ENSG00000167112"
607,"enh8","ENSG00000102934"
608,"enh11","ENSG00000005007"
609,"enh3","ENSG00000107021"
610,"enh11","ENSG00000147457"
611,"enh8","ENSG00000198746"
612,"enh10","ENSG00000069702"
613,"enh14","ENSG00000221983"
614,"enh7","ENSG00000108883"
615,"enh11","ENSG00000188554"
616,"enh11","ENSG00000136682"
617,"enh3","ENSG00000095380"
618,"enh11","ENSG00000130560"
619,"enh4","ENSG00000175832"
620,"enh10","ENSG00000136840"
621,"enh12","ENSG00000213638"
622,"enh10","ENSG00000066027"
623,"enh12","ENSG00000159579"
624,"enh3","ENSG00000198746"
625,"enh4","ENSG00000183831"
626,"enh6","ENSG00000141933"
627,"enh8","ENSG00000186185"
628,"enh5","ENSG00000123684"
629,"enh1","ENSG00000064932"
630,"enh12","ENSG00000142765"
631,"enh2","ENSG00000138772"
632,"enh11","ENSG00000091947"
633,"enh3","ENSG00000204138"
634,"enh9","ENSG00000161671"
635,"enh6","ENSG00000115257"
636,"enh1","ENSG00000186806"
637,"enh10","ENSG00000099866"
638,"enh7","ENSG00000204138"
639,"enh12","ENSG00000160360"
640,"enh5","ENSG00000136895"
641,"enh2","ENSG00000198417"
642,"enh10","ENSG00000153214"
643,"enh11","ENSG00000172500"
644,"enh6","ENSG00000119559"
645,"enh8","ENSG00000172992"
646,"enh8","ENSG00000133275"
647,"enh13","ENSG00000136854"
648,"enh5","ENSG00000144134"
649,"enh6","ENSG00000165092"
650,"enh2","ENSG00000172081"
651,"enh8","ENSG00000013306"
652,"enh12","ENSG00000126698"
653,"enh6","ENSG00000161682"
654,"enh14","ENSG00000153214"
655,"enh2","ENSG00000104960"
656,"enh12","ENSG00000238227"
657,"enh9","ENSG00000227500"
658,"enh9","ENSG00000158161"
659,"enh11","ENSG00000142733"
660,"enh8","ENSG00000254470"
661,"enh3","ENSG00000130772"
662,"enh4","ENSG00000198746"
663,"enh14","ENSG00000141349"
664,"enh2","ENSG00000141934"
665,"enh5","ENSG00000175854"
666,"enh7","ENSG00000148291"
667,"enh7","ENSG00000198492"
668,"enh4","ENSG00000153214"
669,"enh3","ENSG00000106799"
670,"enh1","ENSG00000172059"
671,"enh5","ENSG00000173825"
672,"enh8","ENSG00000125148"
673,"enh2","ENSG00000133275"
674,"enh8","ENSG00000107021"
675,"enh10","ENSG00000089639"
676,"enh1","ENSG00000175115"
677,"enh1","ENSG00000162241"
678,"enh14","ENSG00000254470"
679,"enh7","ENSG00000167748"
680,"enh11","ENSG00000160408"
681,"enh2","ENSG00000090273"
682,"enh13","ENSG00000165684"
683,"enh12","ENSG00000156269"
684,"enh2","ENSG00000169607"
685,"enh11","ENSG00000197816"
686,"enh9","ENSG00000165702"
687,"enh8","ENSG00000119559"
688,"enh11","ENSG00000105669"
689,"enh8","ENSG00000136938"
690,"enh7","ENSG00000167110"
691,"enh7","ENSG00000196422"
692,"enh9","ENSG00000136936"
693,"enh8","ENSG00000105379"
694,"enh11","ENSG00000117222"
695,"enh12","ENSG00000115758"
696,"enh14","ENSG00000147669"
697,"enh1","ENSG00000186185"
698,"enh6","ENSG00000105374"
699,"enh12","ENSG00000130560"
700,"enh4","ENSG00000184988"
701,"enh12","ENSG00000125482"
702,"enh10","ENSG00000135046"
703,"enh8","ENSG00000064787"
704,"enh8","ENSG00000115084"
705,"enh13","ENSG00000165702"
706,"enh2","ENSG00000068976"
707,"enh3","ENSG00000167113"
708,"enh13","ENSG00000136830"
709,"enh1","ENSG00000115761"
710,"enh8","ENSG00000173039"
711,"enh8","ENSG00000105705"
712,"enh10","ENSG00000175854"
713,"enh2","ENSG00000165698"
714,"enh7","ENSG00000011304"
715,"enh10","ENSG00000099864"
716,"enh8","ENSG00000153107"
717,"enh5","ENSG00000147439"
718,"enh13","ENSG00000105383"
719,"enh9","ENSG00000138036"
720,"enh13","ENSG00000136929"
721,"enh10","ENSG00000181773"
722,"enh2","ENSG00000250067"
723,"enh11","ENSG00000064547"
724,"enh8","ENSG00000172775"
725,"enh14","ENSG00000146670"
726,"enh9","ENSG00000198492"
727,"enh14","ENSG00000064932"
728,"enh2","ENSG00000148297"
729,"enh7","ENSG00000099866"
730,"enh7","ENSG00000064490"
731,"enh14","ENSG00000160563"
732,"enh4","ENSG00000117601"
733,"enh5","ENSG00000142765"
734,"enh3","ENSG00000160360"
735,"enh1","ENSG00000254901"
736,"enh12","ENSG00000174516"
737,"enh10","ENSG00000140854"
738,"enh10","ENSG00000104885"
739,"enh10","ENSG00000104897"
740,"enh9","ENSG00000116017"
741,"enh2","ENSG00000165699"
742,"enh3","ENSG00000174950"
743,"enh7","ENSG00000117691"
744,"enh2","ENSG00000104897"
745,"enh7","ENSG00000185761"
746,"enh2","ENSG00000136908"
747,"enh14","ENSG00000162772"
748,"enh4","ENSG00000115257"
749,"enh13","ENSG00000142528"
750,"enh11","ENSG00000148334"
751,"enh7","ENSG00000196188"
752,"enh9","ENSG00000105379"
753,"enh13","ENSG00000104973"
754,"enh6","ENSG00000152518"
755,"enh2","ENSG00000174871"
756,"enh4","ENSG00000198870"
757,"enh9","ENSG00000064687"
758,"enh14","ENSG00000174529"
759,"enh6","ENSG00000135046"
760,"enh1","ENSG00000099864"
761,"enh13","ENSG00000196683"
762,"enh8","ENSG00000064490"
763,"enh12","ENSG00000213465"
764,"enh1","ENSG00000187024"
765,"enh12","ENSG00000125319"
766,"enh2","ENSG00000125637"
767,"enh5","ENSG00000013306"
768,"enh5","ENSG00000136936"
769,"enh7","ENSG00000161692"
770,"enh14","ENSG00000170385"
771,"enh11","ENSG00000119392"
772,"enh8","ENSG00000120656"
773,"enh5","ENSG00000196550"
774,"enh4","ENSG00000131097"
775,"enh1","ENSG00000165698"
776,"enh7","ENSG00000186806"
777,"enh3","ENSG00000129911"
778,"enh6","ENSG00000129968"
779,"enh2","ENSG00000158161"
780,"enh3","ENSG00000187193"
781,"enh12","ENSG00000169136"
782,"enh4","ENSG00000168056"
783,"enh3","ENSG00000104689"
784,"enh7","ENSG00000117751"
785,"enh12","ENSG00000010361"
786,"enh13","ENSG00000175707"
787,"enh10","ENSG00000108312"
788,"enh13","ENSG00000125618"
789,"enh6","ENSG00000131408"
790,"enh2","ENSG00000105556"
791,"enh9","ENSG00000119125"
792,"enh11","ENSG00000161692"
793,"enh3","ENSG00000186501"
794,"enh7","ENSG00000136895"
795,"enh7","ENSG00000162669"
796,"enh1","ENSG00000168591"
797,"enh14","ENSG00000115761"
798,"enh14","ENSG00000167118"
799,"enh11","ENSG00000197766"
800,"enh11","ENSG00000119185"
801,"enh7","ENSG00000117280"
802,"enh4","ENSG00000165698"
803,"enh7","ENSG00000009780"
804,"enh10","ENSG00000175832"
805,"enh12","ENSG00000008853"
806,"enh4","ENSG00000104897"
807,"enh6","ENSG00000133895"
808,"enh2","ENSG00000108883"
809,"enh13","ENSG00000175221"
810,"enh4","ENSG00000185278"
811,"enh9","ENSG00000256771"
812,"enh7","ENSG00000108861"
813,"enh8","ENSG00000172977"
814,"enh10","ENSG00000167103"
815,"enh13","ENSG00000176973"
816,"enh4","ENSG00000126709"
817,"enh6","ENSG00000108309"
818,"enh11","ENSG00000105700"
819,"enh3","ENSG00000172922"
820,"enh3","ENSG00000133275"
821,"enh11","ENSG00000129968"
822,"enh11","ENSG00000135046"
823,"enh13","ENSG00000105705"
824,"enh11","ENSG00000120913"
825,"enh10","ENSG00000110046"
826,"enh1","ENSG00000172757"
827,"enh12","ENSG00000160563"
828,"enh12","ENSG00000105696"
829,"enh6","ENSG00000082512"
830,"enh5","ENSG00000014138"
831,"enh14","ENSG00000175573"
832,"enh12","ENSG00000099864"
833,"enh12","ENSG00000105662"
834,"enh2","ENSG00000227500"
835,"enh1","ENSG00000123684"
836,"enh1","ENSG00000180198"
837,"enh13","ENSG00000133069"
838,"enh5","ENSG00000119185"
839,"enh10","ENSG00000106803"
840,"enh1","ENSG00000120889"
841,"enh7","ENSG00000006016"
842,"enh6","ENSG00000064490"
843,"enh4","ENSG00000167106"
844,"enh14","ENSG00000175294"
845,"enh1","ENSG00000167113"
846,"enh4","ENSG00000146670"
847,"enh2","ENSG00000104689"
848,"enh6","ENSG00000136895"
849,"enh7","ENSG00000167759"
850,"enh4","ENSG00000130560"
851,"enh2","ENSG00000162878"
852,"enh14","ENSG00000070423"
853,"enh7","ENSG00000136842"
854,"enh7","ENSG00000105701"
855,"enh3","ENSG00000131097"
856,"enh11","ENSG00000117266"
857,"enh12","ENSG00000099625"
858,"enh1","ENSG00000159648"
859,"enh9","ENSG00000099875"
860,"enh8","ENSG00000197217"
861,"enh6","ENSG00000057935"
862,"enh11","ENSG00000126391"
863,"enh2","ENSG00000064545"
864,"enh14","ENSG00000116014"
865,"enh12","ENSG00000136936"
866,"enh3","ENSG00000006016"
867,"enh6","ENSG00000254901"
868,"enh7","ENSG00000004939"
869,"enh3","ENSG00000130768"
870,"enh14","ENSG00000149792"
871,"enh2","ENSG00000169136"
872,"enh14","ENSG00000166188"
873,"enh9","ENSG00000099817"
874,"enh7","ENSG00000176973"
875,"enh11","ENSG00000184162"
876,"enh11","ENSG00000141349"
877,"enh13","ENSG00000204138"
878,"enh11","ENSG00000108849"
879,"enh9","ENSG00000262874"
880,"enh6","ENSG00000115268"
881,"enh8","ENSG00000160445"
882,"enh1","ENSG00000117222"
883,"enh3","ENSG00000197217"
884,"enh3","ENSG00000122026"
885,"enh2","ENSG00000185761"
886,"enh10","ENSG00000010361"
887,"enh12","ENSG00000172992"
888,"enh9","ENSG00000122140"
889,"enh11","ENSG00000114999"
890,"enh11","ENSG00000100316"
891,"enh4","ENSG00000130768"
892,"enh1","ENSG00000103021"
893,"enh1","ENSG00000204138"
894,"enh12","ENSG00000105379"
895,"enh12","ENSG00000106789"
896,"enh11","ENSG00000213445"
897,"enh10","ENSG00000184162"
898,"enh10","ENSG00000167113"
899,"enh5","ENSG00000103005"
900,"enh12","ENSG00000136828"
901,"enh1","ENSG00000198492"
902,"enh14","ENSG00000143870"
903,"enh13","ENSG00000184988"
904,"enh5","ENSG00000065268"
905,"enh1","ENSG00000099866"
906,"enh14","ENSG00000172232"
907,"enh4","ENSG00000104886"
908,"enh6","ENSG00000204710"
909,"enh8","ENSG00000090020"
910,"enh7","ENSG00000106976"
911,"enh9","ENSG00000148339"
912,"enh5","ENSG00000117697"
913,"enh8","ENSG00000106803"
914,"enh6","ENSG00000167110"
915,"enh4","ENSG00000136936"
916,"enh8","ENSG00000174851"
917,"enh8","ENSG00000104960"
918,"enh9","ENSG00000152518"
919,"enh4","ENSG00000181035"
920,"enh5","ENSG00000162769"
921,"enh11","ENSG00000169403"
922,"enh9","ENSG00000188177"
923,"enh1","ENSG00000105497"
924,"enh12","ENSG00000152518"
925,"enh4","ENSG00000221983"
926,"enh14","ENSG00000256771"
927,"enh5","ENSG00000161682"
928,"enh12","ENSG00000136929"
929,"enh8","ENSG00000076321"
930,"enh14","ENSG00000103021"
931,"enh12","ENSG00000064607"
932,"enh6","ENSG00000148248"
933,"enh7","ENSG00000129933"
934,"enh8","ENSG00000105374"
935,"enh3","ENSG00000104946"
936,"enh4","ENSG00000148248"
937,"enh2","ENSG00000100316"
938,"enh9","ENSG00000136840"
939,"enh4","ENSG00000117592"
940,"enh9","ENSG00000125630"
941,"enh11","ENSG00000142765"
942,"enh10","ENSG00000160446"
943,"enh14","ENSG00000127540"
944,"enh8","ENSG00000175550"
945,"enh6","ENSG00000117266"
946,"enh4","ENSG00000119335"
947,"enh8","ENSG00000138772"
948,"enh2","ENSG00000174903"
949,"enh9","ENSG00000181773"
950,"enh4","ENSG00000175573"
951,"enh9","ENSG00000136874"
952,"enh11","ENSG00000175294"
953,"enh1","ENSG00000146670"
954,"enh4","ENSG00000130511"
955,"enh6","ENSG00000118046"
956,"enh12","ENSG00000158711"
957,"enh3","ENSG00000197766"
958,"enh9","ENSG00000204710"
959,"enh2","ENSG00000117601"
960,"enh11","ENSG00000067596"
961,"enh2","ENSG00000120896"
962,"enh9","ENSG00000167491"
963,"enh7","ENSG00000149792"
964,"enh4","ENSG00000196415"
965,"enh7","ENSG00000005194"
966,"enh13","ENSG00000133065"
967,"enh1","ENSG00000136842"
968,"enh6","ENSG00000165689"
969,"enh3","ENSG00000136830"
970,"enh10","ENSG00000185761"
971,"enh5","ENSG00000198870"
972,"enh6","ENSG00000148291"
973,"enh12","ENSG00000064687"
974,"enh2","ENSG00000115970"
975,"enh14","ENSG00000108852"
976,"enh8","ENSG00000115268"
977,"enh11","ENSG00000165138"
978,"enh1","ENSG00000091947"
979,"enh5","ENSG00000149823"
980,"enh13","ENSG00000172081"
981,"enh11","ENSG00000136840"
982,"enh2","ENSG00000172757"
983,"enh8","ENSG00000158711"
984,"enh3","ENSG00000138772"
985,"enh12","ENSG00000167114"
986,"enh6","ENSG00000152527"
987,"enh11","ENSG00000136932"
988,"enh1","ENSG00000147457"
989,"enh8","ENSG00000133243"
990,"enh3","ENSG00000105669"
991,"enh6","ENSG00000178093"
992,"enh13","ENSG00000125484"
993,"enh7","ENSG00000165689"
994,"enh10","ENSG00000196152"
995,"enh3","ENSG00000104131"
996,"enh13","ENSG00000181773"
997,"enh2","ENSG00000115286"
998,"enh2","ENSG00000136448"
999,"enh14","ENSG00000068831"
1000,"enh9","ENSG00000160326"
1001,"enh4","ENSG00000135870"
1002,"enh1","ENSG00000171940"
1003,"enh5","ENSG00000196312"
1004,"enh10","ENSG00000117592"
1005,"enh3","ENSG00000158941"
1006,"enh13","ENSG00000196422"
1007,"enh9","ENSG00000165689"
1008,"enh12","ENSG00000171940"
1009,"enh12","ENSG00000174851"
1010,"enh1","ENSG00000110046"
1011,"enh3","ENSG00000136908"
1012,"enh9","ENSG00000105053"
1013,"enh4","ENSG00000125484"
1014,"enh14","ENSG00000136828"
1015,"enh3","ENSG00000174516"
1016,"enh4","ENSG00000173442"
1017,"enh1","ENSG00000107021"
1018,"enh10","ENSG00000143476"
1019,"enh6","ENSG00000099864"
1020,"enh7","ENSG00000127540"
1021,"enh1","ENSG00000175376"
1022,"enh8","ENSG00000120334"
1023,"enh12","ENSG00000130511"
1024,"enh8","ENSG00000167113"
1025,"enh9","ENSG00000135870"
1026,"enh6","ENSG00000136807"
1027,"enh8","ENSG00000167487"
1028,"enh3","ENSG00000133895"
1029,"enh11","ENSG00000175592"
1030,"enh2","ENSG00000152061"
1031,"enh2","ENSG00000197816"
1032,"enh8","ENSG00000161682"
1033,"enh9","ENSG00000119392"
1034,"enh14","ENSG00000105701"
1035,"enh3","ENSG00000126391"
1036,"enh11","ENSG00000125618"
1037,"enh12","ENSG00000140854"
1038,"enh11","ENSG00000065000"
1039,"enh1","ENSG00000122026"
1040,"enh3","ENSG00000188177"
1041,"enh1","ENSG00000167112"
1042,"enh6","ENSG00000175334"
1043,"enh7","ENSG00000071626"
1044,"enh10","ENSG00000099622"
1045,"enh10","ENSG00000125319"
1046,"enh10","ENSG00000165699"
1047,"enh1","ENSG00000130511"
1048,"enh5","ENSG00000102900"
1049,"enh4","ENSG00000099622"
1050,"enh8","ENSG00000133065"
1051,"enh6","ENSG00000117650"
1052,"enh8","ENSG00000105696"
1053,"enh14","ENSG00000010361"
1054,"enh4","ENSG00000005007"
1055,"enh5","ENSG00000089639"
1056,"enh6","ENSG00000064666"
1057,"enh8","ENSG00000196415"
1058,"enh2","ENSG00000171940"
1059,"enh8","ENSG00000172270"
1060,"enh11","ENSG00000125637"
1061,"enh9","ENSG00000130513"
1062,"enh3","ENSG00000169136"
1063,"enh7","ENSG00000147669"
1064,"enh7","ENSG00000125144"
1065,"enh9","ENSG00000175376"
1066,"enh14","ENSG00000174871"
1067,"enh11","ENSG00000105497"
1068,"enh12","ENSG00000136938"
1069,"enh1","ENSG00000167103"
1070,"enh2","ENSG00000136830"
1071,"enh13","ENSG00000008853"
1072,"enh9","ENSG00000005961"
1073,"enh12","ENSG00000068976"
1074,"enh13","ENSG00000110047"
1075,"enh9","ENSG00000198858"
1076,"enh10","ENSG00000115091"
1077,"enh13","ENSG00000142751"
1078,"enh9","ENSG00000104886"
1079,"enh2","ENSG00000149809"
1080,"enh10","ENSG00000162976"
1081,"enh12","ENSG00000134330"
1082,"enh11","ENSG00000099804"
1083,"enh11","ENSG00000071626"
1084,"enh7","ENSG00000125630"
1085,"enh4","ENSG00000174547"
1086,"enh7","ENSG00000160445"
1087,"enh6","ENSG00000170385"
1088,"enh14","ENSG00000250067"
1089,"enh9","ENSG00000172977"
1090,"enh14","ENSG00000143476"
1091,"enh10","ENSG00000160953"
1092,"enh7","ENSG00000241852"
1093,"enh13","ENSG00000014216"
1094,"enh3","ENSG00000160161"
1095,"enh13","ENSG00000130775"
1096,"enh1","ENSG00000140854"
1097,"enh11","ENSG00000149792"
1098,"enh12","ENSG00000087365"
1099,"enh3","ENSG00000213221"
1100,"enh7","ENSG00000160953"
1101,"enh2","ENSG00000130513"
1102,"enh14","ENSG00000082512"
1103,"enh5","ENSG00000152527"
1104,"enh8","ENSG00000051128"
1105,"enh2","ENSG00000158711"
1106,"enh2","ENSG00000196683"
1107,"enh12","ENSG00000057935"
1108,"enh10","ENSG00000012048"
1109,"enh10","ENSG00000006015"
1110,"enh14","ENSG00000064787"
1111,"enh5","ENSG00000143493"
1112,"enh2","ENSG00000148248"
1113,"enh5","ENSG00000099817"
1114,"enh2","ENSG00000126705"
1115,"enh12","ENSG00000165138"
1116,"enh8","ENSG00000167110"
1117,"enh4","ENSG00000114999"
1118,"enh9","ENSG00000115257"
1119,"enh2","ENSG00000064607"
1120,"enh14","ENSG00000009780"
1121,"enh3","ENSG00000082512"
1122,"enh6","ENSG00000136856"
1123,"enh2","ENSG00000136936"
1124,"enh5","ENSG00000158715"
1125,"enh14","ENSG00000131409"
1126,"enh4","ENSG00000166188"
1127,"enh5","ENSG00000119514"
1128,"enh12","ENSG00000142528"
1129,"enh1","ENSG00000161677"
1130,"enh5","ENSG00000213221"
1131,"enh8","ENSG00000136807"
1132,"enh11","ENSG00000196312"
1133,"enh1","ENSG00000196312"
1134,"enh14","ENSG00000104886"
1135,"enh6","ENSG00000030582"
1136,"enh11","ENSG00000166188"
1137,"enh7","ENSG00000131094"
1138,"enh2","ENSG00000153208"
1139,"enh9","ENSG00000149806"
1140,"enh8","ENSG00000181773"
1141,"enh9","ENSG00000105700"
1142,"enh11","ENSG00000099864"
1143,"enh8","ENSG00000009780"
1144,"enh4","ENSG00000131094"
1145,"enh9","ENSG00000181781"
1146,"enh1","ENSG00000175294"
1147,"enh11","ENSG00000105662"
1148,"enh5","ENSG00000148290"
1149,"enh13","ENSG00000125148"
1150,"enh11","ENSG00000105379"
1151,"enh6","ENSG00000169288"
1152,"enh8","ENSG00000213638"
1153,"enh13","ENSG00000165661"
1154,"enh4","ENSG00000133884"
1155,"enh7","ENSG00000140854"
1156,"enh13","ENSG00000186010"
1157,"enh11","ENSG00000051108"
1158,"enh5","ENSG00000213465"
1159,"enh14","ENSG00000130770"
1160,"enh8","ENSG00000125611"
1161,"enh14","ENSG00000161677"
1162,"enh14","ENSG00000079313"
1163,"enh3","ENSG00000148334"
1164,"enh13","ENSG00000204673"
1165,"enh13","ENSG00000117697"
1166,"enh5","ENSG00000138756"
1167,"enh3","ENSG00000196415"
1168,"enh6","ENSG00000185278"
1169,"enh8","ENSG00000104689"
1170,"enh1","ENSG00000125124"
1171,"enh5","ENSG00000012048"
1172,"enh6","ENSG00000102996"
1173,"enh14","ENSG00000162769"
1174,"enh7","ENSG00000148296"
1175,"enh12","ENSG00000068971"
1176,"enh11","ENSG00000104679"
1177,"enh13","ENSG00000161682"
1178,"enh10","ENSG00000120656"
1179,"enh10","ENSG00000136874"
1180,"enh12","ENSG00000119203"
1181,"enh12","ENSG00000104960"
1182,"enh12","ENSG00000070404"
1183,"enh12","ENSG00000125611"
1184,"enh10","ENSG00000174529"
1185,"enh5","ENSG00000105662"
1186,"enh2","ENSG00000141933"
1187,"enh10","ENSG00000104689"
1188,"enh5","ENSG00000167748"
1189,"enh5","ENSG00000130770"
1190,"enh14","ENSG00000090020"
1191,"enh14","ENSG00000198492"
1192,"enh7","ENSG00000213988"
1193,"enh14","ENSG00000069702"
1194,"enh2","ENSG00000149792"
1195,"enh1","ENSG00000160953"
1196,"enh1","ENSG00000136807"
1197,"enh14","ENSG00000130772"
1198,"enh2","ENSG00000104886"
1199,"enh3","ENSG00000129951"
1200,"enh7","ENSG00000198858"
1201,"enh2","ENSG00000175707"
1202,"enh9","ENSG00000105671"
1203,"enh13","ENSG00000119333"
1204,"enh14","ENSG00000136807"
1205,"enh13","ENSG00000088682"
1206,"enh1","ENSG00000172775"
1207,"enh4","ENSG00000136807"
1208,"enh13","ENSG00000148248"
1209,"enh9","ENSG00000142784"
1210,"enh14","ENSG00000163297"
1211,"enh14","ENSG00000197816"
1212,"enh8","ENSG00000064932"
1213,"enh1","ENSG00000104960"
1214,"enh5","ENSG00000102978"
1215,"enh10","ENSG00000186806"
1216,"enh10","ENSG00000120913"
1217,"enh8","ENSG00000143924"
1218,"enh2","ENSG00000071626"
1219,"enh10","ENSG00000117625"
1220,"enh8","ENSG00000172732"
1221,"enh12","ENSG00000115750"
1222,"enh10","ENSG00000134330"
1223,"enh1","ENSG00000213023"
1224,"enh3","ENSG00000106976"
1225,"enh10","ENSG00000254901"
1226,"enh3","ENSG00000125485"
1227,"enh1","ENSG00000173327"
1228,"enh9","ENSG00000117650"
1229,"enh6","ENSG00000105379"
1230,"enh1","ENSG00000254986"
1231,"enh9","ENSG00000104885"
1232,"enh7","ENSG00000148290"
1233,"enh7","ENSG00000108840"
1234,"enh9","ENSG00000130511"
1235,"enh13","ENSG00000196550"
1236,"enh11","ENSG00000174606"
1237,"enh14","ENSG00000176973"
1238,"enh7","ENSG00000126698"
1239,"enh13","ENSG00000106992"
1240,"enh6","ENSG00000254986"
1241,"enh4","ENSG00000099624"
1242,"enh13","ENSG00000116017"
1243,"enh10","ENSG00000183831"
1244,"enh3","ENSG00000149792"
1245,"enh1","ENSG00000165702"
1246,"enh12","ENSG00000196152"
1247,"enh1","ENSG00000256771"
1248,"enh8","ENSG00000117751"
1249,"enh5","ENSG00000185278"
1250,"enh14","ENSG00000115255"
1251,"enh12","ENSG00000197816"
1252,"enh2","ENSG00000161714"
1253,"enh9","ENSG00000160360"
1254,"enh4","ENSG00000064490"
1255,"enh5","ENSG00000187840"
1256,"enh1","ENSG00000013306"
1257,"enh4","ENSG00000174606"
1258,"enh10","ENSG00000149823"
1259,"enh1","ENSG00000064607"
1260,"enh4","ENSG00000064545"
1261,"enh9","ENSG00000165699"
1262,"enh12","ENSG00000105655"
1263,"enh14","ENSG00000129968"
1264,"enh11","ENSG00000142186"
1265,"enh4","ENSG00000130770"
1266,"enh9","ENSG00000149798"
1267,"enh1","ENSG00000099624"
1268,"enh12","ENSG00000175832"
1269,"enh13","ENSG00000087263"
1270,"enh12","ENSG00000070388"
1271,"enh9","ENSG00000136854"
1272,"enh10","ENSG00000152518"
1273,"enh2","ENSG00000173465"
1274,"enh2","ENSG00000125170"
1275,"enh13","ENSG00000066027"
1276,"enh11","ENSG00000089639"
1277,"enh10","ENSG00000180340"
1278,"enh7","ENSG00000102934"
1279,"enh1","ENSG00000174842"
1280,"enh14","ENSG00000129951"
1281,"enh3","ENSG00000070761"
1282,"enh10","ENSG00000068976"
1283,"enh11","ENSG00000181588"
1284,"enh4","ENSG00000167005"
1285,"enh10","ENSG00000064490"
1286,"enh9","ENSG00000136828"
1287,"enh6","ENSG00000175602"
1288,"enh7","ENSG00000161677"
1289,"enh5","ENSG00000130270"
1290,"enh14","ENSG00000005007"
1291,"enh5","ENSG00000147454"
1292,"enh5","ENSG00000181513"
1293,"enh3","ENSG00000120334"
1294,"enh1","ENSG00000170385"
1295,"enh6","ENSG00000146670"
1296,"enh5","ENSG00000171169"
1297,"enh2","ENSG00000168067"
1298,"enh12","ENSG00000131097"
1299,"enh4","ENSG00000104131"
1300,"enh2","ENSG00000136856"
1301,"enh13","ENSG00000131398"
1302,"enh10","ENSG00000099821"
1303,"enh10","ENSG00000069275"
1304,"enh9","ENSG00000198746"
1305,"enh10","ENSG00000177125"
1306,"enh4","ENSG00000162419"
1307,"enh14","ENSG00000142751"
1308,"enh13","ENSG00000064666"
1309,"enh7","ENSG00000105497"
1310,"enh9","ENSG00000148290"
1311,"enh2","ENSG00000115255"
1312,"enh5","ENSG00000160446"
1313,"enh12","ENSG00000175707"
1314,"enh8","ENSG00000136828"
1315,"enh8","ENSG00000173442"
1316,"enh2","ENSG00000174606"
1317,"enh8","ENSG00000167491"
1318,"enh6","ENSG00000008853"
1319,"enh8","ENSG00000186566"
1320,"enh1","ENSG00000105383"
1321,"enh6","ENSG00000119335"
1322,"enh7","ENSG00000185198"
1323,"enh10","ENSG00000172977"
1324,"enh8","ENSG00000204710"
1325,"enh10","ENSG00000147669"
1326,"enh9","ENSG00000162772"
1327,"enh13","ENSG00000174547"
1328,"enh1","ENSG00000167136"
1329,"enh3","ENSG00000117592"
1330,"enh13","ENSG00000136842"
1331,"enh3","ENSG00000177125"
1332,"enh6","ENSG00000174903"
1333,"enh10","ENSG00000125637"
1334,"enh11","ENSG00000125124"
1335,"enh7","ENSG00000099817"
1336,"enh14","ENSG00000140854"
1337,"enh8","ENSG00000105701"
1338,"enh1","ENSG00000133884"
1339,"enh7","ENSG00000162419"
1340,"enh13","ENSG00000136811"
1341,"enh7","ENSG00000172977"
1342,"enh10","ENSG00000204673"
1343,"enh5","ENSG00000166188"
1344,"enh4","ENSG00000142784"
1345,"enh10","ENSG00000168066"
1346,"enh5","ENSG00000175221"
1347,"enh4","ENSG00000167123"
1348,"enh13","ENSG00000102978"
1349,"enh4","ENSG00000116014"
1350,"enh6","ENSG00000172732"
1351,"enh5","ENSG00000148356"
1352,"enh14","ENSG00000110046"
1353,"enh12","ENSG00000136448"
1354,"enh12","ENSG00000136895"
1355,"enh9","ENSG00000160404"
1356,"enh3","ENSG00000167118"
1357,"enh1","ENSG00000180329"
1358,"enh6","ENSG00000106976"
1359,"enh7","ENSG00000158715"
1360,"enh12","ENSG00000108852"
1361,"enh13","ENSG00000134318"
1362,"enh2","ENSG00000161647"
1363,"enh9","ENSG00000125482"
1364,"enh7","ENSG00000162769"
1365,"enh6","ENSG00000144161"
1366,"enh11","ENSG00000115257"
1367,"enh7","ENSG00000254986"
1368,"enh1","ENSG00000213221"
1369,"enh2","ENSG00000122026"
1370,"enh14","ENSG00000168056"
1371,"enh13","ENSG00000082512"
1372,"enh13","ENSG00000119335"
1373,"enh12","ENSG00000187193"
1374,"enh7","ENSG00000125170"
1375,"enh14","ENSG00000143924"
1376,"enh12","ENSG00000006015"
1377,"enh7","ENSG00000165092"
1378,"enh12","ENSG00000115761"
1379,"enh6","ENSG00000162878"
1380,"enh7","ENSG00000090273"
1381,"enh1","ENSG00000148339"
1382,"enh13","ENSG00000108849"
1383,"enh8","ENSG00000129968"
1384,"enh6","ENSG00000168066"
1385,"enh10","ENSG00000127540"
1386,"enh4","ENSG00000125485"
1387,"enh11","ENSG00000148303"
1388,"enh8","ENSG00000105700"
1389,"enh4","ENSG00000198492"
1390,"enh5","ENSG00000262874"
1391,"enh4","ENSG00000148334"
1392,"enh9","ENSG00000160271"
1393,"enh3","ENSG00000097046"
1394,"enh4","ENSG00000175467"
1395,"enh5","ENSG00000136929"
1396,"enh14","ENSG00000180448"
1397,"enh12","ENSG00000064666"
1398,"enh10","ENSG00000143493"
1399,"enh8","ENSG00000142528"
1400,"enh2","ENSG00000167103"
1401,"enh6","ENSG00000162873"
1402,"enh3","ENSG00000136929"
1403,"enh11","ENSG00000185278"
1404,"enh8","ENSG00000167005"
1405,"enh6","ENSG00000156269"
1406,"enh4","ENSG00000136874"
1407,"enh14","ENSG00000105655"
1408,"enh8","ENSG00000117593"
1409,"enh2","ENSG00000174996"
1410,"enh10","ENSG00000131097"
1411,"enh13","ENSG00000064607"
1412,"enh4","ENSG00000182963"
1413,"enh5","ENSG00000126698"
1414,"enh14","ENSG00000213638"
1415,"enh2","ENSG00000013306"
1416,"enh12","ENSG00000119523"
1417,"enh4","ENSG00000119392"
1418,"enh7","ENSG00000104885"
1419,"enh13","ENSG00000169288"
1420,"enh6","ENSG00000147439"
1421,"enh12","ENSG00000167123"
1422,"enh14","ENSG00000104960"
1423,"enh7","ENSG00000108309"
1424,"enh8","ENSG00000187024"
1425,"enh11","ENSG00000090020"
1426,"enh6","ENSG00000148337"
1427,"enh7","ENSG00000175854"
1428,"enh9","ENSG00000114999"
1429,"enh12","ENSG00000167759"
1430,"enh11","ENSG00000144136"
1431,"enh1","ENSG00000198917"
1432,"enh5","ENSG00000010361"
1433,"enh6","ENSG00000126709"
1434,"enh12","ENSG00000174744"
1435,"enh12","ENSG00000175550"
1436,"enh13","ENSG00000100316"
1437,"enh3","ENSG00000136682"
1438,"enh8","ENSG00000115255"
1439,"enh13","ENSG00000071564"
1440,"enh7","ENSG00000160404"
1441,"enh12","ENSG00000169607"
1442,"enh3","ENSG00000005007"
1443,"enh8","ENSG00000142751"
1444,"enh7","ENSG00000162873"
1445,"enh6","ENSG00000069482"
1446,"enh1","ENSG00000187840"
1447,"enh7","ENSG00000174903"
1448,"enh11","ENSG00000197694"
1449,"enh9","ENSG00000186806"
1450,"enh12","ENSG00000142751"
1451,"enh4","ENSG00000186566"
1452,"enh7","ENSG00000071655"
1453,"enh3","ENSG00000136840"
1454,"enh14","ENSG00000153208"
1455,"enh14","ENSG00000008853"
1456,"enh14","ENSG00000160318"
1457,"enh5","ENSG00000115257"
1458,"enh4","ENSG00000119185"
1459,"enh7","ENSG00000134317"
1460,"enh9","ENSG00000175573"
1461,"enh11","ENSG00000066027"
1462,"enh14","ENSG00000144161"
1463,"enh13","ENSG00000147454"
1464,"enh9","ENSG00000146670"
1465,"enh12","ENSG00000163291"
1466,"enh2","ENSG00000149806"
1467,"enh10","ENSG00000107290"
1468,"enh5","ENSG00000117266"
1469,"enh9","ENSG00000104689"
1470,"enh5","ENSG00000149809"
1471,"enh7","ENSG00000070770"
1472,"enh12","ENSG00000250067"
1473,"enh7","ENSG00000167468"
1474,"enh9","ENSG00000165688"
1475,"enh13","ENSG00000125485"
1476,"enh5","ENSG00000087365"
1477,"enh9","ENSG00000099840"
1478,"enh2","ENSG00000235034"
1479,"enh3","ENSG00000256771"
1480,"enh2","ENSG00000065268"
1481,"enh8","ENSG00000149792"
1482,"enh4","ENSG00000172500"
1483,"enh2","ENSG00000148334"
1484,"enh6","ENSG00000198746"
1485,"enh7","ENSG00000136938"
1486,"enh5","ENSG00000167123"
1487,"enh6","ENSG00000186010"
1488,"enh11","ENSG00000136877"
1489,"enh10","ENSG00000167468"
1490,"enh8","ENSG00000155380"
1491,"enh14","ENSG00000169136"
1492,"enh4","ENSG00000120913"
1493,"enh10","ENSG00000175467"
1494,"enh7","ENSG00000115970"
1495,"enh14","ENSG00000169288"
1496,"enh6","ENSG00000108849"
1497,"enh14","ENSG00000119185"
1498,"enh12","ENSG00000134318"
1499,"enh3","ENSG00000153214"
1500,"enh3","ENSG00000136895"
1501,"enh6","ENSG00000160326"
1502,"enh2","ENSG00000070388"
1503,"enh7","ENSG00000091947"
1504,"enh10","ENSG00000163291"
1505,"enh1","ENSG00000167005"
1506,"enh3","ENSG00000051128"
1507,"enh13","ENSG00000097046"
1508,"enh10","ENSG00000162241"
1509,"enh3","ENSG00000012048"
1510,"enh7","ENSG00000099622"
1511,"enh6","ENSG00000160318"
1512,"enh1","ENSG00000196188"
1513,"enh5","ENSG00000064666"
1514,"enh3","ENSG00000167487"
1515,"enh12","ENSG00000125618"
1516,"enh1","ENSG00000064547"
1517,"enh14","ENSG00000126709"
1518,"enh3","ENSG00000196188"
1519,"enh1","ENSG00000167470"
1520,"enh12","ENSG00000147454"
1521,"enh14","ENSG00000099840"
1522,"enh4","ENSG00000101132"
1523,"enh6","ENSG00000104131"
1524,"enh6","ENSG00000180329"
1525,"enh12","ENSG00000142544"
1526,"enh13","ENSG00000147439"
1527,"enh13","ENSG00000213221"
1528,"enh4","ENSG00000125611"
1529,"enh11","ENSG00000152061"
1530,"enh2","ENSG00000167114"
1531,"enh9","ENSG00000104897"
1532,"enh5","ENSG00000198858"
1533,"enh10","ENSG00000159648"
1534,"enh14","ENSG00000148297"
1535,"enh8","ENSG00000196188"
1536,"enh5","ENSG00000165684"
1537,"enh2","ENSG00000186501"
1538,"enh11","ENSG00000136856"
1539,"enh3","ENSG00000133243"
1540,"enh2","ENSG00000135821"
1541,"enh9","ENSG00000064545"
1542,"enh8","ENSG00000119333"
1543,"enh2","ENSG00000253368"
1544,"enh10","ENSG00000105656"
1545,"enh9","ENSG00000089639"
1546,"enh10","ENSG00000070770"
1547,"enh4","ENSG00000173825"
1548,"enh12","ENSG00000123684"
1549,"enh10","ENSG00000105669"
1550,"enh5","ENSG00000189195"
1551,"enh8","ENSG00000213988"
1552,"enh11","ENSG00000123685"
1553,"enh3","ENSG00000175115"
1554,"enh1","ENSG00000129951"
1555,"enh3","ENSG00000110047"
1556,"enh1","ENSG00000136877"
1557,"enh7","ENSG00000136856"
1558,"enh6","ENSG00000165688"
1559,"enh13","ENSG00000162419"
1560,"enh8","ENSG00000185761"
1561,"enh12","ENSG00000174871"
1562,"enh5","ENSG00000161654"
1563,"enh5","ENSG00000256771"
1564,"enh3","ENSG00000160404"
1565,"enh14","ENSG00000067596"
1566,"enh2","ENSG00000143493"
1567,"enh6","ENSG00000011304"
1568,"enh8","ENSG00000146670"
1569,"enh3","ENSG00000165684"
1570,"enh7","ENSG00000138767"
1571,"enh12","ENSG00000172757"
1572,"enh4","ENSG00000140859"
1573,"enh1","ENSG00000142751"
1574,"enh4","ENSG00000172977"
1575,"enh9","ENSG00000136929"
1576,"enh7","ENSG00000142733"
1577,"enh11","ENSG00000228300"
1578,"enh11","ENSG00000169288"
1579,"enh1","ENSG00000228300"
1580,"enh14","ENSG00000196550"
1581,"enh5","ENSG00000123685"
1582,"enh10","ENSG00000167759"
1583,"enh11","ENSG00000160446"
1584,"enh5","ENSG00000161692"
1585,"enh10","ENSG00000102900"
1586,"enh12","ENSG00000104885"
1587,"enh12","ENSG00000197217"
1588,"enh4","ENSG00000010361"
1589,"enh2","ENSG00000130766"
1590,"enh10","ENSG00000105696"
1591,"enh4","ENSG00000070761"
1592,"enh14","ENSG00000148334"
1593,"enh14","ENSG00000196312"
1594,"enh4","ENSG00000105656"
1595,"enh13","ENSG00000167470"
1596,"enh10","ENSG00000235034"
1597,"enh13","ENSG00000130560"
1598,"enh5","ENSG00000104689"
1599,"enh4","ENSG00000238227"
1600,"enh1","ENSG00000070388"
1601,"enh3","ENSG00000161682"
1602,"enh4","ENSG00000136448"
1603,"enh7","ENSG00000090020"
1604,"enh6","ENSG00000175854"
1605,"enh13","ENSG00000198417"
1606,"enh5","ENSG00000158195"
1607,"enh13","ENSG00000163297"
1608,"enh10","ENSG00000064932"
1609,"enh2","ENSG00000108312"
1610,"enh6","ENSG00000136908"
1611,"enh5","ENSG00000147457"
1612,"enh4","ENSG00000091947"
1613,"enh2","ENSG00000115268"
1614,"enh4","ENSG00000186185"
1615,"enh5","ENSG00000204673"
1616,"enh12","ENSG00000146670"
1617,"enh12","ENSG00000005194"
1618,"enh5","ENSG00000095383"
1619,"enh14","ENSG00000011304"
1620,"enh10","ENSG00000095380"
1621,"enh9","ENSG00000149792"
1622,"enh2","ENSG00000117222"
1623,"enh5","ENSG00000213023"
1624,"enh9","ENSG00000168061"
1625,"enh13","ENSG00000174903"
1626,"enh5","ENSG00000221983"
1627,"enh7","ENSG00000185278"
1628,"enh8","ENSG00000160271"
1629,"enh14","ENSG00000106803"
1630,"enh3","ENSG00000134308"
1631,"enh14","ENSG00000184988"
1632,"enh12","ENSG00000125637"
1633,"enh4","ENSG00000167747"
1634,"enh1","ENSG00000174276"
1635,"enh5","ENSG00000167468"
1636,"enh12","ENSG00000175221"
1637,"enh12","ENSG00000167470"
1638,"enh4","ENSG00000136854"
1639,"enh7","ENSG00000174547"
1640,"enh7","ENSG00000119125"
1641,"enh14","ENSG00000115084"
1642,"enh11","ENSG00000204138"
1643,"enh14","ENSG00000163291"
1644,"enh5","ENSG00000254470"
1645,"enh1","ENSG00000140848"
1646,"enh6","ENSG00000006016"
1647,"enh8","ENSG00000153214"
1648,"enh3","ENSG00000140854"
1649,"enh12","ENSG00000129968"
1650,"enh5","ENSG00000064932"
1651,"enh14","ENSG00000198870"
1652,"enh9","ENSG00000186501"
1653,"enh4","ENSG00000051128"
1654,"enh13","ENSG00000115761"
1655,"enh6","ENSG00000136682"
1656,"enh11","ENSG00000165689"
1657,"enh7","ENSG00000254901"
1658,"enh1","ENSG00000174684"
1659,"enh12","ENSG00000126391"
1660,"enh14","ENSG00000105669"
1661,"enh12","ENSG00000148296"
1662,"enh6","ENSG00000158715"
1663,"enh6","ENSG00000198917"
1664,"enh3","ENSG00000102931"
1665,"enh10","ENSG00000158715"
1666,"enh4","ENSG00000143870"
1667,"enh6","ENSG00000014138"
1668,"enh1","ENSG00000189195"
1669,"enh10","ENSG00000256771"
1670,"enh7","ENSG00000105556"
1671,"enh3","ENSG00000143924"
1672,"enh1","ENSG00000069275"
1673,"enh2","ENSG00000196961"
1674,"enh9","ENSG00000125485"
1675,"enh14","ENSG00000119335"
1676,"enh6","ENSG00000136448"
1677,"enh6","ENSG00000197958"
1678,"enh13","ENSG00000187024"
1679,"enh11","ENSG00000146670"
1680,"enh2","ENSG00000159579"
1681,"enh4","ENSG00000149823"
1682,"enh8","ENSG00000103005"
1683,"enh12","ENSG00000172232"
1684,"enh13","ENSG00000070388"
1685,"enh12","ENSG00000165661"
1686,"enh1","ENSG00000131398"
1687,"enh3","ENSG00000108312"
1688,"enh11","ENSG00000148248"
1689,"enh3","ENSG00000181513"
1690,"enh6","ENSG00000160953"
1691,"enh1","ENSG00000148290"
1692,"enh2","ENSG00000173039"
1693,"enh5","ENSG00000163297"
1694,"enh3","ENSG00000174842"
1695,"enh2","ENSG00000141349"
1696,"enh14","ENSG00000184162"
1697,"enh4","ENSG00000119333"
1698,"enh10","ENSG00000160445"
1699,"enh2","ENSG00000175592"
1700,"enh11","ENSG00000102978"
1701,"enh2","ENSG00000148411"
1702,"enh7","ENSG00000181896"
1703,"enh5","ENSG00000106803"
1704,"enh12","ENSG00000130775"
1705,"enh7","ENSG00000186185"
1706,"enh9","ENSG00000130770"
1707,"enh14","ENSG00000130768"
1708,"enh12","ENSG00000144130"
1709,"enh13","ENSG00000143870"
1710,"enh7","ENSG00000108312"
1711,"enh13","ENSG00000172500"
1712,"enh1","ENSG00000172732"
1713,"enh8","ENSG00000187193"
1714,"enh4","ENSG00000141934"
1715,"enh10","ENSG00000147439"
1716,"enh7","ENSG00000176890"
1717,"enh7","ENSG00000106991"
1718,"enh5","ENSG00000153208"
1719,"enh2","ENSG00000136937"
1720,"enh6","ENSG00000161692"
1721,"enh11","ENSG00000143870"
1722,"enh1","ENSG00000160447"
1723,"enh2","ENSG00000161654"
1724,"enh14","ENSG00000133069"
1725,"enh6","ENSG00000105726"
1726,"enh11","ENSG00000105676"
1727,"enh7","ENSG00000136932"
1728,"enh12","ENSG00000181035"
1729,"enh14","ENSG00000196961"
1730,"enh14","ENSG00000196152"
1731,"enh11","ENSG00000213024"
1732,"enh8","ENSG00000197958"
1733,"enh7","ENSG00000133243"
1734,"enh13","ENSG00000104946"
1735,"enh13","ENSG00000070761"
1736,"enh8","ENSG00000163291"
1737,"enh5","ENSG00000106976"
1738,"enh13","ENSG00000175854"
1739,"enh3","ENSG00000174996"
1740,"enh13","ENSG00000120913"
1741,"enh3","ENSG00000167491"
1742,"enh3","ENSG00000079313"
1743,"enh7","ENSG00000136908"
1744,"enh5","ENSG00000174851"
1745,"enh4","ENSG00000134318"
1746,"enh10","ENSG00000160161"
1747,"enh3","ENSG00000039650"
1748,"enh11","ENSG00000175832"
1749,"enh13","ENSG00000161647"
1750,"enh12","ENSG00000136877"
1751,"enh11","ENSG00000144134"
1752,"enh9","ENSG00000076321"
1753,"enh2","ENSG00000099864"
1754,"enh13","ENSG00000131409"
1755,"enh1","ENSG00000196550"
1756,"enh9","ENSG00000187840"
1757,"enh3","ENSG00000070423"
1758,"enh2","ENSG00000175115"
1759,"enh11","ENSG00000125319"
1760,"enh14","ENSG00000138756"
1761,"enh3","ENSG00000161647"
1762,"enh12","ENSG00000167468"
1763,"enh11","ENSG00000102996"
1764,"enh5","ENSG00000140854"
1765,"enh2","ENSG00000117751"
1766,"enh14","ENSG00000091947"
1767,"enh6","ENSG00000174684"
1768,"enh14","ENSG00000165661"
1769,"enh12","ENSG00000105374"
1770,"enh14","ENSG00000174669"
1771,"enh8","ENSG00000136929"
1772,"enh5","ENSG00000110046"
1773,"enh10","ENSG00000144161"
1774,"enh3","ENSG00000185278"
1775,"enh9","ENSG00000068971"
1776,"enh2","ENSG00000106992"
1777,"enh10","ENSG00000134318"
1778,"enh7","ENSG00000119335"
1779,"enh4","ENSG00000131409"
1780,"enh14","ENSG00000125170"
1781,"enh7","ENSG00000172775"
1782,"enh13","ENSG00000141934"
1783,"enh3","ENSG00000148291"
1784,"enh4","ENSG00000136932"
1785,"enh3","ENSG00000105676"
1786,"enh13","ENSG00000185761"
1787,"enh11","ENSG00000116014"
1788,"enh13","ENSG00000180198"
1789,"enh5","ENSG00000069702"
1790,"enh2","ENSG00000143476"
1791,"enh10","ENSG00000186501"
1792,"enh14","ENSG00000140848"
1793,"enh6","ENSG00000173465"
1794,"enh11","ENSG00000162769"
1795,"enh13","ENSG00000172775"
1796,"enh5","ENSG00000175573"
1797,"enh11","ENSG00000183831"
1798,"enh7","ENSG00000064932"
1799,"enh1","ENSG00000148291"
1800,"enh9","ENSG00000142528"
1801,"enh5","ENSG00000115750"
1802,"enh1","ENSG00000005194"
1803,"enh1","ENSG00000105374"
1804,"enh7","ENSG00000167118"
1805,"enh3","ENSG00000064787"
1806,"enh11","ENSG00000106789"
1807,"enh13","ENSG00000122026"
1808,"enh4","ENSG00000090273"
1809,"enh4","ENSG00000039650"
1810,"enh8","ENSG00000136448"
1811,"enh3","ENSG00000105379"
1812,"enh10","ENSG00000136925"
1813,"enh10","ENSG00000136856"
1814,"enh11","ENSG00000173825"
1815,"enh7","ENSG00000104960"
1816,"enh8","ENSG00000070423"
1817,"enh12","ENSG00000165092"
1818,"enh14","ENSG00000070404"
1819,"enh2","ENSG00000099866"
1820,"enh7","ENSG00000136937"
1821,"enh6","ENSG00000107290"
1822,"enh11","ENSG00000065600"
1823,"enh12","ENSG00000005007"
1824,"enh4","ENSG00000122484"
1825,"enh3","ENSG00000165699"
1826,"enh5","ENSG00000160161"
1827,"enh6","ENSG00000105497"
1828,"enh2","ENSG00000152518"
1829,"enh9","ENSG00000140859"
1830,"enh6","ENSG00000105676"
1831,"enh10","ENSG00000064666"
1832,"enh12","ENSG00000160318"
1833,"enh3","ENSG00000204673"
1834,"enh6","ENSG00000174529"
1835,"enh12","ENSG00000175467"
1836,"enh11","ENSG00000105472"
1837,"enh6","ENSG00000103021"
1838,"enh4","ENSG00000107290"
1839,"enh9","ENSG00000174547"
1840,"enh12","ENSG00000168061"
1841,"enh11","ENSG00000172922"
1842,"enh7","ENSG00000159461"
1843,"enh4","ENSG00000099804"
1844,"enh11","ENSG00000162772"
1845,"enh11","ENSG00000107372"
1846,"enh14","ENSG00000181781"
1847,"enh8","ENSG00000167747"
1848,"enh13","ENSG00000198840"
1849,"enh12","ENSG00000115970"
1850,"enh12","ENSG00000183831"
1851,"enh13","ENSG00000107290"
1852,"enh10","ENSG00000130772"
1853,"enh10","ENSG00000136828"
1854,"enh9","ENSG00000122026"
1855,"enh4","ENSG00000095383"
1856,"enh4","ENSG00000156269"
1857,"enh10","ENSG00000130768"
1858,"enh1","ENSG00000099625"
1859,"enh11","ENSG00000108309"
1860,"enh8","ENSG00000064547"
1861,"enh5","ENSG00000173039"
1862,"enh13","ENSG00000012048"
1863,"enh11","ENSG00000069702"
1864,"enh6","ENSG00000158941"
1865,"enh4","ENSG00000167103"
1866,"enh8","ENSG00000131094"
1867,"enh2","ENSG00000126698"
1868,"enh5","ENSG00000122484"
1869,"enh2","ENSG00000135046"
1870,"enh8","ENSG00000148290"
1871,"enh6","ENSG00000106991"
1872,"enh3","ENSG00000115756"
1873,"enh6","ENSG00000136925"
1874,"enh4","ENSG00000174669"
1875,"enh3","ENSG00000180329"
1876,"enh5","ENSG00000090273"
1877,"enh7","ENSG00000213023"
1878,"enh2","ENSG00000144161"
1879,"enh14","ENSG00000119392"
1880,"enh11","ENSG00000181513"
1881,"enh6","ENSG00000103005"
1882,"enh1","ENSG00000106789"
1883,"enh14","ENSG00000213023"
1884,"enh4","ENSG00000167491"
1885,"enh10","ENSG00000196961"
1886,"enh7","ENSG00000161671"
1887,"enh4","ENSG00000250067"
1888,"enh11","ENSG00000119514"
1889,"enh3","ENSG00000125630"
1890,"enh8","ENSG00000204138"
1891,"enh5","ENSG00000131094"
1892,"enh8","ENSG00000168591"
1893,"enh8","ENSG00000165138"
1894,"enh12","ENSG00000114999"
1895,"enh13","ENSG00000175294"
1896,"enh12","ENSG00000175854"
1897,"enh6","ENSG00000198858"
1898,"enh6","ENSG00000104897"
1899,"enh3","ENSG00000162298"
1900,"enh6","ENSG00000125482"
1901,"enh8","ENSG00000165699"
1902,"enh4","ENSG00000088682"
1903,"enh14","ENSG00000173442"
1904,"enh12","ENSG00000158161"
1905,"enh14","ENSG00000197136"
1906,"enh1","ENSG00000097046"
1907,"enh5","ENSG00000175592"
1908,"enh6","ENSG00000134317"
1909,"enh2","ENSG00000106789"
1910,"enh5","ENSG00000253368"
1911,"enh8","ENSG00000071626"
1912,"enh7","ENSG00000130560"
1913,"enh8","ENSG00000136854"
1914,"enh4","ENSG00000175854"
1915,"enh3","ENSG00000162878"
1916,"enh4","ENSG00000133065"
1917,"enh6","ENSG00000125637"
1918,"enh11","ENSG00000095380"
1919,"enh10","ENSG00000158195"
1920,"enh10","ENSG00000129951"
1921,"enh1","ENSG00000115758"
1922,"enh6","ENSG00000174516"
1923,"enh4","ENSG00000197694"
1924,"enh5","ENSG00000183831"
1925,"enh14","ENSG00000203705"
1926,"enh8","ENSG00000160408"
1927,"enh13","ENSG00000173442"
1928,"enh12","ENSG00000165688"
1929,"enh1","ENSG00000160345"
1930,"enh11","ENSG00000070761"
1931,"enh10","ENSG00000149798"
1932,"enh9","ENSG00000143476"
1933,"enh9","ENSG00000197540"
1934,"enh3","ENSG00000174684"
1935,"enh1","ENSG00000174851"
1936,"enh13","ENSG00000175376"
1937,"enh5","ENSG00000104885"
1938,"enh14","ENSG00000167748"
1939,"enh5","ENSG00000135870"
1940,"enh5","ENSG00000130768"
1941,"enh6","ENSG00000105556"
1942,"enh5","ENSG00000175550"
1943,"enh14","ENSG00000136925"
1944,"enh2","ENSG00000189195"
1945,"enh5","ENSG00000169288"
1946,"enh14","ENSG00000115268"
1947,"enh12","ENSG00000162769"
1948,"enh12","ENSG00000184988"
1949,"enh2","ENSG00000160326"
1950,"enh4","ENSG00000144136"
1951,"enh14","ENSG00000069275"
1952,"enh7","ENSG00000160293"
1953,"enh12","ENSG00000117650"
1954,"enh5","ENSG00000174950"
1955,"enh3","ENSG00000070404"
1956,"enh3","ENSG00000169607"
1957,"enh9","ENSG00000180098"
1958,"enh4","ENSG00000134317"
1959,"enh4","ENSG00000149792"
1960,"enh6","ENSG00000117601"
1961,"enh4","ENSG00000011304"
1962,"enh11","ENSG00000167491"
1963,"enh7","ENSG00000188177"
1964,"enh9","ENSG00000115084"
1965,"enh6","ENSG00000133884"
1966,"enh5","ENSG00000125482"
1967,"enh2","ENSG00000198786"
1968,"enh11","ENSG00000256771"
1969,"enh10","ENSG00000165688"
1970,"enh9","ENSG00000162419"
1971,"enh5","ENSG00000099866"
1972,"enh11","ENSG00000262874"
1973,"enh6","ENSG00000108861"
1974,"enh8","ENSG00000181588"
1975,"enh6","ENSG00000148411"
1976,"enh13","ENSG00000116014"
1977,"enh1","ENSG00000064545"
1978,"enh10","ENSG00000100316"
1979,"enh6","ENSG00000012048"
1980,"enh3","ENSG00000172232"
1981,"enh9","ENSG00000133059"
1982,"enh7","ENSG00000161654"
1983,"enh4","ENSG00000138772"
1984,"enh5","ENSG00000167747"
1985,"enh1","ENSG00000160408"
1986,"enh1","ENSG00000173825"
1987,"enh13","ENSG00000204291"
1988,"enh6","ENSG00000148288"
1989,"enh9","ENSG00000070770"
1990,"enh8","ENSG00000108849"
1991,"enh1","ENSG00000130766"
1992,"enh7","ENSG00000173442"
1993,"enh14","ENSG00000105656"
1994,"enh1","ENSG00000008853"
1995,"enh11","ENSG00000135870"
1996,"enh3","ENSG00000171159"
1997,"enh10","ENSG00000162300"
1998,"enh12","ENSG00000148297"
1999,"enh13","ENSG00000135821"
2000,"enh1","ENSG00000115084"
2001,"enh14","ENSG00000160445"
2002,"enh11","ENSG00000181035"
2003,"enh8","ENSG00000165661"
2004,"enh6","ENSG00000108852"
2005,"enh5","ENSG00000162241"
2006,"enh2","ENSG00000108849"
2007,"enh4","ENSG00000119559"
2008,"enh2","ENSG00000165702"
2009,"enh14","ENSG00000162873"
2010,"enh5","ENSG00000172270"
2011,"enh13","ENSG00000147457"
2012,"enh4","ENSG00000171169"
2013,"enh7","ENSG00000108852"
2014,"enh8","ENSG00000069482"
2015,"enh1","ENSG00000152061"
2016,"enh6","ENSG00000160447"
2017,"enh14","ENSG00000142544"
2018,"enh2","ENSG00000117697"
2019,"enh6","ENSG00000175550"
2020,"enh14","ENSG00000138036"
2021,"enh10","ENSG00000014138"
2022,"enh8","ENSG00000104973"
2023,"enh13","ENSG00000144136"
2024,"enh3","ENSG00000142186"
2025,"enh10","ENSG00000172059"
2026,"enh4","ENSG00000143493"
2027,"enh12","ENSG00000198417"
2028,"enh4","ENSG00000177125"
2029,"enh12","ENSG00000148308"
2030,"enh5","ENSG00000175294"
2031,"enh4","ENSG00000108883"
2032,"enh1","ENSG00000161682"
2033,"enh2","ENSG00000051108"
2034,"enh14","ENSG00000176890"
2035,"enh5","ENSG00000197217"
2036,"enh14","ENSG00000148300"
2037,"enh8","ENSG00000104946"
2038,"enh11","ENSG00000070770"
2039,"enh12","ENSG00000065600"
2040,"enh3","ENSG00000175294"
2041,"enh1","ENSG00000069702"
2042,"enh5","ENSG00000134308"
2043,"enh6","ENSG00000167114"
2044,"enh6","ENSG00000186806"
2045,"enh12","ENSG00000149823"
2046,"enh14","ENSG00000187193"
2047,"enh12","ENSG00000125124"
2048,"enh13","ENSG00000196312"
2049,"enh1","ENSG00000148356"
2050,"enh12","ENSG00000120896"
2051,"enh9","ENSG00000129946"
2052,"enh14","ENSG00000105374"
2053,"enh13","ENSG00000138036"
2054,"enh5","ENSG00000142784"
2055,"enh14","ENSG00000099817"
2056,"enh2","ENSG00000117266"
2057,"enh13","ENSG00000167112"
2058,"enh10","ENSG00000175602"
2059,"enh6","ENSG00000102900"
2060,"enh8","ENSG00000051108"
2061,"enh5","ENSG00000148339"
2062,"enh11","ENSG00000133065"
2063,"enh10","ENSG00000165689"
2064,"enh8","ENSG00000105726"
2065,"enh8","ENSG00000182087"
2066,"enh5","ENSG00000117748"
2067,"enh7","ENSG00000171219"
2068,"enh3","ENSG00000148303"
2069,"enh10","ENSG00000125484"
2070,"enh4","ENSG00000241852"
2071,"enh12","ENSG00000131400"
2072,"enh11","ENSG00000106785"
2073,"enh11","ENSG00000161647"
2074,"enh10","ENSG00000196683"
2075,"enh2","ENSG00000130560"
2076,"enh5","ENSG00000174276"
2077,"enh2","ENSG00000160161"
2078,"enh8","ENSG00000005007"
2079,"enh3","ENSG00000133065"
2080,"enh4","ENSG00000136856"
2081,"enh6","ENSG00000144134"
2082,"enh5","ENSG00000039650"
2083,"enh1","ENSG00000127540"
2084,"enh12","ENSG00000105497"
2085,"enh9","ENSG00000125124"
2086,"enh4","ENSG00000148411"
2087,"enh11","ENSG00000108861"
2088,"enh6","ENSG00000167113"
2089,"enh1","ENSG00000162873"
2090,"enh10","ENSG00000117748"
2091,"enh11","ENSG00000069482"
2092,"enh5","ENSG00000138767"
2093,"enh9","ENSG00000158195"
2094,"enh6","ENSG00000174950"
2095,"enh2","ENSG00000095380"
2096,"enh10","ENSG00000172232"
2097,"enh11","ENSG00000119333"
2098,"enh9","ENSG00000174996"
2099,"enh7","ENSG00000105669"
2100,"enh14","ENSG00000064545"
2101,"enh7","ENSG00000174276"
2102,"enh3","ENSG00000066027"
2103,"enh1","ENSG00000181896"
2104,"enh6","ENSG00000070423"
2105,"enh9","ENSG00000196152"
2106,"enh13","ENSG00000159648"
2107,"enh3","ENSG00000106991"
2108,"enh3","ENSG00000174669"
2109,"enh14","ENSG00000136932"
2110,"enh1","ENSG00000068971"
2111,"enh12","ENSG00000069275"
2112,"enh9","ENSG00000107290"
2113,"enh11","ENSG00000167103"
2114,"enh5","ENSG00000168056"
2115,"enh8","ENSG00000117601"
2116,"enh10","ENSG00000070761"
2117,"enh12","ENSG00000223802"
2118,"enh6","ENSG00000099817"
2119,"enh5","ENSG00000115970"
2120,"enh2","ENSG00000067596"
2121,"enh5","ENSG00000079313"
2122,"enh13","ENSG00000254470"
2123,"enh9","ENSG00000102978"
2124,"enh12","ENSG00000119392"
2125,"enh13","ENSG00000160293"
2126,"enh11","ENSG00000117592"
2127,"enh7","ENSG00000197766"
2128,"enh10","ENSG00000114999"
2129,"enh12","ENSG00000135046"
2130,"enh4","ENSG00000149806"
2131,"enh11","ENSG00000169607"
2132,"enh5","ENSG00000172232"
2133,"enh3","ENSG00000104885"
2134,"enh8","ENSG00000160326"
2135,"enh1","ENSG00000106785"
2136,"enh5","ENSG00000136908"
2137,"enh9","ENSG00000136682"
2138,"enh11","ENSG00000131398"
2139,"enh4","ENSG00000133069"
2140,"enh5","ENSG00000158711"
2141,"enh14","ENSG00000158195"
2142,"enh12","ENSG00000104886"
2143,"enh6","ENSG00000064687"
2144,"enh3","ENSG00000013306"
2145,"enh5","ENSG00000135821"
2146,"enh11","ENSG00000153214"
2147,"enh3","ENSG00000129968"
2148,"enh4","ENSG00000160325"
2149,"enh13","ENSG00000095383"
2150,"enh7","ENSG00000183831"
2151,"enh11","ENSG00000057935"
2152,"enh5","ENSG00000138036"
2153,"enh6","ENSG00000143882"
2154,"enh5","ENSG00000130559"
2155,"enh11","ENSG00000142530"
2156,"enh2","ENSG00000165688"
2157,"enh12","ENSG00000133884"
2158,"enh13","ENSG00000169607"
2159,"enh9","ENSG00000116014"
2160,"enh12","ENSG00000119185"
2161,"enh2","ENSG00000254470"
2162,"enh13","ENSG00000228300"
2163,"enh13","ENSG00000188554"
2164,"enh3","ENSG00000186806"
2165,"enh13","ENSG00000136908"
2166,"enh9","ENSG00000254470"
2167,"enh4","ENSG00000106789"
2168,"enh9","ENSG00000014138"
2169,"enh6","ENSG00000130559"
2170,"enh9","ENSG00000134330"
2171,"enh2","ENSG00000009780"
2172,"enh2","ENSG00000168061"
2173,"enh2","ENSG00000105696"
2174,"enh3","ENSG00000105472"
2175,"enh3","ENSG00000174606"
2176,"enh10","ENSG00000135870"
2177,"enh14","ENSG00000167747"
2178,"enh5","ENSG00000105669"
2179,"enh7","ENSG00000149806"
2180,"enh2","ENSG00000105717"
2181,"enh11","ENSG00000064607"
2182,"enh14","ENSG00000117222"
2183,"enh1","ENSG00000010361"
2184,"enh14","ENSG00000125319"
2185,"enh7","ENSG00000136854"
2186,"enh3","ENSG00000104679"
2187,"enh1","ENSG00000108840"
2188,"enh7","ENSG00000203705"
2189,"enh13","ENSG00000183831"
2190,"enh8","ENSG00000071655"
2191,"enh11","ENSG00000099624"
2192,"enh6","ENSG00000125484"
2193,"enh10","ENSG00000057935"
2194,"enh4","ENSG00000117222"
2195,"enh11","ENSG00000108883"
2196,"enh7","ENSG00000135046"
2197,"enh7","ENSG00000138036"
2198,"enh10","ENSG00000133069"
2199,"enh5","ENSG00000187024"
2200,"enh13","ENSG00000174276"
2201,"enh3","ENSG00000117601"
2202,"enh13","ENSG00000138756"
2203,"enh5","ENSG00000227500"
2204,"enh13","ENSG00000126709"
2205,"enh1","ENSG00000105726"
2206,"enh12","ENSG00000005961"
2207,"enh2","ENSG00000117650"
2208,"enh6","ENSG00000182963"
2209,"enh12","ENSG00000133895"
2210,"enh5","ENSG00000062822"
2211,"enh14","ENSG00000066027"
2212,"enh12","ENSG00000180448"
2213,"enh12","ENSG00000175115"
2214,"enh6","ENSG00000181588"
2215,"enh5","ENSG00000175115"
2216,"enh6","ENSG00000090273"
2217,"enh7","ENSG00000136874"
2218,"enh11","ENSG00000172992"
2219,"enh13","ENSG00000162878"
2220,"enh10","ENSG00000117280"
2221,"enh9","ENSG00000136895"
2222,"enh11","ENSG00000198786"
2223,"enh6","ENSG00000183831"
2224,"enh13","ENSG00000136932"
2225,"enh12","ENSG00000175592"
2226,"enh1","ENSG00000069482"
2227,"enh12","ENSG00000171159"
2228,"enh2","ENSG00000051128"
2229,"enh10","ENSG00000198786"
2230,"enh1","ENSG00000175221"
2231,"enh13","ENSG00000159579"
2232,"enh6","ENSG00000148290"
2233,"enh9","ENSG00000119185"
2234,"enh2","ENSG00000039650"
2235,"enh3","ENSG00000119559"
2236,"enh8","ENSG00000148300"
2237,"enh13","ENSG00000174529"
2238,"enh7","ENSG00000213024"
2239,"enh10","ENSG00000087152"
2240,"enh11","ENSG00000141933"
2241,"enh13","ENSG00000110046"
2242,"enh1","ENSG00000133059"
2243,"enh7","ENSG00000143476"
2244,"enh14","ENSG00000090273"
2245,"enh4","ENSG00000203705"
2246,"enh7","ENSG00000105671"
2247,"enh9","ENSG00000149809"
2248,"enh3","ENSG00000198417"
2249,"enh4","ENSG00000160953"
2250,"enh10","ENSG00000069482"
2251,"enh9","ENSG00000183831"
2252,"enh4","ENSG00000174842"
2253,"enh11","ENSG00000104689"
2254,"enh6","ENSG00000062822"
2255,"enh1","ENSG00000167487"
2256,"enh8","ENSG00000175115"
2257,"enh8","ENSG00000142186"
2258,"enh5","ENSG00000198786"
2259,"enh1","ENSG00000117592"
2260,"enh11","ENSG00000160293"
2261,"enh1","ENSG00000161671"
2262,"enh2","ENSG00000125144"
2263,"enh8","ENSG00000125485"
2264,"enh7","ENSG00000130559"
2265,"enh11","ENSG00000105696"
2266,"enh6","ENSG00000181773"
2267,"enh3","ENSG00000185198"
2268,"enh4","ENSG00000254901"
2269,"enh2","ENSG00000105705"
2270,"enh3","ENSG00000198492"
2271,"enh2","ENSG00000167112"
2272,"enh10","ENSG00000120889"
2273,"enh1","ENSG00000142528"
2274,"enh8","ENSG00000125484"
2275,"enh11","ENSG00000174684"
2276,"enh3","ENSG00000250067"
2277,"enh12","ENSG00000095383"
2278,"enh3","ENSG00000175602"
2279,"enh10","ENSG00000148339"
2280,"enh13","ENSG00000167114"
2281,"enh8","ENSG00000172757"
2282,"enh14","ENSG00000119559"
2283,"enh11","ENSG00000196683"
2284,"enh7","ENSG00000174744"
2285,"enh2","ENSG00000176890"
2286,"enh8","ENSG00000160345"
2287,"enh13","ENSG00000162669"
2288,"enh3","ENSG00000131094"
2289,"enh1","ENSG00000172992"
2290,"enh14","ENSG00000168061"
2291,"enh3","ENSG00000187840"
2292,"enh1","ENSG00000107372"
2293,"enh6","ENSG00000203705"
2294,"enh8","ENSG00000115758"
2295,"enh12","ENSG00000123685"
2296,"enh10","ENSG00000176973"
2297,"enh1","ENSG00000169288"
2298,"enh6","ENSG00000175376"
2299,"enh6","ENSG00000161647"
2300,"enh6","ENSG00000160563"
2301,"enh8","ENSG00000069275"
2302,"enh12","ENSG00000105472"
2303,"enh10","ENSG00000187024"
2304,"enh6","ENSG00000135870"
2305,"enh13","ENSG00000091947"
2306,"enh5","ENSG00000162419"
2307,"enh10","ENSG00000165092"
2308,"enh3","ENSG00000125170"
2309,"enh10","ENSG00000204710"
2310,"enh9","ENSG00000196415"
2311,"enh1","ENSG00000165688"
2312,"enh14","ENSG00000182963"
2313,"enh14","ENSG00000134308"
2314,"enh8","ENSG00000144130"
2315,"enh11","ENSG00000062822"
2316,"enh1","ENSG00000125630"
2317,"enh2","ENSG00000156269"
2318,"enh12","ENSG00000122026"
2319,"enh6","ENSG00000076321"
2320,"enh2","ENSG00000144130"
2321,"enh3","ENSG00000142544"
2322,"enh10","ENSG00000160408"
2323,"enh6","ENSG00000168056"
2324,"enh8","ENSG00000148288"
2325,"enh14","ENSG00000172500"
2326,"enh14","ENSG00000188554"
2327,"enh6","ENSG00000174669"
2328,"enh11","ENSG00000187024"
2329,"enh11","ENSG00000136448"
2330,"enh2","ENSG00000120889"
2331,"enh2","ENSG00000171848"
2332,"enh7","ENSG00000105656"
2333,"enh9","ENSG00000187024"
2334,"enh11","ENSG00000125170"
2335,"enh11","ENSG00000070404"
2336,"enh12","ENSG00000196550"
2337,"enh12","ENSG00000143924"
2338,"enh7","ENSG00000087152"
2339,"enh9","ENSG00000120334"
2340,"enh2","ENSG00000130005"
2341,"enh14","ENSG00000099866"
2342,"enh4","ENSG00000108312"
2343,"enh9","ENSG00000136856"
2344,"enh8","ENSG00000039650"
2345,"enh10","ENSG00000159461"
2346,"enh7","ENSG00000117625"
2347,"enh11","ENSG00000115750"
2348,"enh8","ENSG00000012048"
2349,"enh8","ENSG00000180340"
2350,"enh5","ENSG00000005007"
2351,"enh7","ENSG00000143493"
2352,"enh2","ENSG00000172732"
2353,"enh12","ENSG00000174950"
2354,"enh13","ENSG00000172992"
2355,"enh11","ENSG00000221983"
2356,"enh5","ENSG00000119203"
2357,"enh10","ENSG00000176890"
2358,"enh7","ENSG00000168067"
2359,"enh1","ENSG00000184162"
2360,"enh1","ENSG00000130770"
2361,"enh8","ENSG00000068971"
2362,"enh3","ENSG00000104960"
2363,"enh5","ENSG00000162772"
2364,"enh8","ENSG00000106992"
2365,"enh10","ENSG00000133275"
2366,"enh4","ENSG00000174516"
2367,"enh6","ENSG00000161677"
2368,"enh1","ENSG00000197694"
2369,"enh7","ENSG00000144136"
2370,"enh11","ENSG00000171219"
2371,"enh13","ENSG00000103021"
2372,"enh8","ENSG00000130775"
2373,"enh8","ENSG00000097046"
2374,"enh11","ENSG00000172270"
2375,"enh1","ENSG00000117593"
2376,"enh5","ENSG00000122482"
2377,"enh12","ENSG00000162878"
2378,"enh4","ENSG00000171159"
2379,"enh8","ENSG00000130005"
2380,"enh2","ENSG00000160447"
2381,"enh7","ENSG00000198870"
2382,"enh5","ENSG00000172732"
2383,"enh8","ENSG00000123684"
2384,"enh7","ENSG00000143882"
2385,"enh12","ENSG00000160408"
2386,"enh13","ENSG00000186566"
2387,"enh10","ENSG00000014216"
2388,"enh3","ENSG00000148339"
2389,"enh5","ENSG00000108309"
2390,"enh13","ENSG00000104131"
2391,"enh5","ENSG00000160326"
2392,"enh11","ENSG00000168591"
2393,"enh4","ENSG00000174684"
2394,"enh11","ENSG00000129911"
2395,"enh7","ENSG00000099804"
2396,"enh4","ENSG00000103021"
2397,"enh8","ENSG00000070761"
2398,"enh11","ENSG00000131409"
2399,"enh14","ENSG00000117650"
2400,"enh14","ENSG00000105705"
2401,"enh12","ENSG00000117266"
2402,"enh14","ENSG00000172732"
2403,"enh2","ENSG00000174547"
2404,"enh5","ENSG00000198746"
2405,"enh1","ENSG00000169403"
2406,"enh8","ENSG00000197694"
2407,"enh2","ENSG00000160271"
2408,"enh6","ENSG00000117748"
2409,"enh3","ENSG00000130513"
2410,"enh2","ENSG00000173442"
2411,"enh5","ENSG00000148291"
2412,"enh2","ENSG00000130511"
2413,"enh9","ENSG00000148288"
2414,"enh4","ENSG00000068831"
2415,"enh12","ENSG00000162976"
2416,"enh8","ENSG00000138756"
2417,"enh9","ENSG00000174516"
2418,"enh8","ENSG00000165702"
2419,"enh1","ENSG00000204673"
2420,"enh8","ENSG00000148411"
2421,"enh1","ENSG00000213988"
2422,"enh6","ENSG00000065600"
2423,"enh2","ENSG00000105708"
2424,"enh14","ENSG00000181896"
2425,"enh4","ENSG00000165092"
2426,"enh10","ENSG00000133243"
2427,"enh12","ENSG00000174684"
2428,"enh1","ENSG00000071564"
2429,"enh11","ENSG00000143493"
2430,"enh4","ENSG00000204291"
2431,"enh10","ENSG00000175334"
2432,"enh1","ENSG00000147454"
2433,"enh13","ENSG00000175334"
2434,"enh5","ENSG00000175376"
2435,"enh13","ENSG00000105497"
2436,"enh14","ENSG00000134317"
2437,"enh10","ENSG00000172081"
2438,"enh13","ENSG00000165138"
2439,"enh7","ENSG00000254470"
2440,"enh1","ENSG00000174516"
2441,"enh6","ENSG00000186566"
2442,"enh3","ENSG00000187024"
2443,"enh2","ENSG00000184162"
2444,"enh1","ENSG00000090273"
2445,"enh8","ENSG00000181896"
2446,"enh4","ENSG00000126698"
2447,"enh9","ENSG00000071626"
2448,"enh11","ENSG00000162298"
2449,"enh10","ENSG00000142186"
2450,"enh13","ENSG00000130766"
2451,"enh13","ENSG00000065000"
2452,"enh13","ENSG00000160563"
2453,"enh4","ENSG00000030582"
2454,"enh13","ENSG00000167103"
2455,"enh14","ENSG00000068976"
2456,"enh5","ENSG00000102934"
2457,"enh14","ENSG00000064666"
2458,"enh1","ENSG00000102931"
2459,"enh13","ENSG00000004939"
2460,"enh6","ENSG00000173327"
2461,"enh12","ENSG00000105717"
2462,"enh4","ENSG00000117758"
2463,"enh1","ENSG00000162976"
2464,"enh4","ENSG00000213023"
2465,"enh3","ENSG00000105671"
2466,"enh12","ENSG00000105701"
2467,"enh11","ENSG00000104886"
2468,"enh6","ENSG00000097046"
2469,"enh13","ENSG00000181513"
2470,"enh2","ENSG00000108861"
2471,"enh7","ENSG00000095380"
2472,"enh14","ENSG00000110047"
2473,"enh4","ENSG00000171940"
2474,"enh3","ENSG00000197540"
2475,"enh9","ENSG00000187193"
2476,"enh14","ENSG00000125630"
2477,"enh5","ENSG00000117593"
2478,"enh2","ENSG00000133065"
2479,"enh7","ENSG00000107021"
2480,"enh1","ENSG00000141349"
2481,"enh4","ENSG00000136895"
2482,"enh10","ENSG00000167747"
2483,"enh3","ENSG00000174547"
2484,"enh5","ENSG00000115944"
2485,"enh14","ENSG00000198746"
2486,"enh6","ENSG00000105671"
2487,"enh2","ENSG00000131398"
2488,"enh5","ENSG00000163291"
2489,"enh4","ENSG00000070404"
2490,"enh8","ENSG00000005194"
2491,"enh6","ENSG00000174744"
2492,"enh12","ENSG00000117625"
2493,"enh12","ENSG00000175906"
2494,"enh2","ENSG00000143870"
2495,"enh2","ENSG00000070404"
2496,"enh11","ENSG00000174276"
2497,"enh1","ENSG00000119523"
2498,"enh9","ENSG00000105726"
2499,"enh5","ENSG00000153107"
2500,"enh5","ENSG00000204138"
2501,"enh14","ENSG00000135736"
2502,"enh5","ENSG00000076321"
2503,"enh11","ENSG00000099840"
2504,"enh13","ENSG00000104689"
2505,"enh4","ENSG00000181896"
2506,"enh7","ENSG00000087263"
2507,"enh2","ENSG00000106991"
2508,"enh13","ENSG00000115750"
2509,"enh11","ENSG00000149823"
2510,"enh8","ENSG00000116014"
2511,"enh2","ENSG00000102934"
2512,"enh12","ENSG00000095380"
2513,"enh14","ENSG00000136938"
2514,"enh10","ENSG00000204291"
2515,"enh12","ENSG00000167747"
2516,"enh11","ENSG00000102900"
2517,"enh6","ENSG00000254470"
2518,"enh4","ENSG00000004939"
2519,"enh2","ENSG00000129933"
2520,"enh8","ENSG00000165688"
2521,"enh4","ENSG00000186010"
2522,"enh14","ENSG00000148339"
2523,"enh11","ENSG00000180198"
2524,"enh3","ENSG00000065268"
2525,"enh8","ENSG00000162772"
2526,"enh4","ENSG00000138036"
2527,"enh4","ENSG00000125319"
2528,"enh5","ENSG00000115268"
2529,"enh3","ENSG00000069275"
2530,"enh8","ENSG00000117592"
2531,"enh1","ENSG00000162878"
2532,"enh3","ENSG00000165702"
2533,"enh7","ENSG00000122482"
2534,"enh3","ENSG00000134318"
2535,"enh7","ENSG00000134330"
2536,"enh13","ENSG00000158195"
2537,"enh1","ENSG00000196422"
2538,"enh1","ENSG00000174529"
2539,"enh2","ENSG00000142530"
2540,"enh14","ENSG00000148291"
2541,"enh9","ENSG00000223802"
2542,"enh10","ENSG00000187193"
2543,"enh13","ENSG00000130772"
2544,"enh3","ENSG00000174903"
2545,"enh7","ENSG00000162772"
2546,"enh11","ENSG00000129933"
2547,"enh6","ENSG00000165661"
2548,"enh1","ENSG00000162300"
2549,"enh3","ENSG00000108309"
2550,"enh3","ENSG00000167468"
2551,"enh9","ENSG00000197694"
2552,"enh14","ENSG00000160326"
2553,"enh3","ENSG00000105053"
2554,"enh14","ENSG00000148337"
2555,"enh8","ENSG00000213023"
2556,"enh10","ENSG00000104973"
2557,"enh1","ENSG00000241852"
2558,"enh4","ENSG00000198786"
2559,"enh13","ENSG00000106803"
2560,"enh7","ENSG00000119559"
2561,"enh9","ENSG00000160325"
2562,"enh10","ENSG00000198746"
2563,"enh14","ENSG00000120334"
2564,"enh13","ENSG00000117280"
2565,"enh6","ENSG00000196312"
2566,"enh10","ENSG00000172922"
2567,"enh13","ENSG00000071655"
2568,"enh11","ENSG00000180340"
2569,"enh4","ENSG00000006015"
2570,"enh4","ENSG00000178093"
2571,"enh9","ENSG00000181588"
2572,"enh11","ENSG00000102931"
2573,"enh6","ENSG00000136842"
2574,"enh5","ENSG00000107372"
2575,"enh11","ENSG00000108312"
2576,"enh12","ENSG00000182963"
2577,"enh1","ENSG00000198417"
2578,"enh8","ENSG00000105717"
2579,"enh7","ENSG00000160271"
2580,"enh3","ENSG00000115255"
2581,"enh3","ENSG00000115257"
2582,"enh3","ENSG00000006015"
2583,"enh9","ENSG00000102934"
2584,"enh7","ENSG00000167106"
2585,"enh13","ENSG00000146670"
2586,"enh2","ENSG00000143882"
2587,"enh11","ENSG00000131408"
2588,"enh6","ENSG00000105696"
2589,"enh1","ENSG00000125319"
2590,"enh6","ENSG00000171848"
2591,"enh13","ENSG00000105374"
2592,"enh5","ENSG00000152518"
2593,"enh11","ENSG00000068976"
2594,"enh11","ENSG00000138036"
2595,"enh6","ENSG00000140859"
2596,"enh11","ENSG00000122484"
2597,"enh14","ENSG00000065600"
2598,"enh10","ENSG00000130005"
2599,"enh7","ENSG00000204291"
2600,"enh2","ENSG00000160404"
2601,"enh2","ENSG00000172059"
2602,"enh5","ENSG00000064545"
2603,"enh2","ENSG00000144136"
2604,"enh4","ENSG00000123684"
2605,"enh14","ENSG00000158711"
2606,"enh9","ENSG00000105497"
2607,"enh9","ENSG00000119523"
2608,"enh1","ENSG00000115970"
2609,"enh7","ENSG00000196312"
2610,"enh12","ENSG00000171169"
2611,"enh1","ENSG00000187193"
2612,"enh9","ENSG00000087365"
2613,"enh2","ENSG00000011304"
2614,"enh6","ENSG00000153107"
2615,"enh13","ENSG00000203705"
2616,"enh10","ENSG00000167106"
2617,"enh8","ENSG00000167112"
2618,"enh8","ENSG00000185198"
2619,"enh3","ENSG00000172081"
2620,"enh13","ENSG00000227500"
2621,"enh11","ENSG00000160345"
2622,"enh13","ENSG00000067596"
2623,"enh14","ENSG00000197540"
2624,"enh12","ENSG00000130768"
2625,"enh11","ENSG00000162241"
2626,"enh5","ENSG00000160345"
2627,"enh7","ENSG00000122026"
2628,"enh11","ENSG00000105656"
2629,"enh8","ENSG00000070404"
2630,"enh10","ENSG00000122026"
2631,"enh3","ENSG00000147454"
2632,"enh12","ENSG00000163297"
2633,"enh5","ENSG00000119333"
2634,"enh2","ENSG00000256771"
2635,"enh12","ENSG00000180098"
2636,"enh12","ENSG00000119125"
2637,"enh11","ENSG00000120889"
2638,"enh8","ENSG00000136908"
2639,"enh5","ENSG00000057935"
2640,"enh11","ENSG00000213638"
2641,"enh14","ENSG00000102996"
2642,"enh9","ENSG00000148411"
2643,"enh2","ENSG00000142528"
2644,"enh5","ENSG00000143924"
2645,"enh6","ENSG00000105669"
2646,"enh8","ENSG00000148339"
2647,"enh9","ENSG00000102931"
2648,"enh12","ENSG00000213221"
2649,"enh13","ENSG00000106976"
2650,"enh6","ENSG00000171219"
2651,"enh4","ENSG00000105708"
2652,"enh2","ENSG00000130775"
2653,"enh1","ENSG00000168066"
2654,"enh2","ENSG00000133243"
2655,"enh13","ENSG00000107021"
2656,"enh2","ENSG00000099625"
2657,"enh14","ENSG00000167759"
2658,"enh11","ENSG00000136828"
2659,"enh12","ENSG00000136840"
2660,"enh11","ENSG00000117751"
2661,"enh2","ENSG00000161692"
2662,"enh4","ENSG00000133895"
2663,"enh2","ENSG00000161682"
2664,"enh11","ENSG00000105671"
2665,"enh2","ENSG00000102900"
2666,"enh12","ENSG00000087263"
2667,"enh3","ENSG00000144134"
2668,"enh14","ENSG00000174950"
2669,"enh4","ENSG00000102996"
2670,"enh5","ENSG00000110047"
2671,"enh9","ENSG00000108883"
2672,"enh1","ENSG00000196116"
2673,"enh9","ENSG00000140854"
2674,"enh8","ENSG00000168062"
2675,"enh11","ENSG00000174529"
2676,"enh12","ENSG00000106976"
2677,"enh11","ENSG00000175376"
2678,"enh14","ENSG00000012048"
2679,"enh11","ENSG00000130775"
2680,"enh5","ENSG00000165699"
2681,"enh3","ENSG00000235034"
2682,"enh13","ENSG00000064547"
2683,"enh10","ENSG00000105379"
2684,"enh2","ENSG00000071564"
2685,"enh2","ENSG00000178093"
2686,"enh7","ENSG00000180448"
2687,"enh4","ENSG00000180329"
2688,"enh6","ENSG00000101132"
2689,"enh10","ENSG00000106992"
2690,"enh9","ENSG00000176973"
2691,"enh10","ENSG00000117697"
2692,"enh8","ENSG00000172059"
2693,"enh1","ENSG00000125485"
2694,"enh10","ENSG00000115255"
2695,"enh12","ENSG00000160447"
2696,"enh5","ENSG00000204710"
2697,"enh14","ENSG00000125482"
2698,"enh10","ENSG00000167487"
2699,"enh12","ENSG00000120656"
2700,"enh10","ENSG00000173039"
2701,"enh11","ENSG00000165661"
2702,"enh1","ENSG00000102996"
2703,"enh12","ENSG00000147669"
2704,"enh8","ENSG00000149809"
2705,"enh6","ENSG00000125319"
2706,"enh7","ENSG00000120896"
2707,"enh9","ENSG00000108852"
2708,"enh13","ENSG00000115084"
2709,"enh7","ENSG00000117592"
2710,"enh6","ENSG00000187193"
2711,"enh1","ENSG00000160325"
2712,"enh8","ENSG00000133895"
2713,"enh13","ENSG00000138772"
2714,"enh9","ENSG00000136842"
2715,"enh6","ENSG00000149823"
2716,"enh7","ENSG00000198840"
2717,"enh12","ENSG00000148303"
2718,"enh9","ENSG00000161714"
2719,"enh12","ENSG00000197136"
2720,"enh8","ENSG00000126709"
2721,"enh1","ENSG00000119185"
2722,"enh3","ENSG00000123685"
2723,"enh6","ENSG00000160293"
2724,"enh2","ENSG00000105662"
2725,"enh3","ENSG00000101132"
2726,"enh5","ENSG00000117222"
2727,"enh2","ENSG00000103021"
2728,"enh9","ENSG00000102996"
2729,"enh2","ENSG00000117691"
2730,"enh3","ENSG00000115084"
2731,"enh10","ENSG00000175221"
2732,"enh5","ENSG00000185761"
2733,"enh14","ENSG00000185761"
2734,"enh6","ENSG00000160446"
2735,"enh9","ENSG00000136925"
2736,"enh4","ENSG00000143476"
2737,"enh4","ENSG00000187193"
2738,"enh5","ENSG00000197540"
2739,"enh3","ENSG00000160293"
2740,"enh12","ENSG00000181513"
2741,"enh3","ENSG00000119523"
2742,"enh14","ENSG00000122026"
2743,"enh7","ENSG00000196116"
2744,"enh14","ENSG00000175115"
2745,"enh12","ENSG00000106991"
2746,"enh2","ENSG00000130559"
2747,"enh4","ENSG00000069482"
2748,"enh14","ENSG00000174276"
2749,"enh5","ENSG00000126709"
2750,"enh13","ENSG00000197694"
2751,"enh7","ENSG00000110047"
2752,"enh14","ENSG00000133275"
2753,"enh2","ENSG00000181896"
2754,"enh2","ENSG00000172500"
2755,"enh6","ENSG00000173039"
2756,"enh13","ENSG00000197217"
2757,"enh3","ENSG00000167123"
2758,"enh3","ENSG00000136856"
2759,"enh10","ENSG00000117266"
2760,"enh4","ENSG00000122482"
2761,"enh14","ENSG00000105671"
2762,"enh7","ENSG00000175221"
2763,"enh3","ENSG00000117748"
2764,"enh12","ENSG00000108849"
2765,"enh6","ENSG00000142544"
2766,"enh5","ENSG00000134317"
2767,"enh11","ENSG00000133884"
2768,"enh1","ENSG00000117697"
2769,"enh3","ENSG00000163297"
2770,"enh9","ENSG00000117593"
2771,"enh8","ENSG00000148297"
2772,"enh13","ENSG00000198492"
2773,"enh8","ENSG00000181035"
2774,"enh2","ENSG00000117593"
2775,"enh5","ENSG00000065600"
2776,"enh7","ENSG00000163297"
2777,"enh11","ENSG00000196550"
2778,"enh10","ENSG00000250067"
2779,"enh8","ENSG00000148303"
2780,"enh10","ENSG00000117650"
2781,"enh9","ENSG00000148300"
2782,"enh1","ENSG00000051128"
2783,"enh4","ENSG00000136925"
2784,"enh11","ENSG00000180448"
2785,"enh14","ENSG00000197217"
2786,"enh5","ENSG00000105708"
2787,"enh7","ENSG00000178093"
2788,"enh11","ENSG00000131400"
2789,"enh14","ENSG00000167470"
2790,"enh14","ENSG00000161682"
2791,"enh7","ENSG00000064666"
2792,"enh4","ENSG00000105556"
2793,"enh12","ENSG00000129933"
2794,"enh3","ENSG00000064687"
2795,"enh11","ENSG00000103005"
2796,"enh8","ENSG00000134330"
2797,"enh13","ENSG00000168061"
2798,"enh8","ENSG00000167118"
2799,"enh14","ENSG00000131408"
2800,"enh9","ENSG00000108849"
2801,"enh3","ENSG00000151694"
2802,"enh4","ENSG00000009780"
2803,"enh5","ENSG00000117650"
2804,"enh10","ENSG00000013306"
2805,"enh4","ENSG00000099817"
2806,"enh10","ENSG00000253368"
2807,"enh7","ENSG00000105708"
2808,"enh4","ENSG00000106991"
2809,"enh10","ENSG00000174684"
2810,"enh6","ENSG00000136840"
2811,"enh12","ENSG00000102934"
2812,"enh13","ENSG00000160360"
2813,"enh14","ENSG00000099804"
2814,"enh10","ENSG00000119514"
2815,"enh2","ENSG00000167759"
2816,"enh11","ENSG00000167470"
2817,"enh2","ENSG00000172232"
2818,"enh7","ENSG00000198786"
2819,"enh9","ENSG00000235034"
2820,"enh5","ENSG00000125144"
2821,"enh12","ENSG00000147457"
2822,"enh4","ENSG00000235034"
2823,"enh12","ENSG00000013306"
2824,"enh6","ENSG00000160345"
2825,"enh3","ENSG00000076321"
2826,"enh1","ENSG00000101132"
2827,"enh3","ENSG00000119203"
2828,"enh10","ENSG00000148248"
2829,"enh9","ENSG00000095380"
2830,"enh13","ENSG00000070423"
2831,"enh3","ENSG00000160563"
2832,"enh9","ENSG00000182963"
2833,"enh13","ENSG00000130270"
2834,"enh2","ENSG00000196116"
2835,"enh10","ENSG00000161647"
2836,"enh10","ENSG00000130770"
2837,"enh2","ENSG00000175832"
2838,"enh3","ENSG00000161677"
2839,"enh11","ENSG00000117697"
2840,"enh1","ENSG00000162298"
2841,"enh6","ENSG00000162669"
2842,"enh10","ENSG00000131409"
2843,"enh1","ENSG00000175550"
2844,"enh12","ENSG00000174903"
2845,"enh5","ENSG00000115756"
2846,"enh12","ENSG00000134317"
2847,"enh12","ENSG00000136874"
2848,"enh13","ENSG00000129968"
2849,"enh6","ENSG00000130005"
2850,"enh4","ENSG00000172081"
2851,"enh9","ENSG00000136908"
2852,"enh6","ENSG00000115761"
2853,"enh11","ENSG00000011304"
2854,"enh13","ENSG00000172977"
2855,"enh3","ENSG00000173327"
2856,"enh9","ENSG00000105708"
2857,"enh1","ENSG00000106976"
2858,"enh3","ENSG00000115761"
2859,"enh6","ENSG00000116017"
2860,"enh13","ENSG00000152527"
2861,"enh12","ENSG00000196683"
2862,"enh1","ENSG00000169607"
2863,"enh7","ENSG00000125319"
2864,"enh9","ENSG00000174950"
2865,"enh11","ENSG00000162419"
2866,"enh5","ENSG00000064687"
2867,"enh1","ENSG00000172977"
2868,"enh1","ENSG00000180340"
2869,"enh11","ENSG00000006016"
2870,"enh14","ENSG00000089639"
2871,"enh3","ENSG00000162772"
2872,"enh2","ENSG00000030582"
2873,"enh10","ENSG00000187840"
2874,"enh7","ENSG00000160325"
2875,"enh8","ENSG00000174516"
2876,"enh12","ENSG00000051108"
2877,"enh14","ENSG00000130513"
2878,"enh3","ENSG00000115750"
2879,"enh1","ENSG00000125637"
2880,"enh7","ENSG00000167112"
2881,"enh11","ENSG00000136830"
2882,"enh10","ENSG00000197136"
2883,"enh8","ENSG00000213221"
2884,"enh4","ENSG00000171848"
2885,"enh8","ENSG00000115257"
2886,"enh2","ENSG00000167470"
2887,"enh10","ENSG00000115286"
2888,"enh9","ENSG00000160293"
2889,"enh5","ENSG00000158941"
2890,"enh9","ENSG00000213445"
2891,"enh7","ENSG00000187840"
2892,"enh12","ENSG00000174996"
2893,"enh4","ENSG00000160404"
2894,"enh13","ENSG00000064490"
2895,"enh9","ENSG00000104973"
2896,"enh9","ENSG00000030582"
2897,"enh10","ENSG00000105701"
2898,"enh5","ENSG00000162300"
2899,"enh2","ENSG00000105383"
2900,"enh1","ENSG00000138036"
2901,"enh12","ENSG00000213445"
2902,"enh4","ENSG00000105053"
2903,"enh6","ENSG00000167491"
2904,"enh10","ENSG00000185198"
2905,"enh10","ENSG00000108861"
2906,"enh10","ENSG00000125611"
2907,"enh6","ENSG00000187024"
2908,"enh2","ENSG00000135870"
2909,"enh8","ENSG00000129951"
2910,"enh13","ENSG00000160326"
2911,"enh2","ENSG00000187840"
2912,"enh6","ENSG00000197766"
2913,"enh14","ENSG00000169403"
2914,"enh1","ENSG00000173039"
2915,"enh7","ENSG00000108849"
2916,"enh6","ENSG00000151694"
2917,"enh10","ENSG00000088682"
2918,"enh6","ENSG00000010361"
2919,"enh3","ENSG00000129933"
2920,"enh5","ENSG00000108840"
2921,"enh12","ENSG00000090273"
2922,"enh1","ENSG00000167747"
2923,"enh8","ENSG00000174950"
2924,"enh9","ENSG00000125170"
2925,"enh1","ENSG00000130559"
2926,"enh2","ENSG00000149798"
2927,"enh1","ENSG00000108312"
2928,"enh4","ENSG00000136943"
2929,"enh5","ENSG00000174547"
2930,"enh1","ENSG00000116014"
2931,"enh9","ENSG00000013306"
2932,"enh3","ENSG00000102996"
2933,"enh2","ENSG00000103005"
2934,"enh6","ENSG00000095383"
2935,"enh6","ENSG00000064932"
2936,"enh11","ENSG00000090273"
2937,"enh7","ENSG00000187193"
2938,"enh13","ENSG00000148411"
2939,"enh2","ENSG00000123684"
2940,"enh1","ENSG00000136643"
2941,"enh1","ENSG00000185278"
2942,"enh3","ENSG00000172757"
2943,"enh4","ENSG00000162300"
2944,"enh11","ENSG00000254986"
2945,"enh10","ENSG00000228300"
2946,"enh5","ENSG00000030582"
2947,"enh8","ENSG00000106785"
2948,"enh11","ENSG00000134330"
2949,"enh9","ENSG00000175592"
2950,"enh14","ENSG00000105053"
2951,"enh3","ENSG00000071655"
2952,"enh12","ENSG00000149809"
2953,"enh3","ENSG00000183831"
2954,"enh2","ENSG00000136929"
2955,"enh2","ENSG00000203705"
2956,"enh14","ENSG00000136830"
2957,"enh13","ENSG00000117625"
2958,"enh11","ENSG00000099821"
2959,"enh13","ENSG00000197540"
2960,"enh8","ENSG00000168066"
2961,"enh12","ENSG00000102900"
2962,"enh12","ENSG00000177125"
2963,"enh14","ENSG00000147454"
2964,"enh1","ENSG00000099817"
2965,"enh4","ENSG00000130559"
2966,"enh4","ENSG00000152061"
2967,"enh2","ENSG00000167106"
2968,"enh12","ENSG00000167118"
2969,"enh11","ENSG00000198917"
2970,"enh1","ENSG00000174606"
2971,"enh5","ENSG00000167470"
2972,"enh6","ENSG00000213221"
2973,"enh14","ENSG00000102978"
2974,"enh9","ENSG00000066027"
2975,"enh10","ENSG00000117601"
2976,"enh13","ENSG00000167113"
2977,"enh6","ENSG00000196152"
2978,"enh9","ENSG00000125637"
2979,"enh10","ENSG00000130766"
2980,"enh9","ENSG00000198786"
2981,"enh3","ENSG00000106992"
2982,"enh4","ENSG00000167113"
2983,"enh14","ENSG00000186501"
2984,"enh7","ENSG00000167103"
2985,"enh9","ENSG00000160445"
2986,"enh9","ENSG00000167136"
2987,"enh10","ENSG00000158941"
2988,"enh6","ENSG00000262874"
2989,"enh11","ENSG00000213465"
2990,"enh3","ENSG00000136937"
2991,"enh3","ENSG00000115944"
2992,"enh5","ENSG00000148248"
2993,"enh1","ENSG00000125170"
2994,"enh10","ENSG00000106799"
2995,"enh14","ENSG00000095383"
2996,"enh12","ENSG00000108840"
2997,"enh11","ENSG00000064666"
2998,"enh4","ENSG00000175334"
2999,"enh12","ENSG00000115257"
3000,"enh3","ENSG00000161714"
3001,"enh5","ENSG00000172775"
3002,"enh14","ENSG00000198858"
3003,"enh1","ENSG00000158711"
3004,"enh5","ENSG00000120896"
3005,"enh12","ENSG00000012048"
3006,"enh14","ENSG00000148356"
3007,"enh5","ENSG00000106991"
3008,"enh4","ENSG00000104885"
3009,"enh6","ENSG00000148296"
3010,"enh14","ENSG00000105497"
3011,"enh6","ENSG00000134330"
3012,"enh10","ENSG00000142528"
3013,"enh2","ENSG00000105053"
3014,"enh11","ENSG00000185761"
3015,"enh9","ENSG00000148334"
3016,"enh7","ENSG00000122140"
3017,"enh6","ENSG00000147454"
3018,"enh5","ENSG00000136643"
3019,"enh9","ENSG00000131400"
3020,"enh9","ENSG00000115268"
3021,"enh14","ENSG00000102934"
3022,"enh5","ENSG00000125124"
3023,"enh12","ENSG00000105671"
3024,"enh4","ENSG00000159461"
3025,"enh12","ENSG00000108883"
3026,"enh12","ENSG00000185278"
3027,"enh3","ENSG00000138767"
3028,"enh11","ENSG00000069275"
3029,"enh13","ENSG00000069702"
3030,"enh9","ENSG00000106789"
3031,"enh13","ENSG00000152061"
3032,"enh11","ENSG00000152527"
3033,"enh6","ENSG00000114999"
3034,"enh5","ENSG00000203705"
3035,"enh7","ENSG00000065600"
3036,"enh7","ENSG00000213221"
3037,"enh3","ENSG00000106803"
3038,"enh6","ENSG00000161671"
3039,"enh8","ENSG00000126698"
3040,"enh2","ENSG00000140859"
3041,"enh10","ENSG00000141349"
3042,"enh13","ENSG00000235034"
3043,"enh12","ENSG00000106785"
3044,"enh3","ENSG00000119333"
3045,"enh7","ENSG00000104886"
3046,"enh10","ENSG00000197217"
3047,"enh7","ENSG00000006015"
3048,"enh2","ENSG00000117625"
3049,"enh10","ENSG00000171940"
3050,"enh8","ENSG00000065268"
3051,"enh4","ENSG00000108840"
3052,"enh10","ENSG00000039650"
3053,"enh8","ENSG00000167136"
3054,"enh12","ENSG00000130270"
3055,"enh3","ENSG00000196422"
3056,"enh8","ENSG00000142733"
3057,"enh3","ENSG00000168056"
3058,"enh12","ENSG00000144134"
3059,"enh7","ENSG00000070423"
3060,"enh9","ENSG00000172922"
3061,"enh9","ENSG00000175221"
3062,"enh3","ENSG00000188554"
3063,"enh6","ENSG00000160404"
3064,"enh11","ENSG00000184988"
3065,"enh9","ENSG00000105374"
3066,"enh2","ENSG00000119523"
3067,"enh5","ENSG00000136842"
3068,"enh6","ENSG00000133059"
3069,"enh5","ENSG00000064490"
3070,"enh5","ENSG00000182963"
3071,"enh2","ENSG00000125482"
3072,"enh1","ENSG00000167118"
3073,"enh12","ENSG00000167110"
3074,"enh8","ENSG00000136682"
3075,"enh3","ENSG00000254986"
3076,"enh8","ENSG00000174744"
3077,"enh3","ENSG00000125484"
3078,"enh7","ENSG00000170385"
3079,"enh7","ENSG00000148334"
3080,"enh12","ENSG00000148339"
3081,"enh3","ENSG00000131400"
3082,"enh1","ENSG00000175602"
3083,"enh4","ENSG00000136830"
3084,"enh9","ENSG00000099866"
3085,"enh13","ENSG00000087365"
3086,"enh2","ENSG00000160953"
3087,"enh8","ENSG00000125482"
3088,"enh6","ENSG00000104689"
3089,"enh2","ENSG00000151694"
3090,"enh5","ENSG00000241852"
3091,"enh6","ENSG00000167112"
3092,"enh7","ENSG00000099875"
3093,"enh1","ENSG00000126705"
3094,"enh4","ENSG00000135821"
3095,"enh4","ENSG00000123685"
3096,"enh10","ENSG00000184988"
3097,"enh13","ENSG00000099817"
3098,"enh14","ENSG00000189195"
3099,"enh4","ENSG00000159648"
3100,"enh3","ENSG00000184162"
3101,"enh11","ENSG00000196422"
3102,"enh2","ENSG00000160408"
3103,"enh13","ENSG00000161714"
3104,"enh9","ENSG00000174842"
3105,"enh11","ENSG00000171848"
3106,"enh9","ENSG00000198870"
3107,"enh9","ENSG00000167106"
3108,"enh6","ENSG00000160408"
3109,"enh10","ENSG00000172500"
3110,"enh11","ENSG00000174851"
3111,"enh11","ENSG00000162976"
3112,"enh10","ENSG00000122484"
3113,"enh6","ENSG00000136874"
3114,"enh4","ENSG00000196188"
3115,"enh10","ENSG00000136682"
3116,"enh10","ENSG00000174276"
3117,"enh3","ENSG00000142528"
3118,"enh9","ENSG00000169403"
3119,"enh10","ENSG00000102978"
3120,"enh9","ENSG00000213024"
3121,"enh4","ENSG00000160446"
3122,"enh8","ENSG00000125618"
3123,"enh7","ENSG00000115750"
3124,"enh14","ENSG00000136682"
3125,"enh1","ENSG00000136936"
3126,"enh13","ENSG00000196415"
3127,"enh6","ENSG00000223802"
3128,"enh6","ENSG00000106803"
3129,"enh13","ENSG00000090273"
3130,"enh13","ENSG00000213988"
3131,"enh8","ENSG00000175334"
3132,"enh14","ENSG00000167112"
3133,"enh5","ENSG00000130513"
3134,"enh1","ENSG00000223802"
3135,"enh1","ENSG00000148248"
3136,"enh1","ENSG00000181773"
3137,"enh8","ENSG00000198917"
3138,"enh14","ENSG00000120913"
3139,"enh11","ENSG00000122140"
3140,"enh2","ENSG00000197958"
3141,"enh3","ENSG00000115286"
3142,"enh10","ENSG00000070388"
3143,"enh11","ENSG00000065268"
3144,"enh5","ENSG00000116014"
3145,"enh8","ENSG00000099817"
3146,"enh9","ENSG00000168067"
3147,"enh4","ENSG00000254986"
3148,"enh14","ENSG00000114999"
3149,"enh9","ENSG00000155380"
3150,"enh12","ENSG00000099821"
3151,"enh6","ENSG00000133275"
3152,"enh1","ENSG00000117280"
3153,"enh5","ENSG00000103021"
3154,"enh2","ENSG00000134317"
3155,"enh7","ENSG00000181513"
3156,"enh5","ENSG00000117592"
3157,"enh2","ENSG00000070761"
3158,"enh1","ENSG00000057935"
3159,"enh11","ENSG00000135821"
3160,"enh7","ENSG00000186501"
3161,"enh11","ENSG00000167747"
3162,"enh4","ENSG00000143924"
3163,"enh8","ENSG00000102900"
3164,"enh14","ENSG00000213445"
3165,"enh8","ENSG00000172081"
3166,"enh8","ENSG00000118046"
3167,"enh5","ENSG00000180329"
3168,"enh8","ENSG00000130770"
3169,"enh2","ENSG00000105701"
3170,"enh14","ENSG00000115758"
3171,"enh10","ENSG00000172270"
3172,"enh8","ENSG00000107372"
3173,"enh1","ENSG00000197217"
3174,"enh1","ENSG00000088682"
3175,"enh5","ENSG00000147669"
3176,"enh6","ENSG00000189195"
3177,"enh5","ENSG00000173327"
3178,"enh11","ENSG00000167112"
3179,"enh1","ENSG00000076321"
3180,"enh9","ENSG00000129968"
3181,"enh4","ENSG00000076321"
3182,"enh3","ENSG00000159461"
3183,"enh14","ENSG00000165092"
3184,"enh12","ENSG00000125485"
3185,"enh6","ENSG00000171940"
3186,"enh9","ENSG00000166188"
3187,"enh11","ENSG00000134318"
3188,"enh1","ENSG00000173442"
3189,"enh7","ENSG00000117266"
3190,"enh10","ENSG00000097046"
3191,"enh11","ENSG00000167114"
3192,"enh7","ENSG00000142186"
3193,"enh5","ENSG00000167106"
3194,"enh11","ENSG00000177125"
3195,"enh12","ENSG00000143476"
3196,"enh5","ENSG00000125484"
3197,"enh1","ENSG00000062822"
3198,"enh8","ENSG00000115286"
3199,"enh4","ENSG00000197540"
3200,"enh12","ENSG00000064545"
3201,"enh6","ENSG00000169607"
3202,"enh10","ENSG00000178093"
3203,"enh13","ENSG00000148300"
3204,"enh4","ENSG00000147457"
3205,"enh1","ENSG00000160360"
3206,"enh14","ENSG00000107021"
3207,"enh4","ENSG00000185198"
3208,"enh11","ENSG00000136929"
3209,"enh11","ENSG00000123684"
3210,"enh14","ENSG00000147457"
3211,"enh14","ENSG00000161671"
3212,"enh12","ENSG00000108861"
3213,"enh9","ENSG00000117625"
3214,"enh10","ENSG00000174851"
3215,"enh8","ENSG00000117650"
3216,"enh14","ENSG00000108861"
3217,"enh9","ENSG00000160953"
3218,"enh14","ENSG00000159579"
3219,"enh14","ENSG00000180198"
3220,"enh7","ENSG00000188554"
3221,"enh3","ENSG00000102900"
3222,"enh1","ENSG00000115286"
3223,"enh3","ENSG00000182963"
3224,"enh3","ENSG00000120913"
3225,"enh13","ENSG00000158941"
3226,"enh12","ENSG00000160271"
3227,"enh7","ENSG00000158941"
3228,"enh5","ENSG00000175467"
3229,"enh12","ENSG00000099840"
3230,"enh1","ENSG00000102934"
3231,"enh6","ENSG00000104885"
3232,"enh1","ENSG00000175334"
3233,"enh6","ENSG00000004939"
3234,"enh6","ENSG00000167136"
3235,"enh5","ENSG00000133059"
3236,"enh5","ENSG00000162878"
3237,"enh12","ENSG00000099875"
3238,"enh5","ENSG00000180198"
3239,"enh6","ENSG00000148308"
3240,"enh10","ENSG00000175592"
3241,"enh10","ENSG00000070423"
3242,"enh2","ENSG00000162769"
3243,"enh3","ENSG00000167136"
3244,"enh14","ENSG00000135821"
3245,"enh5","ENSG00000136682"
3246,"enh12","ENSG00000129946"
3247,"enh9","ENSG00000131409"
3248,"enh10","ENSG00000110047"
3249,"enh10","ENSG00000160325"
3250,"enh9","ENSG00000196116"
3251,"enh13","ENSG00000160447"
3252,"enh8","ENSG00000143882"
3253,"enh12","ENSG00000197766"
3254,"enh3","ENSG00000186566"
3255,"enh3","ENSG00000130560"
3256,"enh6","ENSG00000213023"
3257,"enh6","ENSG00000120896"
3258,"enh5","ENSG00000160293"
3259,"enh10","ENSG00000148297"
3260,"enh14","ENSG00000197694"
3261,"enh5","ENSG00000068831"
3262,"enh13","ENSG00000138767"
3263,"enh11","ENSG00000173442"
3264,"enh3","ENSG00000105497"
3265,"enh5","ENSG00000129951"
3266,"enh3","ENSG00000197958"
3267,"enh9","ENSG00000171940"
3268,"enh9","ENSG00000196422"
3269,"enh3","ENSG00000064666"
3270,"enh7","ENSG00000152527"
3271,"enh14","ENSG00000160447"
3272,"enh2","ENSG00000180098"
3273,"enh8","ENSG00000171159"
3274,"enh12","ENSG00000148248"
3275,"enh13","ENSG00000131400"
3276,"enh1","ENSG00000130560"
3277,"enh13","ENSG00000105701"
3278,"enh10","ENSG00000104679"
3279,"enh5","ENSG00000135736"
3280,"enh7","ENSG00000148248"
3281,"enh14","ENSG00000119125"
3282,"enh3","ENSG00000131398"
3283,"enh5","ENSG00000181781"
3284,"enh1","ENSG00000125482"
3285,"enh3","ENSG00000147669"
3286,"enh4","ENSG00000130513"
3287,"enh5","ENSG00000136840"
3288,"enh4","ENSG00000108852"
3289,"enh4","ENSG00000105379"
3290,"enh9","ENSG00000180340"
3291,"enh8","ENSG00000014138"
3292,"enh10","ENSG00000117691"
3293,"enh12","ENSG00000117601"
3294,"enh3","ENSG00000163291"
3295,"enh2","ENSG00000181781"
3296,"enh12","ENSG00000188554"
3297,"enh10","ENSG00000115756"
3298,"enh6","ENSG00000167123"
3299,"enh5","ENSG00000107290"
3300,"enh10","ENSG00000174606"
3301,"enh4","ENSG00000167487"
3302,"enh6","ENSG00000133243"
3303,"enh9","ENSG00000161682"
3304,"enh5","ENSG00000106789"
3305,"enh13","ENSG00000123684"
3306,"enh9","ENSG00000185761"
3307,"enh8","ENSG00000144136"
3308,"enh9","ENSG00000014216"
3309,"enh4","ENSG00000138756"
3310,"enh5","ENSG00000099625"
3311,"enh4","ENSG00000106976"
3312,"enh10","ENSG00000161671"
3313,"enh8","ENSG00000120896"
3314,"enh14","ENSG00000125611"
3315,"enh12","ENSG00000090020"
3316,"enh11","ENSG00000148300"
3317,"enh13","ENSG00000148296"
3318,"enh5","ENSG00000148334"
3319,"enh9","ENSG00000091947"
3320,"enh7","ENSG00000172081"
3321,"enh13","ENSG00000117593"
3322,"enh4","ENSG00000067596"
3323,"enh3","ENSG00000130770"
3324,"enh3","ENSG00000160326"
3325,"enh5","ENSG00000133275"
3326,"enh6","ENSG00000153208"
3327,"enh9","ENSG00000160345"
3328,"enh11","ENSG00000064687"
3329,"enh2","ENSG00000198858"
3330,"enh11","ENSG00000185198"
3331,"enh4","ENSG00000186501"
3332,"enh13","ENSG00000119514"
3333,"enh12","ENSG00000241852"
3334,"enh8","ENSG00000178093"
3335,"enh13","ENSG00000119392"
3336,"enh1","ENSG00000165138"
3337,"enh12","ENSG00000115944"
3338,"enh11","ENSG00000186566"
3339,"enh9","ENSG00000158711"
3340,"enh14","ENSG00000104946"
3341,"enh12","ENSG00000151694"
3342,"enh8","ENSG00000177125"
3343,"enh7","ENSG00000165699"
3344,"enh6","ENSG00000162298"
3345,"enh14","ENSG00000108312"
3346,"enh12","ENSG00000099866"
3347,"enh5","ENSG00000144136"
3348,"enh1","ENSG00000149806"
3349,"enh7","ENSG00000105696"
3350,"enh10","ENSG00000161654"
3351,"enh8","ENSG00000172232"
3352,"enh11","ENSG00000158941"
3353,"enh2","ENSG00000198840"
3354,"enh9","ENSG00000117691"
3355,"enh4","ENSG00000104973"
3356,"enh5","ENSG00000105726"
3357,"enh14","ENSG00000180098"
3358,"enh2","ENSG00000133069"
3359,"enh3","ENSG00000213988"
3360,"enh6","ENSG00000142528"
3361,"enh2","ENSG00000117280"
3362,"enh7","ENSG00000196152"
3363,"enh12","ENSG00000152061"
3364,"enh2","ENSG00000110047"
3365,"enh8","ENSG00000115756"
3366,"enh6","ENSG00000125124"
3367,"enh4","ENSG00000142186"
3368,"enh11","ENSG00000196116"
3369,"enh6","ENSG00000119185"
3370,"enh7","ENSG00000165688"
3371,"enh2","ENSG00000105671"
3372,"enh10","ENSG00000142530"
3373,"enh5","ENSG00000105717"
3374,"enh12","ENSG00000196961"
3375,"enh1","ENSG00000125148"
3376,"enh7","ENSG00000175573"
3377,"enh10","ENSG00000133895"
3378,"enh7","ENSG00000104689"
3379,"enh9","ENSG00000099804"
3380,"enh11","ENSG00000253368"
3381,"enh7","ENSG00000186010"
3382,"enh13","ENSG00000171219"
3383,"enh14","ENSG00000165699"
3384,"enh4","ENSG00000119514"
3385,"enh6","ENSG00000106992"
3386,"enh14","ENSG00000106785"
3387,"enh13","ENSG00000167005"
3388,"enh7","ENSG00000180098"
3389,"enh9","ENSG00000196683"
3390,"enh12","ENSG00000009780"
3391,"enh11","ENSG00000130513"
3392,"enh11","ENSG00000064932"
3393,"enh4","ENSG00000130270"
3394,"enh1","ENSG00000136830"
3395,"enh1","ENSG00000161647"
3396,"enh12","ENSG00000175573"
3397,"enh2","ENSG00000004939"
3398,"enh3","ENSG00000099866"
3399,"enh1","ENSG00000172232"
3400,"enh8","ENSG00000170385"
3401,"enh7","ENSG00000165661"
3402,"enh9","ENSG00000163291"
3403,"enh3","ENSG00000173465"
3404,"enh2","ENSG00000115091"
3405,"enh11","ENSG00000197958"
3406,"enh10","ENSG00000064687"
3407,"enh6","ENSG00000138767"
3408,"enh4","ENSG00000148300"
3409,"enh14","ENSG00000167103"
3410,"enh1","ENSG00000133275"
3411,"enh8","ENSG00000030582"
3412,"enh2","ENSG00000129951"
3413,"enh1","ENSG00000213465"
3414,"enh8","ENSG00000204291"
3415,"enh12","ENSG00000099804"
3416,"enh11","ENSG00000173465"
3417,"enh8","ENSG00000149806"
3418,"enh10","ENSG00000068971"
3419,"enh8","ENSG00000180198"
3420,"enh12","ENSG00000189195"
3421,"enh1","ENSG00000136448"
3422,"enh3","ENSG00000117650"
3423,"enh10","ENSG00000198917"
3424,"enh14","ENSG00000149806"
3425,"enh13","ENSG00000159461"
3426,"enh1","ENSG00000156269"
3427,"enh12","ENSG00000130770"
3428,"enh2","ENSG00000105669"
3429,"enh13","ENSG00000105726"
3430,"enh8","ENSG00000117280"
3431,"enh5","ENSG00000140848"
3432,"enh5","ENSG00000181588"
3433,"enh8","ENSG00000131398"
3434,"enh1","ENSG00000143924"
3435,"enh12","ENSG00000181773"
3436,"enh13","ENSG00000117751"
3437,"enh4","ENSG00000102934"
3438,"enh10","ENSG00000065600"
3439,"enh13","ENSG00000106789"
3440,"enh3","ENSG00000175334"
3441,"enh4","ENSG00000119523"
3442,"enh12","ENSG00000104973"
3443,"enh6","ENSG00000172059"
3444,"enh8","ENSG00000161647"
3445,"enh12","ENSG00000178093"
3446,"enh9","ENSG00000175602"
3447,"enh3","ENSG00000175550"
3448,"enh7","ENSG00000141933"
3449,"enh3","ENSG00000172977"
3450,"enh10","ENSG00000071655"
3451,"enh5","ENSG00000105374"
3452,"enh12","ENSG00000117697"
3453,"enh8","ENSG00000106789"
3454,"enh11","ENSG00000204710"
3455,"enh6","ENSG00000106785"
3456,"enh14","ENSG00000115750"
3457,"enh2","ENSG00000133059"
3458,"enh1","ENSG00000174996"
3459,"enh9","ENSG00000152061"
3460,"enh9","ENSG00000105705"
3461,"enh7","ENSG00000126391"
3462,"enh4","ENSG00000105696"
3463,"enh12","ENSG00000117222"
3464,"enh5","ENSG00000105676"
3465,"enh7","ENSG00000153214"
3466,"enh10","ENSG00000152061"
3467,"enh10","ENSG00000172732"
3468,"enh9","ENSG00000104131"
3469,"enh7","ENSG00000065000"
3470,"enh1","ENSG00000149809"
3471,"enh12","ENSG00000175602"
3472,"enh3","ENSG00000213445"
3473,"enh6","ENSG00000125611"
3474,"enh13","ENSG00000174851"
3475,"enh11","ENSG00000174547"
3476,"enh11","ENSG00000148337"
3477,"enh2","ENSG00000135736"
3478,"enh14","ENSG00000129933"
3479,"enh9","ENSG00000119333"
3480,"enh9","ENSG00000197766"
3481,"enh1","ENSG00000134330"
3482,"enh11","ENSG00000175115"
3483,"enh9","ENSG00000197136"
3484,"enh12","ENSG00000168591"
3485,"enh14","ENSG00000136856"
3486,"enh1","ENSG00000160563"
3487,"enh13","ENSG00000185278"
3488,"enh13","ENSG00000186185"
3489,"enh14","ENSG00000071564"
3490,"enh5","ENSG00000115255"
3491,"enh5","ENSG00000130511"
3492,"enh2","ENSG00000064787"
3493,"enh9","ENSG00000105472"
3494,"enh3","ENSG00000105374"
3495,"enh8","ENSG00000161714"
3496,"enh14","ENSG00000173825"
3497,"enh9","ENSG00000238227"
3498,"enh14","ENSG00000159461"
3499,"enh8","ENSG00000006016"
3500,"enh7","ENSG00000155380"
3501,"enh8","ENSG00000171848"
3502,"enh5","ENSG00000223802"
3503,"enh1","ENSG00000068976"
3504,"enh7","ENSG00000140848"
3505,"enh8","ENSG00000174684"
3506,"enh8","ENSG00000175854"
3507,"enh3","ENSG00000189195"
3508,"enh9","ENSG00000162241"
3509,"enh14","ENSG00000133884"
3510,"enh8","ENSG00000062822"
3511,"enh10","ENSG00000099817"
3512,"enh3","ENSG00000108861"
3513,"enh10","ENSG00000196415"
3514,"enh9","ENSG00000174684"
3515,"enh8","ENSG00000108861"
3516,"enh5","ENSG00000117751"
3517,"enh11","ENSG00000106803"
3518,"enh4","ENSG00000160360"
3519,"enh9","ENSG00000148296"
3520,"enh7","ENSG00000069702"
3521,"enh2","ENSG00000223802"
3522,"enh9","ENSG00000141349"
3523,"enh8","ENSG00000171219"
3524,"enh5","ENSG00000125630"
3525,"enh11","ENSG00000006015"
3526,"enh12","ENSG00000136682"
3527,"enh9","ENSG00000169136"
3528,"enh3","ENSG00000142733"
3529,"enh12","ENSG00000173825"
3530,"enh4","ENSG00000131400"
3531,"enh11","ENSG00000130270"
3532,"enh3","ENSG00000149806"
3533,"enh5","ENSG00000130766"
3534,"enh11","ENSG00000180098"
3535,"enh13","ENSG00000147669"
3536,"enh3","ENSG00000149798"
3537,"enh1","ENSG00000105053"
3538,"enh5","ENSG00000160445"
3539,"enh14","ENSG00000175334"
3540,"enh4","ENSG00000161682"
3541,"enh2","ENSG00000181513"
3542,"enh9","ENSG00000117697"
3543,"enh6","ENSG00000152061"
3544,"enh12","ENSG00000262874"
3545,"enh1","ENSG00000148334"
3546,"enh13","ENSG00000158715"
3547,"enh8","ENSG00000126391"
3548,"enh5","ENSG00000099622"
3549,"enh1","ENSG00000134318"
3550,"enh1","ENSG00000105556"
3551,"enh12","ENSG00000174842"
3552,"enh12","ENSG00000204291"
3553,"enh5","ENSG00000122026"
3554,"enh2","ENSG00000117748"
3555,"enh9","ENSG00000165684"
3556,"enh13","ENSG00000175602"
3557,"enh4","ENSG00000131398"
3558,"enh7","ENSG00000105655"
3559,"enh13","ENSG00000149806"
3560,"enh3","ENSG00000143476"
3561,"enh14","ENSG00000160271"
3562,"enh1","ENSG00000070423"
3563,"enh6","ENSG00000148334"
3564,"enh7","ENSG00000153208"
3565,"enh1","ENSG00000188554"
3566,"enh13","ENSG00000174684"
3567,"enh1","ENSG00000204710"
3568,"enh8","ENSG00000143493"
3569,"enh7","ENSG00000131398"
3570,"enh11","ENSG00000155380"
3571,"enh3","ENSG00000162873"
3572,"enh13","ENSG00000171169"
3573,"enh4","ENSG00000102978"
3574,"enh12","ENSG00000158941"
3575,"enh6","ENSG00000106789"
3576,"enh1","ENSG00000152527"
3577,"enh11","ENSG00000148308"
3578,"enh8","ENSG00000196116"
3579,"enh5","ENSG00000165698"
3580,"enh4","ENSG00000106799"
3581,"enh2","ENSG00000180340"
3582,"enh9","ENSG00000175550"
3583,"enh13","ENSG00000125637"
3584,"enh9","ENSG00000181035"
3585,"enh5","ENSG00000119559"
3586,"enh7","ENSG00000138756"
3587,"enh8","ENSG00000133884"
3588,"enh2","ENSG00000174276"
3589,"enh5","ENSG00000104960"
3590,"enh12","ENSG00000213988"
3591,"enh3","ENSG00000099817"
3592,"enh6","ENSG00000115970"
3593,"enh8","ENSG00000099821"
3594,"enh7","ENSG00000158195"
3595,"enh8","ENSG00000176890"
3596,"enh11","ENSG00000160318"
3597,"enh8","ENSG00000173825"
3598,"enh8","ENSG00000125319"
3599,"enh14","ENSG00000142733"
3600,"enh9","ENSG00000106785"
3601,"enh4","ENSG00000175376"
3602,"enh7","ENSG00000130513"
3603,"enh1","ENSG00000148308"
3604,"enh12","ENSG00000117758"
3605,"enh12","ENSG00000198746"
3606,"enh7","ENSG00000099821"
3607,"enh4","ENSG00000148291"
3608,"enh2","ENSG00000108840"
3609,"enh13","ENSG00000165688"
3610,"enh6","ENSG00000070404"
3611,"enh11","ENSG00000104960"
3612,"enh10","ENSG00000119335"
3613,"enh7","ENSG00000161647"
3614,"enh5","ENSG00000119335"
3615,"enh11","ENSG00000175906"
3616,"enh2","ENSG00000115944"
3617,"enh5","ENSG00000160404"
3618,"enh8","ENSG00000174276"
3619,"enh10","ENSG00000227500"
3620,"enh5","ENSG00000008853"
3621,"enh4","ENSG00000160271"
3622,"enh14","ENSG00000172757"
3623,"enh10","ENSG00000105374"
3624,"enh13","ENSG00000135046"
3625,"enh13","ENSG00000148290"
3626,"enh8","ENSG00000117758"
3627,"enh9","ENSG00000197816"
3628,"enh8","ENSG00000158715"
3629,"enh10","ENSG00000099624"
3630,"enh2","ENSG00000204673"
3631,"enh14","ENSG00000115756"
3632,"enh4","ENSG00000104960"
3633,"enh8","ENSG00000144134"
3634,"enh9","ENSG00000105717"
3635,"enh2","ENSG00000122482"
3636,"enh9","ENSG00000165698"
3637,"enh4","ENSG00000142765"
3638,"enh2","ENSG00000136932"
3639,"enh14","ENSG00000116017"
3640,"enh6","ENSG00000065268"
3641,"enh2","ENSG00000184988"
3642,"enh13","ENSG00000130513"
3643,"enh9","ENSG00000162300"
3644,"enh1","ENSG00000196152"
3645,"enh14","ENSG00000141934"
3646,"enh9","ENSG00000160318"
3647,"enh10","ENSG00000101132"
3648,"enh6","ENSG00000105053"
3649,"enh5","ENSG00000213638"
3650,"enh11","ENSG00000119125"
3651,"enh3","ENSG00000197816"
3652,"enh8","ENSG00000186501"
3653,"enh9","ENSG00000120889"
3654,"enh9","ENSG00000126705"
3655,"enh10","ENSG00000138767"
3656,"enh3","ENSG00000062822"
3657,"enh9","ENSG00000148303"
3658,"enh12","ENSG00000117691"
3659,"enh10","ENSG00000105671"
3660,"enh12","ENSG00000147439"
3661,"enh6","ENSG00000143493"
3662,"enh10","ENSG00000167123"
3663,"enh1","ENSG00000138772"
3664,"enh10","ENSG00000167748"
3665,"enh13","ENSG00000241852"
3666,"enh8","ENSG00000105708"
3667,"enh1","ENSG00000051108"
3668,"enh4","ENSG00000172775"
3669,"enh13","ENSG00000161692"
3670,"enh13","ENSG00000134308"
3671,"enh6","ENSG00000070388"
3672,"enh14","ENSG00000136929"
3673,"enh14","ENSG00000120889"
3674,"enh1","ENSG00000125144"
3675,"enh9","ENSG00000115970"
3676,"enh9","ENSG00000165092"
3677,"enh7","ENSG00000147439"
3678,"enh2","ENSG00000160445"
3679,"enh9","ENSG00000115255"
3680,"enh1","ENSG00000067596"
3681,"enh8","ENSG00000149823"
3682,"enh2","ENSG00000065600"
3683,"enh4","ENSG00000064607"
3684,"enh4","ENSG00000197136"
3685,"enh14","ENSG00000172270"
3686,"enh3","ENSG00000136854"
3687,"enh7","ENSG00000125482"
3688,"enh6","ENSG00000125144"
3689,"enh3","ENSG00000253368"
3690,"enh8","ENSG00000176973"
3691,"enh9","ENSG00000123685"
3692,"enh7","ENSG00000168591"
3693,"enh7","ENSG00000173465"
3694,"enh12","ENSG00000167491"
3695,"enh14","ENSG00000103005"
3696,"enh2","ENSG00000064666"
3697,"enh3","ENSG00000169403"
3698,"enh6","ENSG00000174851"
3699,"enh6","ENSG00000162419"
3700,"enh7","ENSG00000116014"
3701,"enh7","ENSG00000120334"
3702,"enh5","ENSG00000071655"
3703,"enh5","ENSG00000167487"
3704,"enh12","ENSG00000198786"
3705,"enh14","ENSG00000148308"
3706,"enh14","ENSG00000101132"
3707,"enh9","ENSG00000172081"
3708,"enh14","ENSG00000105726"
3709,"enh12","ENSG00000175294"
3710,"enh4","ENSG00000014138"
3711,"enh8","ENSG00000241852"
3712,"enh12","ENSG00000103005"
3713,"enh7","ENSG00000181035"
3714,"enh1","ENSG00000203705"
3715,"enh6","ENSG00000069702"
3716,"enh12","ENSG00000130766"
3717,"enh6","ENSG00000123685"
3718,"enh2","ENSG00000181035"
3719,"enh11","ENSG00000133895"
3720,"enh13","ENSG00000160404"
3721,"enh10","ENSG00000108852"
3722,"enh8","ENSG00000187840"
3723,"enh5","ENSG00000142751"
3724,"enh7","ENSG00000130766"
3725,"enh14","ENSG00000181588"
3726,"enh14","ENSG00000168067"
3727,"enh11","ENSG00000004939"
3728,"enh14","ENSG00000181513"
3729,"enh12","ENSG00000180198"
3730,"enh4","ENSG00000105383"
3731,"enh1","ENSG00000148300"
3732,"enh4","ENSG00000204673"
3733,"enh12","ENSG00000122484"
3734,"enh2","ENSG00000158715"
3735,"enh5","ENSG00000136937"
3736,"enh9","ENSG00000125611"
3737,"enh4","ENSG00000174744"
3738,"enh6","ENSG00000142733"
3739,"enh7","ENSG00000235034"
3740,"enh5","ENSG00000172977"
3741,"enh6","ENSG00000140848"
3742,"enh14","ENSG00000117601"
3743,"enh4","ENSG00000117697"
3744,"enh5","ENSG00000165688"
3745,"enh4","ENSG00000181773"
3746,"enh4","ENSG00000066027"
3747,"enh9","ENSG00000203705"
3748,"enh11","ENSG00000163291"
3749,"enh14","ENSG00000126705"
3750,"enh4","ENSG00000125124"
3751,"enh8","ENSG00000147457"
3752,"enh6","ENSG00000105700"
3753,"enh11","ENSG00000153107"
3754,"enh14","ENSG00000123685"
3755,"enh4","ENSG00000115970"
3756,"enh13","ENSG00000143493"
3757,"enh6","ENSG00000065000"
3758,"enh4","ENSG00000160445"
3759,"enh3","ENSG00000136877"
3760,"enh8","ENSG00000130772"
3761,"enh11","ENSG00000115761"
3762,"enh6","ENSG00000127540"
3763,"enh5","ENSG00000105696"
3764,"enh4","ENSG00000161654"
3765,"enh14","ENSG00000196188"
3766,"enh12","ENSG00000152527"
3767,"enh12","ENSG00000203705"
3768,"enh2","ENSG00000162300"
3769,"enh9","ENSG00000182087"
3770,"enh3","ENSG00000174744"
3771,"enh4","ENSG00000005961"
3772,"enh8","ENSG00000130768"
3773,"enh1","ENSG00000130775"
3774,"enh10","ENSG00000156269"
3775,"enh9","ENSG00000006015"
3776,"enh3","ENSG00000198917"
3777,"enh14","ENSG00000120896"
3778,"enh7","ENSG00000104679"
3779,"enh3","ENSG00000071564"
3780,"enh9","ENSG00000106992"
3781,"enh2","ENSG00000129968"
3782,"enh10","ENSG00000198840"
3783,"enh8","ENSG00000160446"
3784,"enh10","ENSG00000068831"
3785,"enh8","ENSG00000140854"
3786,"enh9","ENSG00000168591"
3787,"enh8","ENSG00000130511"
3788,"enh2","ENSG00000115761"
3789,"enh11","ENSG00000136842"
3790,"enh3","ENSG00000090273"
3791,"enh5","ENSG00000196188"
3792,"enh13","ENSG00000187840"
3793,"enh13","ENSG00000180098"
3794,"enh2","ENSG00000008853"
3795,"enh9","ENSG00000171169"
3796,"enh4","ENSG00000176973"
3797,"enh7","ENSG00000172922"
3798,"enh9","ENSG00000125484"
3799,"enh10","ENSG00000221983"
3800,"enh10","ENSG00000136842"
3801,"enh3","ENSG00000180098"
3802,"enh10","ENSG00000188177"
3803,"enh8","ENSG00000136877"
3804,"enh6","ENSG00000213988"
3805,"enh7","ENSG00000119523"
3806,"enh6","ENSG00000175115"
3807,"enh11","ENSG00000168062"
3808,"enh7","ENSG00000165698"
3809,"enh4","ENSG00000162298"
3810,"enh13","ENSG00000148339"
3811,"enh5","ENSG00000174842"
3812,"enh5","ENSG00000196152"
3813,"enh9","ENSG00000254986"
3814,"enh4","ENSG00000115084"
3815,"enh7","ENSG00000136943"
3816,"enh5","ENSG00000105497"
3817,"enh9","ENSG00000175294"
3818,"enh1","ENSG00000177125"
3819,"enh2","ENSG00000175294"
3820,"enh13","ENSG00000143476"
3821,"enh6","ENSG00000175467"
3822,"enh14","ENSG00000198917"
3823,"enh5","ENSG00000068976"
3824,"enh4","ENSG00000213465"
3825,"enh9","ENSG00000117592"
3826,"enh11","ENSG00000197540"
3827,"enh2","ENSG00000064932"
3828,"enh2","ENSG00000101132"
3829,"enh8","ENSG00000117697"
3830,"enh5","ENSG00000238227"
3831,"enh4","ENSG00000165688"
3832,"enh4","ENSG00000126705"
3833,"enh7","ENSG00000160318"
3834,"enh12","ENSG00000161671"
3835,"enh9","ENSG00000125618"
3836,"enh13","ENSG00000175592"
3837,"enh2","ENSG00000174684"
3838,"enh5","ENSG00000104946"
3839,"enh1","ENSG00000130005"
3840,"enh12","ENSG00000133243"
3841,"enh14","ENSG00000014138"
3842,"enh11","ENSG00000168067"
3843,"enh9","ENSG00000065600"
3844,"enh2","ENSG00000172922"
3845,"enh14","ENSG00000105379"
3846,"enh3","ENSG00000090020"
3847,"enh5","ENSG00000006015"
3848,"enh3","ENSG00000005194"
3849,"enh11","ENSG00000105708"
3850,"enh5","ENSG00000131409"
3851,"enh4","ENSG00000097046"
3852,"enh2","ENSG00000176973"
3853,"enh7","ENSG00000099624"
3854,"enh5","ENSG00000070423"
3855,"enh11","ENSG00000254470"
3856,"enh9","ENSG00000070423"
3857,"enh4","ENSG00000148290"
3858,"enh3","ENSG00000204291"
3859,"enh6","ENSG00000100316"
3860,"enh10","ENSG00000166188"
3861,"enh11","ENSG00000120656"
3862,"enh11","ENSG00000158161"
3863,"enh14","ENSG00000099625"
3864,"enh13","ENSG00000130768"
3865,"enh1","ENSG00000135046"
3866,"enh10","ENSG00000125124"
3867,"enh2","ENSG00000186566"
3868,"enh13","ENSG00000131094"
3869,"enh10","ENSG00000099625"
3870,"enh11","ENSG00000172977"
3871,"enh5","ENSG00000184988"
3872,"enh14","ENSG00000136854"
3873,"enh7","ENSG00000130768"
3874,"enh8","ENSG00000159461"
3875,"enh6","ENSG00000185761"
3876,"enh10","ENSG00000186010"
3877,"enh10","ENSG00000102931"
3878,"enh13","ENSG00000129933"
3879,"enh9","ENSG00000065268"
3880,"enh4","ENSG00000165138"
3881,"enh9","ENSG00000161677"
3882,"enh4","ENSG00000167136"
3883,"enh1","ENSG00000175467"
3884,"enh7","ENSG00000165684"
3885,"enh4","ENSG00000148303"
3886,"enh12","ENSG00000105556"
3887,"enh7","ENSG00000165702"
3888,"enh7","ENSG00000005007"
3889,"enh10","ENSG00000008853"
3890,"enh10","ENSG00000119185"
3891,"enh11","ENSG00000174996"
3892,"enh8","ENSG00000174871"
3893,"enh13","ENSG00000152518"
3894,"enh5","ENSG00000186185"
3895,"enh10","ENSG00000131094"
3896,"enh1","ENSG00000148337"
3897,"enh1","ENSG00000106992"
3898,"enh4","ENSG00000127540"
3899,"enh3","ENSG00000135046"
3900,"enh7","ENSG00000148297"
3901,"enh3","ENSG00000120896"
3902,"enh11","ENSG00000167759"
3903,"enh14","ENSG00000088682"
3904,"enh8","ENSG00000197766"
3905,"enh10","ENSG00000175707"
3906,"enh5","ENSG00000105671"
3907,"enh7","ENSG00000105726"
3908,"enh2","ENSG00000099804"
3909,"enh9","ENSG00000117748"
3910,"enh3","ENSG00000140848"
3911,"enh7","ENSG00000115286"
3912,"enh6","ENSG00000181896"
3913,"enh13","ENSG00000253368"
3914,"enh12","ENSG00000159648"
3915,"enh9","ENSG00000171219"
3916,"enh7","ENSG00000173825"
3917,"enh8","ENSG00000105556"
3918,"enh2","ENSG00000148337"
3919,"enh10","ENSG00000123685"
3920,"enh4","ENSG00000125170"
3921,"enh10","ENSG00000117758"
3922,"enh1","ENSG00000120656"
3923,"enh9","ENSG00000144134"
3924,"enh14","ENSG00000158715"
3925,"enh5","ENSG00000104973"
3926,"enh10","ENSG00000076321"
3927,"enh11","ENSG00000117691"
3928,"enh5","ENSG00000104897"
3929,"enh1","ENSG00000115756"
3930,"enh10","ENSG00000148337"
3931,"enh8","ENSG00000213024"
3932,"enh13","ENSG00000160325"
3933,"enh3","ENSG00000197136"
3934,"enh3","ENSG00000136448"
3935,"enh7","ENSG00000136682"
3936,"enh5","ENSG00000160271"
3937,"enh12","ENSG00000153208"
3938,"enh5","ENSG00000165138"
3939,"enh4","ENSG00000175221"
3940,"enh8","ENSG00000175707"
3941,"enh11","ENSG00000126709"
3942,"enh8","ENSG00000127540"
3943,"enh1","ENSG00000174950"
3944,"enh10","ENSG00000103005"
3945,"enh6","ENSG00000051128"
3946,"enh13","ENSG00000069275"
3947,"enh8","ENSG00000197540"
3948,"enh6","ENSG00000104946"
3949,"enh11","ENSG00000125611"
3950,"enh5","ENSG00000115286"
3951,"enh9","ENSG00000136937"
3952,"enh7","ENSG00000144134"
3953,"enh4","ENSG00000168066"
3954,"enh10","ENSG00000162669"
3955,"enh11","ENSG00000105374"
3956,"enh1","ENSG00000105379"
3957,"enh2","ENSG00000168062"
3958,"enh5","ENSG00000071564"
3959,"enh1","ENSG00000131094"
3960,"enh3","ENSG00000140859"
3961,"enh11","ENSG00000115756"
3962,"enh14","ENSG00000117758"
3963,"enh13","ENSG00000162873"
3964,"enh12","ENSG00000133275"
3965,"enh9","ENSG00000118046"
3966,"enh2","ENSG00000136925"
3967,"enh3","ENSG00000136936"
3968,"enh6","ENSG00000135736"
3969,"enh8","ENSG00000168056"
3970,"enh4","ENSG00000162772"
3971,"enh10","ENSG00000155380"
3972,"enh1","ENSG00000144161"
3973,"enh3","ENSG00000105656"
3974,"enh2","ENSG00000186185"
3975,"enh12","ENSG00000101132"
3976,"enh8","ENSG00000142530"
3977,"enh2","ENSG00000064547"
3978,"enh5","ENSG00000051108"
3979,"enh6","ENSG00000070761"
3980,"enh5","ENSG00000160953"
3981,"enh10","ENSG00000136929"
3982,"enh7","ENSG00000099840"
3983,"enh9","ENSG00000138772"
3984,"enh14","ENSG00000130511"
3985,"enh1","ENSG00000006016"
3986,"enh4","ENSG00000158711"
3987,"enh5","ENSG00000168066"
3988,"enh10","ENSG00000185278"
3989,"enh11","ENSG00000130772"
3990,"enh6","ENSG00000090020"
3991,"enh14","ENSG00000138767"
3992,"enh11","ENSG00000175334"
3993,"enh4","ENSG00000187840"
3994,"enh9","ENSG00000136830"
3995,"enh4","ENSG00000170385"
3996,"enh14","ENSG00000185198"
3997,"enh14","ENSG00000173465"
3998,"enh9","ENSG00000221983"
3999,"enh2","ENSG00000160360"
4000,"enh11","ENSG00000148291"
4001,"enh2","ENSG00000099821"
4002,"enh5","ENSG00000196415"
4003,"enh12","ENSG00000148291"
4004,"enh7","ENSG00000135821"
4005,"enh8","ENSG00000227500"
4006,"enh2","ENSG00000134308"
4007,"enh1","ENSG00000160445"
4008,"enh10","ENSG00000105053"
4009,"enh14","ENSG00000130560"
4010,"enh8","ENSG00000158195"
4011,"enh12","ENSG00000168056"
4012,"enh9","ENSG00000175467"
4013,"enh2","ENSG00000148290"
4014,"enh14","ENSG00000148290"
4015,"enh11","ENSG00000101132"
4016,"enh11","ENSG00000158195"
4017,"enh5","ENSG00000250067"
4018,"enh10","ENSG00000126709"
4019,"enh13","ENSG00000180448"
4020,"enh6","ENSG00000129933"
4021,"enh14","ENSG00000142528"
4022,"enh4","ENSG00000115286"
4023,"enh1","ENSG00000196961"
4024,"enh8","ENSG00000254986"
4025,"enh2","ENSG00000146670"
4026,"enh7","ENSG00000160326"
4027,"enh7","ENSG00000115255"
4028,"enh2","ENSG00000159461"
4029,"enh2","ENSG00000125484"
4030,"enh1","ENSG00000117758"
4031,"enh11","ENSG00000130770"
4032,"enh1","ENSG00000126698"
4033,"enh12","ENSG00000160326"
4034,"enh2","ENSG00000115084"
4035,"enh1","ENSG00000153107"
4036,"enh10","ENSG00000102934"
4037,"enh14","ENSG00000148248"
4038,"enh4","ENSG00000136908"
4039,"enh13","ENSG00000155380"
4040,"enh12","ENSG00000130772"
4041,"enh12","ENSG00000204673"
4042,"enh6","ENSG00000142186"
4043,"enh2","ENSG00000130270"
4044,"enh1","ENSG00000184988"
4045,"enh12","ENSG00000161692"
4046,"enh13","ENSG00000185198"
4047,"enh11","ENSG00000175602"
4048,"enh7","ENSG00000125618"
4049,"enh10","ENSG00000115084"
4050,"enh14","ENSG00000106976"
4051,"enh14","ENSG00000068971"
4052,"enh3","ENSG00000170385"
4053,"enh8","ENSG00000115761"
4054,"enh12","ENSG00000169288"
4055,"enh13","ENSG00000256771"
4056,"enh4","ENSG00000136929"
4057,"enh13","ENSG00000168056"
4058,"enh13","ENSG00000119203"
4059,"enh7","ENSG00000165138"
4060,"enh13","ENSG00000173327"
4061,"enh4","ENSG00000152527"
4062,"enh2","ENSG00000213024"
4063,"enh14","ENSG00000099821"
4064,"enh10","ENSG00000167114"
4065,"enh9","ENSG00000079313"
4066,"enh9","ENSG00000176890"
4067,"enh14","ENSG00000108849"
4068,"enh3","ENSG00000185761"
4069,"enh9","ENSG00000131097"
4070,"enh10","ENSG00000161682"
4071,"enh9","ENSG00000142530"
4072,"enh5","ENSG00000148300"
4073,"enh12","ENSG00000065268"
4074,"enh3","ENSG00000162769"
4075,"enh7","ENSG00000174606"
4076,"enh10","ENSG00000105472"
4077,"enh11","ENSG00000181773"
4078,"enh14","ENSG00000152061"
4079,"enh11","ENSG00000160404"
4080,"enh9","ENSG00000172775"
4081,"enh12","ENSG00000138767"
4082,"enh11","ENSG00000186185"
4083,"enh5","ENSG00000182087"
4084,"enh8","ENSG00000175592"
4085,"enh14","ENSG00000136448"
4086,"enh2","ENSG00000142186"
4087,"enh2","ENSG00000119125"
4088,"enh12","ENSG00000129911"
4089,"enh14","ENSG00000117748"
4090,"enh9","ENSG00000175854"
4091,"enh5","ENSG00000254986"
4092,"enh7","ENSG00000115944"
4093,"enh4","ENSG00000167748"
4094,"enh10","ENSG00000213445"
4095,"enh1","ENSG00000105671"
4096,"enh12","ENSG00000064787"
4097,"enh1","ENSG00000131400"
4098,"enh5","ENSG00000099804"
4099,"enh14","ENSG00000107290"
4100,"enh1","ENSG00000136811"
4101,"enh5","ENSG00000167113"
4102,"enh14","ENSG00000171169"
4103,"enh9","ENSG00000008853"
4104,"enh14","ENSG00000223802"
4105,"enh7","ENSG00000189195"
4106,"enh11","ENSG00000141934"
4107,"enh8","ENSG00000136830"
4108,"enh6","ENSG00000105708"
4109,"enh1","ENSG00000171159"
4110,"enh10","ENSG00000099804"
4111,"enh13","ENSG00000014138"
4112,"enh10","ENSG00000148334"
4113,"enh10","ENSG00000102996"
4114,"enh13","ENSG00000175550"
4115,"enh5","ENSG00000188177"
4116,"enh10","ENSG00000197540"
4117,"enh4","ENSG00000167468"
4118,"enh10","ENSG00000165138"
4119,"enh4","ENSG00000186806"
4120,"enh5","ENSG00000155380"
4121,"enh8","ENSG00000204673"
4122,"enh6","ENSG00000160161"
4123,"enh11","ENSG00000149798"
4124,"enh1","ENSG00000186010"
4125,"enh13","ENSG00000254986"
4126,"enh4","ENSG00000133243"
4127,"enh8","ENSG00000175467"
4128,"enh1","ENSG00000071655"
4129,"enh9","ENSG00000136938"
4130,"enh7","ENSG00000114999"
4131,"enh1","ENSG00000136937"
4132,"enh7","ENSG00000162298"
4133,"enh5","ENSG00000108852"
4134,"enh12","ENSG00000153214"
4135,"enh4","ENSG00000117280"
4136,"enh1","ENSG00000141933"
4137,"enh11","ENSG00000136936"
4138,"enh3","ENSG00000070388"
4139,"enh7","ENSG00000069275"
4140,"enh10","ENSG00000223802"
4141,"enh11","ENSG00000068831"
4142,"enh14","ENSG00000129911"
4143,"enh5","ENSG00000006016"
4144,"enh11","ENSG00000160326"
4145,"enh13","ENSG00000131097"
4146,"enh1","ENSG00000158941"
4147,"enh1","ENSG00000167110"
4148,"enh6","ENSG00000213638"
4149,"enh1","ENSG00000138756"
4150,"enh12","ENSG00000104946"
4151,"enh3","ENSG00000100316"
4152,"enh3","ENSG00000147457"
4153,"enh6","ENSG00000119203"
4154,"enh9","ENSG00000168056"
4155,"enh4","ENSG00000125630"
4156,"enh5","ENSG00000119392"
4157,"enh9","ENSG00000175707"
4158,"enh8","ENSG00000129933"
4159,"enh13","ENSG00000130770"
4160,"enh5","ENSG00000067596"
4161,"enh13","ENSG00000142530"
4162,"enh14","ENSG00000039650"
4163,"enh12","ENSG00000160445"
4164,"enh13","ENSG00000162772"
4165,"enh9","ENSG00000165138"
4166,"enh11","ENSG00000175221"
4167,"enh5","ENSG00000180448"
4168,"enh13","ENSG00000172059"
4169,"enh11","ENSG00000107290"
4170,"enh12","ENSG00000172081"
4171,"enh7","ENSG00000136643"
4172,"enh10","ENSG00000196422"
4173,"enh5","ENSG00000070388"
4174,"enh8","ENSG00000160404"
4175,"enh4","ENSG00000152518"
4176,"enh4","ENSG00000198840"
4177,"enh13","ENSG00000120334"
4178,"enh3","ENSG00000175832"
4179,"enh8","ENSG00000160318"
4180,"enh9","ENSG00000173442"
4181,"enh3","ENSG00000176890"
4182,"enh12","ENSG00000133069"
4183,"enh4","ENSG00000168067"
4184,"enh12","ENSG00000136908"
4185,"enh12","ENSG00000174276"
4186,"enh13","ENSG00000057935"
4187,"enh10","ENSG00000136811"
4188,"enh1","ENSG00000160446"
4189,"enh9","ENSG00000153208"
4190,"enh5","ENSG00000115084"
4191,"enh1","ENSG00000172081"
4192,"enh4","ENSG00000104946"
4193,"enh12","ENSG00000172775"
4194,"enh9","ENSG00000122484"
4195,"enh7","ENSG00000104973"
4196,"enh8","ENSG00000174529"
4197,"enh5","ENSG00000116017"
4198,"enh6","ENSG00000167106"
4199,"enh10","ENSG00000162298"
4200,"enh7","ENSG00000115761"
4201,"enh14","ENSG00000241852"
4202,"enh3","ENSG00000167103"
4203,"enh2","ENSG00000197136"
4204,"enh7","ENSG00000168062"
4205,"enh6","ENSG00000102978"
4206,"enh6","ENSG00000099622"
4207,"enh1","ENSG00000106991"
4208,"enh1","ENSG00000140859"
4209,"enh7","ENSG00000182963"
4210,"enh14","ENSG00000005194"
4211,"enh5","ENSG00000196116"
4212,"enh4","ENSG00000167112"
4213,"enh2","ENSG00000163297"
4214,"enh8","ENSG00000161677"
4215,"enh6","ENSG00000141934"
4216,"enh11","ENSG00000235034"
4217,"enh7","ENSG00000144130"
4218,"enh6","ENSG00000175221"
4219,"enh13","ENSG00000130511"
4220,"enh10","ENSG00000204138"
4221,"enh5","ENSG00000065000"
4222,"enh11","ENSG00000125485"
4223,"enh3","ENSG00000110046"
4224,"enh6","ENSG00000181781"
4225,"enh3","ENSG00000173825"
4226,"enh13","ENSG00000153107"
4227,"enh13","ENSG00000171159"
4228,"enh10","ENSG00000213638"
4229,"enh6","ENSG00000173442"
4230,"enh7","ENSG00000180198"
4231,"enh8","ENSG00000203705"
4232,"enh2","ENSG00000099817"
4233,"enh1","ENSG00000108849"
4234,"enh14","ENSG00000172059"
4235,"enh4","ENSG00000103005"
4236,"enh11","ENSG00000120896"
4237,"enh14","ENSG00000070761"
4238,"enh3","ENSG00000126698"
4239,"enh2","ENSG00000136877"
4240,"enh10","ENSG00000174669"
4241,"enh1","ENSG00000183831"
4242,"enh7","ENSG00000171159"
4243,"enh2","ENSG00000088682"
4244,"enh4","ENSG00000174996"
4245,"enh9","ENSG00000167114"
4246,"enh11","ENSG00000213988"
4247,"enh2","ENSG00000188177"
4248,"enh8","ENSG00000105656"
4249,"enh1","ENSG00000030582"
4250,"enh3","ENSG00000133059"
4251,"enh12","ENSG00000172270"
4252,"enh12","ENSG00000138036"
4253,"enh4","ENSG00000099866"
4254,"enh11","ENSG00000087263"
4255,"enh6","ENSG00000099625"
4256,"enh12","ENSG00000117748"
4257,"enh12","ENSG00000142530"
4258,"enh6","ENSG00000116014"
4259,"enh13","ENSG00000122140"
4260,"enh4","ENSG00000140848"
4261,"enh13","ENSG00000105708"
4262,"enh8","ENSG00000125630"
4263,"enh6","ENSG00000115758"
4264,"enh9","ENSG00000104946"
4265,"enh7","ENSG00000119333"
4266,"enh7","ENSG00000117601"
4267,"enh11","ENSG00000125148"
4268,"enh1","ENSG00000006015"
4269,"enh9","ENSG00000117751"
4270,"enh12","ENSG00000130005"
4271,"enh8","ENSG00000142765"
4272,"enh12","ENSG00000106803"
4273,"enh12","ENSG00000254986"
4274,"enh3","ENSG00000099622"
4275,"enh11","ENSG00000117650"
4276,"enh5","ENSG00000105383"
4277,"enh11","ENSG00000130511"
4278,"enh1","ENSG00000161692"
4279,"enh8","ENSG00000115970"
4280,"enh5","ENSG00000136856"
4281,"enh10","ENSG00000213221"
4282,"enh1","ENSG00000143493"
4283,"enh13","ENSG00000120896"
4284,"enh12","ENSG00000186010"
4285,"enh2","ENSG00000167468"
4286,"enh9","ENSG00000110047"
4287,"enh8","ENSG00000142784"
4288,"enh1","ENSG00000159579"
4289,"enh10","ENSG00000138036"
4290,"enh8","ENSG00000135870"
4291,"enh13","ENSG00000140848"
4292,"enh13","ENSG00000172232"
4293,"enh4","ENSG00000175115"
4294,"enh13","ENSG00000108883"
4295,"enh12","ENSG00000167005"
4296,"enh9","ENSG00000153214"
4297,"enh4","ENSG00000196422"
4298,"enh2","ENSG00000106799"
4299,"enh8","ENSG00000162878"
4300,"enh13","ENSG00000133895"
4301,"enh9","ENSG00000067596"
4302,"enh2","ENSG00000125611"
4303,"enh3","ENSG00000008853"
4304,"enh14","ENSG00000134330"
4305,"enh3","ENSG00000120889"
4306,"enh10","ENSG00000004939"
4307,"enh3","ENSG00000173039"
4308,"enh6","ENSG00000167747"
4309,"enh6","ENSG00000089639"
4310,"enh3","ENSG00000134317"
4311,"enh3","ENSG00000161654"
4312,"enh11","ENSG00000188177"
4313,"enh2","ENSG00000087152"
4314,"enh11","ENSG00000136938"
4315,"enh4","ENSG00000095380"
4316,"enh4","ENSG00000185761"
4317,"enh13","ENSG00000104897"
4318,"enh8","ENSG00000138036"
4319,"enh8","ENSG00000134308"
4320,"enh3","ENSG00000130766"
4321,"enh12","ENSG00000127540"
4322,"enh8","ENSG00000167123"
4323,"enh14","ENSG00000117280"
4324,"enh10","ENSG00000116014"
4325,"enh11","ENSG00000213221"
4326,"enh1","ENSG00000171848"
4327,"enh2","ENSG00000167118"
4328,"enh14","ENSG00000136895"
4329,"enh8","ENSG00000064687"
4330,"enh7","ENSG00000186566"
4331,"enh1","ENSG00000160161"
4332,"enh10","ENSG00000126705"
4333,"enh3","ENSG00000198870"
4334,"enh5","ENSG00000188554"
4335,"enh3","ENSG00000119125"
4336,"enh9","ENSG00000142751"
4337,"enh13","ENSG00000167748"
4338,"enh2","ENSG00000071655"
4339,"enh4","ENSG00000099840"
4340,"enh4","ENSG00000129911"
4341,"enh5","ENSG00000196683"
4342,"enh3","ENSG00000117625"
4343,"enh12","ENSG00000165689"
4344,"enh4","ENSG00000136877"
4345,"enh13","ENSG00000153214"
4346,"enh5","ENSG00000235034"
4347,"enh10","ENSG00000148356"
4348,"enh4","ENSG00000071655"
4349,"enh6","ENSG00000136811"
4350,"enh10","ENSG00000173465"
4351,"enh10","ENSG00000105383"
4352,"enh9","ENSG00000125319"
4353,"enh11","ENSG00000071655"
4354,"enh1","ENSG00000117748"
4355,"enh4","ENSG00000102931"
4356,"enh13","ENSG00000099821"
4357,"enh13","ENSG00000115257"
4358,"enh9","ENSG00000087263"
4359,"enh2","ENSG00000167748"
4360,"enh2","ENSG00000133895"
4361,"enh3","ENSG00000213638"
4362,"enh8","ENSG00000135736"
4363,"enh4","ENSG00000197816"
4364,"enh3","ENSG00000160953"
4365,"enh13","ENSG00000076321"
4366,"enh2","ENSG00000064687"
4367,"enh2","ENSG00000171219"
4368,"enh9","ENSG00000180448"
4369,"enh2","ENSG00000127540"
4370,"enh12","ENSG00000254470"
4371,"enh6","ENSG00000066027"
4372,"enh4","ENSG00000082512"
4373,"enh4","ENSG00000141349"
4374,"enh4","ENSG00000106785"
4375,"enh1","ENSG00000090020"
4376,"enh1","ENSG00000087263"
4377,"enh7","ENSG00000175592"
4378,"enh5","ENSG00000180098"
4379,"enh13","ENSG00000171940"
4380,"enh1","ENSG00000122482"
4381,"enh8","ENSG00000065600"
4382,"enh6","ENSG00000148339"
4383,"enh13","ENSG00000006015"
4384,"enh2","ENSG00000142733"
4385,"enh7","ENSG00000115257"
4386,"enh9","ENSG00000172059"
4387,"enh3","ENSG00000116017"
4388,"enh13","ENSG00000105676"
4389,"enh11","ENSG00000167106"
4390,"enh7","ENSG00000116017"
4391,"enh2","ENSG00000138767"
4392,"enh6","ENSG00000119523"
4393,"enh10","ENSG00000175573"
4394,"enh7","ENSG00000119203"
4395,"enh5","ENSG00000186566"
4396,"enh9","ENSG00000134308"
4397,"enh3","ENSG00000125148"
4398,"enh1","ENSG00000136895"
4399,"enh9","ENSG00000103005"
4400,"enh11","ENSG00000104946"
4401,"enh4","ENSG00000105497"
4402,"enh12","ENSG00000172500"
4403,"enh12","ENSG00000104679"
4404,"enh3","ENSG00000148248"
4405,"enh1","ENSG00000105701"
4406,"enh1","ENSG00000136908"
4407,"enh13","ENSG00000129911"
4408,"enh7","ENSG00000107290"
4409,"enh6","ENSG00000131097"
4410,"enh11","ENSG00000151694"
4411,"enh11","ENSG00000099866"
4412,"enh4","ENSG00000148308"
4413,"enh5","ENSG00000160408"
4414,"enh6","ENSG00000130772"
4415,"enh14","ENSG00000117751"
4416,"enh7","ENSG00000135736"
4417,"enh4","ENSG00000115944"
4418,"enh11","ENSG00000160953"
4419,"enh9","ENSG00000158715"
4420,"enh12","ENSG00000161647"
4421,"enh6","ENSG00000172757"
4422,"enh13","ENSG00000115758"
4423,"enh4","ENSG00000105726"
4424,"enh14","ENSG00000167106"
4425,"enh13","ENSG00000213638"
4426,"enh6","ENSG00000130513"
4427,"enh11","ENSG00000196961"
4428,"enh13","ENSG00000174669"
4429,"enh9","ENSG00000228300"
4430,"enh2","ENSG00000102996"
4431,"enh10","ENSG00000082512"
4432,"enh1","ENSG00000147439"
4433,"enh2","ENSG00000162669"
4434,"enh2","ENSG00000174950"
4435,"enh12","ENSG00000159461"
4436,"enh6","ENSG00000125630"
4437,"enh13","ENSG00000262874"
4438,"enh2","ENSG00000125319"
4439,"enh3","ENSG00000148356"
4440,"enh1","ENSG00000165092"
4441,"enh5","ENSG00000135046"
4442,"enh4","ENSG00000158715"
4443,"enh13","ENSG00000144134"
4444,"enh10","ENSG00000174547"
4445,"enh4","ENSG00000173465"
4446,"enh6","ENSG00000067596"
4447,"enh8","ENSG00000148296"
4448,"enh3","ENSG00000115758"
4449,"enh3","ENSG00000068831"
4450,"enh7","ENSG00000117697"
4451,"enh12","ENSG00000235034"
4452,"enh3","ENSG00000196152"
4453,"enh10","ENSG00000173442"
4454,"enh7","ENSG00000175334"
4455,"enh3","ENSG00000105700"
4456,"enh8","ENSG00000131408"
4457,"enh8","ENSG00000104679"
4458,"enh10","ENSG00000181513"
4459,"enh5","ENSG00000196961"
4460,"enh11","ENSG00000117748"
4461,"enh8","ENSG00000143476"
4462,"enh8","ENSG00000184988"
4463,"enh1","ENSG00000131409"
4464,"enh9","ENSG00000177125"
4465,"enh4","ENSG00000099875"
4466,"enh8","ENSG00000105662"
4467,"enh1","ENSG00000065000"
4468,"enh12","ENSG00000105053"
4469,"enh4","ENSG00000175707"
4470,"enh4","ENSG00000135046"
4471,"enh13","ENSG00000160318"
4472,"enh14","ENSG00000100316"
4473,"enh10","ENSG00000196116"
4474,"enh6","ENSG00000009780"
4475,"enh13","ENSG00000186806"
4476,"enh13","ENSG00000148291"
4477,"enh8","ENSG00000175376"
4478,"enh7","ENSG00000122484"
4479,"enh14","ENSG00000117625"
4480,"enh5","ENSG00000105472"
4481,"enh8","ENSG00000099864"
4482,"enh5","ENSG00000184162"
4483,"enh9","ENSG00000133884"
4484,"enh8","ENSG00000174996"
4485,"enh6","ENSG00000182087"
4486,"enh10","ENSG00000051128"
4487,"enh1","ENSG00000188177"
4488,"enh11","ENSG00000180329"
4489,"enh7","ENSG00000174950"
4490,"enh14","ENSG00000174996"
4491,"enh9","ENSG00000106976"
4492,"enh1","ENSG00000172922"
4493,"enh8","ENSG00000136943"
4494,"enh8","ENSG00000167748"
4495,"enh2","ENSG00000069275"
4496,"enh2","ENSG00000091947"
4497,"enh12","ENSG00000161677"
4498,"enh1","ENSG00000158161"
4499,"enh11","ENSG00000140854"
4500,"enh8","ENSG00000099875"
4501,"enh3","ENSG00000186185"
4502,"enh4","ENSG00000107021"
4503,"enh5","ENSG00000133895"
4504,"enh9","ENSG00000071655"
4505,"enh2","ENSG00000107290"
4506,"enh7","ENSG00000144161"
4507,"enh14","ENSG00000175221"
4508,"enh7","ENSG00000102996"
4509,"enh2","ENSG00000162772"
4510,"enh8","ENSG00000087263"
4511,"enh9","ENSG00000105655"
4512,"enh9","ENSG00000204138"
4513,"enh12","ENSG00000141933"
4514,"enh11","ENSG00000174903"
4515,"enh4","ENSG00000062822"
4516,"enh6","ENSG00000174547"
4517,"enh10","ENSG00000005961"
4518,"enh12","ENSG00000107290"
4519,"enh5","ENSG00000115091"
4520,"enh11","ENSG00000088682"
4521,"enh10","ENSG00000119125"
4522,"enh9","ENSG00000106803"
4523,"enh14","ENSG00000105708"
4524,"enh2","ENSG00000148291"
4525,"enh11","ENSG00000204291"
4526,"enh13","ENSG00000129946"
4527,"enh14","ENSG00000126698"
4528,"enh6","ENSG00000142765"
4529,"enh8","ENSG00000104886"
4530,"enh14","ENSG00000160345"
4531,"enh2","ENSG00000213221"
4532,"enh10","ENSG00000130511"
4533,"enh8","ENSG00000141933"
4534,"enh1","ENSG00000133069"
4535,"enh1","ENSG00000163291"
4536,"enh13","ENSG00000136877"
4537,"enh6","ENSG00000130775"
4538,"enh1","ENSG00000167106"
4539,"enh2","ENSG00000136828"
4540,"enh1","ENSG00000197816"
4541,"enh1","ENSG00000066027"
4542,"enh14","ENSG00000125637"
4543,"enh4","ENSG00000051108"
4544,"enh4","ENSG00000149798"
4545,"enh1","ENSG00000119335"
4546,"enh14","ENSG00000262874"
4547,"enh2","ENSG00000066027"
4548,"enh9","ENSG00000103021"
4549,"enh8","ENSG00000254901"
4550,"enh13","ENSG00000182963"
4551,"enh5","ENSG00000064547"
4552,"enh14","ENSG00000161647"
4553,"enh11","ENSG00000140859"
4554,"enh4","ENSG00000104689"
4555,"enh3","ENSG00000160447"
4556,"enh10","ENSG00000125630"
4557,"enh7","ENSG00000076321"
4558,"enh7","ENSG00000064607"
4559,"enh12","ENSG00000070423"
4560,"enh8","ENSG00000099622"
4561,"enh13","ENSG00000069482"
4562,"enh12","ENSG00000108312"
4563,"enh10","ENSG00000138756"
4564,"enh9","ENSG00000119514"
4565,"enh14","ENSG00000253368"
4566,"enh12","ENSG00000120334"
4567,"enh6","ENSG00000088682"
4568,"enh12","ENSG00000115286"
4569,"enh10","ENSG00000141934"
4570,"enh7","ENSG00000129911"
4571,"enh13","ENSG00000106799"
4572,"enh7","ENSG00000105662"
4573,"enh14","ENSG00000125484"
4574,"enh13","ENSG00000175906"
4575,"enh12","ENSG00000062822"
4576,"enh2","ENSG00000099624"
4577,"enh5","ENSG00000180340"
4578,"enh11","ENSG00000176890"
4579,"enh3","ENSG00000152518"
4580,"enh4","ENSG00000198417"
4581,"enh8","ENSG00000104897"
4582,"enh14","ENSG00000160446"
4583,"enh8","ENSG00000151694"
4584,"enh11","ENSG00000117625"
4585,"enh5","ENSG00000136828"
4586,"enh12","ENSG00000198870"
4587,"enh1","ENSG00000147669"
4588,"enh8","ENSG00000148291"
4589,"enh5","ENSG00000118046"
4590,"enh4","ENSG00000160293"
4591,"enh11","ENSG00000119335"
4592,"enh1","ENSG00000070770"
4593,"enh3","ENSG00000089639"
4594,"enh14","ENSG00000102900"
4595,"enh1","ENSG00000099622"
4596,"enh11","ENSG00000176973"
4597,"enh5","ENSG00000148297"
4598,"enh12","ENSG00000168066"
4599,"enh7","ENSG00000223802"
4600,"enh6","ENSG00000014216"
4601,"enh11","ENSG00000142751"
4602,"enh8","ENSG00000136811"
4603,"enh2","ENSG00000099840"
4604,"enh14","ENSG00000076321"
4605,"enh9","ENSG00000105383"
4606,"enh2","ENSG00000196415"
4607,"enh2","ENSG00000120913"
4608,"enh6","ENSG00000126698"
4609,"enh10","ENSG00000105676"
4610,"enh13","ENSG00000169136"
4611,"enh4","ENSG00000117650"
4612,"enh14","ENSG00000149809"
4613,"enh13","ENSG00000161677"
4614,"enh14","ENSG00000187024"
4615,"enh7","ENSG00000126705"
4616,"enh11","ENSG00000115944"
4617,"enh8","ENSG00000136932"
4618,"enh7","ENSG00000107372"
4619,"enh14","ENSG00000167136"
4620,"enh7","ENSG00000156269"
4621,"enh2","ENSG00000221983"
4622,"enh14","ENSG00000119523"
4623,"enh4","ENSG00000253368"
4624,"enh3","ENSG00000067596"
4625,"enh11","ENSG00000122026"
4626,"enh10","ENSG00000162873"
4627,"enh11","ENSG00000165702"
4628,"enh11","ENSG00000005194"
4629,"enh5","ENSG00000133065"
4630,"enh7","ENSG00000159579"
4631,"enh1","ENSG00000198858"
4632,"enh3","ENSG00000099864"
4633,"enh9","ENSG00000181896"
4634,"enh11","ENSG00000014216"
4635,"enh12","ENSG00000105656"
4636,"enh5","ENSG00000175832"
4637,"enh2","ENSG00000136682"
4638,"enh8","ENSG00000165698"
4639,"enh9","ENSG00000131398"
4640,"enh1","ENSG00000185761"
4641,"enh9","ENSG00000153107"
4642,"enh8","ENSG00000160953"
4643,"enh14","ENSG00000119203"
4644,"enh10","ENSG00000148291"
4645,"enh7","ENSG00000106799"
4646,"enh6","ENSG00000136828"
4647,"enh3","ENSG00000123684"
4648,"enh6","ENSG00000102931"
4649,"enh1","ENSG00000105669"
4650,"enh13","ENSG00000172922"
4651,"enh7","ENSG00000149798"
4652,"enh12","ENSG00000135736"
4653,"enh13","ENSG00000254901"
4654,"enh8","ENSG00000119203"
4655,"enh3","ENSG00000143882"
4656,"enh6","ENSG00000099804"
4657,"enh11","ENSG00000136895"
4658,"enh2","ENSG00000198746"
4659,"enh10","ENSG00000105662"
4660,"enh13","ENSG00000119559"
4661,"enh1","ENSG00000162769"
4662,"enh13","ENSG00000196152"
4663,"enh14","ENSG00000158161"
4664,"enh7","ENSG00000097046"
4665,"enh2","ENSG00000160563"
4666,"enh12","ENSG00000103021"
4667,"enh11","ENSG00000136874"
4668,"enh3","ENSG00000198786"
4669,"enh3","ENSG00000196683"
4670,"enh6","ENSG00000175906"
4671,"enh4","ENSG00000174903"
4672,"enh7","ENSG00000105379"
4673,"enh11","ENSG00000115268"
4674,"enh13","ENSG00000172757"
4675,"enh11","ENSG00000165092"
4676,"enh11","ENSG00000143882"
4677,"enh11","ENSG00000106992"
4678,"enh11","ENSG00000122482"
4679,"enh10","ENSG00000196188"
4680,"enh5","ENSG00000141934"
4681,"enh3","ENSG00000196116"
4682,"enh10","ENSG00000160360"
4683,"enh5","ENSG00000136938"
4684,"enh8","ENSG00000095380"
4685,"enh4","ENSG00000125618"
4686,"enh1","ENSG00000227500"
4687,"enh5","ENSG00000167110"
4688,"enh1","ENSG00000144136"
4689,"enh9","ENSG00000130766"
4690,"enh4","ENSG00000189195"
4691,"enh4","ENSG00000134330"
4692,"enh13","ENSG00000095380"
4693,"enh2","ENSG00000087263"
4694,"enh12","ENSG00000144161"
4695,"enh7","ENSG00000184988"
4696,"enh10","ENSG00000175376"
4697,"enh7","ENSG00000136929"
4698,"enh14","ENSG00000006016"
4699,"enh9","ENSG00000161654"
4700,"enh3","ENSG00000181773"
4701,"enh12","ENSG00000110047"
4702,"enh5","ENSG00000144130"
4703,"enh8","ENSG00000071564"
4704,"enh14","ENSG00000141933"
4705,"enh14","ENSG00000133059"
4706,"enh12","ENSG00000102996"
4707,"enh9","ENSG00000148248"
4708,"enh6","ENSG00000120334"
4709,"enh8","ENSG00000105497"
4710,"enh8","ENSG00000133069"
4711,"enh10","ENSG00000099840"
4712,"enh12","ENSG00000196116"
4713,"enh9","ENSG00000117266"
4714,"enh1","ENSG00000131408"
4715,"enh13","ENSG00000117758"
4716,"enh12","ENSG00000198858"
4717,"enh6","ENSG00000013306"
4718,"enh10","ENSG00000159579"
4719,"enh7","ENSG00000136830"
4720,"enh8","ENSG00000162241"
4721,"enh5","ENSG00000185198"
4722,"enh12","ENSG00000149798"
4723,"enh10","ENSG00000175115"
4724,"enh11","ENSG00000181896"
4725,"enh7","ENSG00000123684"
4726,"enh2","ENSG00000069702"
4727,"enh7","ENSG00000014216"
4728,"enh11","ENSG00000168061"
4729,"enh5","ENSG00000174996"
4730,"enh6","ENSG00000196415"
4731,"enh13","ENSG00000105656"
4732,"enh3","ENSG00000068971"
4733,"enh5","ENSG00000105655"
4734,"enh11","ENSG00000173327"
4735,"enh12","ENSG00000068831"
4736,"enh1","ENSG00000143476"
4737,"enh7","ENSG00000180329"
4738,"enh10","ENSG00000171159"
4739,"enh13","ENSG00000105700"
4740,"enh9","ENSG00000064607"
4741,"enh7","ENSG00000213465"
4742,"enh10","ENSG00000116017"
4743,"enh4","ENSG00000125482"
4744,"enh9","ENSG00000162298"
4745,"enh7","ENSG00000160408"
4746,"enh5","ENSG00000099864"
4747,"enh13","ENSG00000136874"
4748,"enh1","ENSG00000136856"
4749,"enh10","ENSG00000120334"
4750,"enh8","ENSG00000104131"
4751,"enh10","ENSG00000051108"
4752,"enh9","ENSG00000174606"
4753,"enh8","ENSG00000011304"
4754,"enh7","ENSG00000162976"
4755,"enh8","ENSG00000162769"
4756,"enh6","ENSG00000153214"
4757,"enh13","ENSG00000158711"
4758,"enh4","ENSG00000187024"
4759,"enh13","ENSG00000068831"
4760,"enh12","ENSG00000213023"
4761,"enh10","ENSG00000167110"
4762,"enh8","ENSG00000101132"
4763,"enh10","ENSG00000197694"
4764,"enh13","ENSG00000160408"
4765,"enh3","ENSG00000069702"
4766,"enh1","ENSG00000119514"
4767,"enh3","ENSG00000057935"
4768,"enh10","ENSG00000129911"
4769,"enh11","ENSG00000204673"
4770,"enh8","ENSG00000115091"
4771,"enh6","ENSG00000130511"
4772,"enh4","ENSG00000174276"
4773,"enh3","ENSG00000108852"
4774,"enh13","ENSG00000108840"
4775,"enh12","ENSG00000174606"
4776,"enh12","ENSG00000173327"
4777,"enh8","ENSG00000010361"
4778,"enh5","ENSG00000213445"
4779,"enh1","ENSG00000105655"
4780,"enh2","ENSG00000160325"
4781,"enh1","ENSG00000186501"
4782,"enh10","ENSG00000090020"
4783,"enh10","ENSG00000064787"
4784,"enh13","ENSG00000099624"
4785,"enh7","ENSG00000120889"
4786,"enh12","ENSG00000099624"
4787,"enh7","ENSG00000148337"
4788,"enh8","ENSG00000120889"
4789,"enh5","ENSG00000005194"
4790,"enh9","ENSG00000186010"
4791,"enh10","ENSG00000142765"
4792,"enh5","ENSG00000169403"
4793,"enh11","ENSG00000095383"
4794,"enh1","ENSG00000064687"
4795,"enh2","ENSG00000171159"
4796,"enh7","ENSG00000142765"
4797,"enh13","ENSG00000136895"
4798,"enh13","ENSG00000125611"
4799,"enh3","ENSG00000030582"
4800,"enh2","ENSG00000119392"
4801,"enh1","ENSG00000143870"
4802,"enh3","ENSG00000125482"
4803,"enh7","ENSG00000147454"
4804,"enh6","ENSG00000172270"
4805,"enh5","ENSG00000136854"
4806,"enh2","ENSG00000005194"
4807,"enh7","ENSG00000158711"
4808,"enh5","ENSG00000119125"
4809,"enh8","ENSG00000117748"
4810,"enh3","ENSG00000159648"
4811,"enh14","ENSG00000115944"
4812,"enh9","ENSG00000108861"
4813,"enh3","ENSG00000203705"
4814,"enh10","ENSG00000153107"
4815,"enh6","ENSG00000148300"
4816,"enh9","ENSG00000175115"
4817,"enh10","ENSG00000169136"
4818,"enh8","ENSG00000167470"
4819,"enh3","ENSG00000168066"
4820,"enh9","ENSG00000070761"
4821,"enh5","ENSG00000148303"
4822,"enh2","ENSG00000167491"
4823,"enh14","ENSG00000171159"
4824,"enh5","ENSG00000088682"
4825,"enh1","ENSG00000142784"
4826,"enh7","ENSG00000117748"
4827,"enh5","ENSG00000149792"
4828,"enh13","ENSG00000180329"
4829,"enh14","ENSG00000155380"
4830,"enh5","ENSG00000125170"
4831,"enh6","ENSG00000125170"
4832,"enh12","ENSG00000039650"
4833,"enh12","ENSG00000116017"
4834,"enh14","ENSG00000204138"
4835,"enh6","ENSG00000148297"
4836,"enh9","ENSG00000159461"
4837,"enh2","ENSG00000262874"
4838,"enh3","ENSG00000165092"
4839,"enh2","ENSG00000005961"
4840,"enh4","ENSG00000129933"
4841,"enh9","ENSG00000180198"
4842,"enh4","ENSG00000213988"
4843,"enh8","ENSG00000235034"
4844,"enh13","ENSG00000213465"
4845,"enh10","ENSG00000122140"
4846,"enh5","ENSG00000130005"
4847,"enh4","ENSG00000165661"
4848,"enh6","ENSG00000095380"
4849,"enh8","ENSG00000172922"
4850,"enh6","ENSG00000186185"
4851,"enh2","ENSG00000105656"
4852,"enh1","ENSG00000070761"
4853,"enh2","ENSG00000099622"
4854,"enh12","ENSG00000125144"
4855,"enh14","ENSG00000167110"
4856,"enh13","ENSG00000167491"
4857,"enh10","ENSG00000095383"
4858,"enh1","ENSG00000168056"
4859,"enh13","ENSG00000102931"
4860,"enh1","ENSG00000148288"
4861,"enh13","ENSG00000099840"
4862,"enh1","ENSG00000162772"
4863,"enh11","ENSG00000213023"
4864,"enh9","ENSG00000099821"
4865,"enh14","ENSG00000142186"
4866,"enh9","ENSG00000173327"
4867,"enh11","ENSG00000172059"
4868,"enh10","ENSG00000186185"
4869,"enh2","ENSG00000254986"
4870,"enh12","ENSG00000198917"
4871,"enh4","ENSG00000158195"
4872,"enh5","ENSG00000125319"
4873,"enh5","ENSG00000167491"
4874,"enh7","ENSG00000104897"
4875,"enh13","ENSG00000158161"
4876,"enh11","ENSG00000106799"
4877,"enh7","ENSG00000089639"
4878,"enh2","ENSG00000142544"
4879,"enh12","ENSG00000148334"
4880,"enh9","ENSG00000161692"
4881,"enh6","ENSG00000071626"
4882,"enh13","ENSG00000125170"
4883,"enh6","ENSG00000119333"
4884,"enh2","ENSG00000172992"
4885,"enh9","ENSG00000039650"
4886,"enh3","ENSG00000171848"
4887,"enh6","ENSG00000064547"
4888,"enh6","ENSG00000167759"
4889,"enh3","ENSG00000175221"
4890,"enh1","ENSG00000119392"
4891,"enh2","ENSG00000167110"
4892,"enh8","ENSG00000148308"
4893,"enh11","ENSG00000140848"
4894,"enh14","ENSG00000174851"
4895,"enh4","ENSG00000197766"
4896,"enh13","ENSG00000174996"
4897,"enh6","ENSG00000099840"
4898,"enh8","ENSG00000174669"
4899,"enh12","ENSG00000254901"
4900,"enh11","ENSG00000162300"
4901,"enh5","ENSG00000064787"
4902,"enh6","ENSG00000091947"
4903,"enh14","ENSG00000168066"
4904,"enh3","ENSG00000099625"
4905,"enh8","ENSG00000152518"
4906,"enh3","ENSG00000130005"
4907,"enh14","ENSG00000183831"
4908,"enh14","ENSG00000147439"
4909,"enh6","ENSG00000196188"
4910,"enh5","ENSG00000186806"
4911,"enh5","ENSG00000161647"
4912,"enh11","ENSG00000012048"
4913,"enh6","ENSG00000162300"
4914,"enh4","ENSG00000117691"
4915,"enh13","ENSG00000163291"
4916,"enh14","ENSG00000133895"
4917,"enh4","ENSG00000136842"
4918,"enh7","ENSG00000160161"
4919,"enh13","ENSG00000142784"
4920,"enh5","ENSG00000167136"
4921,"enh9","ENSG00000250067"
4922,"enh12","ENSG00000172732"
4923,"enh1","ENSG00000181781"
4924,"enh12","ENSG00000187024"
4925,"enh5","ENSG00000004939"
4926,"enh5","ENSG00000173442"
4927,"enh3","ENSG00000149809"
4928,"enh1","ENSG00000120896"
4929,"enh8","ENSG00000175906"
4930,"enh8","ENSG00000197816"
4931,"enh7","ENSG00000125484"
4932,"enh8","ENSG00000160360"
4933,"enh11","ENSG00000175550"
4934,"enh3","ENSG00000160271"
4935,"enh3","ENSG00000130559"
4936,"enh1","ENSG00000135821"
4937,"enh2","ENSG00000108309"
4938,"enh4","ENSG00000228300"
4939,"enh5","ENSG00000198417"
4940,"enh4","ENSG00000181781"
4941,"enh11","ENSG00000159579"
4942,"enh13","ENSG00000168067"
4943,"enh14","ENSG00000175906"
4944,"enh7","ENSG00000141934"
4945,"enh13","ENSG00000181781"
4946,"enh1","ENSG00000129968"
4947,"enh14","ENSG00000175376"
4948,"enh14","ENSG00000188177"
4949,"enh3","ENSG00000144161"
4950,"enh4","ENSG00000012048"
4951,"enh14","ENSG00000213465"
4952,"enh10","ENSG00000174744"
4953,"enh4","ENSG00000105700"
4954,"enh14","ENSG00000160325"
4955,"enh9","ENSG00000213023"
4956,"enh10","ENSG00000115268"
4957,"enh12","ENSG00000065000"
4958,"enh13","ENSG00000140859"
4959,"enh8","ENSG00000167106"
4960,"enh3","ENSG00000136842"
4961,"enh12","ENSG00000120913"
4962,"enh9","ENSG00000099625"
4963,"enh9","ENSG00000174529"
4964,"enh4","ENSG00000120889"
4965,"enh9","ENSG00000141933"
4966,"enh12","ENSG00000172977"
4967,"enh11","ENSG00000148290"
4968,"enh12","ENSG00000011304"
4969,"enh13","ENSG00000126391"
4970,"enh9","ENSG00000198917"
4971,"enh13","ENSG00000126698"
4972,"enh2","ENSG00000107021"
4973,"enh14","ENSG00000196116"
4974,"enh5","ENSG00000131097"
4975,"enh2","ENSG00000102931"
4976,"enh10","ENSG00000174516"
4977,"enh8","ENSG00000105671"
4978,"enh14","ENSG00000148303"
4979,"enh3","ENSG00000158711"
4980,"enh9","ENSG00000162873"
4981,"enh9","ENSG00000198840"
4982,"enh10","ENSG00000136807"
4983,"enh7","ENSG00000079313"
4984,"enh5","ENSG00000175906"
4985,"enh14","ENSG00000204710"
4986,"enh8","ENSG00000175573"
4987,"enh11","ENSG00000182963"
4988,"enh10","ENSG00000162419"
4989,"enh1","ENSG00000144134"
4990,"enh14","ENSG00000134318"
4991,"enh4","ENSG00000172922"
4992,"enh2","ENSG00000087365"
4993,"enh4","ENSG00000204710"
4994,"enh3","ENSG00000099875"
4995,"enh5","ENSG00000066027"
4996,"enh3","ENSG00000174871"
4997,"enh1","ENSG00000165661"
4998,"enh9","ENSG00000138756"
4999,"enh13","ENSG00000005194"
5000,"enh10","ENSG00000136854"
5001,"enh12","ENSG00000160161"
5002,"enh7","ENSG00000131400"
5003,"enh13","ENSG00000108861"
5004,"enh9","ENSG00000213638"
5005,"enh6","ENSG00000250067"
5006,"enh9","ENSG00000064787"
5007,"enh7","ENSG00000125485"
5008,"enh8","ENSG00000006015"
5009,"enh14","ENSG00000125485"
5010,"enh2","ENSG00000196152"
5011,"enh2","ENSG00000160293"
5012,"enh12","ENSG00000071655"
5013,"enh14","ENSG00000162976"
5014,"enh12","ENSG00000142784"
5015,"enh8","ENSG00000005961"
5016,"enh7","ENSG00000064787"
5017,"enh3","ENSG00000167747"
5018,"enh12","ENSG00000064932"
5019,"enh1","ENSG00000011304"
5020,"enh13","ENSG00000148334"
5021,"enh13","ENSG00000136840"
5022,"enh1","ENSG00000181513"
5023,"enh9","ENSG00000196550"
5024,"enh8","ENSG00000136842"
5025,"enh13","ENSG00000071626"
5026,"enh11","ENSG00000198870"
5027,"enh13","ENSG00000127540"
5028,"enh12","ENSG00000115091"
5029,"enh14","ENSG00000106789"
5030,"enh13","ENSG00000167106"
5031,"enh12","ENSG00000136854"
5032,"enh7","ENSG00000064547"
5033,"enh3","ENSG00000064545"
5034,"enh3","ENSG00000107290"
5035,"enh12","ENSG00000165702"
5036,"enh7","ENSG00000182087"
5037,"enh8","ENSG00000107290"
5038,"enh1","ENSG00000213024"
5039,"enh2","ENSG00000105497"
5040,"enh4","ENSG00000142528"
5041,"enh14","ENSG00000117266"
5042,"enh5","ENSG00000162669"
5043,"enh9","ENSG00000106991"
5044,"enh10","ENSG00000125618"
5045,"enh8","ENSG00000147439"
5046,"enh12","ENSG00000180329"
5047,"enh13","ENSG00000115255"
5048,"enh1","ENSG00000122484"
5049,"enh12","ENSG00000071564"
5050,"enh5","ENSG00000162873"
5051,"enh9","ENSG00000104960"
5052,"enh6","ENSG00000105705"
5053,"enh11","ENSG00000117593"
5054,"enh10","ENSG00000170385"
5055,"enh8","ENSG00000166188"
5056,"enh6","ENSG00000181513"
5057,"enh8","ENSG00000180098"
5058,"enh9","ENSG00000071564"
5059,"enh7","ENSG00000117758"
5060,"enh2","ENSG00000104131"
5061,"enh10","ENSG00000143870"
5062,"enh4","ENSG00000169403"
5063,"enh6","ENSG00000158195"
5064,"enh1","ENSG00000182963"
5065,"enh9","ENSG00000119559"
5066,"enh12","ENSG00000066027"
5067,"enh7","ENSG00000117593"
5068,"enh14","ENSG00000186566"
5069,"enh10","ENSG00000142784"
5070,"enh13","ENSG00000117266"
5071,"enh4","ENSG00000106992"
5072,"enh7","ENSG00000106785"
5073,"enh5","ENSG00000181035"
5074,"enh1","ENSG00000103005"
5075,"enh7","ENSG00000125611"
5076,"enh8","ENSG00000131409"
5077,"enh4","ENSG00000125148"
5078,"enh11","ENSG00000170385"
5079,"enh12","ENSG00000148337"
5080,"enh9","ENSG00000172732"
5081,"enh5","ENSG00000172059"
5082,"enh3","ENSG00000065000"
5083,"enh9","ENSG00000163297"
5084,"enh1","ENSG00000005007"
5085,"enh9","ENSG00000170385"
5086,"enh2","ENSG00000158941"
5087,"enh9","ENSG00000186566"
5088,"enh8","ENSG00000130559"
5089,"enh11","ENSG00000175854"
5090,"enh1","ENSG00000196683"
5091,"enh2","ENSG00000165689"
5092,"enh5","ENSG00000136807"
5093,"enh12","ENSG00000097046"
5094,"enh3","ENSG00000228300"
5095,"enh12","ENSG00000069702"
5096,"enh12","ENSG00000136925"
5097,"enh12","ENSG00000131094"
5098,"enh4","ENSG00000181588"
5099,"enh14","ENSG00000165702"
5100,"enh14","ENSG00000123684"
5101,"enh14","ENSG00000126391"
5102,"enh2","ENSG00000197540"
5103,"enh3","ENSG00000198858"
5104,"enh6","ENSG00000129946"
5105,"enh10","ENSG00000136895"
5106,"enh13","ENSG00000130005"
5107,"enh12","ENSG00000136807"
5108,"enh5","ENSG00000122140"
5109,"enh11","ENSG00000142544"
5110,"enh13","ENSG00000165699"
5111,"enh3","ENSG00000241852"
5112,"enh9","ENSG00000186185"
5113,"enh4","ENSG00000136938"
5114,"enh2","ENSG00000175906"
5115,"enh11","ENSG00000149806"
5116,"enh2","ENSG00000204291"
5117,"enh11","ENSG00000172732"
5118,"enh12","ENSG00000014216"
5119,"enh1","ENSG00000135870"
5120,"enh9","ENSG00000115944"
5121,"enh13","ENSG00000198870"
5122,"enh6","ENSG00000241852"
5123,"enh4","ENSG00000162769"
5124,"enh1","ENSG00000108861"
5125,"enh4","ENSG00000188554"
5126,"enh10","ENSG00000197958"
5127,"enh12","ENSG00000187840"
5128,"enh7","ENSG00000198746"
5129,"enh4","ENSG00000142733"
5130,"enh13","ENSG00000134330"
5131,"enh13","ENSG00000136925"
5132,"enh8","ENSG00000070770"
5133,"enh9","ENSG00000174903"
5134,"enh4","ENSG00000147439"
5135,"enh11","ENSG00000160271"
5136,"enh10","ENSG00000125144"
5137,"enh5","ENSG00000106799"
5138,"enh8","ENSG00000148337"
5139,"enh7","ENSG00000253368"
5140,"enh13","ENSG00000165698"
5141,"enh7","ENSG00000105700"
5142,"enh7","ENSG00000160345"
5143,"enh12","ENSG00000099817"
5144,"enh2","ENSG00000165092"
5145,"enh1","ENSG00000175906"
5146,"enh6","ENSG00000198840"
5147,"enh13","ENSG00000143924"
5148,"enh5","ENSG00000071626"
5149,"enh13","ENSG00000013306"
5150,"enh2","ENSG00000163291"
5151,"enh11","ENSG00000008853"
5152,"enh14","ENSG00000171940"
5153,"enh8","ENSG00000125170"
5154,"enh7","ENSG00000134308"
5155,"enh4","ENSG00000182087"
5156,"enh7","ENSG00000133065"
5157,"enh13","ENSG00000149798"
5158,"enh9","ENSG00000115758"
5159,"enh14","ENSG00000108309"
5160,"enh13","ENSG00000079313"
5161,"enh10","ENSG00000136643"
5162,"enh10","ENSG00000105655"
5163,"enh13","ENSG00000173825"
5164,"enh14","ENSG00000198840"
5165,"enh4","ENSG00000174950"
5166,"enh13","ENSG00000051108"
5167,"enh5","ENSG00000136925"
5168,"enh3","ENSG00000114999"
5169,"enh12","ENSG00000174547"
5170,"enh2","ENSG00000119335"
5171,"enh13","ENSG00000104679"
5172,"enh14","ENSG00000144130"
5173,"enh7","ENSG00000115091"
5174,"enh6","ENSG00000165138"
5175,"enh10","ENSG00000136938"
5176,"enh14","ENSG00000130775"
5177,"enh12","ENSG00000138756"
5178,"enh11","ENSG00000115091"
5179,"enh3","ENSG00000108840"
5180,"enh9","ENSG00000090020"
5181,"enh3","ENSG00000172992"
5182,"enh7","ENSG00000066027"
5183,"enh1","ENSG00000105662"
5184,"enh11","ENSG00000064787"
5185,"enh13","ENSG00000174842"
5186,"enh4","ENSG00000089639"
5187,"enh6","ENSG00000142530"
5188,"enh2","ENSG00000168056"
5189,"enh3","ENSG00000087152"
5190,"enh12","ENSG00000160404"
5191,"enh6","ENSG00000107372"
5192,"enh11","ENSG00000147669"
5193,"enh4","ENSG00000064687"
5194,"enh14","ENSG00000143493"
5195,"enh7","ENSG00000120913"
5196,"enh14","ENSG00000175550"
5197,"enh11","ENSG00000196152"
5198,"enh9","ENSG00000197217"
5199,"enh3","ENSG00000133069"
5200,"enh3","ENSG00000117758"
5201,"enh14","ENSG00000204291"
5202,"enh11","ENSG00000172081"
5203,"enh7","ENSG00000174842"
5204,"enh3","ENSG00000213023"
5205,"enh12","ENSG00000141349"
5206,"enh8","ENSG00000159648"
5207,"enh4","ENSG00000173039"
5208,"enh6","ENSG00000188554"
5209,"enh10","ENSG00000149809"
5210,"enh6","ENSG00000176973"
5211,"enh1","ENSG00000180448"
5212,"enh4","ENSG00000167118"
5213,"enh12","ENSG00000141934"
5214,"enh14","ENSG00000254986"
5215,"enh8","ENSG00000196961"
5216,"enh6","ENSG00000105701"
5217,"enh1","ENSG00000175573"
5218,"enh10","ENSG00000105497"
5219,"enh11","ENSG00000106976"
5220,"enh12","ENSG00000118046"
5221,"enh9","ENSG00000254901"
5222,"enh7","ENSG00000138772"
5223,"enh14","ENSG00000104973"
5224,"enh8","ENSG00000161654"
5225,"enh12","ENSG00000136937"
5226,"enh11","ENSG00000162878"
5227,"enh7","ENSG00000166188"
5228,"enh5","ENSG00000171219"
5229,"enh9","ENSG00000142544"
5230,"enh3","ENSG00000262874"
5231,"enh6","ENSG00000168062"
5232,"enh10","ENSG00000180448"
5233,"enh7","ENSG00000198917"
5234,"enh10","ENSG00000168591"
5235,"enh1","ENSG00000104679"
5236,"enh9","ENSG00000159648"
5237,"enh6","ENSG00000117222"
5238,"enh3","ENSG00000130270"
5239,"enh6","ENSG00000181035"
5240,"enh2","ENSG00000167005"
5241,"enh14","ENSG00000117592"
5242,"enh2","ENSG00000110046"
5243,"enh10","ENSG00000172757"
5244,"enh12","ENSG00000165684"
5245,"enh6","ENSG00000119392"
5246,"enh9","ENSG00000173039"
5247,"enh1","ENSG00000185198"
5248,"enh5","ENSG00000114999"
5249,"enh1","ENSG00000130768"
5250,"enh7","ENSG00000102978"
5251,"enh2","ENSG00000133884"
5252,"enh12","ENSG00000181588"
5253,"enh7","ENSG00000175707"
5254,"enh1","ENSG00000175832"
5255,"enh8","ENSG00000196422"
5256,"enh9","ENSG00000131094"
5257,"enh13","ENSG00000090020"
5258,"enh2","ENSG00000125630"
5259,"enh5","ENSG00000104131"
5260,"enh3","ENSG00000106785"
5261,"enh2","ENSG00000076321"
5262,"enh10","ENSG00000138772"
5263,"enh14","ENSG00000196415"
5264,"enh8","ENSG00000198858"
5265,"enh7","ENSG00000105676"
5266,"enh8","ENSG00000142544"
5267,"enh5","ENSG00000141349"
5268,"enh11","ENSG00000014138"
5269,"enh14","ENSG00000140859"
5270,"enh9","ENSG00000147439"
5271,"enh8","ENSG00000161671"
5272,"enh3","ENSG00000152527"
5273,"enh11","ENSG00000082512"
5274,"enh4","ENSG00000117751"
5275,"enh2","ENSG00000174842"
5276,"enh2","ENSG00000119333"
5277,"enh6","ENSG00000197217"
5278,"enh5","ENSG00000204291"
5279,"enh4","ENSG00000167110"
5280,"enh13","ENSG00000140854"
5281,"enh13","ENSG00000160445"
5282,"enh13","ENSG00000125144"
5283,"enh7","ENSG00000142544"
5284,"enh13","ENSG00000005007"
5285,"enh2","ENSG00000105374"
5286,"enh13","ENSG00000105662"
5287,"enh3","ENSG00000142751"
5288,"enh3","ENSG00000161671"
5289,"enh1","ENSG00000118046"
5290,"enh5","ENSG00000161714"
5291,"enh3","ENSG00000165661"
5292,"enh2","ENSG00000125618"
5293,"enh3","ENSG00000174276"
5294,"enh12","ENSG00000102931"
5295,"enh11","ENSG00000163297"
5296,"enh12","ENSG00000165699"
5297,"enh10","ENSG00000130270"
5298,"enh5","ENSG00000174606"
5299,"enh5","ENSG00000014216"
5300,"enh11","ENSG00000131097"
5301,"enh8","ENSG00000144161"
5302,"enh1","ENSG00000105717"
5303,"enh5","ENSG00000108883"
5304,"enh4","ENSG00000142530"
5305,"enh4","ENSG00000135736"
5306,"enh11","ENSG00000162873"
5307,"enh8","ENSG00000165689"
5308,"enh14","ENSG00000122482"
5309,"enh2","ENSG00000180329"
5310,"enh13","ENSG00000010361"
5311,"enh11","ENSG00000198858"
5312,"enh14","ENSG00000197766"
5313,"enh4","ENSG00000254470"
5314,"enh5","ENSG00000159648"
5315,"enh8","ENSG00000105053"
5316,"enh4","ENSG00000130005"
5317,"enh3","ENSG00000181588"
5318,"enh6","ENSG00000133065"
5319,"enh2","ENSG00000196188"
5320,"enh1","ENSG00000102900"
5321,"enh5","ENSG00000009780"
5322,"enh6","ENSG00000185198"
5323,"enh10","ENSG00000105705"
5324,"enh2","ENSG00000106785"
5325,"enh2","ENSG00000082512"
5326,"enh1","ENSG00000141934"
5327,"enh12","ENSG00000088682"
5328,"enh9","ENSG00000070388"
5329,"enh3","ENSG00000071626"
5330,"enh10","ENSG00000142544"
5331,"enh9","ENSG00000169288"
5332,"enh2","ENSG00000204710"
5333,"enh2","ENSG00000196550"
5334,"enh2","ENSG00000142765"
5335,"enh1","ENSG00000125611"
5336,"enh6","ENSG00000120889"
5337,"enh4","ENSG00000172757"
5338,"enh6","ENSG00000159648"
5339,"enh5","ENSG00000127540"
5340,"enh13","ENSG00000170385"
5341,"enh11","ENSG00000138756"
5342,"enh12","ENSG00000256771"
5343,"enh9","ENSG00000172500"
5344,"enh1","ENSG00000171169"
5345,"enh10","ENSG00000165684"
5346,"enh2","ENSG00000104885"
5347,"enh9","ENSG00000178093"
5348,"enh13","ENSG00000115091"
5349,"enh5","ENSG00000099624"
5350,"enh5","ENSG00000168062"
5351,"enh11","ENSG00000117601"
5352,"enh6","ENSG00000125148"
5353,"enh10","ENSG00000108883"
5354,"enh14","ENSG00000162669"
5355,"enh3","ENSG00000105701"
5356,"enh9","ENSG00000064932"
5357,"enh2","ENSG00000182963"
5358,"enh9","ENSG00000158941"
5359,"enh7","ENSG00000115268"
5360,"enh13","ENSG00000213445"
5361,"enh3","ENSG00000009780"
5362,"enh6","ENSG00000130768"
5363,"enh1","ENSG00000120334"
5364,"enh6","ENSG00000163291"
5365,"enh14","ENSG00000131094"
5366,"enh4","ENSG00000162669"
5367,"enh7","ENSG00000106803"
5368,"enh14","ENSG00000131400"
5369,"enh7","ENSG00000175376"
5370,"enh7","ENSG00000177125"
5371,"enh4","ENSG00000175602"
5372,"enh2","ENSG00000167123"
5373,"enh5","ENSG00000149806"
5374,"enh9","ENSG00000213221"
5375,"enh6","ENSG00000256771"
5376,"enh12","ENSG00000160953"
5377,"enh11","ENSG00000071564"
5378,"enh5","ENSG00000168591"
5379,"enh8","ENSG00000126705"
5380,"enh1","ENSG00000087365"
5381,"enh7","ENSG00000174669"
5382,"enh6","ENSG00000119514"
5383,"enh7","ENSG00000148308"
5384,"enh14","ENSG00000097046"
5385,"enh1","ENSG00000167759"
5386,"enh13","ENSG00000174606"
5387,"enh2","ENSG00000115758"
5388,"enh14","ENSG00000160360"
5389,"enh9","ENSG00000125144"
5390,"enh12","ENSG00000162873"
5391,"enh6","ENSG00000204138"
5392,"enh10","ENSG00000136937"
5393,"enh12","ENSG00000071626"
5394,"enh8","ENSG00000173465"
5395,"enh13","ENSG00000213024"
5396,"enh5","ENSG00000105656"
5397,"enh5","ENSG00000198492"
5398,"enh11","ENSG00000076321"
5399,"enh2","ENSG00000119514"
5400,"enh13","ENSG00000142733"
5401,"enh9","ENSG00000130768"
5402,"enh12","ENSG00000162300"
5403,"enh12","ENSG00000197694"
5404,"enh3","ENSG00000160446"
5405,"enh5","ENSG00000161671"
5406,"enh12","ENSG00000133059"
5407,"enh5","ENSG00000167114"
5408,"enh1","ENSG00000104689"
5409,"enh7","ENSG00000102931"
5410,"enh1","ENSG00000198786"
5411,"enh3","ENSG00000158195"
5412,"enh10","ENSG00000148411"
5413,"enh6","ENSG00000105717"
5414,"enh5","ENSG00000134330"
5415,"enh8","ENSG00000160563"
5416,"enh3","ENSG00000065600"
5417,"enh3","ENSG00000168591"
5418,"enh6","ENSG00000144136"
5419,"enh5","ENSG00000159461"
5420,"enh5","ENSG00000171848"
5421,"enh8","ENSG00000088682"
5422,"enh8","ENSG00000130560"
5423,"enh3","ENSG00000134330"
5424,"enh9","ENSG00000161647"
5425,"enh10","ENSG00000135821"
5426,"enh9","ENSG00000167747"
5427,"enh4","ENSG00000120656"
5428,"enh3","ENSG00000125637"
5429,"enh13","ENSG00000119125"
5430,"enh4","ENSG00000171219"
5431,"enh5","ENSG00000167759"
5432,"enh8","ENSG00000161692"
5433,"enh5","ENSG00000106992"
5434,"enh11","ENSG00000159461"
5435,"enh7","ENSG00000168066"
5436,"enh7","ENSG00000142528"
5437,"enh14","ENSG00000167491"
5438,"enh10","ENSG00000180098"
5439,"enh11","ENSG00000039650"
5440,"enh4","ENSG00000188177"
5441,"enh13","ENSG00000105655"
5442,"enh10","ENSG00000120896"
5443,"enh14","ENSG00000160404"
5444,"enh1","ENSG00000136938"
5445,"enh4","ENSG00000130766"
5446,"enh10","ENSG00000160563"
5447,"enh3","ENSG00000070770"
5448,"enh5","ENSG00000101132"
5449,"enh11","ENSG00000009780"
5450,"enh2","ENSG00000142751"
5451,"enh2","ENSG00000012048"
5452,"enh14","ENSG00000099864"
5453,"enh10","ENSG00000143882"
5454,"enh8","ENSG00000147669"
5455,"enh12","ENSG00000155380"
5456,"enh10","ENSG00000182963"
5457,"enh9","ENSG00000126391"
5458,"enh12","ENSG00000107021"
5459,"enh5","ENSG00000175334"
5460,"enh12","ENSG00000196312"
5461,"enh4","ENSG00000213445"
5462,"enh14","ENSG00000213988"
5463,"enh7","ENSG00000152061"
5464,"enh5","ENSG00000120656"
5465,"enh7","ENSG00000068971"
5466,"enh13","ENSG00000168591"
5467,"enh6","ENSG00000108312"
5468,"enh13","ENSG00000187193"
5469,"enh12","ENSG00000162298"
5470,"enh14","ENSG00000130559"
5471,"enh10","ENSG00000005007"
5472,"enh4","ENSG00000141933"
5473,"enh11","ENSG00000171940"
5474,"enh10","ENSG00000119523"
5475,"enh10","ENSG00000144136"
5476,"enh6","ENSG00000149798"
5477,"enh4","ENSG00000153208"
5478,"enh6","ENSG00000167748"
5479,"enh6","ENSG00000104973"
5480,"enh11","ENSG00000172775"
5481,"enh1","ENSG00000166188"
5482,"enh9","ENSG00000175832"
5483,"enh5","ENSG00000149798"
5484,"enh10","ENSG00000129968"
5485,"enh11","ENSG00000148288"
5486,"enh3","ENSG00000010361"
5487,"enh10","ENSG00000168067"
5488,"enh7","ENSG00000133059"
5489,"enh4","ENSG00000115091"
5490,"enh11","ENSG00000105726"
5491,"enh2","ENSG00000148296"
5492,"enh14","ENSG00000165138"
5493,"enh14","ENSG00000070388"
5494,"enh14","ENSG00000152518"
5495,"enh2","ENSG00000148356"
5496,"enh7","ENSG00000167491"
5497,"enh1","ENSG00000110047"
5498,"enh13","ENSG00000181896"
5499,"enh9","ENSG00000101132"
5500,"enh3","ENSG00000167114"
5501,"enh3","ENSG00000186010"
5502,"enh9","ENSG00000135821"
5503,"enh6","ENSG00000105383"
5504,"enh10","ENSG00000203705"
5505,"enh11","ENSG00000104973"
5506,"enh11","ENSG00000174669"
5507,"enh11","ENSG00000147454"
5508,"enh11","ENSG00000175707"
5509,"enh8","ENSG00000125637"
5510,"enh11","ENSG00000161671"
5511,"enh2","ENSG00000175602"
5512,"enh14","ENSG00000115257"
5513,"enh14","ENSG00000014216"
5514,"enh10","ENSG00000147457"
5515,"enh12","ENSG00000105705"
5516,"enh10","ENSG00000181896"
5517,"enh2","ENSG00000153107"
5518,"enh13","ENSG00000148288"
5519,"enh14","ENSG00000105717"
5520,"enh10","ENSG00000126698"
5521,"enh4","ENSG00000172732"
5522,"enh4","ENSG00000172232"
5523,"enh2","ENSG00000125124"
5524,"enh10","ENSG00000106789"
5525,"enh9","ENSG00000136811"
5526,"enh9","ENSG00000123684"
5527,"enh5","ENSG00000105379"
5528,"enh9","ENSG00000051128"
5529,"enh14","ENSG00000115286"
5530,"enh14","ENSG00000099875"
5531,"enh2","ENSG00000165661"
5532,"enh4","ENSG00000122140"
5533,"enh4","ENSG00000125144"
5534,"enh10","ENSG00000172775"
5535,"enh14","ENSG00000004939"
5536,"enh13","ENSG00000175467"
5537,"enh2","ENSG00000136895"
5538,"enh14","ENSG00000168062"
5539,"enh5","ENSG00000070761"
5540,"enh10","ENSG00000169607"
5541,"enh7","ENSG00000161714"
5542,"enh4","ENSG00000184162"
5543,"enh3","ENSG00000135736"
5544,"enh1","ENSG00000142530"
5545,"enh12","ENSG00000105708"
5546,"enh8","ENSG00000087152"
5547,"enh14","ENSG00000108883"
5548,"enh9","ENSG00000167118"
5549,"enh3","ENSG00000011304"
5550,"enh5","ENSG00000153214"
5551,"enh5","ENSG00000069482"
5552,"enh12","ENSG00000167112"
5553,"enh6","ENSG00000136938"
5554,"enh2","ENSG00000167487"
5555,"enh13","ENSG00000136682"
5556,"enh5","ENSG00000172757"
5557,"enh8","ENSG00000136874"
5558,"enh12","ENSG00000143882"
5559,"enh2","ENSG00000148288"
5560,"enh2","ENSG00000172270"
5561,"enh3","ENSG00000122484"
5562,"enh10","ENSG00000119559"
5563,"enh7","ENSG00000181781"
5564,"enh6","ENSG00000162769"
5565,"enh8","ENSG00000141934"
5566,"enh2","ENSG00000175573"
5567,"enh8","ENSG00000143870"
5568,"enh8","ENSG00000198492"
5569,"enh2","ENSG00000130768"
5570,"enh13","ENSG00000196116"
5571,"enh14","ENSG00000160293"
5572,"enh12","ENSG00000161682"
5573,"enh10","ENSG00000180329"
5574,"enh4","ENSG00000102900"
5575,"enh1","ENSG00000235034"
5576,"enh6","ENSG00000177125"
5577,"enh12","ENSG00000070770"
5578,"enh9","ENSG00000188554"
5579,"enh6","ENSG00000136854"
5580,"enh2","ENSG00000196422"
5581,"enh13","ENSG00000172732"
5582,"enh14","ENSG00000130766"
5583,"enh3","ENSG00000148308"
5584,"enh7","ENSG00000197958"
5585,"enh5","ENSG00000172081"
5586,"enh12","ENSG00000175376"
5587,"enh13","ENSG00000161671"
5588,"enh6","ENSG00000104679"
5589,"enh6","ENSG00000165684"
5590,"enh2","ENSG00000241852"
5591,"enh13","ENSG00000114999"
5592,"enh6","ENSG00000204673"
5593,"enh13","ENSG00000115756"
5594,"enh11","ENSG00000013306"
5595,"enh6","ENSG00000136936"
5596,"enh1","ENSG00000117650"
5597,"enh1","ENSG00000176973"
5598,"enh11","ENSG00000148356"
5599,"enh14","ENSG00000104689"
5600,"enh10","ENSG00000067596"
5601,"enh1","ENSG00000148297"
5602,"enh10","ENSG00000119203"
5603,"enh5","ENSG00000176890"
5604,"enh14","ENSG00000070770"
5605,"enh11","ENSG00000105556"
5606,"enh11","ENSG00000118046"
5607,"enh9","ENSG00000167487"
5608,"enh13","ENSG00000238227"
5609,"enh7","ENSG00000068831"
5610,"enh10","ENSG00000171219"
5611,"enh5","ENSG00000165702"
5612,"enh13","ENSG00000177125"
5613,"enh10","ENSG00000136936"
5614,"enh7","ENSG00000012048"
5615,"enh9","ENSG00000174669"
5616,"enh6","ENSG00000172081"
5617,"enh8","ENSG00000105655"
5618,"enh13","ENSG00000099622"
5619,"enh10","ENSG00000165698"
5620,"enh5","ENSG00000011304"
5621,"enh13","ENSG00000130559"
5622,"enh4","ENSG00000105701"
5623,"enh8","ENSG00000160161"
5624,"enh7","ENSG00000163291"
5625,"enh8","ENSG00000095383"
5626,"enh12","ENSG00000170385"
5627,"enh1","ENSG00000105705"
5628,"enh8","ENSG00000065000"
5629,"enh2","ENSG00000172775"
5630,"enh6","ENSG00000161714"
5631,"enh5","ENSG00000160360"
5632,"enh7","ENSG00000174516"
5633,"enh4","ENSG00000099625"
5634,"enh13","ENSG00000030582"
5635,"enh2","ENSG00000014138"
5636,"enh10","ENSG00000079313"
5637,"enh8","ENSG00000102931"
5638,"enh5","ENSG00000129933"
5639,"enh10","ENSG00000173825"
5640,"enh5","ENSG00000105556"
5641,"enh5","ENSG00000125618"
5642,"enh13","ENSG00000149792"
5643,"enh10","ENSG00000161692"
5644,"enh4","ENSG00000133275"
5645,"enh10","ENSG00000140848"
5646,"enh1","ENSG00000165699"
5647,"enh11","ENSG00000117280"
5648,"enh1","ENSG00000174547"
5649,"enh9","ENSG00000133275"
5650,"enh9","ENSG00000167005"
5651,"enh7","ENSG00000105472"
5652,"enh6","ENSG00000175294"
5653,"enh6","ENSG00000142784"
5654,"enh6","ENSG00000099624"
5655,"enh7","ENSG00000162878"
5656,"enh10","ENSG00000196550"
5657,"enh6","ENSG00000130560"
5658,"enh5","ENSG00000158161"
5659,"enh8","ENSG00000102978"
5660,"enh14","ENSG00000174903"
5661,"enh6","ENSG00000198786"
5662,"enh7","ENSG00000129951"
5663,"enh8","ENSG00000159579"
5664,"enh1","ENSG00000167468"
5665,"enh3","ENSG00000115091"
5666,"enh14","ENSG00000161692"
5667,"enh2","ENSG00000162873"
5668,"enh5","ENSG00000136943"
5669,"enh10","ENSG00000165702"
5670,"enh3","ENSG00000087365"
5671,"enh11","ENSG00000104131"
5672,"enh13","ENSG00000196961"
5673,"enh8","ENSG00000156269"
5674,"enh3","ENSG00000142765"
5675,"enh1","ENSG00000129946"
5676,"enh2","ENSG00000126709"
5677,"enh9","ENSG00000142186"
5678,"enh6","ENSG00000167103"
5679,"enh7","ENSG00000130770"
5680,"enh8","ENSG00000106976"
5681,"enh7","ENSG00000167113"
5682,"enh3","ENSG00000115268"
5683,"enh8","ENSG00000174606"
5684,"enh11","ENSG00000051128"
5685,"enh6","ENSG00000238227"
5686,"enh5","ENSG00000140859"
5687,"enh13","ENSG00000064932"
5688,"enh3","ENSG00000117691"
5689,"enh5","ENSG00000169607"
5690,"enh12","ENSG00000004939"
5691,"enh5","ENSG00000174684"
5692,"enh2","ENSG00000115756"
5693,"enh9","ENSG00000184162"
5694,"enh3","ENSG00000106789"
5695,"enh4","ENSG00000068976"
5696,"enh2","ENSG00000014216"
5697,"enh3","ENSG00000175467"
5698,"enh5","ENSG00000174669"
5699,"enh12","ENSG00000089639"
5700,"enh8","ENSG00000135821"
5701,"enh7","ENSG00000110046"
5702,"enh13","ENSG00000143882"
5703,"enh10","ENSG00000162878"
5704,"enh4","ENSG00000105717"
5705,"enh9","ENSG00000148291"
5706,"enh5","ENSG00000197136"
5707,"enh10","ENSG00000198492"
5708,"enh14","ENSG00000160161"
5709,"enh12","ENSG00000070761"
5710,"enh2","ENSG00000117592"
5711,"enh5","ENSG00000151694"
5712,"enh10","ENSG00000175294"
5713,"enh4","ENSG00000168062"
5714,"enh7","ENSG00000148411"
5715,"enh9","ENSG00000142733"
5716,"enh11","ENSG00000105655"
5717,"enh2","ENSG00000099875"
5718,"enh10","ENSG00000115750"
5719,"enh11","ENSG00000159648"
5720,"enh10","ENSG00000131408"
5721,"enh8","ENSG00000131400"
5722,"enh8","ENSG00000213465"
5723,"enh11","ENSG00000010361"
5724,"enh8","ENSG00000129946"
5725,"enh7","ENSG00000070404"
5726,"enh5","ENSG00000136830"
5727,"enh11","ENSG00000148339"
5728,"enh1","ENSG00000125484"
5729,"enh8","ENSG00000141349"
5730,"enh1","ENSG00000197958"
5731,"enh2","ENSG00000106976"
5732,"enh13","ENSG00000122484"
5733,"enh2","ENSG00000068831"
5734,"enh5","ENSG00000082512"
5735,"enh8","ENSG00000108883"
5736,"enh1","ENSG00000099804"
5737,"enh3","ENSG00000160445"
5738,"enh8","ENSG00000089639"
5739,"enh10","ENSG00000167005"
5740,"enh4","ENSG00000120334"
5741,"enh13","ENSG00000148297"
5742,"enh11","ENSG00000161682"
5743,"enh13","ENSG00000087152"
5744,"enh3","ENSG00000105662"
5745,"enh14","ENSG00000148288"
5746,"enh4","ENSG00000079313"
5747,"enh11","ENSG00000134317"
5748,"enh6","ENSG00000135821"
5749,"enh4","ENSG00000133059"
5750,"enh1","ENSG00000115257"
5751,"enh4","ENSG00000064932"
5752,"enh8","ENSG00000091947"
5753,"enh1","ENSG00000104973"
5754,"enh2","ENSG00000131408"
5755,"enh12","ENSG00000115084"
5756,"enh8","ENSG00000253368"
5757,"enh7","ENSG00000204710"
5758,"enh11","ENSG00000087365"
5759,"enh12","ENSG00000173465"
5760,"enh8","ENSG00000147454"
5761,"enh7","ENSG00000169403"
5762,"enh10","ENSG00000105708"
5763,"enh10","ENSG00000189195"
5764,"enh9","ENSG00000162878"
5765,"enh14","ENSG00000144136"
5766,"enh10","ENSG00000125485"
5767,"enh7","ENSG00000136840"
5768,"enh2","ENSG00000131094"
5769,"enh14","ENSG00000162241"
5770,"enh11","ENSG00000174744"
5771,"enh13","ENSG00000198917"
5772,"enh9","ENSG00000133243"
5773,"enh11","ENSG00000156269"
5774,"enh11","ENSG00000105701"
5775,"enh12","ENSG00000087152"
5776,"enh7","ENSG00000136936"
5777,"enh5","ENSG00000174903"
5778,"enh4","ENSG00000144134"
5779,"enh8","ENSG00000087365"
5780,"enh10","ENSG00000167136"
5781,"enh3","ENSG00000162976"
5782,"enh1","ENSG00000095380"
5783,"enh1","ENSG00000064787"
5784,"enh5","ENSG00000104679"
5785,"enh4","ENSG00000213024"
5786,"enh4","ENSG00000099864"
5787,"enh8","ENSG00000122026"
5788,"enh7","ENSG00000118046"
5789,"enh12","ENSG00000126709"
5790,"enh5","ENSG00000174516"
5791,"enh10","ENSG00000071626"
5792,"enh12","ENSG00000105726"
5793,"enh3","ENSG00000131408"
5794,"enh3","ENSG00000181781"
5795,"enh12","ENSG00000119335"
5796,"enh10","ENSG00000125170"
5797,"enh14","ENSG00000105662"
5798,"enh9","ENSG00000167110"
5799,"enh13","ENSG00000117650"
5800,"enh7","ENSG00000065268"
5801,"enh2","ENSG00000119203"
5802,"enh6","ENSG00000115750"
5803,"enh4","ENSG00000174851"
5804,"enh3","ENSG00000173442"
5805,"enh10","ENSG00000135736"
5806,"enh14","ENSG00000107372"
5807,"enh6","ENSG00000130766"
5808,"enh14","ENSG00000159648"
5809,"enh10","ENSG00000062822"
5810,"enh5","ENSG00000213988"
5811,"enh4","ENSG00000175906"
5812,"enh10","ENSG00000130513"
5813,"enh6","ENSG00000204291"
5814,"enh9","ENSG00000069275"
5815,"enh8","ENSG00000197136"
5816,"enh10","ENSG00000099875"
5817,"enh8","ENSG00000171169"
5818,"enh3","ENSG00000117266"
5819,"enh10","ENSG00000144130"
5820,"enh3","ENSG00000171219"
5821,"enh13","ENSG00000115944"
5822,"enh3","ENSG00000175376"
5823,"enh3","ENSG00000167110"
5824,"enh10","ENSG00000171848"
5825,"enh10","ENSG00000104131"
5826,"enh6","ENSG00000099821"
5827,"enh6","ENSG00000148356"
5828,"enh5","ENSG00000171159"
5829,"enh11","ENSG00000133275"
5830,"enh13","ENSG00000180340"
5831,"enh14","ENSG00000102931"
5832,"enh6","ENSG00000115084"
5833,"enh3","ENSG00000135821"
5834,"enh13","ENSG00000168062"
5835,"enh1","ENSG00000102978"
5836,"enh7","ENSG00000105705"
5837,"enh2","ENSG00000161677"
5838,"enh2","ENSG00000169403"
5839,"enh2","ENSG00000095383"
5840,"enh11","ENSG00000099817"
5841,"enh14","ENSG00000118046"
5842,"enh2","ENSG00000213988"
5843,"enh13","ENSG00000104885"
5844,"enh2","ENSG00000166188"
5845,"enh8","ENSG00000136925"
5846,"enh7","ENSG00000119392"
5847,"enh8","ENSG00000198417"
5848,"enh11","ENSG00000064545"
5849,"enh7","ENSG00000204673"
5850,"enh13","ENSG00000160271"
5851,"enh7","ENSG00000173039"
5852,"enh12","ENSG00000181781"
5853,"enh14","ENSG00000162419"
5854,"enh8","ENSG00000138767"
5855,"enh11","ENSG00000158715"
5856,"enh3","ENSG00000136932"
5857,"enh9","ENSG00000148356"
5858,"enh2","ENSG00000177125"
5859,"enh10","ENSG00000175906"
5860,"enh3","ENSG00000103005"
5861,"enh4","ENSG00000147669"
5862,"enh11","ENSG00000198417"
5863,"enh14","ENSG00000105696"
5864,"enh6","ENSG00000165699"
5865,"enh3","ENSG00000122140"
5866,"enh7","ENSG00000099864"
5867,"enh4","ENSG00000120896"
5868,"enh5","ENSG00000197766"
5869,"enh9","ENSG00000129933"
5870,"enh3","ENSG00000069482"
5871,"enh13","ENSG00000062822"
5872,"enh12","ENSG00000142733"
5873,"enh11","ENSG00000125144"
5874,"enh6","ENSG00000168061"
5875,"enh11","ENSG00000167136"
5876,"enh7","ENSG00000162300"
5877,"enh6","ENSG00000107021"
5878,"enh6","ENSG00000125485"
5879,"enh3","ENSG00000051108"
5880,"enh9","ENSG00000196961"
5881,"enh3","ENSG00000223802"
5882,"enh6","ENSG00000160445"
5883,"enh10","ENSG00000106976"
5884,"enh1","ENSG00000167123"
5885,"enh12","ENSG00000117593"
5886,"enh2","ENSG00000120334"
5887,"enh3","ENSG00000105696"
5888,"enh8","ENSG00000110047"
5889,"enh9","ENSG00000136943"
5890,"enh7","ENSG00000196550"
5891,"enh13","ENSG00000141933"
5892,"enh1","ENSG00000136929"
5893,"enh4","ENSG00000087152"
5894,"enh4","ENSG00000005194"
5895,"enh2","ENSG00000140848"
5896,"enh5","ENSG00000167112"
5897,"enh5","ENSG00000181896"
5898,"enh3","ENSG00000180198"
5899,"enh7","ENSG00000148339"
5900,"enh6","ENSG00000174606"
5901,"enh12","ENSG00000069482"
5902,"enh3","ENSG00000167470"
5903,"enh4","ENSG00000064787"
5904,"enh4","ENSG00000153107"
5905,"enh3","ENSG00000175573"
5906,"enh12","ENSG00000106992"
5907,"enh10","ENSG00000161677"
5908,"enh3","ENSG00000147439"
5909,"enh7","ENSG00000149809"
5910,"enh2","ENSG00000161671"
5911,"enh11","ENSG00000130766"
5912,"enh2","ENSG00000089639"
5913,"enh2","ENSG00000147454"
5914,"enh2","ENSG00000105726"
5915,"enh9","ENSG00000006016"
5916,"enh13","ENSG00000105669"
5917,"enh3","ENSG00000165138"
5918,"enh7","ENSG00000103021"
5919,"enh2","ENSG00000130772"
5920,"enh13","ENSG00000162769"
5921,"enh12","ENSG00000171848"
5922,"enh14","ENSG00000172977"
5923,"enh7","ENSG00000010361"
5924,"enh9","ENSG00000005194"
5925,"enh5","ENSG00000187193"
5926,"enh3","ENSG00000129946"
5927,"enh13","ENSG00000160345"
5928,"enh13","ENSG00000099866"
5929,"enh12","ENSG00000136842"
5930,"enh7","ENSG00000149823"
5931,"enh6","ENSG00000174871"
5932,"enh11","ENSG00000171169"
5933,"enh10","ENSG00000103021"
5934,"enh11","ENSG00000148296"
5935,"enh11","ENSG00000162669"
5936,"enh11","ENSG00000197136"
5937,"enh10","ENSG00000142733"
5938,"enh6","ENSG00000136929"
5939,"enh9","ENSG00000143924"
5940,"enh14","ENSG00000104897"
5941,"enh4","ENSG00000163291"
5942,"enh7","ENSG00000171848"
5943,"enh5","ENSG00000161677"
5944,"enh2","ENSG00000183831"
5945,"enh14","ENSG00000161714"
5946,"enh2","ENSG00000148303"
5947,"enh7","ENSG00000070761"
5948,"enh11","ENSG00000130005"
5949,"enh1","ENSG00000099840"
5950,"enh1","ENSG00000119125"
5951,"enh3","ENSG00000196312"
5952,"enh12","ENSG00000158195"
5953,"enh8","ENSG00000162419"
5954,"enh7","ENSG00000172270"
5955,"enh2","ENSG00000115257"
5956,"enh11","ENSG00000125630"
5957,"enh4","ENSG00000167759"
5958,"enh1","ENSG00000117601"
5959,"enh6","ENSG00000138036"
5960,"enh8","ENSG00000185278"
5961,"enh2","ENSG00000134330"
5962,"enh5","ENSG00000175602"
5963,"enh13","ENSG00000197958"
5964,"enh6","ENSG00000228300"
5965,"enh7","ENSG00000250067"
5966,"enh10","ENSG00000146670"
5967,"enh8","ENSG00000169288"
5968,"enh6","ENSG00000175707"
5969,"enh5","ENSG00000117691"
5970,"enh5","ENSG00000174744"
5971,"enh10","ENSG00000118046"
5972,"enh12","ENSG00000186501"
5973,"enh12","ENSG00000104897"
5974,"enh10","ENSG00000142751"
5975,"enh3","ENSG00000068976"
5976,"enh9","ENSG00000130775"
5977,"enh4","ENSG00000160563"
5978,"enh1","ENSG00000161714"
5979,"enh7","ENSG00000171940"
5980,"enh10","ENSG00000168056"
5981,"enh3","ENSG00000167112"
5982,"enh1","ENSG00000099875"
5983,"enh7","ENSG00000148303"
5984,"enh12","ENSG00000105700"
5985,"enh12","ENSG00000067596"
5986,"enh10","ENSG00000129933"
5987,"enh7","ENSG00000141349"
5988,"enh5","ENSG00000172922"
5989,"enh8","ENSG00000105669"
5990,"enh9","ENSG00000172992"
5991,"enh14","ENSG00000071626"
5992,"enh14","ENSG00000180340"
5993,"enh11","ENSG00000160360"
5994,"enh11","ENSG00000005961"
5995,"enh9","ENSG00000136807"
5996,"enh14","ENSG00000105556"
5997,"enh11","ENSG00000136908"
5998,"enh9","ENSG00000099864"
5999,"enh6","ENSG00000087263"
6000,"enh8","ENSG00000117266"
6001,"enh10","ENSG00000117222"
6002,"enh4","ENSG00000143882"
6003,"enh1","ENSG00000148296"
6004,"enh7","ENSG00000133069"
6005,"enh8","ENSG00000162298"
6006,"enh4","ENSG00000138767"
6007,"enh11","ENSG00000152518"
6008,"enh2","ENSG00000105655"
6009,"enh2","ENSG00000142784"
6010,"enh3","ENSG00000175906"
6011,"enh3","ENSG00000153208"
6012,"enh10","ENSG00000134317"
6013,"enh9","ENSG00000168066"
6014,"enh11","ENSG00000126705"
6015,"enh12","ENSG00000180340"
6016,"enh12","ENSG00000110046"
6017,"enh14","ENSG00000167487"
6018,"enh13","ENSG00000105556"
6019,"enh13","ENSG00000176890"
6020,"enh7","ENSG00000008853"
6021,"enh5","ENSG00000162976"
6022,"enh8","ENSG00000130766"
6023,"enh12","ENSG00000185198"
6024,"enh10","ENSG00000064607"
6025,"enh12","ENSG00000144136"
6026,"enh8","ENSG00000196312"
6027,"enh2","ENSG00000162419"
6028,"enh12","ENSG00000135870"
6029,"enh12","ENSG00000138772"
6030,"enh3","ENSG00000138036"
6031,"enh10","ENSG00000241852"
6032,"enh11","ENSG00000110046"
6033,"enh11","ENSG00000125482"
6034,"enh14","ENSG00000186185"
6035,"enh12","ENSG00000125484"
6036,"enh2","ENSG00000148308"
6037,"enh3","ENSG00000171940"
6038,"enh4","ENSG00000148296"
6039,"enh1","ENSG00000065268"
6040,"enh8","ENSG00000117625"
6041,"enh8","ENSG00000136856"
6042,"enh4","ENSG00000068971"
6043,"enh2","ENSG00000104946"
6044,"enh7","ENSG00000160447"
6045,"enh3","ENSG00000172059"
6046,"enh2","ENSG00000228300"
6047,"enh3","ENSG00000167106"
6048,"enh8","ENSG00000108852"
6049,"enh12","ENSG00000122140"
6050,"enh14","ENSG00000133065"
6051,"enh6","ENSG00000117691"
6052,"enh2","ENSG00000065000"
6053,"enh8","ENSG00000129911"
6054,"enh5","ENSG00000136877"
6055,"enh8","ENSG00000119514"
6056,"enh8","ENSG00000175602"
6057,"enh1","ENSG00000129911"
6058,"enh11","ENSG00000079313"
6059,"enh3","ENSG00000136925"
6060,"enh9","ENSG00000115091"
6061,"enh3","ENSG00000108849"
6062,"enh2","ENSG00000147669"
6063,"enh11","ENSG00000160447"
6064,"enh1","ENSG00000213445"
6065,"enh13","ENSG00000162241"
6066,"enh4","ENSG00000117748"
6067,"enh11","ENSG00000186501"
6068,"enh2","ENSG00000213023"
6069,"enh7","ENSG00000064545"
6070,"enh9","ENSG00000082512"
6071,"enh5","ENSG00000119523"
6072,"enh9","ENSG00000133065"
6073,"enh12","ENSG00000153107"
6074,"enh10","ENSG00000009780"
6075,"enh6","ENSG00000180098"
6076,"enh10","ENSG00000213023"
6077,"enh4","ENSG00000148297"
6078,"enh12","ENSG00000149806"
6079,"enh9","ENSG00000172757"
6080,"enh9","ENSG00000172270"
6081,"enh13","ENSG00000005961"
6082,"enh9","ENSG00000148337"
6083,"enh7","ENSG00000171169"
6084,"enh3","ENSG00000135870"
6085,"enh7","ENSG00000174871"
6086,"enh12","ENSG00000167487"
6087,"enh5","ENSG00000186501"
6088,"enh7","ENSG00000064687"
6089,"enh8","ENSG00000180329"
6090,"enh3","ENSG00000213024"
6091,"enh11","ENSG00000187193"
6092,"enh14","ENSG00000136877"
6093,"enh13","ENSG00000133243"
6094,"enh11","ENSG00000070388"
6095,"enh10","ENSG00000136932"
6096,"enh13","ENSG00000196188"
6097,"enh6","ENSG00000159579"
6098,"enh12","ENSG00000173442"
6099,"enh14","ENSG00000172992"
6100,"enh2","ENSG00000174851"
6101,"enh1","ENSG00000064666"
6102,"enh3","ENSG00000175592"
6103,"enh8","ENSG00000172500"
6104,"enh3","ENSG00000087263"
6105,"enh10","ENSG00000148308"
6106,"enh6","ENSG00000174842"
6107,"enh11","ENSG00000182087"
6108,"enh5","ENSG00000141933"
6109,"enh11","ENSG00000115286"
6110,"enh4","ENSG00000057935"
6111,"enh11","ENSG00000136854"
6112,"enh4","ENSG00000196683"
6113,"enh10","ENSG00000148288"
6114,"enh5","ENSG00000087263"
6115,"enh9","ENSG00000119203"
6116,"enh13","ENSG00000120889"
6117,"enh4","ENSG00000105374"
6118,"enh3","ENSG00000117697"
6119,"enh13","ENSG00000108312"
6120,"enh6","ENSG00000117593"
6121,"enh6","ENSG00000117751"
6122,"enh4","ENSG00000180198"
6123,"enh3","ENSG00000136828"
6124,"enh6","ENSG00000115756"
6125,"enh4","ENSG00000181513"
6126,"enh10","ENSG00000115758"
6127,"enh2","ENSG00000153214"
6128,"enh2","ENSG00000130770"
6129,"enh5","ENSG00000117280"
6130,"enh13","ENSG00000131408"
6131,"enh3","ENSG00000181035"
6132,"enh1","ENSG00000082512"
6133,"enh5","ENSG00000142186"
6134,"enh13","ENSG00000167487"
6135,"enh5","ENSG00000148308"
6136,"enh10","ENSG00000197766"
6137,"enh9","ENSG00000160447"
6138,"enh9","ENSG00000198417"
6139,"enh5","ENSG00000126391"
6140,"enh6","ENSG00000068976"
6141,"enh8","ENSG00000180448"
6142,"enh5","ENSG00000115758"
6143,"enh4","ENSG00000136937"
6144,"enh2","ENSG00000162976"
6145,"enh1","ENSG00000250067"
6146,"enh5","ENSG00000131400"
6147,"enh4","ENSG00000160408"
6148,"enh3","ENSG00000153107"
6149,"enh1","ENSG00000117751"
6150,"enh13","ENSG00000115970"
6151,"enh13","ENSG00000107372"
6152,"enh7","ENSG00000238227"
6153,"enh8","ENSG00000120913"
6154,"enh2","ENSG00000125485"
6155,"enh14","ENSG00000062822"
6156,"enh10","ENSG00000136877"
6157,"enh5","ENSG00000091947"
6158,"enh9","ENSG00000105696"
6159,"enh9","ENSG00000151694"
6160,"enh11","ENSG00000165699"
6161,"enh2","ENSG00000136874"
6162,"enh7","ENSG00000213638"
6163,"enh10","ENSG00000030582"
6164,"enh13","ENSG00000099625"
6165,"enh1","ENSG00000117691"
6166,"enh10","ENSG00000161714"
6167,"enh6","ENSG00000180198"
6168,"enh10","ENSG00000090273"
6169,"enh1","ENSG00000130270"
6170,"enh4","ENSG00000196152"
6171,"enh2","ENSG00000119185"
6172,"enh4","ENSG00000065600"
6173,"enh7","ENSG00000131097"
6174,"enh1","ENSG00000012048"
6175,"enh3","ENSG00000116014"
6176,"enh8","ENSG00000117691"
6177,"enh3","ENSG00000174529"
6178,"enh5","ENSG00000134318"
6179,"enh4","ENSG00000161692"
6180,"enh8","ENSG00000064607"
6181,"enh2","ENSG00000186010"
6182,"enh6","ENSG00000117758"
6183,"enh9","ENSG00000117758"
6184,"enh11","ENSG00000241852"
6185,"enh14","ENSG00000105676"
6186,"enh3","ENSG00000182087"
6187,"enh13","ENSG00000165689"
6188,"enh6","ENSG00000227500"
6189,"enh12","ENSG00000131408"
6190,"enh4","ENSG00000110046"
6191,"enh4","ENSG00000136643"
6192,"enh11","ENSG00000068971"
6193,"enh5","ENSG00000138772"
6194,"enh9","ENSG00000011304"
6195,"enh2","ENSG00000122140"
6196,"enh7","ENSG00000117650"
6197,"enh7","ENSG00000129946"
6198,"enh13","ENSG00000174950"
6199,"enh7","ENSG00000129968"
6200,"enh9","ENSG00000100316"
6201,"enh1","ENSG00000186566"
6202,"enh1","ENSG00000152518"
6203,"enh11","ENSG00000223802"
6204,"enh5","ENSG00000142530"
6205,"enh3","ENSG00000158161"
6206,"enh10","ENSG00000108309"
6207,"enh3","ENSG00000148337"
6208,"enh13","ENSG00000149809"
6209,"enh8","ENSG00000198786"
6210,"enh4","ENSG00000161714"
6211,"enh1","ENSG00000142765"
6212,"enh2","ENSG00000175334"
6213,"enh8","ENSG00000122482"
6214,"enh8","ENSG00000099804"
6215,"enh9","ENSG00000136448"
6216,"enh11","ENSG00000165684"
6217,"enh4","ENSG00000167470"
6218,"enh10","ENSG00000119392"
6219,"enh3","ENSG00000142784"
6220,"enh1","ENSG00000149792"
6221,"enh9","ENSG00000174871"
6222,"enh3","ENSG00000127540"
6223,"enh8","ENSG00000067596"
6224,"enh4","ENSG00000160447"
6225,"enh5","ENSG00000100316"
6226,"enh11","ENSG00000070423"
6227,"enh13","ENSG00000144161"
6228,"enh4","ENSG00000130775"
6229,"enh1","ENSG00000142186"
6230,"enh14","ENSG00000142530"
6231,"enh4","ENSG00000108861"
6232,"enh12","ENSG00000115756"
6233,"enh4","ENSG00000070423"
6234,"enh14","ENSG00000099624"
6235,"enh6","ENSG00000071564"
6236,"enh14","ENSG00000087263"
6237,"enh4","ENSG00000064666"
6238,"enh8","ENSG00000174903"
6239,"enh7","ENSG00000136877"
6240,"enh6","ENSG00000130770"
6241,"enh4","ENSG00000169136"
6242,"enh11","ENSG00000250067"
6243,"enh8","ENSG00000125144"
6244,"enh10","ENSG00000105717"
6245,"enh13","ENSG00000120656"
6246,"enh6","ENSG00000136932"
6247,"enh6","ENSG00000108840"
6248,"enh11","ENSG00000165698"
6249,"enh5","ENSG00000099840"
6250,"enh3","ENSG00000125144"
6251,"enh7","ENSG00000169136"
6252,"enh6","ENSG00000162772"
6253,"enh10","ENSG00000196312"
6254,"enh10","ENSG00000175550"
6255,"enh11","ENSG00000134308"
6256,"enh8","ENSG00000082512"
6257,"enh8","ENSG00000119335"
6258,"enh4","ENSG00000106803"
6259,"enh1","ENSG00000136840"
6260,"enh1","ENSG00000171219"
6261,"enh4","ENSG00000087365"
6262,"enh7","ENSG00000100316"
6263,"enh1","ENSG00000068831"
6264,"enh7","ENSG00000167005"
6265,"enh13","ENSG00000189195"
6266,"enh10","ENSG00000107021"
6267,"enh7","ENSG00000134318"
6268,"enh5","ENSG00000136874"
6269,"enh9","ENSG00000115756"
6270,"enh2","ENSG00000120656"
6271,"enh6","ENSG00000196116"
6272,"enh6","ENSG00000176890"
6273,"enh14","ENSG00000136643"
6274,"enh3","ENSG00000160318"
6275,"enh6","ENSG00000144130"
6276,"enh4","ENSG00000158161"
6277,"enh1","ENSG00000136828"
6278,"enh7","ENSG00000143870"
6279,"enh14","ENSG00000169607"
6280,"enh14","ENSG00000125124"
6281,"enh14","ENSG00000235034"
6282,"enh1","ENSG00000133065"
6283,"enh13","ENSG00000175115"
6284,"enh4","ENSG00000162873"
6285,"enh10","ENSG00000143924"
6286,"enh5","ENSG00000173465"
6287,"enh3","ENSG00000148296"
6288,"enh1","ENSG00000176890"
6289,"enh13","ENSG00000167759"
6290,"enh13","ENSG00000148356"
6291,"enh14","ENSG00000130270"
6292,"enh4","ENSG00000160345"
6293,"enh10","ENSG00000262874"
6294,"enh6","ENSG00000143924"
6295,"enh1","ENSG00000115268"
6296,"enh2","ENSG00000152527"
6297,"enh2","ENSG00000187024"
6298,"enh12","ENSG00000198492"
6299,"enh10","ENSG00000136448"
6300,"enh8","ENSG00000262874"
6301,"enh4","ENSG00000008853"
6302,"enh6","ENSG00000099875"
6303,"enh12","ENSG00000196415"
6304,"enh6","ENSG00000160271"
6305,"enh8","ENSG00000148334"
6306,"enh3","ENSG00000165688"
6307,"enh6","ENSG00000117625"
6308,"enh1","ENSG00000158715"
6309,"enh1","ENSG00000039650"
6310,"enh4","ENSG00000162241"
6311,"enh10","ENSG00000148290"
6312,"enh1","ENSG00000168062"
6313,"enh3","ENSG00000141349"
6314,"enh4","ENSG00000117593"
6315,"enh12","ENSG00000160446"
6316,"enh13","ENSG00000106785"
6317,"enh13","ENSG00000099864"
6318,"enh9","ENSG00000120913"
6319,"enh7","ENSG00000131408"
6320,"enh3","ENSG00000108883"
6321,"enh14","ENSG00000174842"
6322,"enh8","ENSG00000152061"
6323,"enh8","ENSG00000117222"
6324,"enh5","ENSG00000159579"
6325,"enh9","ENSG00000160161"
6326,"enh5","ENSG00000174871"
6327,"enh3","ENSG00000105383"
6328,"enh9","ENSG00000213988"
6329,"enh12","ENSG00000148411"
6330,"enh11","ENSG00000116017"
6331,"enh1","ENSG00000004939"
6332,"enh4","ENSG00000159579"
6333,"enh12","ENSG00000172059"
6334,"enh3","ENSG00000099840"
6335,"enh3","ENSG00000168061"
6336,"enh14","ENSG00000030582"
6337,"enh12","ENSG00000196188"
6338,"enh12","ENSG00000091947"
6339,"enh10","ENSG00000188554"
6340,"enh11","ENSG00000106991"
6341,"enh7","ENSG00000167487"
6342,"enh11","ENSG00000178093"
6343,"enh3","ENSG00000064490"
6344,"enh10","ENSG00000117751"
6345,"enh4","ENSG00000168591"
6346,"enh11","ENSG00000115758"
6347,"enh7","ENSG00000013306"
6348,"enh7","ENSG00000172232"
6349,"enh2","ENSG00000204138"
6350,"enh1","ENSG00000169136"
6351,"enh14","ENSG00000160953"
6352,"enh5","ENSG00000142544"
6353,"enh4","ENSG00000105669"
6354,"enh7","ENSG00000133895"
6355,"enh8","ENSG00000133059"
6356,"enh13","ENSG00000167123"
6357,"enh1","ENSG00000182087"
6358,"enh10","ENSG00000160271"
6359,"enh14","ENSG00000158941"
6360,"enh7","ENSG00000105383"
6361,"enh9","ENSG00000133069"
6362,"enh5","ENSG00000130560"
6363,"enh7","ENSG00000142784"
6364,"enh10","ENSG00000141933"
6365,"enh12","ENSG00000171219"
6366,"enh6","ENSG00000167118"
6367,"enh13","ENSG00000103005"
6368,"enh14","ENSG00000095380"
6369,"enh1","ENSG00000158195"
6370,"enh14","ENSG00000065268"
6371,"enh11","ENSG00000148297"
6372,"enh7","ENSG00000135870"
6373,"enh10","ENSG00000168061"
6374,"enh6","ENSG00000006015"
6375,"enh8","ENSG00000102996"
6376,"enh14","ENSG00000120656"
6377,"enh1","ENSG00000196415"
6378,"enh7","ENSG00000175294"
6379,"enh12","ENSG00000198840"
6380,"enh1","ENSG00000142733"
6381,"enh3","ENSG00000103021"
6382,"enh9","ENSG00000136877"
6383,"enh1","ENSG00000104885"
6384,"enh14","ENSG00000177125"
6385,"enh14","ENSG00000162300"
6386,"enh13","ENSG00000160953"
6387,"enh4","ENSG00000065268"
6388,"enh3","ENSG00000105655"
6389,"enh12","ENSG00000204710"
6390,"enh8","ENSG00000136643"
6391,"enh10","ENSG00000105700"
6392,"enh6","ENSG00000169403"
6393,"enh14","ENSG00000175467"
6394,"enh5","ENSG00000148296"
6395,"enh3","ENSG00000120656"
6396,"enh12","ENSG00000148288"
6397,"enh10","ENSG00000133884"
6398,"enh3","ENSG00000064547"
6399,"enh6","ENSG00000064787"
6400,"enh8","ENSG00000064666"
6401,"enh3","ENSG00000136811"
6402,"enh8","ENSG00000198870"
6403,"enh13","ENSG00000148303"
6404,"enh7","ENSG00000005961"
6405,"enh13","ENSG00000166188"
6406,"enh2","ENSG00000174516"
6407,"enh14","ENSG00000051128"
6408,"enh9","ENSG00000142765"
6409,"enh13","ENSG00000148308"
6410,"enh4","ENSG00000165699"
6411,"enh3","ENSG00000133884"
6412,"enh4","ENSG00000140854"
6413,"enh8","ENSG00000152527"
6414,"enh7","ENSG00000262874"
6415,"enh5","ENSG00000174529"
6416,"enh6","ENSG00000172922"
6417,"enh4","ENSG00000105671"
6418,"enh1","ENSG00000148411"
6419,"enh3","ENSG00000115970"
6420,"enh7","ENSG00000172732"
6421,"enh6","ENSG00000143476"
6422,"enh2","ENSG00000155380"
6423,"enh4","ENSG00000148288"
6424,"enh9","ENSG00000169607"
6425,"enh12","ENSG00000125148"
6426,"enh14","ENSG00000136943"
6427,"enh4","ENSG00000105676"
6428,"enh5","ENSG00000143476"
6429,"enh14","ENSG00000142765"
6430,"enh9","ENSG00000197958"
6431,"enh14","ENSG00000196683"
6432,"enh1","ENSG00000120913"
6433,"enh8","ENSG00000068976"
6434,"enh9","ENSG00000064666"
6435,"enh6","ENSG00000069275"
6436,"enh1","ENSG00000095383"
6437,"enh11","ENSG00000196415"
6438,"enh7","ENSG00000167747"
6439,"enh6","ENSG00000141349"
6440,"enh3","ENSG00000148411"
6441,"enh10","ENSG00000167118"
6442,"enh8","ENSG00000104885"
6443,"enh9","ENSG00000241852"
6444,"enh9","ENSG00000143870"
6445,"enh4","ENSG00000115761"
6446,"enh9","ENSG00000062822"
6447,"enh8","ENSG00000148356"
6448,"enh6","ENSG00000166188"
6449,"enh12","ENSG00000165698"
6450,"enh13","ENSG00000129951"
6451,"enh9","ENSG00000135736"
6452,"enh4","ENSG00000262874"
6453,"enh9","ENSG00000088682"
6454,"enh13","ENSG00000119185"
6455,"enh1","ENSG00000134308"
6456,"enh13","ENSG00000108852"
6457,"enh6","ENSG00000117592"
6458,"enh11","ENSG00000104897"
6459,"enh2","ENSG00000198492"
6460,"enh8","ENSG00000162300"
6461,"enh8","ENSG00000008853"
6462,"enh3","ENSG00000162419"
6463,"enh1","ENSG00000138767"
6464,"enh2","ENSG00000131409"
6465,"enh12","ENSG00000115268"
6466,"enh7","ENSG00000120656"
6467,"enh1","ENSG00000009780"
6468,"enh5","ENSG00000115761"
6469,"enh2","ENSG00000136807"
6470,"enh11","ENSG00000198840"
6471,"enh11","ENSG00000105383"
6472,"enh11","ENSG00000174950"
6473,"enh11","ENSG00000087152"
6474,"enh2","ENSG00000104973"
6475,"enh12","ENSG00000168067"
6476,"enh10","ENSG00000117593"
6477,"enh6","ENSG00000171169"
6478,"enh12","ENSG00000115255"
6479,"enh4","ENSG00000165689"
6480,"enh14","ENSG00000105383"
6481,"enh11","ENSG00000161677"
6482,"enh5","ENSG00000099821"
6483,"enh4","ENSG00000172992"
6484,"enh9","ENSG00000156269"
6485,"enh10","ENSG00000167470"
6486,"enh9","ENSG00000162976"
6487,"enh2","ENSG00000090020"
6488,"enh7","ENSG00000167470"
6489,"enh3","ENSG00000130511"
6490,"enh7","ENSG00000168056"
6491,"enh14","ENSG00000119514"
6492,"enh3","ENSG00000104973"
6493,"enh5","ENSG00000142733"
6494,"enh9","ENSG00000126698"
6495,"enh14","ENSG00000175707"
6496,"enh10","ENSG00000115257"
6497,"enh13","ENSG00000133884"
6498,"enh2","ENSG00000117758"
6499,"enh1","ENSG00000079313"
6500,"enh3","ENSG00000122482"
6501,"enh12","ENSG00000107372"
6502,"enh11","ENSG00000105705"
6503,"enh12","ENSG00000105669"
6504,"enh8","ENSG00000196152"
6505,"enh11","ENSG00000142784"
6506,"enh4","ENSG00000142544"
6507,"enh3","ENSG00000172500"
6508,"enh9","ENSG00000070404"
6509,"enh4","ENSG00000172059"
6510,"enh13","ENSG00000186501"
6511,"enh10","ENSG00000126391"
6512,"enh7","ENSG00000125637"
6513,"enh10","ENSG00000180198"
6514,"enh12","ENSG00000166188"
6515,"enh11","ENSG00000167110"
6516,"enh3","ENSG00000105708"
6517,"enh13","ENSG00000136856"
6518,"enh7","ENSG00000051128"
6519,"enh14","ENSG00000135046"
6520,"enh7","ENSG00000119185"
6521,"enh7","ENSG00000152518"
6522,"enh12","ENSG00000172922"
6523,"enh3","ENSG00000136938"
6524,"enh11","ENSG00000161654"
6525,"enh13","ENSG00000167136"
6526,"enh13","ENSG00000184162"
6527,"enh6","ENSG00000136877"
6528,"enh2","ENSG00000108852"
6529,"enh11","ENSG00000153208"
6530,"enh13","ENSG00000105717"
6531,"enh13","ENSG00000153208"
6532,"enh8","ENSG00000168061"
6533,"enh8","ENSG00000169607"
6534,"enh9","ENSG00000173825"
6535,"enh12","ENSG00000117280"
6536,"enh3","ENSG00000088682"
6537,"enh1","ENSG00000123685"
6538,"enh3","ENSG00000099624"
6539,"enh14","ENSG00000175832"
6540,"enh9","ENSG00000185278"
6541,"enh7","ENSG00000130005"
6542,"enh1","ENSG00000197136"
6543,"enh1","ENSG00000204291"
6544,"enh8","ENSG00000125124"
6545,"enh10","ENSG00000136943"
6546,"enh5","ENSG00000125485"
6547,"enh5","ENSG00000070770"
6548,"enh7","ENSG00000169607"
6549,"enh10","ENSG00000105726"
6550,"enh8","ENSG00000149798"
6551,"enh13","ENSG00000160446"
6552,"enh2","ENSG00000105676"
6553,"enh5","ENSG00000090020"
6554,"enh3","ENSG00000148290"
6555,"enh11","ENSG00000105717"
6556,"enh1","ENSG00000119333"
6557,"enh3","ENSG00000169288"
6558,"enh1","ENSG00000108309"
6559,"enh5","ENSG00000133069"
6560,"enh4","ENSG00000129951"
6561,"enh12","ENSG00000253368"
6562,"enh2","ENSG00000123685"
6563,"enh10","ENSG00000165661"
6564,"enh8","ENSG00000183831"
6565,"enh11","ENSG00000115255"
6566,"enh2","ENSG00000160345"
6567,"enh3","ENSG00000119335"
6568,"enh10","ENSG00000130775"
6569,"enh7","ENSG00000256771"
6570,"enh7","ENSG00000103005"
6571,"enh10","ENSG00000158161"
6572,"enh2","ENSG00000182087"
6573,"enh6","ENSG00000110047"
6574,"enh13","ENSG00000106991"
6575,"enh3","ENSG00000148297"
6576,"enh13","ENSG00000136643"
6577,"enh7","ENSG00000105374"
6578,"enh3","ENSG00000119392"
6579,"enh4","ENSG00000116017"
6580,"enh14","ENSG00000174684"
6581,"enh4","ENSG00000110047"
6582,"enh10","ENSG00000160345"
6583,"enh9","ENSG00000138767"
6584,"enh10","ENSG00000136830"
6585,"enh14","ENSG00000149798"
6586,"enh5","ENSG00000175707"
6587,"enh5","ENSG00000165661"
6588,"enh8","ENSG00000186806"
6589,"enh14","ENSG00000104131"
6590,"enh13","ENSG00000115268"
6591,"enh9","ENSG00000180329"
6592,"enh13","ENSG00000104960"
6593,"enh1","ENSG00000115750"
6594,"enh6","ENSG00000187840"
6595,"enh2","ENSG00000106803"
6596,"enh7","ENSG00000175115"
6597,"enh11","ENSG00000120334"
6598,"enh8","ENSG00000066027"
6599,"enh8","ENSG00000014216"
6600,"enh7","ENSG00000172500"
6601,"enh3","ENSG00000184988"
6602,"enh1","ENSG00000105696"
6603,"enh5","ENSG00000181773"
6604,"enh12","ENSG00000162772"
6605,"enh11","ENSG00000107021"
6606,"enh3","ENSG00000117280"
6607,"enh12","ENSG00000169403"
6608,"enh10","ENSG00000197816"
6609,"enh3","ENSG00000172775"
6610,"enh7","ENSG00000130775"
6611,"enh2","ENSG00000144134"
6612,"enh6","ENSG00000174276"
6613,"enh10","ENSG00000160326"
6614,"enh11","ENSG00000108852"
6615,"enh6","ENSG00000168591"
6616,"enh2","ENSG00000125148"
6617,"enh12","ENSG00000162241"
6618,"enh8","ENSG00000175294"
6619,"enh4","ENSG00000125637"
6620,"enh10","ENSG00000148296"
6621,"enh7","ENSG00000133884"
6622,"enh8","ENSG00000238227"
6623,"enh3","ENSG00000148300"
6624,"enh7","ENSG00000104131"
6625,"enh2","ENSG00000136938"
6626,"enh12","ENSG00000136830"
6627,"enh4","ENSG00000064547"
6628,"enh2","ENSG00000131097"
6629,"enh6","ENSG00000105655"
6630,"enh4","ENSG00000131408"
6631,"enh3","ENSG00000196550"
6632,"enh13","ENSG00000123685"
6633,"enh3","ENSG00000104897"
6634,"enh7","ENSG00000140859"
6635,"enh6","ENSG00000160360"
6636,"enh3","ENSG00000138756"
6637,"enh7","ENSG00000181588"
6638,"enh14","ENSG00000125144"
6639,"enh4","ENSG00000155380"
6640,"enh10","ENSG00000152527"
6641,"enh6","ENSG00000102934"
6642,"enh1","ENSG00000106799"
6643,"enh13","ENSG00000167118"
6644,"enh11","ENSG00000147439"
6645,"enh3","ENSG00000105717"
6646,"enh6","ENSG00000184162"
6647,"enh2","ENSG00000174529"
6648,"enh12","ENSG00000221983"
6649,"enh9","ENSG00000115286"
6650,"enh6","ENSG00000163297"
6651,"enh13","ENSG00000122482"
6652,"enh6","ENSG00000167468"
6653,"enh6","ENSG00000005007"
6654,"enh12","ENSG00000168062"
6655,"enh9","ENSG00000108312"
6656,"enh11","ENSG00000196188"
6657,"enh12","ENSG00000158715"
6658,"enh6","ENSG00000186501"
6659,"enh11","ENSG00000189195"
6660,"enh6","ENSG00000125618"
6661,"enh10","ENSG00000174871"
6662,"enh13","ENSG00000178093"
6663,"enh13","ENSG00000117691"
6664,"enh13","ENSG00000142544"
6665,"enh13","ENSG00000136807"
6666,"enh2","ENSG00000167136"
6667,"enh14","ENSG00000186010"
6668,"enh10","ENSG00000213024"
6669,"enh10","ENSG00000149806"
6670,"enh12","ENSG00000102978"
6671,"enh6","ENSG00000115286"
6672,"enh1","ENSG00000070404"
6673,"enh13","ENSG00000118046"
6674,"enh7","ENSG00000069482"
6675,"enh10","ENSG00000065000"
6676,"enh7","ENSG00000136811"
6677,"enh13","ENSG00000136828"
6678,"enh14","ENSG00000125618"
6679,"enh4","ENSG00000180340"
6680,"enh11","ENSG00000129946"
6681,"enh11","ENSG00000167123"
6682,"enh6","ENSG00000119125"
6683,"enh2","ENSG00000185198"
6684,"enh3","ENSG00000125611"
6685,"enh8","ENSG00000158941"
6686,"enh6","ENSG00000129951"
6687,"enh6","ENSG00000133069"
6688,"enh3","ENSG00000221983"
6689,"enh13","ENSG00000136936"
6690,"enh7","ENSG00000082512"
6691,"enh6","ENSG00000136830"
6692,"enh12","ENSG00000160345"
6693,"enh11","ENSG00000167118"
6694,"enh4","ENSG00000169288"
6695,"enh7","ENSG00000213445"
6696,"enh13","ENSG00000065268"
6697,"enh11","ENSG00000117758"
6698,"enh7","ENSG00000067596"
6699,"enh4","ENSG00000108309"
6700,"enh5","ENSG00000117758"
6701,"enh12","ENSG00000006016"
6702,"enh1","ENSG00000161654"
6703,"enh6","ENSG00000155380"
6704,"enh14","ENSG00000064490"
6705,"enh5","ENSG00000171940"
6706,"enh2","ENSG00000070423"
6707,"enh7","ENSG00000146670"
6708,"enh12","ENSG00000125630"
6709,"enh5","ENSG00000131408"
6710,"enh9","ENSG00000004939"
6711,"enh12","ENSG00000030582"
6712,"enh11","ENSG00000160563"
6713,"enh2","ENSG00000126391"
6714,"enh14","ENSG00000064687"
6715,"enh3","ENSG00000176973"
6716,"enh13","ENSG00000156269"
6717,"enh5","ENSG00000160318"
6718,"enh3","ENSG00000141934"
6719,"enh12","ENSG00000160293"
6720,"enh3","ENSG00000149823"
6721,"enh13","ENSG00000064545"
6722,"enh2","ENSG00000136854"
6723,"enh14","ENSG00000087152"
6724,"enh13","ENSG00000101132"
6725,"enh5","ENSG00000129946"
6726,"enh5","ENSG00000099875"
6727,"enh8","ENSG00000153208"
6728,"enh5","ENSG00000165689"
6729,"enh2","ENSG00000197217"
6730,"enh13","ENSG00000105053"
6731,"enh1","ENSG00000133243"
6732,"enh8","ENSG00000221983"
6733,"enh10","ENSG00000254986"
6734,"enh12","ENSG00000064547"
6735,"enh10","ENSG00000071564"
6736,"enh11","ENSG00000158711"
6737,"enh8","ENSG00000162669"
6738,"enh4","ENSG00000136811"
6739,"enh13","ENSG00000181035"
6740,"enh5","ENSG00000213024"
6741,"enh12","ENSG00000119333"
6742,"enh10","ENSG00000131398"
6743,"enh8","ENSG00000228300"
6744,"enh13","ENSG00000135736"
6745,"enh8","ENSG00000090273"
6746,"enh12","ENSG00000167106"
6747,"enh3","ENSG00000152061"
6748,"enh11","ENSG00000133069"
6749,"enh10","ENSG00000160293"
6750,"enh5","ENSG00000197816"
6751,"enh7","ENSG00000136828"
6752,"enh11","ENSG00000136811"
6753,"enh14","ENSG00000136811"
6754,"enh9","ENSG00000167112"
6755,"enh2","ENSG00000175467"
6756,"enh2","ENSG00000187193"
6757,"enh6","ENSG00000005194"
6758,"enh13","ENSG00000126705"
6759,"enh14","ENSG00000182087"
6760,"enh11","ENSG00000119203"
6761,"enh3","ENSG00000168062"
6762,"enh10","ENSG00000160447"
6763,"enh2","ENSG00000105379"
6764,"enh1","ENSG00000155380"
6765,"enh12","ENSG00000167748"
6766,"enh6","ENSG00000134308"
6767,"enh1","ENSG00000148303"
6768,"enh6","ENSG00000120913"
6769,"enh8","ENSG00000064545"
6770,"enh5","ENSG00000097046"
6771,"enh8","ENSG00000100316"
6772,"enh5","ENSG00000064607"
6773,"enh2","ENSG00000162241"
6774,"enh1","ENSG00000104131"
6775,"enh10","ENSG00000087263"
6776,"enh9","ENSG00000160408"
6777,"enh14","ENSG00000213024"
6778,"enh8","ENSG00000070388"
6779,"enh11","ENSG00000126698"
6780,"enh1","ENSG00000122140"
6781,"enh5","ENSG00000120334"
6782,"enh4","ENSG00000173327"
6783,"enh14","ENSG00000162298"
6784,"enh9","ENSG00000108309"
6785,"enh1","ENSG00000065600"
6786,"enh5","ENSG00000136811"
6787,"enh7","ENSG00000160360"
6788,"enh3","ENSG00000158715"
6789,"enh11","ENSG00000160445"
6790,"enh1","ENSG00000160404"
6791,"enh1","ENSG00000134317"
6792,"enh10","ENSG00000005194"
6793,"enh12","ENSG00000135821"
6794,"enh9","ENSG00000134317"
6795,"enh14","ENSG00000213221"
6796,"enh2","ENSG00000171169"
6797,"enh8","ENSG00000175221"
6798,"enh14","ENSG00000167123"
6799,"enh12","ENSG00000186566"
6800,"enh14","ENSG00000187840"
6801,"enh10","ENSG00000140859"
6802,"enh6","ENSG00000110046"
6803,"enh10","ENSG00000186566"
6804,"enh13","ENSG00000125124"
6805,"enh12","ENSG00000182087"
6806,"enh1","ENSG00000135736"
6807,"enh2","ENSG00000186806"
6808,"enh6","ENSG00000087365"
6809,"enh14","ENSG00000105472"
6810,"enh13","ENSG00000149823"
6811,"enh6","ENSG00000172500"
6812,"enh2","ENSG00000180448"
6813,"enh3","ENSG00000180448"
6814,"enh6","ENSG00000131409"
6815,"enh9","ENSG00000143493"
6816,"enh11","ENSG00000169136"
6817,"enh13","ENSG00000142186"
6818,"enh14","ENSG00000119333"
6819,"enh6","ENSG00000147457"
6820,"enh14","ENSG00000185278"
6821,"enh9","ENSG00000148308"
6822,"enh9","ENSG00000167759"
6823,"enh6","ENSG00000140854"
6824,"enh3","ENSG00000166188"
6825,"enh8","ENSG00000136936"
6826,"enh2","ENSG00000180198"
6827,"enh14","ENSG00000227500"
6828,"enh10","ENSG00000167491"
6829,"enh5","ENSG00000104886"
6830,"enh11","ENSG00000104885"
6831,"enh8","ENSG00000160447"
6832,"enh10","ENSG00000115761"
6833,"enh1","ENSG00000106803"
6834,"enh9","ENSG00000099624"
6835,"enh6","ENSG00000117697"
6836,"enh14","ENSG00000104885"
6837,"enh2","ENSG00000115750"
6838,"enh5","ENSG00000144161"
6839,"enh8","ENSG00000079313"
6840,"enh3","ENSG00000162241"
6841,"enh4","ENSG00000100316"
6842,"enh13","ENSG00000064787"
6843,"enh6","ENSG00000131400"
6844,"enh7","ENSG00000071564"
6845,"enh4","ENSG00000090020"
6846,"enh6","ENSG00000108883"
6847,"enh13","ENSG00000117222"
6848,"enh7","ENSG00000115756"
6849,"enh11","ENSG00000125484"
6850,"enh10","ENSG00000129946"
6851,"enh1","ENSG00000108852"
6852,"enh10","ENSG00000064545"
6853,"enh7","ENSG00000142530"
6854,"enh7","ENSG00000030582"
6855,"enh10","ENSG00000104960"
6856,"enh4","ENSG00000196961"
6857,"enh13","ENSG00000174871"
6858,"enh1","ENSG00000099821"
6859,"enh2","ENSG00000134318"
6860,"enh4","ENSG00000108849"
6861,"enh1","ENSG00000165689"
6862,"enh13","ENSG00000169403"
6863,"enh12","ENSG00000175334"
6864,"enh1","ENSG00000197766"
6865,"enh4","ENSG00000148337"
6866,"enh9","ENSG00000140848"
6867,"enh1","ENSG00000105472"
6868,"enh5","ENSG00000068971"
6869,"enh9","ENSG00000144136"
6870,"enh3","ENSG00000143493"
6871,"enh6","ENSG00000071655"
6872,"enh11","ENSG00000168066"
6873,"enh4","ENSG00000115268"
6874,"enh13","ENSG00000099875"
6875,"enh9","ENSG00000120896"
6876,"enh9","ENSG00000107021"
6877,"enh3","ENSG00000155380"
6878,"enh5","ENSG00000136932"
6879,"enh1","ENSG00000149823"
6880,"enh13","ENSG00000174744"
6881,"enh8","ENSG00000135046"
6882,"enh8","ENSG00000181513"
6883,"enh9","ENSG00000185198"
6884,"enh8","ENSG00000116017"
6885,"enh6","ENSG00000184988"
6886,"enh12","ENSG00000106799"
6887,"enh4","ENSG00000117266"
6888,"enh9","ENSG00000106799"
6889,"enh13","ENSG00000108309"
6890,"enh6","ENSG00000160325"
6891,"enh2","ENSG00000160318"
6892,"enh6","ENSG00000142751"
6893,"enh14","ENSG00000131097"
6894,"enh1","ENSG00000116017"
6895,"enh5","ENSG00000160325"
6896,"enh1","ENSG00000014138"
6897,"enh9","ENSG00000162769"
6898,"enh11","ENSG00000143476"
6899,"enh6","ENSG00000130270"
6900,"enh5","ENSG00000105053"
6901,"enh11","ENSG00000130768"
6902,"enh4","ENSG00000126391"
6903,"enh14","ENSG00000106991"
6904,"enh3","ENSG00000254901"
6905,"enh13","ENSG00000162976"
6906,"enh6","ENSG00000213445"
6907,"enh3","ENSG00000162300"
6908,"enh8","ENSG00000119392"
6909,"enh12","ENSG00000099622"
6910,"enh9","ENSG00000171848"
6911,"enh5","ENSG00000117625"
6912,"enh12","ENSG00000134308"
6913,"enh14","ENSG00000133243"
6914,"enh1","ENSG00000173465"
6915,"enh13","ENSG00000250067"
6916,"enh10","ENSG00000169288"
6917,"enh6","ENSG00000167005"
6918,"enh1","ENSG00000136925"
6919,"enh6","ENSG00000158161"
6920,"enh5","ENSG00000105701"
6921,"enh9","ENSG00000133895"
6922,"enh10","ENSG00000133065"
6923,"enh4","ENSG00000129946"
6924,"enh7","ENSG00000175602"
6925,"enh13","ENSG00000039650"
6926,"enh13","ENSG00000117601"
6927,"enh1","ENSG00000117625"
6928,"enh5","ENSG00000106785"
6929,"enh14","ENSG00000175602"
6930,"enh6","ENSG00000138772"
6931,"enh14","ENSG00000160408"
6932,"enh4","ENSG00000256771"
6933,"enh3","ENSG00000131409"
6934,"enh10","ENSG00000168062"
6935,"enh5","ENSG00000133884"
6936,"enh6","ENSG00000213465"
6937,"enh10","ENSG00000171169"
6938,"enh9","ENSG00000068976"
6939,"enh1","ENSG00000136943"
6940,"enh7","ENSG00000184162"
6941,"enh13","ENSG00000136938"
6942,"enh5","ENSG00000143882"
6943,"enh13","ENSG00000171848"
6944,"enh7","ENSG00000196415"
6945,"enh8","ENSG00000184162"
6946,"enh13","ENSG00000151694"
6947,"enh12","ENSG00000136943"
6948,"enh10","ENSG00000108849"
6949,"enh13","ENSG00000162298"
6950,"enh11","ENSG00000167113"
6951,"enh3","ENSG00000118046"
6952,"enh2","ENSG00000162298"
6953,"enh4","ENSG00000136682"
6954,"enh3","ENSG00000148288"
6955,"enh8","ENSG00000162976"
6956,"enh7","ENSG00000175832"
6957,"enh13","ENSG00000102900"
6958,"enh14","ENSG00000108840"
6959,"enh11","ENSG00000133243"
6960,"enh1","ENSG00000153208"
6961,"enh8","ENSG00000173327"
6962,"enh10","ENSG00000169403"
6963,"enh9","ENSG00000126709"
6964,"enh12","ENSG00000149792"
6965,"enh11","ENSG00000175573"
6966,"enh2","ENSG00000181773"
6967,"enh9","ENSG00000173465"
6968,"enh13","ENSG00000197766"
6969,"enh7","ENSG00000130772"
6970,"enh8","ENSG00000198840"
6971,"enh1","ENSG00000005961"
6972,"enh13","ENSG00000068971"
6973,"enh9","ENSG00000108840"
6974,"enh6","ENSG00000148303"
6975,"enh1","ENSG00000129933"
6976,"enh3","ENSG00000105556"
6977,"enh9","ENSG00000127540"
6978,"enh12","ENSG00000176890"
6979,"enh4","ENSG00000149809"
6980,"enh2","ENSG00000129946"
6981,"enh4","ENSG00000174871"
6982,"enh4","ENSG00000118046"
6983,"enh13","ENSG00000105472"
6984,"enh3","ENSG00000117751"
6985,"enh4","ENSG00000168061"
6986,"enh11","ENSG00000144161"
6987,"enh4","ENSG00000180448"
6988,"enh8","ENSG00000099625"
6989,"enh3","ENSG00000144136"
6990,"enh7","ENSG00000106992"
6991,"enh2","ENSG00000174744"
6992,"enh3","ENSG00000005961"
6993,"enh4","ENSG00000130772"
6994,"enh2","ENSG00000147457"
6995,"enh7","ENSG00000143924"
6996,"enh2","ENSG00000102978"
6997,"enh2","ENSG00000136840"
6998,"enh9","ENSG00000117280"
6999,"enh1","ENSG00000064490"
7000,"enh3","ENSG00000167005"
7001,"enh2","ENSG00000188554"
7002,"enh12","ENSG00000136856"
7003,"enh7","ENSG00000014138"
7004,"enh9","ENSG00000105656"
7005,"enh5","ENSG00000131398"
7006,"enh13","ENSG00000011304"
7007,"enh13","ENSG00000144130"
7008,"enh14","ENSG00000115970"
7009,"enh4","ENSG00000162878"
7010,"enh12","ENSG00000197958"
7011,"enh11","ENSG00000129951"
7012,"enh12","ENSG00000148300"
7013,"enh12","ENSG00000119514"
7014,"enh8","ENSG00000188177"
7015,"enh3","ENSG00000091947"
7016,"enh8","ENSG00000115750"
7017,"enh3","ENSG00000126705"
7018,"enh11","ENSG00000142528"
7019,"enh7","ENSG00000180340"
7020,"enh1","ENSG00000172270"
7021,"enh9","ENSG00000125148"
7022,"enh11","ENSG00000099625"
7023,"enh2","ENSG00000158195"
7024,"enh6","ENSG00000138756"
7025,"enh11","ENSG00000186806"
7026,"enh7","ENSG00000161682"
7027,"enh9","ENSG00000064490"
7028,"enh5","ENSG00000142528"
7029,"enh13","ENSG00000197816"
7030,"enh11","ENSG00000138767"
7031,"enh2","ENSG00000136643"
7032,"enh6","ENSG00000123684"
7033,"enh2","ENSG00000165684"
7034,"enh9","ENSG00000131408"
7035,"enh6","ENSG00000165702"
7036,"enh8","ENSG00000256771"
7037,"enh7","ENSG00000174996"
7038,"enh1","ENSG00000221983"
7039,"enh4","ENSG00000070770"
7040,"enh14","ENSG00000173327"
7041,"enh5","ENSG00000051128"
7042,"enh2","ENSG00000175854"
7043,"enh5","ENSG00000005961"
7044,"enh6","ENSG00000131094"
7045,"enh4","ENSG00000065000"
7046,"enh5","ENSG00000228300"
7047,"enh10","ENSG00000198417"
7048,"enh2","ENSG00000079313"
7049,"enh14","ENSG00000174606"
7050,"enh9","ENSG00000130560"
7051,"enh8","ENSG00000196550"
7052,"enh11","ENSG00000133059"
7053,"enh1","ENSG00000163297"
7054,"enh13","ENSG00000221983"
7055,"enh6","ENSG00000105656"
7056,"enh14","ENSG00000167468"
7057,"enh5","ENSG00000197694"
7058,"enh3","ENSG00000119514"
7059,"enh8","ENSG00000004939"
7060,"enh1","ENSG00000165684"
7061,"enh8","ENSG00000068831"
7062,"enh13","ENSG00000134317"
7063,"enh5","ENSG00000129968"
7064,"enh7","ENSG00000130511"
7065,"enh4","ENSG00000070388"
7066,"enh1","ENSG00000115944"
7067,"enh5","ENSG00000254901"
7068,"enh6","ENSG00000180340"
7069,"enh1","ENSG00000174871"
7070,"enh1","ENSG00000198870"
7071,"enh2","ENSG00000131400"
7072,"enh12","ENSG00000184162"
7073,"enh10","ENSG00000119333"
7074,"enh10","ENSG00000134308"
7075,"enh5","ENSG00000105705"
7076,"enh9","ENSG00000174744"
7077,"enh10","ENSG00000115970"
7078,"enh5","ENSG00000102996"
7079,"enh11","ENSG00000138772"
7080,"enh4","ENSG00000213221"
7081,"enh4","ENSG00000175550"
7082,"enh6","ENSG00000198417"
7083,"enh13","ENSG00000172270"
7084,"enh13","ENSG00000148337"
7085,"enh12","ENSG00000197540"
7086,"enh7","ENSG00000172757"
7087,"enh9","ENSG00000107372"
7088,"enh12","ENSG00000162669"
7089,"enh7","ENSG00000148300"
7090,"enh9","ENSG00000057935"
7091,"enh3","ENSG00000102934"
7092,"enh8","ENSG00000182963"
7093,"enh8","ENSG00000099624"
7094,"enh7","ENSG00000057935"
7095,"enh9","ENSG00000253368"
7096,"enh9","ENSG00000090273"
7097,"enh12","ENSG00000228300"
7098,"enh11","ENSG00000136937"
7099,"enh14","ENSG00000136874"
7100,"enh6","ENSG00000136643"
7101,"enh8","ENSG00000105676"
7102,"enh2","ENSG00000213638"
7103,"enh11","ENSG00000136943"
7104,"enh14","ENSG00000148411"
7105,"enh10","ENSG00000147454"
7106,"enh11","ENSG00000254901"
7107,"enh7","ENSG00000130270"
7108,"enh9","ENSG00000122482"
7109,"enh11","ENSG00000165688"
7110,"enh1","ENSG00000114999"
7111,"enh1","ENSG00000162419"
7112,"enh1","ENSG00000254470"
7113,"enh2","ENSG00000097046"
7114,"enh5","ENSG00000148337"
7115,"enh10","ENSG00000174842"
7116,"enh6","ENSG00000198870"
7117,"enh8","ENSG00000099866"
7118,"enh14","ENSG00000071655"
7119,"enh1","ENSG00000160318"
7120,"enh10","ENSG00000125148"
7121,"enh3","ENSG00000171169"
7122,"enh12","ENSG00000140848"
7123,"enh13","ENSG00000105696"
7124,"enh14","ENSG00000136842"
7125,"enh8","ENSG00000099840"
7126,"enh13","ENSG00000198746"
7127,"enh4","ENSG00000105662"
7128,"enh13","ENSG00000198858"
7129,"enh6","ENSG00000064607"
7130,"enh7","ENSG00000068976"
7131,"enh14","ENSG00000064607"
7132,"enh5","ENSG00000165092"
7133,"enh1","ENSG00000142544"
7134,"enh14","ENSG00000142784"
7135,"enh2","ENSG00000069482"
7136,"enh6","ENSG00000115944"
7137,"enh8","ENSG00000122140"
7138,"enh9","ENSG00000174851"
7139,"enh1","ENSG00000162669"
7140,"enh9","ENSG00000117601"
7141,"enh14","ENSG00000051108"
7142,"enh11","ENSG00000136643"
7143,"enh2","ENSG00000160446"
7144,"enh8","ENSG00000189195"
7145,"enh7","ENSG00000088682"
7146,"enh3","ENSG00000168067"
7147,"enh13","ENSG00000136937"
7148,"enh6","ENSG00000175832"
7149,"enh11","ENSG00000143924"
7150,"enh1","ENSG00000014216"
7151,"enh4","ENSG00000136828"
7152,"enh5","ENSG00000146670"
7153,"enh1","ENSG00000105676"
7154,"enh6","ENSG00000162976"
7155,"enh3","ENSG00000198840"
7156,"enh9","ENSG00000160563"
7157,"enh6","ENSG00000172992"
7158,"enh9","ENSG00000005007"
7159,"enh5","ENSG00000167118"
7160,"enh4","ENSG00000160161"
7161,"enh9","ENSG00000130270"
7162,"enh8","ENSG00000106991"
7163,"enh14","ENSG00000156269"
7164,"enh13","ENSG00000051128"
7165,"enh3","ENSG00000102978"
7166,"enh13","ENSG00000175573"
7167,"enh10","ENSG00000105556"
7168,"enh4","ENSG00000162976"
7169,"enh9","ENSG00000009780"
7170,"enh4","ENSG00000180098"
7171,"enh4","ENSG00000115756"
7172,"enh14","ENSG00000087365"
7173,"enh3","ENSG00000126709"
7174,"enh4","ENSG00000105472"
7175,"enh12","ENSG00000167103"
7176,"enh7","ENSG00000131409"
7177,"enh1","ENSG00000197540"
7178,"enh11","ENSG00000064490"
7179,"enh11","ENSG00000144130"
7180,"enh5","ENSG00000196422"
7181,"enh10","ENSG00000144134"
7182,"enh4","ENSG00000196550"
7183,"enh1","ENSG00000115255"
7184,"enh9","ENSG00000160446"
7185,"enh3","ENSG00000099821"
7186,"enh10","ENSG00000104886"
7187,"enh3","ENSG00000136643"
7188,"enh4","ENSG00000196312"
7189,"enh14","ENSG00000197958"
7190,"enh6","ENSG00000070770"
7191,"enh7","ENSG00000174529"
7192,"enh3","ENSG00000095383"
7193,"enh13","ENSG00000125319"
7194,"enh2","ENSG00000006016"
7195,"enh2","ENSG00000147439"
7196,"enh7","ENSG00000167136"
7197,"enh2","ENSG00000185278"
7198,"enh6","ENSG00000105662"
7199,"enh14","ENSG00000153107"
7200,"enh3","ENSG00000167759"
7201,"enh9","ENSG00000105676"
7202,"enh8","ENSG00000114999"
7203,"enh13","ENSG00000204710"
7204,"enh7","ENSG00000175550"
7205,"enh2","ENSG00000167747"
7206,"enh4","ENSG00000071626"
7207,"enh7","ENSG00000187024"
7208,"enh1","ENSG00000136874"
7209,"enh14","ENSG00000165684"
7210,"enh7","ENSG00000173327"
7211,"enh1","ENSG00000131097"
7212,"enh6","ENSG00000196683"
7213,"enh13","ENSG00000125482"
7214,"enh11","ENSG00000167487"
7215,"enh3","ENSG00000136807"
7216,"enh2","ENSG00000138756"
7217,"enh2","ENSG00000165138"
7218,"enh14","ENSG00000174744"
7219,"enh8","ENSG00000163297"
7220,"enh10","ENSG00000108840"
7221,"enh7","ENSG00000197816"
7222,"enh14","ENSG00000152527"
7223,"enh14","ENSG00000162878"
7224,"enh4","ENSG00000122026"
7225,"enh11","ENSG00000099875"
7226,"enh8","ENSG00000174842"
7227,"enh9","ENSG00000204673"
7228,"enh2","ENSG00000114999"
7229,"enh12","ENSG00000148290"
7230,"enh1","ENSG00000253368"
7231,"enh13","ENSG00000070404"
7232,"enh1","ENSG00000160293"
7233,"enh6","ENSG00000196422"
7234,"enh9","ENSG00000105701"
7235,"enh13","ENSG00000009780"
7236,"enh7","ENSG00000175906"
7237,"enh1","ENSG00000160326"
7238,"enh13","ENSG00000141349"
7239,"enh11","ENSG00000173039"
7240,"enh4","ENSG00000115255"
7241,"enh11","ENSG00000115970"
7242,"enh14","ENSG00000106799"
7243,"enh7","ENSG00000175467"
7244,"enh14","ENSG00000130005"
7245,"enh4","ENSG00000176890"
7246,"enh2","ENSG00000213445"
7247,"enh1","ENSG00000174744"
7248,"enh8","ENSG00000167759"
7249,"enh10","ENSG00000064547"
7250,"enh14","ENSG00000135870"
7251,"enh8","ENSG00000119185"
7252,"enh4","ENSG00000165684"
7253,"enh1","ENSG00000167491"
7254,"enh9","ENSG00000167468"
7255,"enh3","ENSG00000227500"
7256,"enh9","ENSG00000167113"
7257,"enh7","ENSG00000168061"
7258,"enh7","ENSG00000117222"
7259,"enh1","ENSG00000174669"
7260,"enh11","ENSG00000160325"
7261,"enh13","ENSG00000173465"
7262,"enh7","ENSG00000105717"
7263,"enh9","ENSG00000204291"
7264,"enh14","ENSG00000143882"
7265,"enh2","ENSG00000105700"
7266,"enh6","ENSG00000197136"
7267,"enh11","ENSG00000198746"
7268,"enh1","ENSG00000172500"
7269,"enh4","ENSG00000167114"
7270,"enh4","ENSG00000204138"
7271,"enh2","ENSG00000122484"
7272,"enh1","ENSG00000262874"
7273,"enh1","ENSG00000175592"
7274,"enh11","ENSG00000186010"
7275,"enh8","ENSG00000250067"
7276,"enh5","ENSG00000162298"
7277,"enh7","ENSG00000070388"
7278,"enh5","ENSG00000087152"
7279,"enh10","ENSG00000091947"
7280,"enh8","ENSG00000136937"
7281,"enh6","ENSG00000087152"
7282,"enh13","ENSG00000119523"
7283,"enh14","ENSG00000122140"
7284,"enh4","ENSG00000115750"
7285,"enh10","ENSG00000122482"
7286,"enh1","ENSG00000089639"
7287,"enh8","ENSG00000105383"
7288,"enh4","ENSG00000161677"
7289,"enh6","ENSG00000122026"
7290,"enh4","ENSG00000161647"
7291,"enh8","ENSG00000186010"
7292,"enh4","ENSG00000134308"
7293,"enh7","ENSG00000095383"
7294,"enh3","ENSG00000014138"
7295,"enh8","ENSG00000123685"
7296,"enh1","ENSG00000071626"
7297,"enh7","ENSG00000136807"
7298,"enh1","ENSG00000238227"
7299,"enh7","ENSG00000197217"
7300,"enh12","ENSG00000161654"
7301,"enh5","ENSG00000172500"
7302,"enh7","ENSG00000099625"
7303,"enh9","ENSG00000167123"
7304,"enh3","ENSG00000142530"
7305,"enh4","ENSG00000119203"
7306,"enh12","ENSG00000105383"
7307,"enh9","ENSG00000120656"
7308,"enh3","ENSG00000172732"
7309,"enh3","ENSG00000161692"
7310,"enh10","ENSG00000174903"
7311,"enh6","ENSG00000172232"
7312,"enh4","ENSG00000160318"
7313,"enh8","ENSG00000119523"
7314,"enh5","ENSG00000168067"
7315,"enh3","ENSG00000130775"
7316,"enh3","ENSG00000180340"
7317,"enh6","ENSG00000122484"
7318,"enh4","ENSG00000006016"
7319,"enh6","ENSG00000120656"
7320,"enh3","ENSG00000141933"
7321,"enh12","ENSG00000119559"
7322,"enh10","ENSG00000160404"
7323,"enh14","ENSG00000105700"
7324,"enh12","ENSG00000100316"
7325,"enh8","ENSG00000167114"
7326,"enh6","ENSG00000122482"
7327,"enh10","ENSG00000106785"
7328,"enh3","ENSG00000159579"
7329,"enh4","ENSG00000104679"
7330,"enh11","ENSG00000172232"
7331,"enh4","ENSG00000197217"
7332,"enh1","ENSG00000168061"
7333,"enh6","ENSG00000129911"
7334,"enh1","ENSG00000117266"
7335,"enh10","ENSG00000160318"
7336,"enh12","ENSG00000174669"
7337,"enh2","ENSG00000169288"
7338,"enh9","ENSG00000144161"
7339,"enh6","ENSG00000167470"
7340,"enh10","ENSG00000136908"
7341,"enh7","ENSG00000104946"
7342,"enh5","ENSG00000095380"
7343,"enh8","ENSG00000213445"
7344,"enh1","ENSG00000175707"
7345,"enh3","ENSG00000254470"
7346,"enh9","ENSG00000102900"
7347,"enh12","ENSG00000173039"
7348,"enh6","ENSG00000068831"
7349,"enh5","ENSG00000130775"
7350,"enh14","ENSG00000065000"
7351,"enh4","ENSG00000069275"
7352,"enh10","ENSG00000182087"
7353,"enh1","ENSG00000087152"
7354,"enh5","ENSG00000125148"
7355,"enh11","ENSG00000136807"
7356,"enh1","ENSG00000180098"
7357,"enh14","ENSG00000136840"
7358,"enh2","ENSG00000213465"
7359,"enh9","ENSG00000174276"
7360,"enh2","ENSG00000064490"
7361,"enh6","ENSG00000167487"
7362,"enh13","ENSG00000167110"
7363,"enh12","ENSG00000104689"
7364,"enh14","ENSG00000168591"
