"selection_order","grna_target","response_id"
1,"enh12","ENSG00000138772"
2,"enh13","ENSG00000198786"
3,"enh14","ENSG00000127540"
4,"enh12","ENSG00000068831"
5,"enh3","ENSG00000172732"
6,"enh3","ENSG00000161682"
7,"enh9","ENSG00000160445"
8,"enh10","ENSG00000167113"
9,"enh10","ENSG00000162298"
10,"enh12","ENSG00000136856"
11,"enh6","ENSG00000162298"
12,"enh10","ENSG00000148339"
13,"enh4","ENSG00000134317"
14,"enh5","ENSG00000133275"
15,"enh3","ENSG00000165699"
16,"enh2","ENSG00000136936"
17,"enh5","ENSG00000196312"
18,"enh13","ENSG00000104886"
19,"enh1","ENSG00000180448"
20,"enh5","ENSG00000148308"
21,"enh5","ENSG00000104897"
22,"enh13","ENSG00000070423"
23,"enh1","ENSG00000136895"
24,"enh4","ENSG00000160325"
25,"enh10","ENSG00000099840"
26,"enh8","ENSG00000141349"
27,"enh8","ENSG00000174744"
28,"enh10","ENSG00000064787"
29,"enh10","ENSG00000169403"
30,"enh6","ENSG00000105671"
31,"enh13","ENSG00000130513"
32,"enh9","ENSG00000197694"
33,"enh12","ENSG00000104885"
34,"enh12","ENSG00000167491"
35,"enh7","ENSG00000136828"
36,"enh8","ENSG00000167103"
37,"enh12","ENSG00000175294"
38,"enh10","ENSG00000213988"
39,"enh1","ENSG00000168062"
40,"enh4","ENSG00000051108"
41,"enh14","ENSG00000160360"
42,"enh4","ENSG00000183831"
43,"enh9","ENSG00000126698"
44,"enh5","ENSG00000175550"
45,"enh4","ENSG00000148337"
46,"enh14","ENSG00000069275"
47,"enh8","ENSG00000198417"
48,"enh2","ENSG00000152518"
49,"enh14","ENSG00000108849"
50,"enh13","ENSG00000170385"
51,"enh9","ENSG00000105556"
52,"enh7","ENSG00000141349"
53,"enh2","ENSG00000144161"
54,"enh8","ENSG00000181588"
55,"enh5","ENSG00000165138"
56,"enh3","ENSG00000117650"
57,"enh12","ENSG00000102900"
58,"enh13","ENSG00000115750"
59,"enh3","ENSG00000174871"
60,"enh14","ENSG00000167118"
61,"enh13","ENSG00000160404"
62,"enh8","ENSG00000172992"
63,"enh4","ENSG00000099624"
64,"enh14","ENSG00000171940"
65,"enh7","ENSG00000160326"
66,"enh3","ENSG00000165661"
67,"enh1","ENSG00000099625"
68,"enh10","ENSG00000106785"
69,"enh1","ENSG00000170385"
70,"enh8","ENSG00000165661"
71,"enh1","ENSG00000173039"
72,"enh9","ENSG00000174950"
73,"enh14","ENSG00000187840"
74,"enh3","ENSG00000135736"
75,"enh4","ENSG00000159579"
76,"enh10","ENSG00000136842"
77,"enh4","ENSG00000115257"
78,"enh6","ENSG00000142544"
79,"enh2","ENSG00000117593"
80,"enh4","ENSG00000167112"
81,"enh6","ENSG00000116017"
82,"enh9","ENSG00000177125"
83,"enh13","ENSG00000186010"
84,"enh8","ENSG00000196415"
85,"enh4","ENSG00000133895"
86,"enh5","ENSG00000143870"
87,"enh7","ENSG00000103005"
88,"enh10","ENSG00000119185"
89,"enh2","ENSG00000167748"
90,"enh8","ENSG00000172270"
91,"enh10","ENSG00000228300"
92,"enh9","ENSG00000142544"
93,"enh5","ENSG00000119203"
94,"enh10","ENSG00000115750"
95,"enh10","ENSG00000197694"
96,"enh7","ENSG00000148411"
97,"enh1","ENSG00000116014"
98,"enh12","ENSG00000106785"
99,"enh5","ENSG00000182087"
100,"enh8","ENSG00000181035"
101,"enh8","ENSG00000204138"
102,"enh6","ENSG00000129911"
103,"enh4","ENSG00000143476"
104,"enh5","ENSG00000082512"
105,"enh13","ENSG00000136840"
106,"enh1","ENSG00000108309"
107,"enh11","ENSG00000122482"
108,"enh5","ENSG00000262874"
109,"enh13","ENSG00000010361"
110,"enh10","ENSG00000106976"
111,"enh12","ENSG00000108861"
112,"enh11","ENSG00000122026"
113,"enh10","ENSG00000149798"
114,"enh6","ENSG00000119203"
115,"enh8","ENSG00000196152"
116,"enh11","ENSG00000262874"
117,"enh3","ENSG00000168067"
118,"enh9","ENSG00000105662"
119,"enh11","ENSG00000160325"
120,"enh6","ENSG00000125485"
121,"enh4","ENSG00000173039"
122,"enh9","ENSG00000196422"
123,"enh2","ENSG00000104973"
124,"enh10","ENSG00000221983"
125,"enh12","ENSG00000143870"
126,"enh8","ENSG00000105556"
127,"enh7","ENSG00000162769"
128,"enh12","ENSG00000204138"
129,"enh11","ENSG00000142530"
130,"enh3","ENSG00000148308"
131,"enh2","ENSG00000160161"
132,"enh1","ENSG00000171219"
133,"enh11","ENSG00000175573"
134,"enh14","ENSG00000172977"
135,"enh7","ENSG00000158711"
136,"enh13","ENSG00000119185"
137,"enh8","ENSG00000168062"
138,"enh2","ENSG00000140854"
139,"enh6","ENSG00000070404"
140,"enh9","ENSG00000088682"
141,"enh9","ENSG00000186806"
142,"enh9","ENSG00000147454"
143,"enh1","ENSG00000133243"
144,"enh5","ENSG00000064787"
145,"enh13","ENSG00000167103"
146,"enh5","ENSG00000168056"
147,"enh2","ENSG00000162976"
148,"enh9","ENSG00000160360"
149,"enh14","ENSG00000143882"
150,"enh13","ENSG00000169136"
151,"enh13","ENSG00000149798"
152,"enh12","ENSG00000105669"
153,"enh4","ENSG00000153107"
154,"enh8","ENSG00000115255"
155,"enh12","ENSG00000238227"
156,"enh7","ENSG00000118046"
157,"enh10","ENSG00000122482"
158,"enh13","ENSG00000182087"
159,"enh11","ENSG00000133059"
160,"enh4","ENSG00000159648"
161,"enh5","ENSG00000147457"
162,"enh9","ENSG00000051128"
163,"enh5","ENSG00000160446"
164,"enh11","ENSG00000144130"
165,"enh12","ENSG00000010361"
166,"enh2","ENSG00000119185"
167,"enh12","ENSG00000014216"
168,"enh7","ENSG00000147669"
169,"enh4","ENSG00000105472"
170,"enh8","ENSG00000104131"
171,"enh3","ENSG00000115257"
172,"enh7","ENSG00000148296"
173,"enh10","ENSG00000136682"
174,"enh10","ENSG00000105374"
175,"enh9","ENSG00000167759"
176,"enh12","ENSG00000196422"
177,"enh3","ENSG00000144136"
178,"enh9","ENSG00000122484"
179,"enh9","ENSG00000066027"
180,"enh13","ENSG00000133275"
181,"enh2","ENSG00000204710"
182,"enh11","ENSG00000143493"
183,"enh8","ENSG00000104946"
184,"enh1","ENSG00000174871"
185,"enh1","ENSG00000120656"
186,"enh8","ENSG00000120896"
187,"enh13","ENSG00000181781"
188,"enh8","ENSG00000126709"
189,"enh6","ENSG00000149809"
190,"enh2","ENSG00000173825"
191,"enh6","ENSG00000204673"
192,"enh11","ENSG00000133069"
193,"enh14","ENSG00000030582"
194,"enh11","ENSG00000174842"
195,"enh8","ENSG00000099622"
196,"enh7","ENSG00000142528"
197,"enh14","ENSG00000135821"
198,"enh8","ENSG00000148296"
199,"enh1","ENSG00000176973"
200,"enh14","ENSG00000196683"
201,"enh14","ENSG00000105383"
202,"enh11","ENSG00000122140"
203,"enh1","ENSG00000171940"
204,"enh2","ENSG00000256771"
205,"enh12","ENSG00000095383"
206,"enh4","ENSG00000173442"
207,"enh11","ENSG00000160446"
208,"enh1","ENSG00000186806"
209,"enh14","ENSG00000169136"
210,"enh11","ENSG00000204710"
211,"enh8","ENSG00000147439"
212,"enh11","ENSG00000138756"
213,"enh2","ENSG00000106785"
214,"enh5","ENSG00000167114"
215,"enh8","ENSG00000189195"
216,"enh12","ENSG00000185278"
217,"enh9","ENSG00000064687"
218,"enh2","ENSG00000176890"
219,"enh13","ENSG00000174669"
220,"enh5","ENSG00000147439"
221,"enh11","ENSG00000125611"
222,"enh1","ENSG00000184162"
223,"enh1","ENSG00000158715"
224,"enh8","ENSG00000130770"
225,"enh1","ENSG00000079313"
226,"enh1","ENSG00000115255"
227,"enh3","ENSG00000135046"
228,"enh6","ENSG00000167112"
229,"enh6","ENSG00000161671"
230,"enh14","ENSG00000119203"
231,"enh11","ENSG00000173825"
232,"enh12","ENSG00000130772"
233,"enh8","ENSG00000169607"
234,"enh3","ENSG00000117280"
235,"enh9","ENSG00000165688"
236,"enh9","ENSG00000138772"
237,"enh13","ENSG00000131097"
238,"enh6","ENSG00000136908"
239,"enh12","ENSG00000136874"
240,"enh7","ENSG00000099624"
241,"enh3","ENSG00000105655"
242,"enh10","ENSG00000125482"
243,"enh9","ENSG00000065268"
244,"enh3","ENSG00000159461"
245,"enh14","ENSG00000254986"
246,"enh1","ENSG00000119203"
247,"enh11","ENSG00000069482"
248,"enh1","ENSG00000126705"
249,"enh1","ENSG00000136908"
250,"enh1","ENSG00000087263"
251,"enh2","ENSG00000108883"
252,"enh13","ENSG00000196550"
253,"enh7","ENSG00000106789"
254,"enh1","ENSG00000197136"
255,"enh2","ENSG00000165698"
256,"enh6","ENSG00000070388"
257,"enh12","ENSG00000156269"
258,"enh8","ENSG00000148356"
259,"enh5","ENSG00000129951"
260,"enh11","ENSG00000104689"
261,"enh13","ENSG00000099622"
262,"enh12","ENSG00000065000"
263,"enh7","ENSG00000106799"
264,"enh2","ENSG00000119335"
265,"enh6","ENSG00000115091"
266,"enh14","ENSG00000167759"
267,"enh13","ENSG00000148291"
268,"enh12","ENSG00000119125"
269,"enh4","ENSG00000167114"
270,"enh2","ENSG00000069702"
271,"enh10","ENSG00000142530"
272,"enh14","ENSG00000162976"
273,"enh11","ENSG00000172775"
274,"enh1","ENSG00000161677"
275,"enh4","ENSG00000142530"
276,"enh11","ENSG00000012048"
277,"enh13","ENSG00000158161"
278,"enh4","ENSG00000254986"
279,"enh14","ENSG00000172270"
280,"enh7","ENSG00000161671"
281,"enh14","ENSG00000106991"
282,"enh6","ENSG00000197766"
283,"enh14","ENSG00000174606"
284,"enh2","ENSG00000187840"
285,"enh10","ENSG00000160345"
286,"enh9","ENSG00000181896"
287,"enh8","ENSG00000129933"
288,"enh10","ENSG00000182963"
289,"enh14","ENSG00000105705"
290,"enh1","ENSG00000165699"
291,"enh10","ENSG00000162300"
292,"enh4","ENSG00000129933"
293,"enh13","ENSG00000130511"
294,"enh5","ENSG00000174276"
295,"enh11","ENSG00000181896"
296,"enh7","ENSG00000149806"
297,"enh10","ENSG00000250067"
298,"enh13","ENSG00000148297"
299,"enh4","ENSG00000160445"
300,"enh7","ENSG00000105662"
301,"enh2","ENSG00000223802"
302,"enh3","ENSG00000014216"
303,"enh8","ENSG00000148300"
304,"enh3","ENSG00000167103"
305,"enh1","ENSG00000125170"
306,"enh2","ENSG00000160360"
307,"enh1","ENSG00000105669"
308,"enh12","ENSG00000070423"
309,"enh2","ENSG00000161671"
310,"enh7","ENSG00000087263"
311,"enh9","ENSG00000107021"
312,"enh5","ENSG00000147669"
313,"enh10","ENSG00000180448"
314,"enh13","ENSG00000148308"
315,"enh6","ENSG00000120913"
316,"enh14","ENSG00000168067"
317,"enh14","ENSG00000102978"
318,"enh12","ENSG00000168591"
319,"enh9","ENSG00000196312"
320,"enh9","ENSG00000108861"
321,"enh3","ENSG00000175854"
322,"enh8","ENSG00000175115"
323,"enh14","ENSG00000250067"
324,"enh9","ENSG00000067596"
325,"enh12","ENSG00000149823"
326,"enh6","ENSG00000213445"
327,"enh11","ENSG00000136856"
328,"enh11","ENSG00000136929"
329,"enh1","ENSG00000115944"
330,"enh1","ENSG00000165684"
331,"enh12","ENSG00000187024"
332,"enh2","ENSG00000119514"
333,"enh2","ENSG00000006016"
334,"enh5","ENSG00000117748"
335,"enh9","ENSG00000163291"
336,"enh7","ENSG00000187840"
337,"enh7","ENSG00000163297"
338,"enh3","ENSG00000160563"
339,"enh7","ENSG00000181588"
340,"enh4","ENSG00000160408"
341,"enh5","ENSG00000175707"
342,"enh7","ENSG00000256771"
343,"enh11","ENSG00000099624"
344,"enh14","ENSG00000105726"
345,"enh7","ENSG00000147439"
346,"enh11","ENSG00000069275"
347,"enh7","ENSG00000136877"
348,"enh8","ENSG00000188177"
349,"enh1","ENSG00000196312"
350,"enh6","ENSG00000118046"
351,"enh6","ENSG00000102978"
352,"enh14","ENSG00000162769"
353,"enh14","ENSG00000213445"
354,"enh12","ENSG00000099624"
355,"enh3","ENSG00000104885"
356,"enh10","ENSG00000254470"
357,"enh1","ENSG00000181773"
358,"enh10","ENSG00000105379"
359,"enh3","ENSG00000161677"
360,"enh7","ENSG00000172775"
361,"enh9","ENSG00000160345"
362,"enh7","ENSG00000140859"
363,"enh11","ENSG00000068976"
364,"enh5","ENSG00000169288"
365,"enh2","ENSG00000175832"
366,"enh14","ENSG00000134318"
367,"enh1","ENSG00000120334"
368,"enh2","ENSG00000197217"
369,"enh13","ENSG00000213638"
370,"enh3","ENSG00000160445"
371,"enh11","ENSG00000175376"
372,"enh13","ENSG00000147669"
373,"enh2","ENSG00000123685"
374,"enh7","ENSG00000122484"
375,"enh10","ENSG00000160445"
376,"enh2","ENSG00000197816"
377,"enh10","ENSG00000123684"
378,"enh13","ENSG00000196152"
379,"enh2","ENSG00000175467"
380,"enh10","ENSG00000099817"
381,"enh6","ENSG00000167759"
382,"enh5","ENSG00000160345"
383,"enh6","ENSG00000136938"
384,"enh3","ENSG00000106789"
385,"enh9","ENSG00000117751"
386,"enh9","ENSG00000071626"
387,"enh4","ENSG00000057935"
388,"enh9","ENSG00000196550"
389,"enh2","ENSG00000114999"
390,"enh10","ENSG00000160360"
391,"enh11","ENSG00000166188"
392,"enh7","ENSG00000187193"
393,"enh5","ENSG00000148248"
394,"enh9","ENSG00000175592"
395,"enh1","ENSG00000188177"
396,"enh7","ENSG00000115944"
397,"enh8","ENSG00000198492"
398,"enh13","ENSG00000103021"
399,"enh8","ENSG00000161682"
400,"enh2","ENSG00000115750"
401,"enh10","ENSG00000167491"
402,"enh8","ENSG00000160563"
403,"enh14","ENSG00000071564"
404,"enh10","ENSG00000119333"
405,"enh4","ENSG00000250067"
406,"enh13","ENSG00000099817"
407,"enh9","ENSG00000070770"
408,"enh13","ENSG00000135821"
409,"enh14","ENSG00000178093"
410,"enh4","ENSG00000105497"
411,"enh4","ENSG00000170385"
412,"enh8","ENSG00000087152"
413,"enh8","ENSG00000095383"
414,"enh9","ENSG00000173825"
415,"enh14","ENSG00000130559"
416,"enh5","ENSG00000070423"
417,"enh4","ENSG00000172500"
418,"enh11","ENSG00000162419"
419,"enh5","ENSG00000102900"
420,"enh11","ENSG00000133065"
421,"enh9","ENSG00000197816"
422,"enh4","ENSG00000066027"
423,"enh13","ENSG00000169288"
424,"enh4","ENSG00000104886"
425,"enh7","ENSG00000134308"
426,"enh12","ENSG00000196116"
427,"enh13","ENSG00000143870"
428,"enh5","ENSG00000102978"
429,"enh9","ENSG00000120889"
430,"enh11","ENSG00000238227"
431,"enh14","ENSG00000162669"
432,"enh7","ENSG00000130560"
433,"enh3","ENSG00000129946"
434,"enh11","ENSG00000118046"
435,"enh5","ENSG00000173825"
436,"enh10","ENSG00000175550"
437,"enh11","ENSG00000149806"
438,"enh10","ENSG00000068976"
439,"enh6","ENSG00000099817"
440,"enh6","ENSG00000125618"
441,"enh3","ENSG00000129968"
442,"enh14","ENSG00000064932"
443,"enh8","ENSG00000125618"
444,"enh3","ENSG00000173327"
445,"enh1","ENSG00000102900"
446,"enh5","ENSG00000254986"
447,"enh8","ENSG00000103021"
448,"enh2","ENSG00000153208"
449,"enh14","ENSG00000185761"
450,"enh1","ENSG00000064687"
451,"enh1","ENSG00000175221"
452,"enh14","ENSG00000196422"
453,"enh5","ENSG00000152061"
454,"enh13","ENSG00000131408"
455,"enh1","ENSG00000009780"
456,"enh11","ENSG00000165684"
457,"enh12","ENSG00000102978"
458,"enh14","ENSG00000119333"
459,"enh11","ENSG00000099866"
460,"enh3","ENSG00000119559"
461,"enh2","ENSG00000140859"
462,"enh11","ENSG00000196683"
463,"enh12","ENSG00000104960"
464,"enh10","ENSG00000071655"
465,"enh6","ENSG00000142530"
466,"enh3","ENSG00000106976"
467,"enh6","ENSG00000117222"
468,"enh14","ENSG00000010361"
469,"enh8","ENSG00000171219"
470,"enh5","ENSG00000006015"
471,"enh11","ENSG00000133884"
472,"enh7","ENSG00000160325"
473,"enh14","ENSG00000117625"
474,"enh11","ENSG00000104897"
475,"enh1","ENSG00000198840"
476,"enh11","ENSG00000162976"
477,"enh4","ENSG00000213221"
478,"enh2","ENSG00000125637"
479,"enh9","ENSG00000171159"
480,"enh2","ENSG00000119392"
481,"enh1","ENSG00000197217"
482,"enh1","ENSG00000069275"
483,"enh7","ENSG00000130513"
484,"enh7","ENSG00000213221"
485,"enh10","ENSG00000102934"
486,"enh7","ENSG00000162419"
487,"enh9","ENSG00000104886"
488,"enh9","ENSG00000115268"
489,"enh1","ENSG00000162669"
490,"enh1","ENSG00000175334"
491,"enh8","ENSG00000173442"
492,"enh12","ENSG00000140848"
493,"enh2","ENSG00000186501"
494,"enh13","ENSG00000143476"
495,"enh13","ENSG00000136828"
496,"enh13","ENSG00000213465"
497,"enh11","ENSG00000104885"
498,"enh5","ENSG00000065600"
499,"enh4","ENSG00000064545"
500,"enh2","ENSG00000167136"
501,"enh11","ENSG00000149792"
502,"enh2","ENSG00000163291"
503,"enh11","ENSG00000182087"
504,"enh12","ENSG00000143924"
505,"enh4","ENSG00000155380"
506,"enh12","ENSG00000165661"
507,"enh6","ENSG00000152061"
508,"enh12","ENSG00000196683"
509,"enh11","ENSG00000140848"
510,"enh3","ENSG00000064545"
511,"enh14","ENSG00000204710"
512,"enh14","ENSG00000141349"
513,"enh4","ENSG00000262874"
514,"enh6","ENSG00000198858"
515,"enh7","ENSG00000133243"
516,"enh1","ENSG00000129933"
517,"enh7","ENSG00000167747"
518,"enh3","ENSG00000130766"
519,"enh7","ENSG00000175115"
520,"enh6","ENSG00000122140"
521,"enh9","ENSG00000138767"
522,"enh1","ENSG00000065268"
523,"enh9","ENSG00000136937"
524,"enh12","ENSG00000064687"
525,"enh4","ENSG00000136877"
526,"enh11","ENSG00000182963"
527,"enh14","ENSG00000125124"
528,"enh11","ENSG00000136936"
529,"enh3","ENSG00000171159"
530,"enh8","ENSG00000160325"
531,"enh3","ENSG00000174516"
532,"enh7","ENSG00000241852"
533,"enh3","ENSG00000099821"
534,"enh10","ENSG00000107290"
535,"enh7","ENSG00000133895"
536,"enh5","ENSG00000013306"
537,"enh6","ENSG00000186806"
538,"enh10","ENSG00000136929"
539,"enh13","ENSG00000172081"
540,"enh12","ENSG00000141933"
541,"enh5","ENSG00000197217"
542,"enh3","ENSG00000197958"
543,"enh6","ENSG00000198840"
544,"enh12","ENSG00000064666"
545,"enh7","ENSG00000160360"
546,"enh11","ENSG00000160326"
547,"enh14","ENSG00000119523"
548,"enh13","ENSG00000167112"
549,"enh10","ENSG00000148411"
550,"enh6","ENSG00000147439"
551,"enh9","ENSG00000148303"
552,"enh6","ENSG00000161682"
553,"enh8","ENSG00000142544"
554,"enh7","ENSG00000105676"
555,"enh14","ENSG00000165699"
556,"enh1","ENSG00000070404"
557,"enh8","ENSG00000131408"
558,"enh2","ENSG00000125618"
559,"enh12","ENSG00000100316"
560,"enh9","ENSG00000169607"
561,"enh4","ENSG00000189195"
562,"enh5","ENSG00000162298"
563,"enh6","ENSG00000198492"
564,"enh5","ENSG00000174516"
565,"enh9","ENSG00000140859"
566,"enh10","ENSG00000197766"
567,"enh14","ENSG00000097046"
568,"enh13","ENSG00000141349"
569,"enh10","ENSG00000160447"
570,"enh13","ENSG00000213445"
571,"enh12","ENSG00000105676"
572,"enh8","ENSG00000064932"
573,"enh10","ENSG00000005007"
574,"enh8","ENSG00000066027"
575,"enh2","ENSG00000172757"
576,"enh8","ENSG00000180448"
577,"enh14","ENSG00000168066"
578,"enh6","ENSG00000125124"
579,"enh10","ENSG00000064547"
580,"enh7","ENSG00000173327"
581,"enh8","ENSG00000161671"
582,"enh5","ENSG00000148288"
583,"enh1","ENSG00000144136"
584,"enh1","ENSG00000167123"
585,"enh5","ENSG00000115257"
586,"enh7","ENSG00000099840"
587,"enh4","ENSG00000133884"
588,"enh6","ENSG00000167487"
589,"enh4","ENSG00000185278"
590,"enh1","ENSG00000105701"
591,"enh13","ENSG00000142186"
592,"enh11","ENSG00000130559"
593,"enh10","ENSG00000161647"
594,"enh9","ENSG00000071564"
595,"enh6","ENSG00000110046"
596,"enh1","ENSG00000136828"
597,"enh9","ENSG00000162419"
598,"enh8","ENSG00000175592"
599,"enh13","ENSG00000165698"
600,"enh3","ENSG00000130770"
601,"enh8","ENSG00000133059"
602,"enh14","ENSG00000168061"
603,"enh6","ENSG00000103005"
604,"enh6","ENSG00000175592"
605,"enh12","ENSG00000123685"
606,"enh13","ENSG00000155380"
607,"enh8","ENSG00000144134"
608,"enh4","ENSG00000141349"
609,"enh1","ENSG00000099864"
610,"enh10","ENSG00000009780"
611,"enh5","ENSG00000148411"
612,"enh2","ENSG00000235034"
613,"enh9","ENSG00000149806"
614,"enh1","ENSG00000141933"
615,"enh11","ENSG00000187193"
616,"enh10","ENSG00000119392"
617,"enh7","ENSG00000119559"
618,"enh2","ENSG00000148303"
619,"enh13","ENSG00000106789"
620,"enh13","ENSG00000136936"
621,"enh10","ENSG00000161714"
622,"enh3","ENSG00000066027"
623,"enh13","ENSG00000167748"
624,"enh12","ENSG00000099864"
625,"enh5","ENSG00000213023"
626,"enh7","ENSG00000108883"
627,"enh1","ENSG00000184988"
628,"enh11","ENSG00000120334"
629,"enh1","ENSG00000253368"
630,"enh14","ENSG00000175294"
631,"enh4","ENSG00000105662"
632,"enh6","ENSG00000107372"
633,"enh12","ENSG00000162976"
634,"enh3","ENSG00000106785"
635,"enh7","ENSG00000006016"
636,"enh12","ENSG00000167123"
637,"enh6","ENSG00000181896"
638,"enh1","ENSG00000149809"
639,"enh14","ENSG00000196116"
640,"enh6","ENSG00000136830"
641,"enh4","ENSG00000160360"
642,"enh1","ENSG00000136856"
643,"enh1","ENSG00000167005"
644,"enh13","ENSG00000104897"
645,"enh12","ENSG00000135870"
646,"enh7","ENSG00000122482"
647,"enh5","ENSG00000153214"
648,"enh11","ENSG00000136943"
649,"enh7","ENSG00000130559"
650,"enh3","ENSG00000051128"
651,"enh5","ENSG00000105700"
652,"enh14","ENSG00000090273"
653,"enh7","ENSG00000126705"
654,"enh9","ENSG00000160271"
655,"enh14","ENSG00000131408"
656,"enh10","ENSG00000117758"
657,"enh5","ENSG00000105383"
658,"enh6","ENSG00000068831"
659,"enh13","ENSG00000196422"
660,"enh1","ENSG00000189195"
661,"enh3","ENSG00000125170"
662,"enh11","ENSG00000130775"
663,"enh8","ENSG00000175573"
664,"enh8","ENSG00000141934"
665,"enh7","ENSG00000126698"
666,"enh11","ENSG00000108312"
667,"enh11","ENSG00000117697"
668,"enh3","ENSG00000162298"
669,"enh11","ENSG00000172059"
670,"enh10","ENSG00000129951"
671,"enh6","ENSG00000165698"
672,"enh8","ENSG00000256771"
673,"enh6","ENSG00000168591"
674,"enh8","ENSG00000160318"
675,"enh12","ENSG00000181896"
676,"enh10","ENSG00000136807"
677,"enh6","ENSG00000130559"
678,"enh8","ENSG00000140854"
679,"enh3","ENSG00000173442"
680,"enh10","ENSG00000135736"
681,"enh14","ENSG00000125611"
682,"enh8","ENSG00000213988"
683,"enh4","ENSG00000158711"
684,"enh14","ENSG00000126391"
685,"enh14","ENSG00000130775"
686,"enh5","ENSG00000119333"
687,"enh12","ENSG00000158195"
688,"enh14","ENSG00000198786"
689,"enh9","ENSG00000196683"
690,"enh9","ENSG00000180329"
691,"enh8","ENSG00000125170"
692,"enh9","ENSG00000136874"
693,"enh12","ENSG00000172270"
694,"enh13","ENSG00000165689"
695,"enh13","ENSG00000180198"
696,"enh7","ENSG00000198786"
697,"enh9","ENSG00000105656"
698,"enh6","ENSG00000213023"
699,"enh8","ENSG00000171159"
700,"enh5","ENSG00000213221"
701,"enh5","ENSG00000136448"
702,"enh4","ENSG00000005194"
703,"enh8","ENSG00000136830"
704,"enh8","ENSG00000254470"
705,"enh1","ENSG00000160404"
706,"enh3","ENSG00000186806"
707,"enh10","ENSG00000158195"
708,"enh10","ENSG00000165698"
709,"enh4","ENSG00000064666"
710,"enh10","ENSG00000133275"
711,"enh10","ENSG00000169136"
712,"enh4","ENSG00000099804"
713,"enh4","ENSG00000129946"
714,"enh11","ENSG00000119185"
715,"enh13","ENSG00000148339"
716,"enh11","ENSG00000162300"
717,"enh13","ENSG00000104973"
718,"enh6","ENSG00000122482"
719,"enh8","ENSG00000235034"
720,"enh9","ENSG00000146670"
721,"enh13","ENSG00000134330"
722,"enh1","ENSG00000095383"
723,"enh13","ENSG00000160360"
724,"enh14","ENSG00000122140"
725,"enh12","ENSG00000148334"
726,"enh10","ENSG00000088682"
727,"enh2","ENSG00000253368"
728,"enh10","ENSG00000103021"
729,"enh7","ENSG00000168067"
730,"enh10","ENSG00000174744"
731,"enh13","ENSG00000106799"
732,"enh5","ENSG00000160326"
733,"enh6","ENSG00000138772"
734,"enh11","ENSG00000099625"
735,"enh6","ENSG00000149823"
736,"enh2","ENSG00000005961"
737,"enh3","ENSG00000158161"
738,"enh1","ENSG00000162769"
739,"enh4","ENSG00000119559"
740,"enh7","ENSG00000069482"
741,"enh10","ENSG00000133243"
742,"enh5","ENSG00000108309"
743,"enh14","ENSG00000105379"
744,"enh8","ENSG00000064490"
745,"enh1","ENSG00000172232"
746,"enh9","ENSG00000106992"
747,"enh2","ENSG00000158941"
748,"enh5","ENSG00000160318"
749,"enh10","ENSG00000166188"
750,"enh5","ENSG00000117751"
751,"enh8","ENSG00000125124"
752,"enh4","ENSG00000167747"
753,"enh12","ENSG00000163297"
754,"enh8","ENSG00000167005"
755,"enh4","ENSG00000136854"
756,"enh6","ENSG00000064787"
757,"enh12","ENSG00000004939"
758,"enh3","ENSG00000161714"
759,"enh4","ENSG00000104960"
760,"enh14","ENSG00000135736"
761,"enh9","ENSG00000117592"
762,"enh5","ENSG00000071626"
763,"enh9","ENSG00000168066"
764,"enh8","ENSG00000186501"
765,"enh8","ENSG00000068971"
766,"enh4","ENSG00000064547"
767,"enh6","ENSG00000172757"
768,"enh6","ENSG00000138036"
769,"enh14","ENSG00000136643"
770,"enh5","ENSG00000175832"
771,"enh6","ENSG00000254470"
772,"enh2","ENSG00000125611"
773,"enh9","ENSG00000115970"
774,"enh5","ENSG00000165092"
775,"enh10","ENSG00000099625"
776,"enh8","ENSG00000119125"
777,"enh7","ENSG00000169607"
778,"enh2","ENSG00000122140"
779,"enh6","ENSG00000148297"
780,"enh8","ENSG00000181896"
781,"enh5","ENSG00000105472"
782,"enh7","ENSG00000143493"
783,"enh3","ENSG00000110046"
784,"enh12","ENSG00000198858"
785,"enh7","ENSG00000213988"
786,"enh10","ENSG00000168067"
787,"enh12","ENSG00000116017"
788,"enh2","ENSG00000136925"
789,"enh7","ENSG00000012048"
790,"enh1","ENSG00000197540"
791,"enh9","ENSG00000133069"
792,"enh11","ENSG00000104946"
793,"enh7","ENSG00000173039"
794,"enh7","ENSG00000196422"
795,"enh8","ENSG00000065600"
796,"enh1","ENSG00000108861"
797,"enh14","ENSG00000148296"
798,"enh6","ENSG00000160953"
799,"enh4","ENSG00000108312"
800,"enh14","ENSG00000069482"
801,"enh10","ENSG00000107372"
802,"enh11","ENSG00000125637"
803,"enh8","ENSG00000136937"
804,"enh14","ENSG00000160563"
805,"enh14","ENSG00000136943"
806,"enh8","ENSG00000119559"
807,"enh8","ENSG00000136936"
808,"enh11","ENSG00000064607"
809,"enh5","ENSG00000133065"
810,"enh13","ENSG00000104885"
811,"enh12","ENSG00000103021"
812,"enh8","ENSG00000165689"
813,"enh13","ENSG00000186501"
814,"enh13","ENSG00000120913"
815,"enh11","ENSG00000173039"
816,"enh5","ENSG00000161714"
817,"enh6","ENSG00000253368"
818,"enh2","ENSG00000175334"
819,"enh1","ENSG00000006015"
820,"enh8","ENSG00000064545"
821,"enh14","ENSG00000160953"
822,"enh5","ENSG00000148334"
823,"enh2","ENSG00000099821"
824,"enh13","ENSG00000175115"
825,"enh10","ENSG00000105717"
826,"enh9","ENSG00000127540"
827,"enh4","ENSG00000162976"
828,"enh14","ENSG00000160318"
829,"enh4","ENSG00000087152"
830,"enh8","ENSG00000051108"
831,"enh5","ENSG00000168591"
832,"enh7","ENSG00000147457"
833,"enh14","ENSG00000160293"
834,"enh2","ENSG00000182087"
835,"enh1","ENSG00000151694"
836,"enh13","ENSG00000167110"
837,"enh2","ENSG00000148288"
838,"enh4","ENSG00000119185"
839,"enh2","ENSG00000122026"
840,"enh10","ENSG00000008853"
841,"enh7","ENSG00000162878"
842,"enh11","ENSG00000115758"
843,"enh5","ENSG00000183831"
844,"enh3","ENSG00000162873"
845,"enh8","ENSG00000090273"
846,"enh5","ENSG00000099804"
847,"enh10","ENSG00000197217"
848,"enh7","ENSG00000105374"
849,"enh8","ENSG00000099840"
850,"enh13","ENSG00000130560"
851,"enh4","ENSG00000125637"
852,"enh4","ENSG00000115761"
853,"enh10","ENSG00000066027"
854,"enh10","ENSG00000148303"
855,"enh4","ENSG00000197136"
856,"enh13","ENSG00000174516"
857,"enh14","ENSG00000148356"
858,"enh12","ENSG00000143882"
859,"enh7","ENSG00000064607"
860,"enh1","ENSG00000185198"
861,"enh14","ENSG00000159461"
862,"enh8","ENSG00000119392"
863,"enh12","ENSG00000107372"
864,"enh10","ENSG00000174950"
865,"enh13","ENSG00000161671"
866,"enh4","ENSG00000165661"
867,"enh9","ENSG00000148290"
868,"enh11","ENSG00000162298"
869,"enh4","ENSG00000196312"
870,"enh8","ENSG00000174903"
871,"enh14","ENSG00000106785"
872,"enh3","ENSG00000149798"
873,"enh11","ENSG00000126698"
874,"enh14","ENSG00000227500"
875,"enh6","ENSG00000012048"
876,"enh7","ENSG00000071655"
877,"enh5","ENSG00000170385"
878,"enh13","ENSG00000171940"
879,"enh9","ENSG00000262874"
880,"enh6","ENSG00000149806"
881,"enh8","ENSG00000181781"
882,"enh8","ENSG00000171848"
883,"enh11","ENSG00000105696"
884,"enh6","ENSG00000117592"
885,"enh4","ENSG00000148297"
886,"enh6","ENSG00000175115"
887,"enh5","ENSG00000087152"
888,"enh14","ENSG00000005194"
889,"enh7","ENSG00000130772"
890,"enh1","ENSG00000167468"
891,"enh5","ENSG00000162878"
892,"enh12","ENSG00000175115"
893,"enh9","ENSG00000204138"
894,"enh10","ENSG00000126698"
895,"enh9","ENSG00000185278"
896,"enh5","ENSG00000125482"
897,"enh6","ENSG00000030582"
898,"enh2","ENSG00000099624"
899,"enh8","ENSG00000198858"
900,"enh14","ENSG00000172232"
901,"enh1","ENSG00000161654"
902,"enh12","ENSG00000168066"
903,"enh2","ENSG00000181896"
904,"enh7","ENSG00000144161"
905,"enh12","ENSG00000116014"
906,"enh3","ENSG00000160447"
907,"enh11","ENSG00000119335"
908,"enh8","ENSG00000130766"
909,"enh8","ENSG00000142530"
910,"enh2","ENSG00000165138"
911,"enh1","ENSG00000197694"
912,"enh1","ENSG00000198492"
913,"enh3","ENSG00000147669"
914,"enh11","ENSG00000167118"
915,"enh7","ENSG00000117758"
916,"enh11","ENSG00000104886"
917,"enh14","ENSG00000213024"
918,"enh8","ENSG00000152518"
919,"enh1","ENSG00000133275"
920,"enh8","ENSG00000118046"
921,"enh14","ENSG00000105662"
922,"enh14","ENSG00000136682"
923,"enh12","ENSG00000120896"
924,"enh14","ENSG00000129968"
925,"enh9","ENSG00000122026"
926,"enh2","ENSG00000162298"
927,"enh6","ENSG00000160318"
928,"enh4","ENSG00000102931"
929,"enh13","ENSG00000162298"
930,"enh3","ENSG00000082512"
931,"enh1","ENSG00000030582"
932,"enh14","ENSG00000091947"
933,"enh11","ENSG00000174516"
934,"enh8","ENSG00000153208"
935,"enh3","ENSG00000114999"
936,"enh13","ENSG00000129968"
937,"enh11","ENSG00000221983"
938,"enh9","ENSG00000125482"
939,"enh3","ENSG00000115268"
940,"enh1","ENSG00000165661"
941,"enh13","ENSG00000197540"
942,"enh12","ENSG00000099622"
943,"enh9","ENSG00000006015"
944,"enh10","ENSG00000087365"
945,"enh7","ENSG00000008853"
946,"enh13","ENSG00000136938"
947,"enh11","ENSG00000197217"
948,"enh11","ENSG00000143924"
949,"enh9","ENSG00000189195"
950,"enh8","ENSG00000110047"
951,"enh2","ENSG00000168591"
952,"enh14","ENSG00000115084"
953,"enh2","ENSG00000117748"
954,"enh3","ENSG00000176890"
955,"enh7","ENSG00000168591"
956,"enh5","ENSG00000136936"
957,"enh5","ENSG00000173465"
958,"enh12","ENSG00000163291"
959,"enh4","ENSG00000004939"
960,"enh4","ENSG00000169136"
961,"enh1","ENSG00000010361"
962,"enh2","ENSG00000165702"
963,"enh11","ENSG00000091947"
964,"enh6","ENSG00000006016"
965,"enh2","ENSG00000173465"
966,"enh3","ENSG00000136856"
967,"enh6","ENSG00000143924"
968,"enh11","ENSG00000108840"
969,"enh4","ENSG00000204291"
970,"enh10","ENSG00000125319"
971,"enh6","ENSG00000181588"
972,"enh7","ENSG00000104897"
973,"enh8","ENSG00000064687"
974,"enh3","ENSG00000161692"
975,"enh3","ENSG00000105497"
976,"enh4","ENSG00000148303"
977,"enh10","ENSG00000136937"
978,"enh10","ENSG00000142186"
979,"enh8","ENSG00000148290"
980,"enh2","ENSG00000104689"
981,"enh4","ENSG00000151694"
982,"enh4","ENSG00000172270"
983,"enh5","ENSG00000140854"
984,"enh11","ENSG00000082512"
985,"enh14","ENSG00000186185"
986,"enh14","ENSG00000051108"
987,"enh2","ENSG00000152061"
988,"enh11","ENSG00000136937"
989,"enh1","ENSG00000175294"
990,"enh10","ENSG00000130770"
991,"enh7","ENSG00000142733"
992,"enh10","ENSG00000165092"
993,"enh9","ENSG00000158941"
994,"enh13","ENSG00000142530"
995,"enh9","ENSG00000105379"
996,"enh2","ENSG00000180448"
997,"enh5","ENSG00000127540"
998,"enh6","ENSG00000117280"
999,"enh1","ENSG00000162241"
1000,"enh9","ENSG00000165092"
1001,"enh9","ENSG00000105726"
1002,"enh9","ENSG00000069702"
1003,"enh6","ENSG00000175294"
1004,"enh7","ENSG00000117592"
1005,"enh11","ENSG00000197136"
1006,"enh2","ENSG00000196116"
1007,"enh11","ENSG00000188177"
1008,"enh7","ENSG00000172059"
1009,"enh4","ENSG00000106803"
1010,"enh12","ENSG00000185198"
1011,"enh11","ENSG00000116017"
1012,"enh9","ENSG00000165689"
1013,"enh12","ENSG00000115084"
1014,"enh3","ENSG00000125319"
1015,"enh5","ENSG00000105717"
1016,"enh12","ENSG00000105383"
1017,"enh6","ENSG00000069702"
1018,"enh14","ENSG00000142751"
1019,"enh4","ENSG00000103021"
1020,"enh12","ENSG00000167468"
1021,"enh12","ENSG00000131408"
1022,"enh10","ENSG00000148308"
1023,"enh14","ENSG00000119559"
1024,"enh14","ENSG00000070423"
1025,"enh14","ENSG00000119392"
1026,"enh13","ENSG00000165138"
1027,"enh8","ENSG00000197540"
1028,"enh4","ENSG00000129911"
1029,"enh3","ENSG00000149809"
1030,"enh2","ENSG00000185761"
1031,"enh4","ENSG00000160326"
1032,"enh8","ENSG00000184988"
1033,"enh14","ENSG00000115970"
1034,"enh1","ENSG00000087365"
1035,"enh14","ENSG00000158941"
1036,"enh13","ENSG00000178093"
1037,"enh13","ENSG00000076321"
1038,"enh5","ENSG00000115758"
1039,"enh1","ENSG00000221983"
1040,"enh7","ENSG00000104885"
1041,"enh11","ENSG00000014216"
1042,"enh8","ENSG00000196683"
1043,"enh1","ENSG00000175854"
1044,"enh13","ENSG00000105379"
1045,"enh6","ENSG00000213988"
1046,"enh13","ENSG00000198746"
1047,"enh13","ENSG00000167118"
1048,"enh11","ENSG00000117625"
1049,"enh5","ENSG00000099624"
1050,"enh13","ENSG00000185278"
1051,"enh7","ENSG00000181035"
1052,"enh8","ENSG00000158715"
1053,"enh9","ENSG00000097046"
1054,"enh9","ENSG00000104973"
1055,"enh6","ENSG00000105662"
1056,"enh14","ENSG00000064607"
1057,"enh9","ENSG00000090020"
1058,"enh2","ENSG00000254470"
1059,"enh6","ENSG00000087365"
1060,"enh7","ENSG00000136854"
1061,"enh3","ENSG00000117593"
1062,"enh13","ENSG00000159461"
1063,"enh12","ENSG00000115268"
1064,"enh7","ENSG00000181773"
1065,"enh12","ENSG00000165702"
1066,"enh3","ENSG00000162241"
1067,"enh13","ENSG00000167487"
1068,"enh6","ENSG00000100316"
1069,"enh12","ENSG00000160318"
1070,"enh4","ENSG00000102996"
1071,"enh2","ENSG00000115970"
1072,"enh9","ENSG00000106789"
1073,"enh14","ENSG00000142733"
1074,"enh13","ENSG00000173442"
1075,"enh1","ENSG00000147454"
1076,"enh11","ENSG00000158195"
1077,"enh1","ENSG00000165138"
1078,"enh7","ENSG00000228300"
1079,"enh5","ENSG00000142544"
1080,"enh4","ENSG00000117758"
1081,"enh1","ENSG00000065600"
1082,"enh10","ENSG00000147454"
1083,"enh1","ENSG00000106992"
1084,"enh1","ENSG00000125148"
1085,"enh6","ENSG00000175550"
1086,"enh8","ENSG00000010361"
1087,"enh11","ENSG00000160271"
1088,"enh2","ENSG00000160408"
1089,"enh8","ENSG00000125482"
1090,"enh10","ENSG00000152527"
1091,"enh2","ENSG00000014216"
1092,"enh8","ENSG00000131094"
1093,"enh5","ENSG00000103005"
1094,"enh5","ENSG00000064547"
1095,"enh2","ENSG00000142530"
1096,"enh10","ENSG00000172059"
1097,"enh7","ENSG00000138756"
1098,"enh6","ENSG00000115286"
1099,"enh5","ENSG00000131097"
1100,"enh9","ENSG00000138756"
1101,"enh5","ENSG00000213445"
1102,"enh3","ENSG00000005961"
1103,"enh2","ENSG00000108861"
1104,"enh8","ENSG00000134330"
1105,"enh13","ENSG00000188177"
1106,"enh1","ENSG00000117691"
1107,"enh9","ENSG00000141349"
1108,"enh14","ENSG00000104679"
1109,"enh14","ENSG00000115255"
1110,"enh2","ENSG00000241852"
1111,"enh2","ENSG00000125482"
1112,"enh3","ENSG00000107372"
1113,"enh11","ENSG00000134308"
1114,"enh4","ENSG00000064687"
1115,"enh3","ENSG00000238227"
1116,"enh11","ENSG00000175467"
1117,"enh1","ENSG00000136643"
1118,"enh9","ENSG00000131398"
1119,"enh8","ENSG00000071564"
1120,"enh4","ENSG00000106789"
1121,"enh4","ENSG00000168067"
1122,"enh6","ENSG00000172059"
1123,"enh6","ENSG00000160563"
1124,"enh11","ENSG00000142733"
1125,"enh3","ENSG00000123685"
1126,"enh5","ENSG00000181896"
1127,"enh6","ENSG00000114999"
1128,"enh11","ENSG00000129951"
1129,"enh11","ENSG00000105676"
1130,"enh6","ENSG00000182963"
1131,"enh3","ENSG00000067596"
1132,"enh14","ENSG00000130270"
1133,"enh13","ENSG00000136932"
1134,"enh12","ENSG00000134308"
1135,"enh9","ENSG00000184162"
1136,"enh14","ENSG00000095383"
1137,"enh7","ENSG00000185278"
1138,"enh4","ENSG00000108852"
1139,"enh14","ENSG00000099624"
1140,"enh9","ENSG00000008853"
1141,"enh9","ENSG00000172270"
1142,"enh2","ENSG00000142784"
1143,"enh14","ENSG00000165661"
1144,"enh5","ENSG00000163291"
1145,"enh9","ENSG00000196116"
1146,"enh12","ENSG00000162873"
1147,"enh10","ENSG00000130772"
1148,"enh8","ENSG00000115761"
1149,"enh5","ENSG00000125148"
1150,"enh1","ENSG00000143870"
1151,"enh14","ENSG00000167470"
1152,"enh11","ENSG00000223802"
1153,"enh2","ENSG00000165699"
1154,"enh11","ENSG00000066027"
1155,"enh14","ENSG00000170385"
1156,"enh9","ENSG00000174744"
1157,"enh8","ENSG00000123684"
1158,"enh7","ENSG00000115286"
1159,"enh1","ENSG00000167747"
1160,"enh6","ENSG00000167005"
1161,"enh5","ENSG00000133884"
1162,"enh13","ENSG00000175573"
1163,"enh13","ENSG00000119333"
1164,"enh6","ENSG00000148308"
1165,"enh5","ENSG00000106992"
1166,"enh14","ENSG00000105676"
1167,"enh5","ENSG00000129946"
1168,"enh4","ENSG00000256771"
1169,"enh11","ENSG00000185761"
1170,"enh12","ENSG00000130559"
1171,"enh9","ENSG00000165702"
1172,"enh6","ENSG00000204291"
1173,"enh6","ENSG00000175573"
1174,"enh2","ENSG00000070761"
1175,"enh10","ENSG00000142765"
1176,"enh2","ENSG00000149792"
1177,"enh2","ENSG00000162669"
1178,"enh10","ENSG00000069482"
1179,"enh12","ENSG00000117222"
1180,"enh13","ENSG00000071564"
1181,"enh14","ENSG00000148248"
1182,"enh10","ENSG00000143882"
1183,"enh6","ENSG00000130511"
1184,"enh13","ENSG00000130768"
1185,"enh6","ENSG00000115257"
1186,"enh3","ENSG00000186566"
1187,"enh14","ENSG00000172992"
1188,"enh8","ENSG00000117625"
1189,"enh6","ENSG00000130770"
1190,"enh3","ENSG00000008853"
1191,"enh9","ENSG00000148248"
1192,"enh13","ENSG00000162772"
1193,"enh10","ENSG00000142784"
1194,"enh7","ENSG00000149792"
1195,"enh12","ENSG00000152518"
1196,"enh11","ENSG00000135870"
1197,"enh2","ENSG00000135736"
1198,"enh9","ENSG00000187840"
1199,"enh12","ENSG00000162769"
1200,"enh3","ENSG00000102978"
1201,"enh10","ENSG00000262874"
1202,"enh2","ENSG00000071626"
1203,"enh8","ENSG00000129968"
1204,"enh6","ENSG00000133059"
1205,"enh11","ENSG00000168061"
1206,"enh8","ENSG00000102978"
1207,"enh2","ENSG00000014138"
1208,"enh6","ENSG00000119333"
1209,"enh9","ENSG00000148339"
1210,"enh10","ENSG00000175832"
1211,"enh3","ENSG00000174684"
1212,"enh1","ENSG00000174516"
1213,"enh3","ENSG00000254901"
1214,"enh10","ENSG00000167005"
1215,"enh7","ENSG00000110046"
1216,"enh10","ENSG00000108849"
1217,"enh11","ENSG00000117280"
1218,"enh8","ENSG00000006015"
1219,"enh2","ENSG00000196961"
1220,"enh2","ENSG00000148290"
1221,"enh4","ENSG00000152527"
1222,"enh14","ENSG00000185198"
1223,"enh12","ENSG00000174871"
1224,"enh8","ENSG00000198917"
1225,"enh9","ENSG00000104679"
1226,"enh6","ENSG00000175221"
1227,"enh13","ENSG00000117222"
1228,"enh4","ENSG00000163297"
1229,"enh10","ENSG00000069275"
1230,"enh11","ENSG00000254986"
1231,"enh5","ENSG00000141934"
1232,"enh10","ENSG00000135046"
1233,"enh11","ENSG00000105705"
1234,"enh4","ENSG00000014216"
1235,"enh5","ENSG00000169607"
1236,"enh3","ENSG00000188177"
1237,"enh2","ENSG00000115756"
1238,"enh12","ENSG00000117691"
1239,"enh10","ENSG00000167747"
1240,"enh2","ENSG00000087263"
1241,"enh13","ENSG00000115944"
1242,"enh6","ENSG00000104897"
1243,"enh13","ENSG00000136925"
1244,"enh9","ENSG00000091947"
1245,"enh12","ENSG00000133884"
1246,"enh2","ENSG00000102934"
1247,"enh9","ENSG00000119392"
1248,"enh1","ENSG00000148300"
1249,"enh4","ENSG00000148339"
1250,"enh5","ENSG00000136929"
1251,"enh2","ENSG00000105662"
1252,"enh4","ENSG00000125144"
1253,"enh9","ENSG00000165661"
1254,"enh7","ENSG00000176890"
1255,"enh12","ENSG00000119335"
1256,"enh1","ENSG00000099622"
1257,"enh13","ENSG00000087152"
1258,"enh14","ENSG00000115756"
1259,"enh5","ENSG00000149792"
1260,"enh1","ENSG00000180329"
1261,"enh12","ENSG00000162419"
1262,"enh6","ENSG00000069482"
1263,"enh14","ENSG00000161677"
1264,"enh13","ENSG00000099875"
1265,"enh14","ENSG00000104886"
1266,"enh9","ENSG00000161682"
1267,"enh10","ENSG00000106803"
1268,"enh4","ENSG00000076321"
1269,"enh4","ENSG00000134318"
1270,"enh14","ENSG00000142765"
1271,"enh12","ENSG00000068976"
1272,"enh11","ENSG00000130005"
1273,"enh3","ENSG00000070423"
1274,"enh1","ENSG00000062822"
1275,"enh13","ENSG00000174276"
1276,"enh13","ENSG00000162241"
1277,"enh13","ENSG00000133243"
1278,"enh7","ENSG00000169403"
1279,"enh4","ENSG00000126391"
1280,"enh10","ENSG00000168056"
1281,"enh1","ENSG00000012048"
1282,"enh12","ENSG00000181773"
1283,"enh14","ENSG00000120913"
1284,"enh13","ENSG00000173465"
1285,"enh7","ENSG00000198858"
1286,"enh9","ENSG00000153208"
1287,"enh11","ENSG00000105379"
1288,"enh2","ENSG00000115761"
1289,"enh6","ENSG00000130768"
1290,"enh12","ENSG00000188177"
1291,"enh6","ENSG00000115758"
1292,"enh3","ENSG00000197136"
1293,"enh10","ENSG00000153107"
1294,"enh11","ENSG00000159461"
1295,"enh14","ENSG00000149823"
1296,"enh6","ENSG00000135870"
1297,"enh10","ENSG00000241852"
1298,"enh14","ENSG00000167487"
1299,"enh6","ENSG00000105700"
1300,"enh1","ENSG00000064787"
1301,"enh2","ENSG00000143882"
1302,"enh11","ENSG00000106976"
1303,"enh4","ENSG00000158195"
1304,"enh12","ENSG00000162772"
1305,"enh13","ENSG00000131409"
1306,"enh12","ENSG00000158711"
1307,"enh6","ENSG00000165138"
1308,"enh7","ENSG00000167470"
1309,"enh7","ENSG00000173825"
1310,"enh13","ENSG00000107372"
1311,"enh10","ENSG00000167112"
1312,"enh13","ENSG00000006015"
1313,"enh8","ENSG00000135736"
1314,"enh8","ENSG00000168067"
1315,"enh8","ENSG00000117758"
1316,"enh6","ENSG00000162419"
1317,"enh6","ENSG00000173039"
1318,"enh6","ENSG00000196116"
1319,"enh8","ENSG00000136842"
1320,"enh8","ENSG00000174276"
1321,"enh6","ENSG00000104886"
1322,"enh12","ENSG00000087152"
1323,"enh11","ENSG00000165702"
1324,"enh14","ENSG00000104689"
1325,"enh1","ENSG00000115286"
1326,"enh5","ENSG00000171940"
1327,"enh6","ENSG00000143870"
1328,"enh10","ENSG00000174903"
1329,"enh10","ENSG00000105701"
1330,"enh13","ENSG00000173327"
1331,"enh11","ENSG00000105374"
1332,"enh12","ENSG00000119559"
1333,"enh12","ENSG00000223802"
1334,"enh13","ENSG00000175294"
1335,"enh14","ENSG00000167113"
1336,"enh11","ENSG00000174606"
1337,"enh1","ENSG00000013306"
1338,"enh9","ENSG00000064545"
1339,"enh4","ENSG00000185198"
1340,"enh6","ENSG00000071655"
1341,"enh4","ENSG00000172732"
1342,"enh7","ENSG00000136448"
1343,"enh6","ENSG00000161647"
1344,"enh5","ENSG00000256771"
1345,"enh10","ENSG00000130560"
1346,"enh13","ENSG00000142544"
1347,"enh11","ENSG00000126705"
1348,"enh4","ENSG00000115255"
1349,"enh11","ENSG00000116014"
1350,"enh11","ENSG00000160404"
1351,"enh6","ENSG00000142733"
1352,"enh9","ENSG00000106799"
1353,"enh3","ENSG00000175467"
1354,"enh14","ENSG00000174516"
1355,"enh2","ENSG00000213024"
1356,"enh2","ENSG00000148337"
1357,"enh12","ENSG00000213024"
1358,"enh13","ENSG00000105705"
1359,"enh11","ENSG00000175906"
1360,"enh14","ENSG00000160447"
1361,"enh5","ENSG00000173442"
1362,"enh4","ENSG00000123685"
1363,"enh14","ENSG00000196550"
1364,"enh2","ENSG00000136643"
1365,"enh2","ENSG00000105655"
1366,"enh13","ENSG00000173825"
1367,"enh14","ENSG00000198917"
1368,"enh12","ENSG00000174950"
1369,"enh1","ENSG00000172757"
1370,"enh3","ENSG00000160293"
1371,"enh2","ENSG00000120913"
1372,"enh2","ENSG00000136938"
1373,"enh12","ENSG00000159579"
1374,"enh11","ENSG00000172232"
1375,"enh11","ENSG00000174669"
1376,"enh11","ENSG00000168066"
1377,"enh8","ENSG00000070404"
1378,"enh10","ENSG00000180198"
1379,"enh7","ENSG00000130270"
1380,"enh2","ENSG00000196683"
1381,"enh13","ENSG00000129933"
1382,"enh2","ENSG00000131097"
1383,"enh2","ENSG00000130005"
1384,"enh2","ENSG00000171159"
1385,"enh14","ENSG00000104131"
1386,"enh3","ENSG00000148411"
1387,"enh13","ENSG00000175334"
1388,"enh11","ENSG00000198840"
1389,"enh5","ENSG00000175854"
1390,"enh6","ENSG00000185761"
1391,"enh5","ENSG00000174744"
1392,"enh1","ENSG00000198417"
1393,"enh5","ENSG00000130559"
1394,"enh10","ENSG00000254901"
1395,"enh14","ENSG00000065268"
1396,"enh3","ENSG00000165698"
1397,"enh5","ENSG00000168061"
1398,"enh8","ENSG00000104973"
1399,"enh12","ENSG00000125319"
1400,"enh4","ENSG00000130559"
1401,"enh7","ENSG00000129946"
1402,"enh8","ENSG00000088682"
1403,"enh7","ENSG00000196312"
1404,"enh6","ENSG00000136929"
1405,"enh13","ENSG00000187193"
1406,"enh14","ENSG00000136840"
1407,"enh11","ENSG00000174744"
1408,"enh12","ENSG00000161671"
1409,"enh5","ENSG00000114999"
1410,"enh13","ENSG00000006016"
1411,"enh6","ENSG00000148300"
1412,"enh5","ENSG00000204291"
1413,"enh12","ENSG00000106803"
1414,"enh3","ENSG00000177125"
1415,"enh14","ENSG00000101132"
1416,"enh4","ENSG00000133059"
1417,"enh5","ENSG00000188177"
1418,"enh5","ENSG00000062822"
1419,"enh6","ENSG00000141933"
1420,"enh13","ENSG00000235034"
1421,"enh8","ENSG00000133243"
1422,"enh14","ENSG00000175467"
1423,"enh7","ENSG00000175294"
1424,"enh6","ENSG00000102900"
1425,"enh13","ENSG00000162669"
1426,"enh1","ENSG00000070423"
1427,"enh10","ENSG00000175602"
1428,"enh8","ENSG00000125485"
1429,"enh14","ENSG00000213221"
1430,"enh4","ENSG00000162300"
1431,"enh3","ENSG00000162769"
1432,"enh11","ENSG00000131398"
1433,"enh7","ENSG00000070388"
1434,"enh11","ENSG00000011304"
1435,"enh13","ENSG00000013306"
1436,"enh3","ENSG00000105669"
1437,"enh14","ENSG00000168056"
1438,"enh1","ENSG00000180198"
1439,"enh4","ENSG00000167470"
1440,"enh12","ENSG00000138756"
1441,"enh4","ENSG00000213445"
1442,"enh7","ENSG00000108840"
1443,"enh12","ENSG00000167748"
1444,"enh8","ENSG00000068976"
1445,"enh14","ENSG00000136908"
1446,"enh3","ENSG00000136908"
1447,"enh10","ENSG00000169288"
1448,"enh14","ENSG00000130772"
1449,"enh1","ENSG00000213221"
1450,"enh8","ENSG00000187024"
1451,"enh4","ENSG00000213024"
1452,"enh4","ENSG00000117625"
1453,"enh12","ENSG00000134318"
1454,"enh3","ENSG00000131400"
1455,"enh2","ENSG00000213221"
1456,"enh3","ENSG00000136895"
1457,"enh6","ENSG00000125170"
1458,"enh13","ENSG00000069482"
1459,"enh7","ENSG00000196152"
1460,"enh2","ENSG00000198917"
1461,"enh4","ENSG00000173327"
1462,"enh6","ENSG00000167136"
1463,"enh10","ENSG00000172500"
1464,"enh14","ENSG00000203705"
1465,"enh3","ENSG00000125485"
1466,"enh14","ENSG00000136938"
1467,"enh10","ENSG00000174842"
1468,"enh6","ENSG00000125319"
1469,"enh1","ENSG00000196152"
1470,"enh1","ENSG00000167114"
1471,"enh4","ENSG00000105383"
1472,"enh1","ENSG00000104689"
1473,"enh3","ENSG00000167468"
1474,"enh4","ENSG00000186501"
1475,"enh8","ENSG00000163291"
1476,"enh11","ENSG00000175550"
1477,"enh9","ENSG00000120913"
1478,"enh14","ENSG00000122484"
1479,"enh5","ENSG00000161692"
1480,"enh4","ENSG00000146670"
1481,"enh2","ENSG00000119559"
1482,"enh4","ENSG00000125611"
1483,"enh12","ENSG00000197766"
1484,"enh13","ENSG00000105556"
1485,"enh11","ENSG00000167468"
1486,"enh1","ENSG00000142530"
1487,"enh8","ENSG00000175602"
1488,"enh4","ENSG00000175573"
1489,"enh13","ENSG00000198840"
1490,"enh2","ENSG00000197766"
1491,"enh13","ENSG00000106976"
1492,"enh5","ENSG00000160445"
1493,"enh14","ENSG00000181035"
1494,"enh1","ENSG00000087152"
1495,"enh9","ENSG00000148296"
1496,"enh6","ENSG00000262874"
1497,"enh9","ENSG00000198858"
1498,"enh2","ENSG00000161677"
1499,"enh5","ENSG00000136807"
1500,"enh4","ENSG00000213023"
1501,"enh7","ENSG00000125124"
1502,"enh3","ENSG00000189195"
1503,"enh12","ENSG00000168061"
1504,"enh3","ENSG00000069702"
1505,"enh8","ENSG00000071626"
1506,"enh4","ENSG00000166188"
1507,"enh5","ENSG00000110047"
1508,"enh13","ENSG00000117266"
1509,"enh14","ENSG00000138756"
1510,"enh3","ENSG00000099624"
1511,"enh7","ENSG00000120913"
1512,"enh12","ENSG00000168062"
1513,"enh13","ENSG00000012048"
1514,"enh5","ENSG00000103021"
1515,"enh14","ENSG00000165698"
1516,"enh12","ENSG00000105662"
1517,"enh3","ENSG00000108852"
1518,"enh5","ENSG00000125637"
1519,"enh6","ENSG00000162300"
1520,"enh9","ENSG00000115255"
1521,"enh3","ENSG00000064787"
1522,"enh14","ENSG00000104897"
1523,"enh7","ENSG00000198840"
1524,"enh10","ENSG00000161677"
1525,"enh7","ENSG00000051108"
1526,"enh6","ENSG00000014138"
1527,"enh2","ENSG00000197540"
1528,"enh10","ENSG00000130511"
1529,"enh2","ENSG00000172081"
1530,"enh4","ENSG00000130775"
1531,"enh4","ENSG00000106992"
1532,"enh5","ENSG00000119185"
1533,"enh13","ENSG00000105497"
1534,"enh2","ENSG00000142528"
1535,"enh9","ENSG00000089639"
1536,"enh11","ENSG00000148411"
1537,"enh14","ENSG00000175573"
1538,"enh10","ENSG00000197136"
1539,"enh11","ENSG00000070404"
1540,"enh1","ENSG00000125611"
1541,"enh10","ENSG00000175376"
1542,"enh3","ENSG00000138756"
1543,"enh4","ENSG00000162873"
1544,"enh1","ENSG00000119523"
1545,"enh9","ENSG00000117601"
1546,"enh12","ENSG00000172732"
1547,"enh5","ENSG00000196152"
1548,"enh9","ENSG00000118046"
1549,"enh3","ENSG00000175550"
1550,"enh6","ENSG00000174529"
1551,"enh8","ENSG00000004939"
1552,"enh10","ENSG00000131094"
1553,"enh5","ENSG00000160408"
1554,"enh2","ENSG00000143493"
1555,"enh11","ENSG00000149809"
1556,"enh4","ENSG00000110047"
1557,"enh8","ENSG00000171169"
1558,"enh11","ENSG00000172977"
1559,"enh1","ENSG00000136932"
1560,"enh11","ENSG00000213221"
1561,"enh2","ENSG00000009780"
1562,"enh6","ENSG00000161654"
1563,"enh11","ENSG00000141934"
1564,"enh7","ENSG00000105383"
1565,"enh8","ENSG00000115970"
1566,"enh13","ENSG00000174996"
1567,"enh14","ENSG00000173465"
1568,"enh13","ENSG00000105676"
1569,"enh5","ENSG00000099625"
1570,"enh13","ENSG00000062822"
1571,"enh11","ENSG00000115944"
1572,"enh12","ENSG00000051108"
1573,"enh14","ENSG00000175832"
1574,"enh9","ENSG00000133275"
1575,"enh2","ENSG00000095380"
1576,"enh7","ENSG00000198417"
1577,"enh2","ENSG00000130770"
1578,"enh9","ENSG00000108883"
1579,"enh7","ENSG00000013306"
1580,"enh6","ENSG00000106785"
1581,"enh1","ENSG00000134317"
1582,"enh13","ENSG00000125170"
1583,"enh14","ENSG00000167005"
1584,"enh13","ENSG00000125148"
1585,"enh12","ENSG00000165688"
1586,"enh3","ENSG00000142784"
1587,"enh10","ENSG00000161682"
1588,"enh1","ENSG00000115257"
1589,"enh9","ENSG00000005007"
1590,"enh12","ENSG00000196312"
1591,"enh9","ENSG00000148300"
1592,"enh7","ENSG00000167136"
1593,"enh2","ENSG00000160345"
1594,"enh11","ENSG00000105497"
1595,"enh9","ENSG00000105676"
1596,"enh2","ENSG00000136874"
1597,"enh11","ENSG00000135821"
1598,"enh11","ENSG00000125319"
1599,"enh12","ENSG00000057935"
1600,"enh12","ENSG00000105717"
1601,"enh5","ENSG00000070388"
1602,"enh8","ENSG00000196961"
1603,"enh7","ENSG00000167487"
1604,"enh10","ENSG00000135821"
1605,"enh2","ENSG00000196415"
1606,"enh6","ENSG00000101132"
1607,"enh6","ENSG00000110047"
1608,"enh10","ENSG00000105497"
1609,"enh11","ENSG00000152518"
1610,"enh3","ENSG00000116017"
1611,"enh13","ENSG00000119392"
1612,"enh1","ENSG00000174903"
1613,"enh1","ENSG00000115268"
1614,"enh12","ENSG00000159461"
1615,"enh13","ENSG00000136842"
1616,"enh11","ENSG00000148334"
1617,"enh7","ENSG00000065268"
1618,"enh6","ENSG00000105708"
1619,"enh3","ENSG00000117697"
1620,"enh6","ENSG00000117748"
1621,"enh4","ENSG00000142186"
1622,"enh2","ENSG00000104679"
1623,"enh6","ENSG00000181781"
1624,"enh5","ENSG00000125611"
1625,"enh3","ENSG00000064607"
1626,"enh14","ENSG00000100316"
1627,"enh8","ENSG00000204710"
1628,"enh5","ENSG00000126705"
1629,"enh6","ENSG00000126698"
1630,"enh1","ENSG00000168066"
1631,"enh3","ENSG00000167759"
1632,"enh8","ENSG00000104689"
1633,"enh3","ENSG00000160446"
1634,"enh4","ENSG00000070770"
1635,"enh4","ENSG00000197958"
1636,"enh5","ENSG00000105556"
1637,"enh9","ENSG00000149792"
1638,"enh7","ENSG00000125148"
1639,"enh4","ENSG00000104131"
1640,"enh7","ENSG00000180448"
1641,"enh2","ENSG00000129951"
1642,"enh5","ENSG00000117758"
1643,"enh11","ENSG00000004939"
1644,"enh9","ENSG00000158161"
1645,"enh13","ENSG00000126705"
1646,"enh6","ENSG00000189195"
1647,"enh5","ENSG00000126391"
1648,"enh13","ENSG00000136682"
1649,"enh9","ENSG00000115761"
1650,"enh6","ENSG00000102934"
1651,"enh3","ENSG00000174950"
1652,"enh4","ENSG00000136811"
1653,"enh11","ENSG00000099864"
1654,"enh7","ENSG00000135046"
1655,"enh10","ENSG00000014138"
1656,"enh1","ENSG00000167748"
1657,"enh2","ENSG00000115091"
1658,"enh10","ENSG00000102996"
1659,"enh3","ENSG00000169607"
1660,"enh6","ENSG00000135821"
1661,"enh7","ENSG00000091947"
1662,"enh7","ENSG00000117266"
1663,"enh9","ENSG00000107290"
1664,"enh6","ENSG00000174744"
1665,"enh13","ENSG00000105374"
1666,"enh10","ENSG00000105700"
1667,"enh10","ENSG00000168591"
1668,"enh12","ENSG00000167487"
1669,"enh9","ENSG00000148288"
1670,"enh1","ENSG00000165092"
1671,"enh8","ENSG00000108883"
1672,"enh12","ENSG00000147669"
1673,"enh12","ENSG00000155380"
1674,"enh5","ENSG00000162772"
1675,"enh6","ENSG00000228300"
1676,"enh13","ENSG00000176973"
1677,"enh3","ENSG00000100316"
1678,"enh5","ENSG00000175376"
1679,"enh4","ENSG00000091947"
1680,"enh3","ENSG00000161671"
1681,"enh1","ENSG00000071564"
1682,"enh3","ENSG00000070761"
1683,"enh14","ENSG00000262874"
1684,"enh2","ENSG00000120889"
1685,"enh10","ENSG00000160293"
1686,"enh12","ENSG00000131409"
1687,"enh14","ENSG00000012048"
1688,"enh6","ENSG00000138756"
1689,"enh1","ENSG00000107021"
1690,"enh12","ENSG00000148291"
1691,"enh3","ENSG00000091947"
1692,"enh6","ENSG00000167748"
1693,"enh7","ENSG00000159579"
1694,"enh12","ENSG00000175221"
1695,"enh14","ENSG00000140859"
1696,"enh9","ENSG00000175467"
1697,"enh12","ENSG00000122140"
1698,"enh13","ENSG00000108309"
1699,"enh12","ENSG00000133275"
1700,"enh1","ENSG00000148291"
1701,"enh10","ENSG00000213023"
1702,"enh8","ENSG00000197136"
1703,"enh5","ENSG00000106803"
1704,"enh14","ENSG00000167114"
1705,"enh11","ENSG00000181773"
1706,"enh4","ENSG00000087365"
1707,"enh3","ENSG00000117601"
1708,"enh14","ENSG00000177125"
1709,"enh3","ENSG00000069275"
1710,"enh1","ENSG00000168061"
1711,"enh12","ENSG00000104131"
1712,"enh6","ENSG00000160404"
1713,"enh14","ENSG00000185278"
1714,"enh12","ENSG00000198917"
1715,"enh14","ENSG00000140854"
1716,"enh14","ENSG00000102931"
1717,"enh7","ENSG00000174950"
1718,"enh6","ENSG00000143882"
1719,"enh9","ENSG00000076321"
1720,"enh1","ENSG00000004939"
1721,"enh1","ENSG00000126698"
1722,"enh10","ENSG00000082512"
1723,"enh10","ENSG00000167118"
1724,"enh3","ENSG00000125124"
1725,"enh13","ENSG00000129951"
1726,"enh11","ENSG00000119203"
1727,"enh11","ENSG00000174871"
1728,"enh4","ENSG00000105053"
1729,"enh7","ENSG00000153107"
1730,"enh3","ENSG00000172232"
1731,"enh5","ENSG00000107372"
1732,"enh14","ENSG00000175550"
1733,"enh11","ENSG00000174996"
1734,"enh2","ENSG00000129933"
1735,"enh2","ENSG00000099804"
1736,"enh7","ENSG00000169136"
1737,"enh13","ENSG00000174842"
1738,"enh5","ENSG00000167747"
1739,"enh7","ENSG00000064687"
1740,"enh8","ENSG00000162298"
1741,"enh6","ENSG00000153107"
1742,"enh9","ENSG00000167748"
1743,"enh5","ENSG00000126698"
1744,"enh14","ENSG00000126698"
1745,"enh14","ENSG00000163297"
1746,"enh13","ENSG00000105662"
1747,"enh2","ENSG00000153107"
1748,"enh11","ENSG00000117593"
1749,"enh2","ENSG00000162241"
1750,"enh2","ENSG00000138756"
1751,"enh2","ENSG00000171940"
1752,"enh9","ENSG00000254470"
1753,"enh2","ENSG00000169136"
1754,"enh2","ENSG00000144134"
1755,"enh1","ENSG00000136840"
1756,"enh14","ENSG00000198858"
1757,"enh8","ENSG00000173465"
1758,"enh6","ENSG00000169136"
1759,"enh13","ENSG00000177125"
1760,"enh4","ENSG00000117280"
1761,"enh5","ENSG00000068976"
1762,"enh13","ENSG00000196683"
1763,"enh13","ENSG00000166188"
1764,"enh2","ENSG00000102900"
1765,"enh3","ENSG00000115756"
1766,"enh8","ENSG00000153107"
1767,"enh11","ENSG00000165698"
1768,"enh10","ENSG00000189195"
1769,"enh14","ENSG00000160161"
1770,"enh6","ENSG00000140854"
1771,"enh1","ENSG00000064666"
1772,"enh11","ENSG00000125485"
1773,"enh11","ENSG00000180198"
1774,"enh4","ENSG00000104885"
1775,"enh9","ENSG00000108849"
1776,"enh2","ENSG00000135821"
1777,"enh5","ENSG00000167748"
1778,"enh7","ENSG00000105669"
1779,"enh5","ENSG00000166188"
1780,"enh10","ENSG00000175906"
1781,"enh1","ENSG00000176890"
1782,"enh11","ENSG00000148288"
1783,"enh10","ENSG00000106992"
1784,"enh11","ENSG00000123685"
1785,"enh10","ENSG00000148296"
1786,"enh2","ENSG00000106799"
1787,"enh10","ENSG00000130775"
1788,"enh7","ENSG00000115255"
1789,"enh7","ENSG00000160345"
1790,"enh12","ENSG00000136448"
1791,"enh9","ENSG00000117650"
1792,"enh3","ENSG00000129951"
1793,"enh8","ENSG00000160446"
1794,"enh5","ENSG00000106785"
1795,"enh13","ENSG00000117697"
1796,"enh6","ENSG00000136936"
1797,"enh14","ENSG00000125319"
1798,"enh7","ENSG00000165698"
1799,"enh8","ENSG00000168061"
1800,"enh9","ENSG00000135870"
1801,"enh6","ENSG00000117593"
1802,"enh10","ENSG00000108312"
1803,"enh12","ENSG00000120889"
1804,"enh8","ENSG00000147454"
1805,"enh4","ENSG00000167106"
1806,"enh14","ENSG00000064687"
1807,"enh14","ENSG00000172757"
1808,"enh7","ENSG00000158195"
1809,"enh8","ENSG00000039650"
1810,"enh7","ENSG00000204673"
1811,"enh4","ENSG00000174851"
1812,"enh13","ENSG00000082512"
1813,"enh7","ENSG00000051128"
1814,"enh14","ENSG00000105717"
1815,"enh10","ENSG00000104960"
1816,"enh13","ENSG00000120656"
1817,"enh14","ENSG00000197816"
1818,"enh1","ENSG00000162298"
1819,"enh3","ENSG00000196422"
1820,"enh1","ENSG00000130772"
1821,"enh14","ENSG00000158711"
1822,"enh10","ENSG00000130270"
1823,"enh5","ENSG00000133895"
1824,"enh13","ENSG00000159579"
1825,"enh11","ENSG00000102934"
1826,"enh6","ENSG00000148339"
1827,"enh11","ENSG00000160408"
1828,"enh14","ENSG00000141933"
1829,"enh2","ENSG00000108840"
1830,"enh3","ENSG00000105676"
1831,"enh4","ENSG00000131408"
1832,"enh14","ENSG00000184988"
1833,"enh9","ENSG00000160404"
1834,"enh7","ENSG00000136925"
1835,"enh9","ENSG00000120334"
1836,"enh3","ENSG00000125630"
1837,"enh11","ENSG00000160345"
1838,"enh12","ENSG00000235034"
1839,"enh5","ENSG00000087365"
1840,"enh2","ENSG00000090273"
1841,"enh5","ENSG00000135821"
1842,"enh13","ENSG00000136937"
1843,"enh13","ENSG00000064490"
1844,"enh2","ENSG00000250067"
1845,"enh11","ENSG00000107372"
1846,"enh3","ENSG00000167106"
1847,"enh13","ENSG00000175854"
1848,"enh6","ENSG00000174547"
1849,"enh12","ENSG00000107290"
1850,"enh2","ENSG00000095383"
1851,"enh7","ENSG00000188177"
1852,"enh13","ENSG00000174606"
1853,"enh13","ENSG00000068971"
1854,"enh2","ENSG00000115268"
1855,"enh5","ENSG00000142733"
1856,"enh1","ENSG00000125319"
1857,"enh12","ENSG00000262874"
1858,"enh12","ENSG00000110046"
1859,"enh13","ENSG00000171219"
1860,"enh8","ENSG00000136828"
1861,"enh2","ENSG00000184162"
1862,"enh5","ENSG00000167118"
1863,"enh3","ENSG00000115084"
1864,"enh9","ENSG00000185198"
1865,"enh5","ENSG00000182963"
1866,"enh8","ENSG00000166188"
1867,"enh9","ENSG00000172775"
1868,"enh9","ENSG00000175832"
1869,"enh12","ENSG00000167118"
1870,"enh12","ENSG00000064490"
1871,"enh6","ENSG00000241852"
1872,"enh8","ENSG00000119333"
1873,"enh1","ENSG00000160271"
1874,"enh11","ENSG00000138036"
1875,"enh4","ENSG00000122482"
1876,"enh10","ENSG00000116017"
1877,"enh8","ENSG00000130559"
1878,"enh9","ENSG00000155380"
1879,"enh5","ENSG00000254470"
1880,"enh14","ENSG00000120889"
1881,"enh5","ENSG00000172775"
1882,"enh6","ENSG00000068971"
1883,"enh3","ENSG00000175707"
1884,"enh4","ENSG00000167491"
1885,"enh10","ENSG00000173039"
1886,"enh9","ENSG00000133895"
1887,"enh3","ENSG00000163291"
1888,"enh9","ENSG00000156269"
1889,"enh1","ENSG00000104885"
1890,"enh12","ENSG00000196550"
1891,"enh6","ENSG00000131094"
1892,"enh14","ENSG00000129911"
1893,"enh10","ENSG00000118046"
1894,"enh9","ENSG00000187193"
1895,"enh2","ENSG00000174950"
1896,"enh7","ENSG00000099817"
1897,"enh11","ENSG00000099804"
1898,"enh9","ENSG00000125611"
1899,"enh11","ENSG00000010361"
1900,"enh3","ENSG00000133895"
1901,"enh1","ENSG00000181781"
1902,"enh2","ENSG00000213465"
1903,"enh6","ENSG00000235034"
1904,"enh4","ENSG00000187193"
1905,"enh9","ENSG00000171940"
1906,"enh1","ENSG00000185278"
1907,"enh4","ENSG00000079313"
1908,"enh7","ENSG00000103021"
1909,"enh5","ENSG00000069702"
1910,"enh6","ENSG00000185198"
1911,"enh13","ENSG00000198858"
1912,"enh3","ENSG00000174851"
1913,"enh5","ENSG00000125484"
1914,"enh9","ENSG00000119559"
1915,"enh5","ENSG00000090020"
1916,"enh6","ENSG00000106976"
1917,"enh1","ENSG00000153208"
1918,"enh3","ENSG00000180198"
1919,"enh4","ENSG00000101132"
1920,"enh9","ENSG00000129951"
1921,"enh4","ENSG00000198492"
1922,"enh7","ENSG00000136895"
1923,"enh6","ENSG00000010361"
1924,"enh6","ENSG00000172232"
1925,"enh3","ENSG00000151694"
1926,"enh11","ENSG00000198417"
1927,"enh2","ENSG00000117650"
1928,"enh12","ENSG00000129968"
1929,"enh12","ENSG00000148356"
1930,"enh2","ENSG00000167112"
1931,"enh10","ENSG00000116014"
1932,"enh5","ENSG00000122482"
1933,"enh9","ENSG00000198746"
1934,"enh5","ENSG00000106991"
1935,"enh10","ENSG00000104131"
1936,"enh5","ENSG00000174903"
1937,"enh9","ENSG00000174842"
1938,"enh2","ENSG00000181035"
1939,"enh1","ENSG00000147457"
1940,"enh6","ENSG00000130772"
1941,"enh4","ENSG00000104689"
1942,"enh9","ENSG00000198840"
1943,"enh10","ENSG00000181781"
1944,"enh4","ENSG00000148356"
1945,"enh10","ENSG00000148290"
1946,"enh3","ENSG00000136938"
1947,"enh3","ENSG00000163297"
1948,"enh2","ENSG00000099625"
1949,"enh4","ENSG00000119514"
1950,"enh10","ENSG00000227500"
1951,"enh1","ENSG00000172775"
1952,"enh7","ENSG00000253368"
1953,"enh1","ENSG00000039650"
1954,"enh6","ENSG00000167106"
1955,"enh11","ENSG00000064932"
1956,"enh4","ENSG00000158161"
1957,"enh4","ENSG00000227500"
1958,"enh5","ENSG00000167106"
1959,"enh10","ENSG00000117751"
1960,"enh7","ENSG00000009780"
1961,"enh9","ENSG00000172922"
1962,"enh5","ENSG00000167470"
1963,"enh14","ENSG00000163291"
1964,"enh1","ENSG00000160408"
1965,"enh11","ENSG00000108883"
1966,"enh7","ENSG00000108861"
1967,"enh5","ENSG00000171159"
1968,"enh14","ENSG00000136856"
1969,"enh13","ENSG00000173039"
1970,"enh1","ENSG00000198746"
1971,"enh11","ENSG00000131400"
1972,"enh14","ENSG00000136895"
1973,"enh7","ENSG00000117625"
1974,"enh1","ENSG00000183831"
1975,"enh6","ENSG00000204710"
1976,"enh2","ENSG00000131409"
1977,"enh2","ENSG00000176973"
1978,"enh4","ENSG00000100316"
1979,"enh7","ENSG00000115761"
1980,"enh5","ENSG00000105696"
1981,"enh5","ENSG00000165699"
1982,"enh1","ENSG00000186010"
1983,"enh5","ENSG00000168062"
1984,"enh11","ENSG00000174851"
1985,"enh6","ENSG00000125637"
1986,"enh12","ENSG00000161647"
1987,"enh2","ENSG00000197136"
1988,"enh4","ENSG00000120896"
1989,"enh4","ENSG00000087263"
1990,"enh8","ENSG00000160326"
1991,"enh10","ENSG00000170385"
1992,"enh14","ENSG00000118046"
1993,"enh10","ENSG00000144134"
1994,"enh12","ENSG00000105497"
1995,"enh14","ENSG00000213988"
1996,"enh13","ENSG00000119335"
1997,"enh8","ENSG00000117751"
1998,"enh10","ENSG00000159648"
1999,"enh2","ENSG00000106803"
2000,"enh1","ENSG00000256771"
2001,"enh3","ENSG00000138772"
2002,"enh11","ENSG00000152527"
2003,"enh12","ENSG00000135736"
2004,"enh7","ENSG00000005961"
2005,"enh11","ENSG00000148339"
2006,"enh3","ENSG00000223802"
2007,"enh2","ENSG00000228300"
2008,"enh10","ENSG00000119203"
2009,"enh3","ENSG00000144130"
2010,"enh9","ENSG00000197958"
2011,"enh3","ENSG00000148297"
2012,"enh3","ENSG00000162772"
2013,"enh7","ENSG00000175906"
2014,"enh11","ENSG00000147454"
2015,"enh10","ENSG00000129911"
2016,"enh11","ENSG00000162878"
2017,"enh3","ENSG00000119392"
2018,"enh3","ENSG00000104960"
2019,"enh5","ENSG00000175334"
2020,"enh10","ENSG00000174669"
2021,"enh4","ENSG00000136682"
2022,"enh6","ENSG00000158161"
2023,"enh5","ENSG00000079313"
2024,"enh3","ENSG00000099875"
2025,"enh9","ENSG00000142528"
2026,"enh2","ENSG00000118046"
2027,"enh2","ENSG00000105696"
2028,"enh5","ENSG00000197694"
2029,"enh6","ENSG00000161677"
2030,"enh6","ENSG00000167114"
2031,"enh7","ENSG00000119333"
2032,"enh12","ENSG00000153208"
2033,"enh6","ENSG00000170385"
2034,"enh14","ENSG00000088682"
2035,"enh4","ENSG00000065600"
2036,"enh2","ENSG00000066027"
2037,"enh8","ENSG00000149798"
2038,"enh9","ENSG00000122482"
2039,"enh14","ENSG00000142784"
2040,"enh5","ENSG00000108849"
2041,"enh8","ENSG00000168056"
2042,"enh4","ENSG00000117592"
2043,"enh1","ENSG00000160360"
2044,"enh11","ENSG00000167106"
2045,"enh2","ENSG00000120656"
2046,"enh4","ENSG00000165699"
2047,"enh14","ENSG00000165092"
2048,"enh10","ENSG00000172232"
2049,"enh12","ENSG00000142530"
2050,"enh14","ENSG00000162873"
2051,"enh9","ENSG00000136932"
2052,"enh3","ENSG00000090020"
2053,"enh1","ENSG00000254986"
2054,"enh13","ENSG00000116014"
2055,"enh7","ENSG00000213465"
2056,"enh3","ENSG00000262874"
2057,"enh10","ENSG00000065268"
2058,"enh5","ENSG00000099817"
2059,"enh12","ENSG00000160404"
2060,"enh14","ENSG00000136874"
2061,"enh3","ENSG00000175115"
2062,"enh1","ENSG00000204710"
2063,"enh1","ENSG00000152527"
2064,"enh10","ENSG00000174996"
2065,"enh14","ENSG00000117751"
2066,"enh3","ENSG00000198492"
2067,"enh8","ENSG00000102934"
2068,"enh7","ENSG00000148303"
2069,"enh13","ENSG00000165661"
2070,"enh11","ENSG00000131094"
2071,"enh14","ENSG00000168062"
2072,"enh12","ENSG00000076321"
2073,"enh14","ENSG00000064547"
2074,"enh2","ENSG00000149806"
2075,"enh13","ENSG00000136908"
2076,"enh4","ENSG00000174276"
2077,"enh4","ENSG00000116014"
2078,"enh3","ENSG00000104973"
2079,"enh12","ENSG00000105556"
2080,"enh5","ENSG00000238227"
2081,"enh1","ENSG00000160318"
2082,"enh8","ENSG00000115756"
2083,"enh9","ENSG00000115091"
2084,"enh10","ENSG00000148288"
2085,"enh9","ENSG00000134330"
2086,"enh11","ENSG00000106799"
2087,"enh1","ENSG00000173442"
2088,"enh13","ENSG00000172922"
2089,"enh12","ENSG00000158161"
2090,"enh13","ENSG00000152518"
2091,"enh13","ENSG00000198492"
2092,"enh10","ENSG00000130513"
2093,"enh3","ENSG00000102931"
2094,"enh7","ENSG00000136943"
2095,"enh3","ENSG00000197766"
2096,"enh13","ENSG00000126709"
2097,"enh12","ENSG00000135046"
2098,"enh9","ENSG00000160408"
2099,"enh6","ENSG00000196683"
2100,"enh10","ENSG00000051108"
2101,"enh12","ENSG00000180329"
2102,"enh12","ENSG00000167136"
2103,"enh9","ENSG00000104885"
2104,"enh11","ENSG00000102978"
2105,"enh9","ENSG00000197540"
2106,"enh2","ENSG00000160326"
2107,"enh4","ENSG00000175906"
2108,"enh14","ENSG00000099821"
2109,"enh9","ENSG00000125637"
2110,"enh6","ENSG00000062822"
2111,"enh11","ENSG00000174547"
2112,"enh7","ENSG00000130766"
2113,"enh14","ENSG00000099625"
2114,"enh12","ENSG00000213988"
2115,"enh8","ENSG00000161647"
2116,"enh5","ENSG00000071564"
2117,"enh2","ENSG00000108309"
2118,"enh6","ENSG00000127540"
2119,"enh8","ENSG00000009780"
2120,"enh3","ENSG00000126391"
2121,"enh7","ENSG00000117280"
2122,"enh11","ENSG00000254470"
2123,"enh8","ENSG00000117748"
2124,"enh10","ENSG00000175221"
2125,"enh2","ENSG00000160445"
2126,"enh14","ENSG00000099817"
2127,"enh4","ENSG00000130005"
2128,"enh6","ENSG00000142784"
2129,"enh7","ENSG00000167112"
2130,"enh3","ENSG00000149806"
2131,"enh1","ENSG00000196550"
2132,"enh6","ENSG00000165684"
2133,"enh12","ENSG00000140859"
2134,"enh8","ENSG00000181773"
2135,"enh3","ENSG00000119523"
2136,"enh12","ENSG00000198840"
2137,"enh2","ENSG00000196550"
2138,"enh10","ENSG00000131400"
2139,"enh5","ENSG00000167103"
2140,"enh14","ENSG00000125148"
2141,"enh10","ENSG00000173465"
2142,"enh4","ENSG00000105669"
2143,"enh6","ENSG00000161692"
2144,"enh14","ENSG00000013306"
2145,"enh11","ENSG00000167747"
2146,"enh14","ENSG00000107021"
2147,"enh9","ENSG00000070761"
2148,"enh5","ENSG00000175294"
2149,"enh2","ENSG00000125144"
2150,"enh8","ENSG00000117266"
2151,"enh5","ENSG00000057935"
2152,"enh6","ENSG00000117650"
2153,"enh7","ENSG00000108309"
2154,"enh12","ENSG00000172059"
2155,"enh13","ENSG00000196415"
2156,"enh9","ENSG00000087263"
2157,"enh8","ENSG00000155380"
2158,"enh5","ENSG00000175592"
2159,"enh12","ENSG00000051128"
2160,"enh6","ENSG00000130560"
2161,"enh12","ENSG00000138767"
2162,"enh10","ENSG00000174851"
2163,"enh10","ENSG00000147439"
2164,"enh5","ENSG00000125144"
2165,"enh9","ENSG00000186010"
2166,"enh8","ENSG00000160271"
2167,"enh5","ENSG00000171169"
2168,"enh1","ENSG00000125630"
2169,"enh11","ENSG00000152061"
2170,"enh14","ENSG00000106799"
2171,"enh11","ENSG00000106789"
2172,"enh11","ENSG00000167112"
2173,"enh3","ENSG00000198870"
2174,"enh7","ENSG00000142751"
2175,"enh12","ENSG00000108840"
2176,"enh6","ENSG00000174842"
2177,"enh14","ENSG00000197766"
2178,"enh14","ENSG00000105701"
2179,"enh4","ENSG00000122026"
2180,"enh3","ENSG00000213023"
2181,"enh1","ENSG00000066027"
2182,"enh6","ENSG00000136840"
2183,"enh1","ENSG00000250067"
2184,"enh10","ENSG00000177125"
2185,"enh1","ENSG00000167106"
2186,"enh6","ENSG00000117751"
2187,"enh1","ENSG00000161671"
2188,"enh12","ENSG00000065268"
2189,"enh2","ENSG00000181781"
2190,"enh2","ENSG00000162300"
2191,"enh4","ENSG00000117691"
2192,"enh4","ENSG00000107021"
2193,"enh13","ENSG00000133895"
2194,"enh3","ENSG00000079313"
2195,"enh11","ENSG00000180329"
2196,"enh1","ENSG00000104960"
2197,"enh2","ENSG00000133275"
2198,"enh13","ENSG00000064787"
2199,"enh9","ENSG00000162300"
2200,"enh9","ENSG00000119203"
2201,"enh4","ENSG00000181773"
2202,"enh13","ENSG00000187024"
2203,"enh6","ENSG00000064545"
2204,"enh2","ENSG00000136932"
2205,"enh11","ENSG00000130766"
2206,"enh14","ENSG00000136925"
2207,"enh12","ENSG00000162300"
2208,"enh7","ENSG00000144130"
2209,"enh5","ENSG00000136874"
2210,"enh9","ENSG00000136643"
2211,"enh10","ENSG00000131408"
2212,"enh2","ENSG00000070404"
2213,"enh11","ENSG00000158711"
2214,"enh7","ENSG00000142784"
2215,"enh3","ENSG00000187193"
2216,"enh13","ENSG00000116017"
2217,"enh8","ENSG00000142751"
2218,"enh3","ENSG00000181896"
2219,"enh2","ENSG00000165684"
2220,"enh8","ENSG00000180329"
2221,"enh9","ENSG00000158715"
2222,"enh4","ENSG00000174547"
2223,"enh7","ENSG00000148297"
2224,"enh8","ENSG00000172059"
2225,"enh13","ENSG00000117625"
2226,"enh14","ENSG00000147454"
2227,"enh11","ENSG00000171159"
2228,"enh9","ENSG00000256771"
2229,"enh12","ENSG00000136938"
2230,"enh4","ENSG00000105656"
2231,"enh5","ENSG00000198917"
2232,"enh3","ENSG00000115761"
2233,"enh5","ENSG00000090273"
2234,"enh1","ENSG00000174276"
2235,"enh9","ENSG00000115758"
2236,"enh3","ENSG00000143924"
2237,"enh2","ENSG00000174516"
2238,"enh10","ENSG00000091947"
2239,"enh9","ENSG00000188177"
2240,"enh13","ENSG00000167491"
2241,"enh10","ENSG00000163291"
2242,"enh10","ENSG00000115970"
2243,"enh14","ENSG00000107290"
2244,"enh13","ENSG00000197766"
2245,"enh3","ENSG00000203705"
2246,"enh7","ENSG00000168061"
2247,"enh14","ENSG00000130766"
2248,"enh5","ENSG00000130768"
2249,"enh8","ENSG00000142186"
2250,"enh4","ENSG00000070423"
2251,"enh9","ENSG00000196188"
2252,"enh7","ENSG00000204138"
2253,"enh7","ENSG00000126709"
2254,"enh6","ENSG00000160408"
2255,"enh12","ENSG00000160326"
2256,"enh13","ENSG00000204710"
2257,"enh4","ENSG00000065000"
2258,"enh2","ENSG00000167468"
2259,"enh5","ENSG00000221983"
2260,"enh13","ENSG00000223802"
2261,"enh2","ENSG00000173442"
2262,"enh4","ENSG00000010361"
2263,"enh11","ENSG00000196188"
2264,"enh1","ENSG00000167103"
2265,"enh13","ENSG00000167759"
2266,"enh11","ENSG00000167103"
2267,"enh3","ENSG00000133065"
2268,"enh13","ENSG00000149792"
2269,"enh5","ENSG00000122484"
2270,"enh11","ENSG00000117748"
2271,"enh7","ENSG00000117697"
2272,"enh10","ENSG00000106991"
2273,"enh8","ENSG00000174996"
2274,"enh12","ENSG00000119523"
2275,"enh7","ENSG00000167114"
2276,"enh11","ENSG00000087152"
2277,"enh14","ENSG00000148297"
2278,"enh6","ENSG00000071626"
2279,"enh10","ENSG00000115257"
2280,"enh2","ENSG00000103021"
2281,"enh9","ENSG00000228300"
2282,"enh4","ENSG00000065268"
2283,"enh13","ENSG00000197958"
2284,"enh5","ENSG00000011304"
2285,"enh12","ENSG00000099817"
2286,"enh1","ENSG00000181588"
2287,"enh2","ENSG00000165092"
2288,"enh4","ENSG00000196422"
2289,"enh13","ENSG00000135736"
2290,"enh2","ENSG00000167005"
2291,"enh14","ENSG00000011304"
2292,"enh8","ENSG00000176973"
2293,"enh14","ENSG00000133275"
2294,"enh8","ENSG00000117697"
2295,"enh10","ENSG00000148356"
2296,"enh14","ENSG00000079313"
2297,"enh13","ENSG00000138756"
2298,"enh9","ENSG00000148308"
2299,"enh7","ENSG00000125618"
2300,"enh14","ENSG00000188177"
2301,"enh7","ENSG00000069275"
2302,"enh5","ENSG00000005007"
2303,"enh4","ENSG00000102900"
2304,"enh12","ENSG00000160563"
2305,"enh14","ENSG00000167491"
2306,"enh3","ENSG00000185198"
2307,"enh13","ENSG00000120889"
2308,"enh4","ENSG00000185761"
2309,"enh1","ENSG00000162419"
2310,"enh9","ENSG00000198417"
2311,"enh12","ENSG00000146670"
2312,"enh3","ENSG00000167123"
2313,"enh14","ENSG00000006015"
2314,"enh8","ENSG00000174871"
2315,"enh3","ENSG00000106799"
2316,"enh1","ENSG00000142544"
2317,"enh11","ENSG00000142784"
2318,"enh3","ENSG00000221983"
2319,"enh9","ENSG00000158711"
2320,"enh4","ENSG00000108309"
2321,"enh6","ENSG00000163297"
2322,"enh13","ENSG00000186806"
2323,"enh13","ENSG00000197136"
2324,"enh12","ENSG00000125637"
2325,"enh14","ENSG00000065000"
2326,"enh5","ENSG00000106976"
2327,"enh14","ENSG00000167748"
2328,"enh12","ENSG00000012048"
2329,"enh1","ENSG00000117280"
2330,"enh4","ENSG00000006016"
2331,"enh14","ENSG00000168591"
2332,"enh8","ENSG00000172081"
2333,"enh1","ENSG00000070770"
2334,"enh13","ENSG00000175906"
2335,"enh7","ENSG00000125485"
2336,"enh4","ENSG00000014138"
2337,"enh5","ENSG00000160953"
2338,"enh13","ENSG00000130559"
2339,"enh9","ENSG00000105383"
2340,"enh5","ENSG00000161654"
2341,"enh3","ENSG00000064932"
2342,"enh5","ENSG00000102931"
2343,"enh1","ENSG00000196188"
2344,"enh4","ENSG00000118046"
2345,"enh8","ENSG00000115084"
2346,"enh4","ENSG00000160404"
2347,"enh12","ENSG00000105472"
2348,"enh14","ENSG00000173327"
2349,"enh9","ENSG00000006016"
2350,"enh8","ENSG00000108840"
2351,"enh13","ENSG00000067596"
2352,"enh6","ENSG00000175467"
2353,"enh2","ENSG00000064547"
2354,"enh2","ENSG00000104885"
2355,"enh13","ENSG00000148303"
2356,"enh13","ENSG00000162300"
2357,"enh13","ENSG00000095380"
2358,"enh1","ENSG00000168067"
2359,"enh11","ENSG00000005194"
2360,"enh12","ENSG00000221983"
2361,"enh11","ENSG00000183831"
2362,"enh1","ENSG00000148248"
2363,"enh3","ENSG00000185761"
2364,"enh4","ENSG00000161654"
2365,"enh10","ENSG00000160404"
2366,"enh5","ENSG00000196188"
2367,"enh7","ENSG00000148300"
2368,"enh12","ENSG00000172232"
2369,"enh6","ENSG00000070770"
2370,"enh14","ENSG00000105696"
2371,"enh2","ENSG00000126709"
2372,"enh8","ENSG00000165698"
2373,"enh14","ENSG00000174996"
2374,"enh4","ENSG00000115944"
2375,"enh5","ENSG00000235034"
2376,"enh1","ENSG00000165688"
2377,"enh14","ENSG00000197694"
2378,"enh13","ENSG00000167468"
2379,"enh1","ENSG00000108312"
2380,"enh1","ENSG00000068831"
2381,"enh8","ENSG00000129946"
2382,"enh13","ENSG00000066027"
2383,"enh2","ENSG00000165688"
2384,"enh7","ENSG00000204291"
2385,"enh10","ENSG00000160271"
2386,"enh6","ENSG00000213024"
2387,"enh10","ENSG00000117697"
2388,"enh11","ENSG00000090020"
2389,"enh6","ENSG00000123685"
2390,"enh1","ENSG00000099817"
2391,"enh6","ENSG00000156269"
2392,"enh5","ENSG00000160404"
2393,"enh1","ENSG00000130270"
2394,"enh1","ENSG00000136874"
2395,"enh11","ENSG00000088682"
2396,"enh11","ENSG00000108852"
2397,"enh12","ENSG00000198492"
2398,"enh13","ENSG00000184988"
2399,"enh6","ENSG00000151694"
2400,"enh2","ENSG00000174842"
2401,"enh14","ENSG00000161682"
2402,"enh5","ENSG00000227500"
2403,"enh10","ENSG00000147669"
2404,"enh4","ENSG00000067596"
2405,"enh12","ENSG00000160408"
2406,"enh9","ENSG00000099840"
2407,"enh10","ENSG00000107021"
2408,"enh11","ENSG00000064490"
2409,"enh11","ENSG00000102900"
2410,"enh12","ENSG00000070770"
2411,"enh9","ENSG00000099804"
2412,"enh8","ENSG00000011304"
2413,"enh1","ENSG00000196422"
2414,"enh3","ENSG00000140848"
2415,"enh9","ENSG00000151694"
2416,"enh5","ENSG00000108883"
2417,"enh9","ENSG00000180340"
2418,"enh14","ENSG00000120334"
2419,"enh14","ENSG00000162300"
2420,"enh12","ENSG00000129933"
2421,"enh9","ENSG00000186185"
2422,"enh1","ENSG00000144130"
2423,"enh3","ENSG00000204291"
2424,"enh10","ENSG00000196188"
2425,"enh5","ENSG00000181781"
2426,"enh13","ENSG00000181513"
2427,"enh2","ENSG00000008853"
2428,"enh4","ENSG00000030582"
2429,"enh4","ENSG00000129951"
2430,"enh6","ENSG00000064932"
2431,"enh11","ENSG00000105700"
2432,"enh1","ENSG00000115758"
2433,"enh9","ENSG00000115286"
2434,"enh14","ENSG00000180098"
2435,"enh8","ENSG00000148339"
2436,"enh3","ENSG00000125144"
2437,"enh7","ENSG00000069702"
2438,"enh8","ENSG00000136877"
2439,"enh13","ENSG00000152061"
2440,"enh12","ENSG00000161682"
2441,"enh3","ENSG00000136842"
2442,"enh2","ENSG00000148248"
2443,"enh9","ENSG00000176973"
2444,"enh7","ENSG00000104886"
2445,"enh5","ENSG00000148297"
2446,"enh8","ENSG00000198840"
2447,"enh13","ENSG00000117748"
2448,"enh10","ENSG00000136828"
2449,"enh11","ENSG00000148296"
2450,"enh10","ENSG00000136936"
2451,"enh6","ENSG00000182087"
2452,"enh11","ENSG00000162772"
2453,"enh1","ENSG00000149823"
2454,"enh2","ENSG00000167106"
2455,"enh2","ENSG00000262874"
2456,"enh6","ENSG00000107021"
2457,"enh14","ENSG00000180329"
2458,"enh14","ENSG00000148300"
2459,"enh10","ENSG00000133065"
2460,"enh1","ENSG00000175376"
2461,"enh14","ENSG00000153214"
2462,"enh7","ENSG00000152527"
2463,"enh9","ENSG00000057935"
2464,"enh6","ENSG00000065600"
2465,"enh14","ENSG00000167110"
2466,"enh13","ENSG00000171159"
2467,"enh5","ENSG00000130770"
2468,"enh13","ENSG00000065600"
2469,"enh9","ENSG00000070404"
2470,"enh1","ENSG00000235034"
2471,"enh12","ENSG00000174851"
2472,"enh3","ENSG00000107021"
2473,"enh6","ENSG00000067596"
2474,"enh11","ENSG00000105708"
2475,"enh2","ENSG00000105472"
2476,"enh8","ENSG00000135870"
2477,"enh12","ENSG00000149809"
2478,"enh10","ENSG00000062822"
2479,"enh4","ENSG00000160271"
2480,"enh11","ENSG00000151694"
2481,"enh5","ENSG00000167487"
2482,"enh9","ENSG00000116017"
2483,"enh11","ENSG00000127540"
2484,"enh5","ENSG00000197958"
2485,"enh12","ENSG00000104973"
2486,"enh6","ENSG00000147454"
2487,"enh4","ENSG00000090020"
2488,"enh7","ENSG00000204710"
2489,"enh5","ENSG00000138772"
2490,"enh13","ENSG00000180329"
2491,"enh10","ENSG00000172775"
2492,"enh4","ENSG00000071655"
2493,"enh2","ENSG00000064932"
2494,"enh4","ENSG00000090273"
2495,"enh2","ENSG00000167114"
2496,"enh11","ENSG00000181035"
2497,"enh14","ENSG00000147457"
2498,"enh14","ENSG00000238227"
2499,"enh13","ENSG00000180098"
2500,"enh14","ENSG00000143493"
2501,"enh9","ENSG00000125485"
2502,"enh8","ENSG00000117593"
2503,"enh13","ENSG00000165092"
2504,"enh2","ENSG00000064687"
2505,"enh1","ENSG00000130775"
2506,"enh9","ENSG00000117222"
2507,"enh3","ENSG00000213221"
2508,"enh5","ENSG00000163297"
2509,"enh6","ENSG00000186566"
2510,"enh8","ENSG00000160408"
2511,"enh3","ENSG00000197540"
2512,"enh9","ENSG00000064490"
2513,"enh13","ENSG00000090273"
2514,"enh13","ENSG00000153208"
2515,"enh12","ENSG00000105701"
2516,"enh7","ENSG00000213024"
2517,"enh8","ENSG00000130772"
2518,"enh12","ENSG00000105726"
2519,"enh5","ENSG00000104689"
2520,"enh12","ENSG00000119333"
2521,"enh2","ENSG00000105379"
2522,"enh10","ENSG00000184988"
2523,"enh12","ENSG00000105655"
2524,"enh6","ENSG00000065000"
2525,"enh5","ENSG00000134330"
2526,"enh8","ENSG00000148308"
2527,"enh11","ENSG00000119125"
2528,"enh8","ENSG00000100316"
2529,"enh12","ENSG00000171159"
2530,"enh9","ENSG00000167468"
2531,"enh12","ENSG00000158715"
2532,"enh1","ENSG00000153107"
2533,"enh7","ENSG00000123684"
2534,"enh12","ENSG00000171848"
2535,"enh4","ENSG00000162298"
2536,"enh1","ENSG00000090273"
2537,"enh12","ENSG00000169403"
2538,"enh12","ENSG00000161692"
2539,"enh4","ENSG00000105696"
2540,"enh9","ENSG00000012048"
2541,"enh9","ENSG00000241852"
2542,"enh6","ENSG00000187193"
2543,"enh8","ENSG00000167114"
2544,"enh8","ENSG00000005194"
2545,"enh13","ENSG00000158941"
2546,"enh7","ENSG00000144134"
2547,"enh11","ENSG00000165661"
2548,"enh4","ENSG00000196961"
2549,"enh4","ENSG00000177125"
2550,"enh13","ENSG00000099624"
2551,"enh9","ENSG00000198870"
2552,"enh3","ENSG00000136932"
2553,"enh1","ENSG00000051108"
2554,"enh2","ENSG00000172775"
2555,"enh9","ENSG00000105374"
2556,"enh10","ENSG00000140854"
2557,"enh12","ENSG00000175906"
2558,"enh6","ENSG00000106803"
2559,"enh11","ENSG00000172757"
2560,"enh13","ENSG00000174744"
2561,"enh9","ENSG00000162878"
2562,"enh9","ENSG00000142784"
2563,"enh12","ENSG00000175376"
2564,"enh12","ENSG00000099875"
2565,"enh7","ENSG00000160161"
2566,"enh8","ENSG00000167747"
2567,"enh9","ENSG00000162976"
2568,"enh14","ENSG00000117601"
2569,"enh5","ENSG00000198840"
2570,"enh5","ENSG00000197816"
2571,"enh12","ENSG00000099840"
2572,"enh8","ENSG00000104897"
2573,"enh11","ENSG00000136842"
2574,"enh11","ENSG00000167470"
2575,"enh7","ENSG00000115758"
2576,"enh2","ENSG00000090020"
2577,"enh12","ENSG00000174516"
2578,"enh8","ENSG00000160161"
2579,"enh1","ENSG00000167487"
2580,"enh1","ENSG00000103005"
2581,"enh4","ENSG00000180448"
2582,"enh6","ENSG00000120656"
2583,"enh9","ENSG00000125124"
2584,"enh8","ENSG00000090020"
2585,"enh5","ENSG00000180198"
2586,"enh4","ENSG00000106991"
2587,"enh13","ENSG00000175376"
2588,"enh6","ENSG00000213221"
2589,"enh13","ENSG00000104689"
2590,"enh4","ENSG00000165688"
2591,"enh2","ENSG00000129946"
2592,"enh6","ENSG00000014216"
2593,"enh13","ENSG00000161647"
2594,"enh8","ENSG00000167748"
2595,"enh6","ENSG00000141934"
2596,"enh10","ENSG00000141934"
2597,"enh1","ENSG00000161692"
2598,"enh1","ENSG00000105671"
2599,"enh8","ENSG00000130270"
2600,"enh6","ENSG00000133275"
2601,"enh10","ENSG00000140848"
2602,"enh4","ENSG00000123684"
2603,"enh13","ENSG00000175592"
2604,"enh9","ENSG00000173039"
2605,"enh4","ENSG00000142528"
2606,"enh9","ENSG00000125618"
2607,"enh9","ENSG00000125148"
2608,"enh10","ENSG00000067596"
2609,"enh11","ENSG00000181781"
2610,"enh14","ENSG00000186806"
2611,"enh11","ENSG00000161692"
2612,"enh6","ENSG00000187840"
2613,"enh10","ENSG00000186010"
2614,"enh9","ENSG00000133884"
2615,"enh6","ENSG00000105676"
2616,"enh13","ENSG00000123685"
2617,"enh12","ENSG00000175854"
2618,"enh9","ENSG00000065600"
2619,"enh12","ENSG00000169607"
2620,"enh2","ENSG00000142186"
2621,"enh2","ENSG00000213988"
2622,"enh5","ENSG00000105726"
2623,"enh10","ENSG00000196312"
2624,"enh14","ENSG00000167106"
2625,"enh14","ENSG00000068831"
2626,"enh11","ENSG00000143882"
2627,"enh14","ENSG00000122026"
2628,"enh14","ENSG00000051128"
2629,"enh12","ENSG00000107021"
2630,"enh8","ENSG00000115268"
2631,"enh10","ENSG00000125611"
2632,"enh9","ENSG00000162769"
2633,"enh1","ENSG00000167136"
2634,"enh11","ENSG00000163291"
2635,"enh2","ENSG00000167491"
2636,"enh14","ENSG00000162241"
2637,"enh13","ENSG00000174871"
2638,"enh14","ENSG00000120656"
2639,"enh11","ENSG00000163297"
2640,"enh7","ENSG00000197217"
2641,"enh3","ENSG00000070388"
2642,"enh1","ENSG00000197816"
2643,"enh1","ENSG00000064932"
2644,"enh2","ENSG00000169288"
2645,"enh4","ENSG00000196683"
2646,"enh11","ENSG00000197694"
2647,"enh9","ENSG00000182087"
2648,"enh2","ENSG00000107021"
2649,"enh4","ENSG00000107290"
2650,"enh7","ENSG00000134330"
2651,"enh5","ENSG00000158715"
2652,"enh4","ENSG00000070404"
2653,"enh3","ENSG00000187840"
2654,"enh10","ENSG00000198746"
2655,"enh8","ENSG00000160447"
2656,"enh3","ENSG00000196312"
2657,"enh3","ENSG00000160271"
2658,"enh13","ENSG00000189195"
2659,"enh2","ENSG00000136877"
2660,"enh12","ENSG00000117697"
2661,"enh2","ENSG00000213638"
2662,"enh1","ENSG00000115750"
2663,"enh4","ENSG00000125124"
2664,"enh10","ENSG00000102978"
2665,"enh6","ENSG00000165689"
2666,"enh9","ENSG00000134318"
2667,"enh11","ENSG00000089639"
2668,"enh3","ENSG00000162669"
2669,"enh5","ENSG00000144134"
2670,"enh4","ENSG00000198917"
2671,"enh3","ENSG00000119203"
2672,"enh12","ENSG00000167759"
2673,"enh1","ENSG00000160563"
2674,"enh8","ENSG00000197816"
2675,"enh14","ENSG00000108309"
2676,"enh4","ENSG00000136936"
2677,"enh1","ENSG00000148308"
2678,"enh2","ENSG00000065000"
2679,"enh13","ENSG00000181773"
2680,"enh3","ENSG00000186185"
2681,"enh2","ENSG00000005007"
2682,"enh2","ENSG00000117601"
2683,"enh3","ENSG00000069482"
2684,"enh8","ENSG00000167110"
2685,"enh4","ENSG00000138772"
2686,"enh11","ENSG00000181588"
2687,"enh4","ENSG00000203705"
2688,"enh14","ENSG00000213465"
2689,"enh1","ENSG00000130005"
2690,"enh12","ENSG00000091947"
2691,"enh8","ENSG00000122140"
2692,"enh7","ENSG00000172081"
2693,"enh10","ENSG00000105556"
2694,"enh1","ENSG00000088682"
2695,"enh14","ENSG00000196188"
2696,"enh4","ENSG00000068831"
2697,"enh14","ENSG00000014138"
2698,"enh13","ENSG00000125144"
2699,"enh11","ENSG00000176890"
2700,"enh14","ENSG00000039650"
2701,"enh10","ENSG00000136854"
2702,"enh12","ENSG00000117601"
2703,"enh11","ENSG00000136938"
2704,"enh3","ENSG00000105726"
2705,"enh1","ENSG00000148356"
2706,"enh4","ENSG00000160345"
2707,"enh9","ENSG00000131097"
2708,"enh3","ENSG00000136643"
2709,"enh9","ENSG00000105701"
2710,"enh14","ENSG00000009780"
2711,"enh10","ENSG00000070388"
2712,"enh1","ENSG00000174842"
2713,"enh2","ENSG00000158161"
2714,"enh4","ENSG00000175467"
2715,"enh12","ENSG00000174744"
2716,"enh10","ENSG00000127540"
2717,"enh14","ENSG00000115286"
2718,"enh9","ENSG00000167106"
2719,"enh14","ENSG00000197136"
2720,"enh11","ENSG00000196312"
2721,"enh4","ENSG00000126698"
2722,"enh4","ENSG00000182963"
2723,"enh7","ENSG00000120889"
2724,"enh10","ENSG00000197540"
2725,"enh1","ENSG00000119559"
2726,"enh5","ENSG00000071655"
2727,"enh10","ENSG00000196422"
2728,"enh9","ENSG00000125144"
2729,"enh4","ENSG00000172757"
2730,"enh11","ENSG00000172081"
2731,"enh4","ENSG00000133065"
2732,"enh6","ENSG00000174516"
2733,"enh3","ENSG00000168062"
2734,"enh8","ENSG00000105379"
2735,"enh1","ENSG00000196415"
2736,"enh14","ENSG00000125482"
2737,"enh9","ENSG00000125630"
2738,"enh6","ENSG00000177125"
2739,"enh5","ENSG00000064687"
2740,"enh10","ENSG00000160325"
2741,"enh8","ENSG00000165138"
2742,"enh4","ENSG00000171159"
2743,"enh8","ENSG00000120913"
2744,"enh1","ENSG00000185761"
2745,"enh14","ENSG00000160326"
2746,"enh4","ENSG00000068976"
2747,"enh1","ENSG00000102978"
2748,"enh1","ENSG00000175592"
2749,"enh11","ENSG00000136830"
2750,"enh2","ENSG00000196152"
2751,"enh1","ENSG00000126391"
2752,"enh6","ENSG00000181035"
2753,"enh11","ENSG00000009780"
2754,"enh4","ENSG00000147454"
2755,"enh4","ENSG00000187024"
2756,"enh10","ENSG00000172992"
2757,"enh5","ENSG00000102996"
2758,"enh10","ENSG00000165684"
2759,"enh12","ENSG00000197816"
2760,"enh7","ENSG00000079313"
2761,"enh6","ENSG00000149792"
2762,"enh2","ENSG00000213445"
2763,"enh6","ENSG00000144161"
2764,"enh14","ENSG00000160445"
2765,"enh12","ENSG00000254470"
2766,"enh6","ENSG00000134317"
2767,"enh9","ENSG00000099875"
2768,"enh9","ENSG00000169288"
2769,"enh7","ENSG00000110047"
2770,"enh11","ENSG00000119514"
2771,"enh11","ENSG00000197540"
2772,"enh1","ENSG00000117748"
2773,"enh2","ENSG00000071564"
2774,"enh7","ENSG00000014138"
2775,"enh6","ENSG00000102996"
2776,"enh14","ENSG00000136936"
2777,"enh4","ENSG00000159461"
2778,"enh2","ENSG00000136937"
2779,"enh10","ENSG00000099624"
2780,"enh1","ENSG00000125482"
2781,"enh5","ENSG00000129968"
2782,"enh8","ENSG00000162772"
2783,"enh5","ENSG00000250067"
2784,"enh14","ENSG00000119125"
2785,"enh9","ENSG00000197136"
2786,"enh6","ENSG00000117601"
2787,"enh8","ENSG00000108309"
2788,"enh13","ENSG00000183831"
2789,"enh5","ENSG00000153107"
2790,"enh3","ENSG00000142530"
2791,"enh4","ENSG00000148290"
2792,"enh12","ENSG00000175592"
2793,"enh14","ENSG00000160345"
2794,"enh8","ENSG00000163297"
2795,"enh2","ENSG00000116017"
2796,"enh1","ENSG00000175906"
2797,"enh2","ENSG00000011304"
2798,"enh8","ENSG00000148334"
2799,"enh1","ENSG00000173327"
2800,"enh9","ENSG00000131094"
2801,"enh7","ENSG00000167748"
2802,"enh11","ENSG00000097046"
2803,"enh7","ENSG00000171848"
2804,"enh10","ENSG00000119335"
2805,"enh8","ENSG00000175550"
2806,"enh13","ENSG00000160293"
2807,"enh7","ENSG00000174684"
2808,"enh5","ENSG00000159648"
2809,"enh13","ENSG00000130775"
2810,"enh6","ENSG00000142751"
2811,"enh14","ENSG00000158715"
2812,"enh2","ENSG00000161682"
2813,"enh7","ENSG00000088682"
2814,"enh14","ENSG00000175115"
2815,"enh4","ENSG00000131097"
2816,"enh9","ENSG00000030582"
2817,"enh4","ENSG00000133069"
2818,"enh8","ENSG00000147669"
2819,"enh10","ENSG00000165138"
2820,"enh6","ENSG00000129933"
2821,"enh4","ENSG00000148288"
2822,"enh5","ENSG00000117650"
2823,"enh5","ENSG00000167468"
2824,"enh4","ENSG00000125319"
2825,"enh7","ENSG00000136874"
2826,"enh10","ENSG00000160446"
2827,"enh5","ENSG00000064607"
2828,"enh11","ENSG00000142186"
2829,"enh13","ENSG00000144161"
2830,"enh13","ENSG00000167005"
2831,"enh7","ENSG00000175573"
2832,"enh9","ENSG00000196152"
2833,"enh2","ENSG00000138772"
2834,"enh4","ENSG00000149798"
2835,"enh13","ENSG00000108852"
2836,"enh3","ENSG00000198840"
2837,"enh12","ENSG00000254986"
2838,"enh12","ENSG00000174903"
2839,"enh10","ENSG00000014216"
2840,"enh6","ENSG00000133243"
2841,"enh7","ENSG00000129933"
2842,"enh13","ENSG00000064547"
2843,"enh10","ENSG00000134308"
2844,"enh2","ENSG00000174744"
2845,"enh11","ENSG00000174903"
2846,"enh14","ENSG00000171219"
2847,"enh10","ENSG00000133895"
2848,"enh6","ENSG00000146670"
2849,"enh3","ENSG00000168061"
2850,"enh9","ENSG00000119514"
2851,"enh11","ENSG00000172922"
2852,"enh7","ENSG00000167118"
2853,"enh9","ENSG00000161654"
2854,"enh14","ENSG00000117650"
2855,"enh9","ENSG00000143476"
2856,"enh9","ENSG00000129946"
2857,"enh10","ENSG00000125630"
2858,"enh12","ENSG00000104897"
2859,"enh4","ENSG00000143870"
2860,"enh1","ENSG00000175573"
2861,"enh14","ENSG00000115944"
2862,"enh3","ENSG00000107290"
2863,"enh7","ENSG00000181781"
2864,"enh9","ENSG00000181773"
2865,"enh14","ENSG00000068971"
2866,"enh6","ENSG00000105656"
2867,"enh12","ENSG00000030582"
2868,"enh12","ENSG00000165684"
2869,"enh13","ENSG00000160326"
2870,"enh3","ENSG00000006016"
2871,"enh11","ENSG00000051128"
2872,"enh7","ENSG00000146670"
2873,"enh6","ENSG00000119185"
2874,"enh8","ENSG00000005961"
2875,"enh8","ENSG00000213221"
2876,"enh2","ENSG00000136842"
2877,"enh10","ENSG00000163297"
2878,"enh3","ENSG00000174996"
2879,"enh9","ENSG00000170385"
2880,"enh14","ENSG00000070761"
2881,"enh10","ENSG00000131409"
2882,"enh2","ENSG00000135870"
2883,"enh9","ENSG00000105497"
2884,"enh10","ENSG00000187024"
2885,"enh8","ENSG00000160360"
2886,"enh3","ENSG00000167491"
2887,"enh10","ENSG00000198840"
2888,"enh9","ENSG00000162669"
2889,"enh12","ENSG00000187193"
2890,"enh3","ENSG00000122484"
2891,"enh9","ENSG00000158195"
2892,"enh10","ENSG00000125484"
2893,"enh2","ENSG00000105676"
2894,"enh4","ENSG00000148291"
2895,"enh7","ENSG00000126391"
2896,"enh5","ENSG00000167136"
2897,"enh13","ENSG00000130770"
2898,"enh7","ENSG00000167491"
2899,"enh3","ENSG00000160404"
2900,"enh14","ENSG00000175592"
2901,"enh4","ENSG00000108840"
2902,"enh1","ENSG00000162976"
2903,"enh10","ENSG00000115756"
2904,"enh13","ENSG00000256771"
2905,"enh5","ENSG00000120334"
2906,"enh5","ENSG00000168066"
2907,"enh10","ENSG00000064545"
2908,"enh12","ENSG00000130766"
2909,"enh7","ENSG00000160271"
2910,"enh2","ENSG00000161647"
2911,"enh14","ENSG00000172775"
2912,"enh6","ENSG00000115255"
2913,"enh3","ENSG00000160326"
2914,"enh1","ENSG00000172977"
2915,"enh7","ENSG00000175707"
2916,"enh12","ENSG00000120334"
2917,"enh10","ENSG00000120656"
2918,"enh11","ENSG00000160318"
2919,"enh4","ENSG00000196116"
2920,"enh1","ENSG00000140859"
2921,"enh11","ENSG00000136908"
2922,"enh12","ENSG00000087365"
2923,"enh8","ENSG00000241852"
2924,"enh9","ENSG00000136828"
2925,"enh10","ENSG00000064687"
2926,"enh10","ENSG00000213221"
2927,"enh12","ENSG00000095380"
2928,"enh5","ENSG00000167759"
2929,"enh9","ENSG00000130770"
2930,"enh12","ENSG00000256771"
2931,"enh4","ENSG00000069275"
2932,"enh4","ENSG00000174684"
2933,"enh2","ENSG00000198858"
2934,"enh6","ENSG00000197694"
2935,"enh6","ENSG00000196312"
2936,"enh2","ENSG00000127540"
2937,"enh14","ENSG00000148411"
2938,"enh1","ENSG00000130559"
2939,"enh3","ENSG00000141349"
2940,"enh10","ENSG00000119523"
2941,"enh4","ENSG00000106799"
2942,"enh4","ENSG00000130560"
2943,"enh8","ENSG00000167491"
2944,"enh8","ENSG00000143476"
2945,"enh8","ENSG00000228300"
2946,"enh7","ENSG00000148334"
2947,"enh8","ENSG00000188554"
2948,"enh1","ENSG00000254470"
2949,"enh9","ENSG00000163297"
2950,"enh5","ENSG00000136877"
2951,"enh12","ENSG00000125482"
2952,"enh10","ENSG00000110047"
2953,"enh5","ENSG00000123685"
2954,"enh3","ENSG00000148290"
2955,"enh7","ENSG00000176973"
2956,"enh3","ENSG00000125618"
2957,"enh5","ENSG00000176973"
2958,"enh13","ENSG00000014138"
2959,"enh10","ENSG00000173825"
2960,"enh13","ENSG00000175602"
2961,"enh8","ENSG00000144136"
2962,"enh2","ENSG00000065600"
2963,"enh12","ENSG00000120656"
2964,"enh8","ENSG00000104886"
2965,"enh11","ENSG00000120896"
2966,"enh12","ENSG00000136807"
2967,"enh4","ENSG00000130768"
2968,"enh4","ENSG00000117748"
2969,"enh2","ENSG00000079313"
2970,"enh10","ENSG00000133059"
2971,"enh1","ENSG00000119333"
2972,"enh7","ENSG00000161714"
2973,"enh2","ENSG00000172500"
2974,"enh11","ENSG00000227500"
2975,"enh12","ENSG00000198417"
2976,"enh14","ENSG00000130511"
2977,"enh7","ENSG00000158715"
2978,"enh9","ENSG00000136895"
2979,"enh10","ENSG00000140859"
2980,"enh8","ENSG00000117691"
2981,"enh3","ENSG00000099804"
2982,"enh8","ENSG00000136908"
2983,"enh6","ENSG00000238227"
2984,"enh8","ENSG00000089639"
2985,"enh9","ENSG00000165698"
2986,"enh6","ENSG00000108883"
2987,"enh10","ENSG00000186185"
2988,"enh7","ENSG00000162669"
2989,"enh7","ENSG00000135821"
2990,"enh1","ENSG00000105656"
2991,"enh9","ENSG00000099622"
2992,"enh10","ENSG00000070761"
2993,"enh6","ENSG00000099864"
2994,"enh9","ENSG00000129933"
2995,"enh3","ENSG00000010361"
2996,"enh5","ENSG00000130513"
2997,"enh4","ENSG00000160953"
2998,"enh7","ENSG00000115268"
2999,"enh14","ENSG00000161647"
3000,"enh5","ENSG00000070404"
3001,"enh8","ENSG00000116017"
3002,"enh12","ENSG00000161654"
3003,"enh1","ENSG00000159461"
3004,"enh11","ENSG00000134317"
3005,"enh5","ENSG00000064490"
3006,"enh3","ENSG00000131398"
3007,"enh6","ENSG00000120889"
3008,"enh8","ENSG00000106785"
3009,"enh1","ENSG00000186566"
3010,"enh3","ENSG00000095383"
3011,"enh11","ENSG00000162241"
3012,"enh14","ENSG00000198746"
3013,"enh10","ENSG00000039650"
3014,"enh10","ENSG00000136932"
3015,"enh4","ENSG00000254901"
3016,"enh12","ENSG00000105379"
3017,"enh5","ENSG00000105655"
3018,"enh4","ENSG00000147457"
3019,"enh9","ENSG00000144130"
3020,"enh5","ENSG00000149806"
3021,"enh3","ENSG00000068976"
3022,"enh6","ENSG00000126709"
3023,"enh2","ENSG00000136908"
3024,"enh9","ENSG00000129911"
3025,"enh4","ENSG00000167136"
3026,"enh1","ENSG00000103021"
3027,"enh14","ENSG00000172081"
3028,"enh4","ENSG00000228300"
3029,"enh7","ENSG00000174606"
3030,"enh5","ENSG00000162419"
3031,"enh5","ENSG00000158711"
3032,"enh9","ENSG00000051108"
3033,"enh6","ENSG00000163291"
3034,"enh3","ENSG00000133884"
3035,"enh4","ENSG00000156269"
3036,"enh8","ENSG00000130768"
3037,"enh13","ENSG00000168066"
3038,"enh11","ENSG00000051108"
3039,"enh1","ENSG00000115091"
3040,"enh7","ENSG00000165138"
3041,"enh9","ENSG00000115750"
3042,"enh11","ENSG00000014138"
3043,"enh12","ENSG00000099821"
3044,"enh1","ENSG00000064607"
3045,"enh1","ENSG00000187840"
3046,"enh10","ENSG00000125637"
3047,"enh2","ENSG00000147669"
3048,"enh6","ENSG00000186501"
3049,"enh2","ENSG00000122484"
3050,"enh7","ENSG00000105671"
3051,"enh2","ENSG00000120334"
3052,"enh3","ENSG00000108840"
3053,"enh11","ENSG00000071564"
3054,"enh14","ENSG00000167103"
3055,"enh1","ENSG00000108849"
3056,"enh8","ENSG00000174516"
3057,"enh7","ENSG00000004939"
3058,"enh8","ENSG00000125319"
3059,"enh14","ENSG00000167112"
3060,"enh7","ENSG00000175854"
3061,"enh1","ENSG00000174606"
3062,"enh7","ENSG00000175592"
3063,"enh1","ENSG00000204673"
3064,"enh14","ENSG00000125618"
3065,"enh9","ENSG00000125484"
3066,"enh13","ENSG00000141934"
3067,"enh6","ENSG00000136448"
3068,"enh8","ENSG00000069702"
3069,"enh8","ENSG00000130511"
3070,"enh6","ENSG00000171219"
3071,"enh10","ENSG00000105705"
3072,"enh12","ENSG00000172500"
3073,"enh11","ENSG00000146670"
3074,"enh13","ENSG00000254470"
3075,"enh6","ENSG00000136877"
3076,"enh7","ENSG00000122140"
3077,"enh10","ENSG00000160408"
3078,"enh8","ENSG00000185278"
3079,"enh1","ENSG00000108883"
3080,"enh3","ENSG00000119514"
3081,"enh4","ENSG00000197540"
3082,"enh1","ENSG00000101132"
3083,"enh1","ENSG00000125124"
3084,"enh9","ENSG00000123685"
3085,"enh13","ENSG00000106803"
3086,"enh14","ENSG00000187024"
3087,"enh2","ENSG00000136811"
3088,"enh6","ENSG00000162772"
3089,"enh6","ENSG00000162976"
3090,"enh6","ENSG00000184988"
3091,"enh10","ENSG00000102931"
3092,"enh4","ENSG00000136448"
3093,"enh13","ENSG00000104946"
3094,"enh2","ENSG00000198840"
3095,"enh11","ENSG00000117266"
3096,"enh13","ENSG00000136943"
3097,"enh12","ENSG00000115286"
3098,"enh3","ENSG00000169403"
3099,"enh5","ENSG00000174684"
3100,"enh8","ENSG00000149823"
3101,"enh10","ENSG00000138772"
3102,"enh10","ENSG00000213638"
3103,"enh2","ENSG00000162873"
3104,"enh7","ENSG00000165689"
3105,"enh9","ENSG00000173327"
3106,"enh9","ENSG00000213023"
3107,"enh9","ENSG00000174516"
3108,"enh7","ENSG00000125170"
3109,"enh9","ENSG00000198492"
3110,"enh6","ENSG00000175602"
3111,"enh1","ENSG00000159579"
3112,"enh13","ENSG00000238227"
3113,"enh11","ENSG00000005007"
3114,"enh6","ENSG00000005961"
3115,"enh11","ENSG00000185278"
3116,"enh1","ENSG00000071655"
3117,"enh10","ENSG00000172081"
3118,"enh9","ENSG00000175294"
3119,"enh2","ENSG00000158195"
3120,"enh2","ENSG00000155380"
3121,"enh6","ENSG00000176890"
3122,"enh8","ENSG00000162878"
3123,"enh12","ENSG00000117650"
3124,"enh6","ENSG00000129951"
3125,"enh10","ENSG00000160563"
3126,"enh2","ENSG00000189195"
3127,"enh7","ENSG00000162241"
3128,"enh11","ENSG00000106803"
3129,"enh5","ENSG00000228300"
3130,"enh11","ENSG00000204138"
3131,"enh11","ENSG00000100316"
3132,"enh11","ENSG00000065000"
3133,"enh12","ENSG00000105053"
3134,"enh12","ENSG00000175707"
3135,"enh12","ENSG00000105671"
3136,"enh10","ENSG00000104946"
3137,"enh1","ENSG00000118046"
3138,"enh9","ENSG00000116014"
3139,"enh7","ENSG00000148291"
3140,"enh5","ENSG00000148303"
3141,"enh2","ENSG00000100316"
3142,"enh12","ENSG00000181781"
3143,"enh12","ENSG00000167747"
3144,"enh3","ENSG00000168056"
3145,"enh12","ENSG00000130770"
3146,"enh9","ENSG00000175115"
3147,"enh13","ENSG00000136877"
3148,"enh10","ENSG00000162419"
3149,"enh6","ENSG00000091947"
3150,"enh1","ENSG00000110047"
3151,"enh1","ENSG00000148296"
3152,"enh11","ENSG00000057935"
3153,"enh1","ENSG00000133069"
3154,"enh4","ENSG00000099864"
3155,"enh1","ENSG00000169403"
3156,"enh8","ENSG00000149806"
3157,"enh9","ENSG00000203705"
3158,"enh2","ENSG00000174669"
3159,"enh1","ENSG00000172922"
3160,"enh5","ENSG00000152527"
3161,"enh3","ENSG00000106992"
3162,"enh13","ENSG00000161677"
3163,"enh4","ENSG00000168591"
3164,"enh8","ENSG00000196550"
3165,"enh7","ENSG00000172992"
3166,"enh14","ENSG00000117758"
3167,"enh6","ENSG00000167491"
3168,"enh14","ENSG00000172922"
3169,"enh3","ENSG00000106803"
3170,"enh9","ENSG00000119333"
3171,"enh14","ENSG00000174547"
3172,"enh10","ENSG00000105676"
3173,"enh12","ENSG00000171219"
3174,"enh12","ENSG00000125611"
3175,"enh1","ENSG00000172270"
3176,"enh7","ENSG00000149798"
3177,"enh7","ENSG00000175467"
3178,"enh13","ENSG00000064666"
3179,"enh1","ENSG00000175707"
3180,"enh14","ENSG00000142186"
3181,"enh1","ENSG00000106785"
3182,"enh14","ENSG00000175221"
3183,"enh3","ENSG00000148339"
3184,"enh9","ENSG00000213988"
3185,"enh13","ENSG00000213988"
3186,"enh9","ENSG00000172232"
3187,"enh2","ENSG00000064607"
3188,"enh4","ENSG00000174669"
3189,"enh7","ENSG00000178093"
3190,"enh1","ENSG00000105556"
3191,"enh10","ENSG00000136895"
3192,"enh14","ENSG00000066027"
3193,"enh6","ENSG00000161714"
3194,"enh14","ENSG00000116014"
3195,"enh9","ENSG00000147439"
3196,"enh12","ENSG00000165699"
3197,"enh12","ENSG00000171169"
3198,"enh5","ENSG00000119335"
3199,"enh11","ENSG00000130772"
3200,"enh12","ENSG00000071564"
3201,"enh8","ENSG00000152527"
3202,"enh13","ENSG00000133069"
3203,"enh10","ENSG00000148334"
3204,"enh7","ENSG00000125630"
3205,"enh12","ENSG00000148411"
3206,"enh3","ENSG00000102996"
3207,"enh11","ENSG00000130270"
3208,"enh13","ENSG00000014216"
3209,"enh11","ENSG00000039650"
3210,"enh2","ENSG00000141934"
3211,"enh10","ENSG00000173442"
3212,"enh10","ENSG00000117222"
3213,"enh2","ENSG00000134318"
3214,"enh12","ENSG00000105700"
3215,"enh14","ENSG00000174669"
3216,"enh13","ENSG00000149809"
3217,"enh2","ENSG00000064545"
3218,"enh10","ENSG00000196550"
3219,"enh11","ENSG00000167136"
3220,"enh1","ENSG00000105726"
3221,"enh12","ENSG00000196961"
3222,"enh1","ENSG00000105700"
3223,"enh5","ENSG00000120913"
3224,"enh4","ENSG00000181896"
3225,"enh5","ENSG00000161671"
3226,"enh14","ENSG00000182963"
3227,"enh7","ENSG00000136643"
3228,"enh3","ENSG00000165688"
3229,"enh14","ENSG00000149798"
3230,"enh12","ENSG00000117266"
3231,"enh1","ENSG00000172992"
3232,"enh10","ENSG00000115268"
3233,"enh6","ENSG00000144134"
3234,"enh1","ENSG00000099875"
3235,"enh9","ENSG00000143493"
3236,"enh6","ENSG00000160445"
3237,"enh13","ENSG00000123684"
3238,"enh5","ENSG00000120656"
3239,"enh14","ENSG00000133884"
3240,"enh12","ENSG00000117625"
3241,"enh11","ENSG00000103005"
3242,"enh12","ENSG00000130513"
3243,"enh11","ENSG00000119333"
3244,"enh10","ENSG00000104897"
3245,"enh12","ENSG00000174669"
3246,"enh14","ENSG00000166188"
3247,"enh9","ENSG00000144134"
3248,"enh4","ENSG00000136807"
3249,"enh13","ENSG00000105708"
3250,"enh9","ENSG00000197217"
3251,"enh10","ENSG00000167759"
3252,"enh8","ENSG00000174684"
3253,"enh14","ENSG00000144161"
3254,"enh1","ENSG00000104679"
3255,"enh8","ENSG00000127540"
3256,"enh7","ENSG00000161682"
3257,"enh7","ENSG00000064547"
3258,"enh6","ENSG00000148356"
3259,"enh13","ENSG00000186185"
3260,"enh3","ENSG00000174529"
3261,"enh1","ENSG00000131400"
3262,"enh5","ENSG00000158161"
3263,"enh6","ENSG00000005007"
3264,"enh11","ENSG00000065600"
3265,"enh7","ENSG00000165699"
3266,"enh13","ENSG00000221983"
3267,"enh1","ENSG00000204291"
3268,"enh1","ENSG00000213638"
3269,"enh9","ENSG00000131408"
3270,"enh2","ENSG00000173039"
3271,"enh10","ENSG00000186806"
3272,"enh7","ENSG00000099875"
3273,"enh5","ENSG00000105701"
3274,"enh8","ENSG00000167118"
3275,"enh2","ENSG00000144130"
3276,"enh5","ENSG00000174547"
3277,"enh7","ENSG00000175334"
3278,"enh11","ENSG00000064666"
3279,"enh11","ENSG00000136895"
3280,"enh9","ENSG00000161677"
3281,"enh3","ENSG00000105717"
3282,"enh4","ENSG00000197217"
3283,"enh6","ENSG00000171169"
3284,"enh4","ENSG00000099821"
3285,"enh10","ENSG00000104886"
3286,"enh13","ENSG00000057935"
3287,"enh6","ENSG00000051108"
3288,"enh5","ENSG00000160293"
3289,"enh7","ENSG00000174547"
3290,"enh9","ENSG00000184988"
3291,"enh2","ENSG00000147439"
3292,"enh11","ENSG00000130770"
3293,"enh14","ENSG00000161714"
3294,"enh3","ENSG00000129933"
3295,"enh4","ENSG00000142765"
3296,"enh1","ENSG00000122484"
3297,"enh7","ENSG00000175376"
3298,"enh7","ENSG00000131398"
3299,"enh6","ENSG00000115750"
3300,"enh2","ENSG00000126391"
3301,"enh5","ENSG00000185198"
3302,"enh11","ENSG00000156269"
3303,"enh9","ENSG00000167103"
3304,"enh12","ENSG00000162298"
3305,"enh13","ENSG00000125482"
3306,"enh12","ENSG00000099866"
3307,"enh12","ENSG00000161677"
3308,"enh5","ENSG00000144161"
3309,"enh1","ENSG00000167491"
3310,"enh6","ENSG00000105717"
3311,"enh7","ENSG00000136811"
3312,"enh1","ENSG00000014138"
3313,"enh11","ENSG00000189195"
3314,"enh1","ENSG00000070761"
3315,"enh14","ENSG00000148288"
3316,"enh1","ENSG00000196961"
3317,"enh1","ENSG00000162300"
3318,"enh3","ENSG00000064666"
3319,"enh10","ENSG00000186566"
3320,"enh13","ENSG00000160271"
3321,"enh5","ENSG00000143493"
3322,"enh12","ENSG00000114999"
3323,"enh3","ENSG00000134308"
3324,"enh5","ENSG00000064932"
3325,"enh3","ENSG00000120334"
3326,"enh7","ENSG00000116014"
3327,"enh12","ENSG00000089639"
3328,"enh7","ENSG00000119514"
3329,"enh7","ENSG00000198492"
3330,"enh10","ENSG00000097046"
3331,"enh3","ENSG00000134318"
3332,"enh10","ENSG00000134330"
3333,"enh2","ENSG00000108849"
3334,"enh9","ENSG00000005961"
3335,"enh3","ENSG00000136807"
3336,"enh11","ENSG00000196550"
3337,"enh13","ENSG00000115286"
3338,"enh11","ENSG00000213024"
3339,"enh10","ENSG00000149809"
3340,"enh3","ENSG00000089639"
3341,"enh9","ENSG00000198917"
3342,"enh8","ENSG00000262874"
3343,"enh4","ENSG00000186806"
3344,"enh4","ENSG00000133243"
3345,"enh5","ENSG00000065268"
3346,"enh14","ENSG00000153208"
3347,"enh7","ENSG00000115756"
3348,"enh13","ENSG00000149806"
3349,"enh7","ENSG00000174529"
3350,"enh6","ENSG00000148291"
3351,"enh8","ENSG00000204291"
3352,"enh2","ENSG00000198746"
3353,"enh9","ENSG00000105700"
3354,"enh3","ENSG00000213465"
3355,"enh7","ENSG00000198917"
3356,"enh13","ENSG00000117593"
3357,"enh7","ENSG00000117650"
3358,"enh4","ENSG00000099840"
3359,"enh5","ENSG00000160563"
3360,"enh4","ENSG00000117593"
3361,"enh2","ENSG00000167110"
3362,"enh8","ENSG00000123685"
3363,"enh4","ENSG00000148411"
3364,"enh11","ENSG00000117758"
3365,"enh7","ENSG00000187024"
3366,"enh7","ENSG00000064932"
3367,"enh1","ENSG00000146670"
3368,"enh14","ENSG00000126705"
3369,"enh14","ENSG00000186010"
3370,"enh9","ENSG00000071655"
3371,"enh10","ENSG00000105671"
3372,"enh13","ENSG00000095383"
3373,"enh6","ENSG00000119125"
3374,"enh14","ENSG00000175376"
3375,"enh1","ENSG00000142528"
3376,"enh11","ENSG00000141349"
3377,"enh14","ENSG00000130513"
3378,"enh8","ENSG00000142784"
3379,"enh1","ENSG00000167110"
3380,"enh14","ENSG00000136828"
3381,"enh14","ENSG00000108312"
3382,"enh2","ENSG00000171169"
3383,"enh10","ENSG00000196116"
3384,"enh12","ENSG00000115750"
3385,"enh10","ENSG00000148337"
3386,"enh5","ENSG00000142751"
3387,"enh11","ENSG00000161654"
3388,"enh9","ENSG00000167491"
3389,"enh1","ENSG00000119335"
3390,"enh4","ENSG00000122484"
3391,"enh1","ENSG00000136877"
3392,"enh13","ENSG00000160445"
3393,"enh5","ENSG00000162873"
3394,"enh10","ENSG00000068831"
3395,"enh10","ENSG00000089639"
3396,"enh5","ENSG00000123684"
3397,"enh4","ENSG00000171940"
3398,"enh4","ENSG00000174516"
3399,"enh12","ENSG00000160447"
3400,"enh7","ENSG00000171940"
3401,"enh4","ENSG00000186185"
3402,"enh12","ENSG00000162241"
3403,"enh8","ENSG00000172775"
3404,"enh1","ENSG00000213465"
3405,"enh1","ENSG00000136938"
3406,"enh6","ENSG00000181513"
3407,"enh9","ENSG00000162772"
3408,"enh5","ENSG00000088682"
3409,"enh3","ENSG00000153208"
3410,"enh9","ENSG00000152527"
3411,"enh14","ENSG00000136448"
3412,"enh11","ENSG00000107021"
3413,"enh14","ENSG00000116017"
3414,"enh9","ENSG00000104689"
3415,"enh2","ENSG00000006015"
3416,"enh12","ENSG00000115091"
3417,"enh4","ENSG00000149806"
3418,"enh9","ENSG00000126705"
3419,"enh9","ENSG00000064666"
3420,"enh2","ENSG00000099840"
3421,"enh7","ENSG00000136842"
3422,"enh10","ENSG00000143476"
3423,"enh12","ENSG00000144136"
3424,"enh9","ENSG00000134308"
3425,"enh8","ENSG00000107290"
3426,"enh14","ENSG00000136854"
3427,"enh1","ENSG00000171159"
3428,"enh6","ENSG00000117691"
3429,"enh11","ENSG00000138767"
3430,"enh14","ENSG00000143476"
3431,"enh11","ENSG00000136925"
3432,"enh6","ENSG00000168067"
3433,"enh8","ENSG00000167106"
3434,"enh1","ENSG00000133884"
3435,"enh2","ENSG00000082512"
3436,"enh4","ENSG00000184162"
3437,"enh5","ENSG00000144130"
3438,"enh10","ENSG00000105662"
3439,"enh8","ENSG00000148411"
3440,"enh8","ENSG00000099624"
3441,"enh1","ENSG00000136937"
3442,"enh11","ENSG00000158161"
3443,"enh8","ENSG00000106799"
3444,"enh8","ENSG00000183831"
3445,"enh2","ENSG00000068976"
3446,"enh3","ENSG00000104897"
3447,"enh10","ENSG00000105669"
3448,"enh11","ENSG00000153107"
3449,"enh12","ENSG00000184162"
3450,"enh13","ENSG00000136448"
3451,"enh6","ENSG00000108849"
3452,"enh14","ENSG00000117697"
3453,"enh12","ENSG00000119392"
3454,"enh14","ENSG00000133243"
3455,"enh4","ENSG00000162772"
3456,"enh13","ENSG00000105726"
3457,"enh2","ENSG00000175221"
3458,"enh9","ENSG00000174996"
3459,"enh12","ENSG00000158941"
3460,"enh10","ENSG00000108840"
3461,"enh1","ENSG00000133065"
3462,"enh5","ENSG00000156269"
3463,"enh13","ENSG00000144136"
3464,"enh13","ENSG00000186566"
3465,"enh4","ENSG00000181513"
3466,"enh2","ENSG00000062822"
3467,"enh7","ENSG00000141933"
3468,"enh2","ENSG00000099622"
3469,"enh1","ENSG00000182087"
3470,"enh11","ENSG00000076321"
3471,"enh2","ENSG00000013306"
3472,"enh9","ENSG00000161671"
3473,"enh1","ENSG00000198858"
3474,"enh6","ENSG00000167113"
3475,"enh3","ENSG00000104131"
3476,"enh13","ENSG00000102931"
3477,"enh4","ENSG00000099866"
3478,"enh2","ENSG00000134330"
3479,"enh3","ENSG00000196961"
3480,"enh11","ENSG00000254901"
3481,"enh6","ENSG00000106799"
3482,"enh14","ENSG00000125170"
3483,"enh1","ENSG00000223802"
3484,"enh1","ENSG00000136936"
3485,"enh10","ENSG00000181773"
3486,"enh3","ENSG00000175221"
3487,"enh10","ENSG00000138767"
3488,"enh10","ENSG00000171219"
3489,"enh14","ENSG00000087263"
3490,"enh3","ENSG00000103005"
3491,"enh13","ENSG00000148337"
3492,"enh3","ENSG00000184988"
3493,"enh14","ENSG00000067596"
3494,"enh4","ENSG00000174871"
3495,"enh8","ENSG00000185198"
3496,"enh3","ENSG00000161647"
3497,"enh6","ENSG00000076321"
3498,"enh6","ENSG00000136937"
3499,"enh8","ENSG00000131409"
3500,"enh1","ENSG00000155380"
3501,"enh8","ENSG00000133884"
3502,"enh6","ENSG00000183831"
3503,"enh12","ENSG00000105708"
3504,"enh11","ENSG00000174950"
3505,"enh1","ENSG00000181896"
3506,"enh7","ENSG00000115091"
3507,"enh5","ENSG00000125170"
3508,"enh9","ENSG00000167123"
3509,"enh14","ENSG00000105053"
3510,"enh8","ENSG00000238227"
3511,"enh8","ENSG00000119335"
3512,"enh10","ENSG00000136840"
3513,"enh13","ENSG00000142765"
3514,"enh9","ENSG00000181513"
3515,"enh12","ENSG00000176973"
3516,"enh3","ENSG00000160953"
3517,"enh4","ENSG00000013306"
3518,"enh5","ENSG00000175906"
3519,"enh7","ENSG00000227500"
3520,"enh13","ENSG00000125484"
3521,"enh4","ENSG00000162241"
3522,"enh9","ENSG00000108840"
3523,"enh8","ENSG00000198870"
3524,"enh8","ENSG00000105472"
3525,"enh8","ENSG00000172922"
3526,"enh3","ENSG00000170385"
3527,"enh2","ENSG00000076321"
3528,"enh4","ENSG00000223802"
3529,"enh2","ENSG00000004939"
3530,"enh5","ENSG00000165698"
3531,"enh13","ENSG00000180448"
3532,"enh13","ENSG00000122026"
3533,"enh10","ENSG00000104973"
3534,"enh13","ENSG00000079313"
3535,"enh5","ENSG00000099622"
3536,"enh5","ENSG00000006016"
3537,"enh1","ENSG00000108840"
3538,"enh6","ENSG00000160161"
3539,"enh9","ENSG00000143870"
3540,"enh5","ENSG00000180340"
3541,"enh11","ENSG00000008853"
3542,"enh6","ENSG00000184162"
3543,"enh13","ENSG00000009780"
3544,"enh2","ENSG00000110046"
3545,"enh3","ENSG00000117751"
3546,"enh10","ENSG00000167123"
3547,"enh9","ENSG00000062822"
3548,"enh7","ENSG00000167468"
3549,"enh11","ENSG00000134318"
3550,"enh2","ENSG00000107290"
3551,"enh8","ENSG00000129911"
3552,"enh2","ENSG00000105717"
3553,"enh3","ENSG00000115944"
3554,"enh11","ENSG00000120656"
3555,"enh9","ENSG00000171219"
3556,"enh8","ENSG00000126698"
3557,"enh5","ENSG00000165684"
3558,"enh12","ENSG00000228300"
3559,"enh3","ENSG00000148303"
3560,"enh5","ENSG00000064545"
3561,"enh3","ENSG00000134330"
3562,"enh13","ENSG00000130005"
3563,"enh6","ENSG00000167110"
3564,"enh7","ENSG00000223802"
3565,"enh12","ENSG00000087263"
3566,"enh2","ENSG00000174529"
3567,"enh9","ENSG00000115084"
3568,"enh5","ENSG00000136937"
3569,"enh7","ENSG00000186185"
3570,"enh7","ENSG00000142186"
3571,"enh5","ENSG00000089639"
3572,"enh10","ENSG00000168062"
3573,"enh8","ENSG00000119185"
3574,"enh4","ENSG00000163291"
3575,"enh4","ENSG00000104946"
3576,"enh4","ENSG00000142751"
3577,"enh1","ENSG00000105383"
3578,"enh9","ENSG00000070388"
3579,"enh11","ENSG00000149798"
3580,"enh7","ENSG00000105472"
3581,"enh4","ENSG00000140848"
3582,"enh10","ENSG00000174547"
3583,"enh2","ENSG00000068971"
3584,"enh11","ENSG00000125482"
3585,"enh6","ENSG00000186010"
3586,"enh14","ENSG00000148308"
3587,"enh4","ENSG00000136842"
3588,"enh10","ENSG00000143924"
3589,"enh2","ENSG00000186010"
3590,"enh11","ENSG00000147457"
3591,"enh3","ENSG00000119185"
3592,"enh4","ENSG00000174996"
3593,"enh5","ENSG00000118046"
3594,"enh11","ENSG00000130560"
3595,"enh9","ENSG00000120656"
3596,"enh13","ENSG00000241852"
3597,"enh8","ENSG00000213023"
3598,"enh8","ENSG00000162873"
3599,"enh3","ENSG00000130772"
3600,"enh2","ENSG00000152527"
3601,"enh11","ENSG00000115756"
3602,"enh3","ENSG00000162976"
3603,"enh1","ENSG00000136811"
3604,"enh9","ENSG00000117758"
3605,"enh8","ENSG00000136925"
3606,"enh14","ENSG00000117593"
3607,"enh3","ENSG00000167112"
3608,"enh11","ENSG00000198917"
3609,"enh10","ENSG00000070770"
3610,"enh11","ENSG00000142528"
3611,"enh4","ENSG00000174903"
3612,"enh8","ENSG00000087365"
3613,"enh8","ENSG00000051128"
3614,"enh1","ENSG00000106803"
3615,"enh14","ENSG00000115257"
3616,"enh7","ENSG00000100316"
3617,"enh11","ENSG00000171848"
3618,"enh12","ENSG00000148300"
3619,"enh9","ENSG00000144136"
3620,"enh6","ENSG00000095383"
3621,"enh3","ENSG00000162419"
3622,"enh12","ENSG00000172757"
3623,"enh12","ENSG00000196152"
3624,"enh3","ENSG00000141933"
3625,"enh1","ENSG00000160953"
3626,"enh6","ENSG00000188177"
3627,"enh9","ENSG00000204291"
3628,"enh8","ENSG00000177125"
3629,"enh4","ENSG00000175334"
3630,"enh2","ENSG00000148308"
3631,"enh5","ENSG00000196961"
3632,"enh2","ENSG00000180198"
3633,"enh8","ENSG00000174950"
3634,"enh9","ENSG00000130270"
3635,"enh14","ENSG00000106976"
3636,"enh1","ENSG00000198870"
3637,"enh5","ENSG00000172059"
3638,"enh2","ENSG00000181513"
3639,"enh4","ENSG00000069482"
3640,"enh14","ENSG00000148290"
3641,"enh4","ENSG00000144134"
3642,"enh5","ENSG00000143476"
3643,"enh11","ENSG00000180098"
3644,"enh12","ENSG00000168056"
3645,"enh4","ENSG00000141934"
3646,"enh9","ENSG00000162873"
3647,"enh5","ENSG00000104131"
3648,"enh3","ENSG00000168591"
3649,"enh4","ENSG00000068971"
3650,"enh13","ENSG00000174684"
3651,"enh5","ENSG00000130270"
3652,"enh7","ENSG00000162976"
3653,"enh9","ENSG00000134317"
3654,"enh5","ENSG00000165661"
3655,"enh12","ENSG00000071655"
3656,"enh11","ENSG00000171169"
3657,"enh13","ENSG00000134308"
3658,"enh9","ENSG00000130560"
3659,"enh3","ENSG00000174903"
3660,"enh11","ENSG00000099821"
3661,"enh8","ENSG00000136874"
3662,"enh13","ENSG00000125124"
3663,"enh12","ENSG00000136895"
3664,"enh4","ENSG00000175592"
3665,"enh2","ENSG00000198417"
3666,"enh8","ENSG00000159648"
3667,"enh2","ENSG00000144136"
3668,"enh8","ENSG00000101132"
3669,"enh1","ENSG00000135736"
3670,"enh4","ENSG00000115286"
3671,"enh6","ENSG00000196422"
3672,"enh12","ENSG00000115255"
3673,"enh3","ENSG00000106991"
3674,"enh12","ENSG00000130768"
3675,"enh9","ENSG00000114999"
3676,"enh9","ENSG00000169403"
3677,"enh11","ENSG00000130513"
3678,"enh4","ENSG00000120913"
3679,"enh5","ENSG00000122140"
3680,"enh1","ENSG00000135870"
3681,"enh13","ENSG00000141933"
3682,"enh10","ENSG00000196415"
3683,"enh11","ENSG00000117751"
3684,"enh1","ENSG00000131097"
3685,"enh10","ENSG00000115286"
3686,"enh11","ENSG00000172992"
3687,"enh8","ENSG00000162976"
3688,"enh7","ENSG00000065600"
3689,"enh5","ENSG00000131409"
3690,"enh10","ENSG00000203705"
3691,"enh12","ENSG00000064787"
3692,"enh3","ENSG00000198917"
3693,"enh11","ENSG00000175854"
3694,"enh8","ENSG00000160953"
3695,"enh8","ENSG00000104960"
3696,"enh7","ENSG00000169288"
3697,"enh5","ENSG00000105497"
3698,"enh7","ENSG00000105379"
3699,"enh4","ENSG00000134330"
3700,"enh7","ENSG00000177125"
3701,"enh5","ENSG00000138756"
3702,"enh8","ENSG00000173327"
3703,"enh6","ENSG00000162241"
3704,"enh13","ENSG00000087365"
3705,"enh5","ENSG00000172977"
3706,"enh2","ENSG00000104131"
3707,"enh14","ENSG00000119514"
3708,"enh8","ENSG00000125630"
3709,"enh2","ENSG00000064787"
3710,"enh1","ENSG00000104973"
3711,"enh9","ENSG00000105696"
3712,"enh3","ENSG00000115758"
3713,"enh12","ENSG00000173327"
3714,"enh4","ENSG00000064607"
3715,"enh4","ENSG00000161692"
3716,"enh12","ENSG00000136811"
3717,"enh1","ENSG00000148297"
3718,"enh10","ENSG00000151694"
3719,"enh2","ENSG00000071655"
3720,"enh10","ENSG00000099875"
3721,"enh12","ENSG00000197540"
3722,"enh9","ENSG00000176890"
3723,"enh7","ENSG00000136936"
3724,"enh1","ENSG00000133895"
3725,"enh3","ENSG00000166188"
3726,"enh3","ENSG00000160325"
3727,"enh10","ENSG00000126709"
3728,"enh9","ENSG00000165699"
3729,"enh3","ENSG00000167118"
3730,"enh10","ENSG00000181035"
3731,"enh6","ENSG00000066027"
3732,"enh13","ENSG00000070770"
3733,"enh4","ENSG00000130513"
3734,"enh4","ENSG00000110046"
3735,"enh1","ENSG00000158161"
3736,"enh7","ENSG00000167005"
3737,"enh4","ENSG00000064490"
3738,"enh7","ENSG00000106991"
3739,"enh11","ENSG00000136874"
3740,"enh3","ENSG00000133275"
3741,"enh7","ENSG00000105708"
3742,"enh3","ENSG00000105708"
3743,"enh1","ENSG00000064490"
3744,"enh8","ENSG00000227500"
3745,"enh5","ENSG00000198746"
3746,"enh12","ENSG00000167110"
3747,"enh6","ENSG00000173327"
3748,"enh10","ENSG00000087152"
3749,"enh10","ENSG00000180340"
3750,"enh5","ENSG00000160447"
3751,"enh9","ENSG00000004939"
3752,"enh14","ENSG00000130560"
3753,"enh11","ENSG00000136448"
3754,"enh10","ENSG00000175707"
3755,"enh2","ENSG00000106976"
3756,"enh5","ENSG00000188554"
3757,"enh11","ENSG00000155380"
3758,"enh5","ENSG00000177125"
3759,"enh7","ENSG00000102900"
3760,"enh1","ENSG00000174950"
3761,"enh5","ENSG00000115255"
3762,"enh2","ENSG00000117592"
3763,"enh6","ENSG00000117266"
3764,"enh13","ENSG00000172775"
3765,"enh3","ENSG00000172992"
3766,"enh5","ENSG00000117625"
3767,"enh9","ENSG00000186566"
3768,"enh11","ENSG00000165688"
3769,"enh2","ENSG00000198492"
3770,"enh7","ENSG00000172500"
3771,"enh5","ENSG00000134317"
3772,"enh8","ENSG00000165684"
3773,"enh10","ENSG00000064932"
3774,"enh2","ENSG00000104946"
3775,"enh14","ENSG00000136929"
3776,"enh2","ENSG00000039650"
3777,"enh10","ENSG00000175294"
3778,"enh14","ENSG00000173039"
3779,"enh9","ENSG00000172732"
3780,"enh12","ENSG00000011304"
3781,"enh8","ENSG00000254901"
3782,"enh1","ENSG00000228300"
3783,"enh14","ENSG00000172500"
3784,"enh14","ENSG00000171169"
3785,"enh9","ENSG00000213445"
3786,"enh1","ENSG00000105705"
3787,"enh4","ENSG00000071626"
3788,"enh6","ENSG00000155380"
3789,"enh9","ENSG00000171848"
3790,"enh11","ENSG00000175602"
3791,"enh6","ENSG00000174950"
3792,"enh14","ENSG00000115091"
3793,"enh2","ENSG00000005194"
3794,"enh3","ENSG00000182963"
3795,"enh8","ENSG00000158941"
3796,"enh11","ENSG00000141933"
3797,"enh13","ENSG00000176890"
3798,"enh12","ENSG00000147457"
3799,"enh14","ENSG00000221983"
3800,"enh4","ENSG00000204673"
3801,"enh10","ENSG00000136448"
3802,"enh2","ENSG00000188554"
3803,"enh2","ENSG00000187024"
3804,"enh13","ENSG00000105656"
3805,"enh1","ENSG00000119392"
3806,"enh8","ENSG00000119523"
3807,"enh14","ENSG00000103021"
3808,"enh11","ENSG00000180340"
3809,"enh7","ENSG00000152061"
3810,"enh10","ENSG00000167106"
3811,"enh8","ENSG00000174842"
3812,"enh6","ENSG00000174871"
3813,"enh10","ENSG00000119514"
3814,"enh5","ENSG00000162769"
3815,"enh7","ENSG00000197540"
3816,"enh6","ENSG00000108852"
3817,"enh9","ENSG00000181781"
3818,"enh12","ENSG00000165092"
3819,"enh4","ENSG00000136895"
3820,"enh6","ENSG00000108840"
3821,"enh11","ENSG00000186566"
3822,"enh11","ENSG00000129911"
3823,"enh6","ENSG00000105374"
3824,"enh4","ENSG00000167113"
3825,"enh6","ENSG00000175334"
3826,"enh10","ENSG00000142733"
3827,"enh1","ENSG00000005961"
3828,"enh2","ENSG00000174547"
3829,"enh9","ENSG00000135046"
3830,"enh2","ENSG00000142751"
3831,"enh9","ENSG00000153107"
3832,"enh11","ENSG00000120889"
3833,"enh7","ENSG00000262874"
3834,"enh4","ENSG00000238227"
3835,"enh9","ENSG00000136854"
3836,"enh3","ENSG00000136877"
3837,"enh4","ENSG00000136830"
3838,"enh6","ENSG00000108309"
3839,"enh6","ENSG00000180198"
3840,"enh14","ENSG00000161692"
3841,"enh8","ENSG00000175221"
3842,"enh14","ENSG00000105374"
3843,"enh12","ENSG00000006016"
3844,"enh10","ENSG00000172922"
3845,"enh8","ENSG00000115091"
3846,"enh4","ENSG00000171219"
3847,"enh11","ENSG00000143870"
3848,"enh7","ENSG00000129968"
3849,"enh13","ENSG00000168062"
3850,"enh6","ENSG00000131409"
3851,"enh9","ENSG00000009780"
3852,"enh12","ENSG00000153107"
3853,"enh3","ENSG00000127540"
3854,"enh8","ENSG00000167113"
3855,"enh2","ENSG00000117758"
3856,"enh9","ENSG00000168061"
3857,"enh13","ENSG00000148300"
3858,"enh5","ENSG00000130775"
3859,"enh14","ENSG00000148303"
3860,"enh13","ENSG00000120896"
3861,"enh6","ENSG00000108312"
3862,"enh10","ENSG00000069702"
3863,"enh3","ENSG00000064547"
3864,"enh2","ENSG00000140848"
3865,"enh12","ENSG00000102931"
3866,"enh12","ENSG00000204710"
3867,"enh10","ENSG00000172977"
3868,"enh2","ENSG00000142733"
3869,"enh12","ENSG00000184988"
3870,"enh9","ENSG00000105053"
3871,"enh6","ENSG00000173825"
3872,"enh2","ENSG00000136856"
3873,"enh7","ENSG00000184988"
3874,"enh7","ENSG00000105705"
3875,"enh1","ENSG00000160447"
3876,"enh13","ENSG00000099804"
3877,"enh10","ENSG00000099804"
3878,"enh1","ENSG00000114999"
3879,"enh10","ENSG00000155380"
3880,"enh9","ENSG00000169136"
3881,"enh5","ENSG00000104679"
3882,"enh14","ENSG00000167136"
3883,"enh12","ENSG00000182087"
3884,"enh11","ENSG00000178093"
3885,"enh10","ENSG00000196683"
3886,"enh3","ENSG00000104689"
3887,"enh14","ENSG00000144136"
3888,"enh5","ENSG00000117222"
3889,"enh12","ENSG00000180448"
3890,"enh9","ENSG00000105655"
3891,"enh14","ENSG00000123685"
3892,"enh8","ENSG00000223802"
3893,"enh11","ENSG00000115255"
3894,"enh11","ENSG00000160293"
3895,"enh13","ENSG00000005961"
3896,"enh2","ENSG00000069275"
3897,"enh14","ENSG00000148291"
3898,"enh3","ENSG00000099622"
3899,"enh10","ENSG00000064666"
3900,"enh4","ENSG00000175115"
3901,"enh3","ENSG00000115970"
3902,"enh14","ENSG00000102996"
3903,"enh2","ENSG00000105671"
3904,"enh5","ENSG00000197766"
3905,"enh7","ENSG00000104946"
3906,"enh4","ENSG00000105655"
3907,"enh10","ENSG00000115084"
3908,"enh13","ENSG00000254901"
3909,"enh2","ENSG00000175854"
3910,"enh1","ENSG00000105696"
3911,"enh13","ENSG00000228300"
3912,"enh1","ENSG00000160445"
3913,"enh2","ENSG00000198870"
3914,"enh14","ENSG00000181773"
3915,"enh9","ENSG00000175906"
3916,"enh8","ENSG00000105374"
3917,"enh7","ENSG00000156269"
3918,"enh7","ENSG00000152518"
3919,"enh12","ENSG00000204291"
3920,"enh11","ENSG00000117601"
3921,"enh3","ENSG00000196550"
3922,"enh10","ENSG00000095380"
3923,"enh12","ENSG00000070388"
3924,"enh3","ENSG00000131409"
3925,"enh1","ENSG00000138767"
3926,"enh11","ENSG00000165138"
3927,"enh5","ENSG00000172757"
3928,"enh2","ENSG00000143870"
3929,"enh8","ENSG00000146670"
3930,"enh14","ENSG00000174744"
3931,"enh5","ENSG00000070761"
3932,"enh10","ENSG00000167487"
3933,"enh1","ENSG00000108852"
3934,"enh3","ENSG00000105053"
3935,"enh8","ENSG00000159461"
3936,"enh6","ENSG00000133065"
3937,"enh14","ENSG00000180340"
3938,"enh12","ENSG00000138036"
3939,"enh7","ENSG00000158161"
3940,"enh7","ENSG00000198746"
3941,"enh10","ENSG00000131097"
3942,"enh5","ENSG00000117691"
3943,"enh12","ENSG00000162669"
3944,"enh11","ENSG00000070761"
3945,"enh6","ENSG00000148288"
3946,"enh4","ENSG00000213465"
3947,"enh9","ENSG00000099625"
3948,"enh11","ENSG00000160360"
3949,"enh13","ENSG00000104960"
3950,"enh14","ENSG00000119335"
3951,"enh14","ENSG00000254470"
3952,"enh4","ENSG00000167123"
3953,"enh12","ENSG00000127540"
3954,"enh13","ENSG00000117601"
3955,"enh13","ENSG00000167123"
3956,"enh3","ENSG00000090273"
3957,"enh4","ENSG00000131398"
3958,"enh4","ENSG00000105676"
3959,"enh12","ENSG00000131398"
3960,"enh13","ENSG00000138767"
3961,"enh1","ENSG00000138756"
3962,"enh8","ENSG00000168591"
3963,"enh2","ENSG00000165661"
3964,"enh14","ENSG00000160404"
3965,"enh5","ENSG00000159579"
3966,"enh10","ENSG00000198870"
3967,"enh5","ENSG00000138036"
3968,"enh1","ENSG00000160161"
3969,"enh7","ENSG00000171169"
3970,"enh4","ENSG00000115970"
3971,"enh3","ENSG00000155380"
3972,"enh3","ENSG00000167110"
3973,"enh5","ENSG00000133059"
3974,"enh1","ENSG00000089639"
3975,"enh3","ENSG00000173465"
3976,"enh8","ENSG00000173825"
3977,"enh3","ENSG00000183831"
3978,"enh1","ENSG00000134318"
3979,"enh7","ENSG00000148290"
3980,"enh10","ENSG00000149792"
3981,"enh14","ENSG00000184162"
3982,"enh7","ENSG00000168062"
3983,"enh9","ENSG00000160161"
3984,"enh6","ENSG00000117697"
3985,"enh12","ENSG00000105374"
3986,"enh1","ENSG00000143493"
3987,"enh14","ENSG00000119185"
3988,"enh2","ENSG00000133059"
3989,"enh10","ENSG00000131398"
3990,"enh6","ENSG00000197540"
3991,"enh4","ENSG00000130772"
3992,"enh5","ENSG00000117592"
3993,"enh5","ENSG00000174851"
3994,"enh12","ENSG00000148297"
3995,"enh2","ENSG00000136682"
3996,"enh1","ENSG00000186185"
3997,"enh7","ENSG00000117748"
3998,"enh7","ENSG00000122026"
3999,"enh4","ENSG00000120889"
4000,"enh4","ENSG00000152518"
4001,"enh3","ENSG00000140859"
4002,"enh6","ENSG00000175906"
4003,"enh4","ENSG00000117697"
4004,"enh4","ENSG00000011304"
4005,"enh11","ENSG00000123684"
4006,"enh4","ENSG00000134308"
4007,"enh12","ENSG00000149798"
4008,"enh7","ENSG00000151694"
4009,"enh2","ENSG00000175550"
4010,"enh3","ENSG00000172922"
4011,"enh10","ENSG00000125148"
4012,"enh8","ENSG00000204673"
4013,"enh7","ENSG00000070761"
4014,"enh9","ENSG00000064607"
4015,"enh14","ENSG00000161654"
4016,"enh12","ENSG00000175550"
4017,"enh4","ENSG00000069702"
4018,"enh10","ENSG00000108852"
4019,"enh2","ENSG00000180340"
4020,"enh11","ENSG00000161714"
4021,"enh3","ENSG00000130270"
4022,"enh3","ENSG00000172757"
4023,"enh12","ENSG00000186566"
4024,"enh7","ENSG00000175832"
4025,"enh7","ENSG00000030582"
4026,"enh8","ENSG00000006016"
4027,"enh9","ENSG00000065000"
4028,"enh11","ENSG00000213988"
4029,"enh2","ENSG00000172059"
4030,"enh1","ENSG00000129911"
4031,"enh6","ENSG00000104131"
4032,"enh4","ENSG00000136908"
4033,"enh14","ENSG00000189195"
4034,"enh3","ENSG00000158941"
4035,"enh4","ENSG00000176973"
4036,"enh12","ENSG00000186185"
4037,"enh10","ENSG00000071564"
4038,"enh8","ENSG00000135821"
4039,"enh11","ENSG00000030582"
4040,"enh14","ENSG00000160408"
4041,"enh12","ENSG00000148290"
4042,"enh10","ENSG00000065000"
4043,"enh4","ENSG00000064932"
4044,"enh12","ENSG00000167106"
4045,"enh2","ENSG00000125148"
4046,"enh10","ENSG00000171169"
4047,"enh8","ENSG00000187840"
4048,"enh7","ENSG00000181896"
4049,"enh13","ENSG00000160447"
4050,"enh5","ENSG00000149809"
4051,"enh10","ENSG00000174529"
4052,"enh3","ENSG00000133059"
4053,"enh2","ENSG00000070423"
4054,"enh4","ENSG00000167110"
4055,"enh2","ENSG00000120896"
4056,"enh8","ENSG00000099804"
4057,"enh11","ENSG00000168056"
4058,"enh12","ENSG00000169288"
4059,"enh3","ENSG00000076321"
4060,"enh3","ENSG00000117222"
4061,"enh5","ENSG00000070770"
4062,"enh1","ENSG00000115756"
4063,"enh6","ENSG00000122484"
4064,"enh10","ENSG00000123685"
4065,"enh3","ENSG00000165689"
4066,"enh7","ENSG00000161654"
4067,"enh3","ENSG00000105374"
4068,"enh11","ENSG00000105662"
4069,"enh9","ENSG00000142765"
4070,"enh13","ENSG00000110046"
4071,"enh9","ENSG00000160318"
4072,"enh1","ENSG00000254901"
4073,"enh7","ENSG00000130511"
4074,"enh5","ENSG00000151694"
4075,"enh14","ENSG00000138767"
4076,"enh1","ENSG00000162772"
4077,"enh14","ENSG00000125485"
4078,"enh9","ENSG00000136856"
4079,"enh3","ENSG00000142751"
4080,"enh6","ENSG00000065268"
4081,"enh12","ENSG00000143476"
4082,"enh10","ENSG00000136943"
4083,"enh14","ENSG00000169288"
4084,"enh9","ENSG00000165138"
4085,"enh13","ENSG00000087263"
4086,"enh14","ENSG00000186566"
4087,"enh4","ENSG00000005961"
4088,"enh5","ENSG00000108861"
4089,"enh8","ENSG00000070761"
4090,"enh14","ENSG00000014216"
4091,"enh11","ENSG00000235034"
4092,"enh12","ENSG00000122026"
4093,"enh14","ENSG00000173442"
4094,"enh1","ENSG00000136807"
4095,"enh7","ENSG00000106992"
4096,"enh14","ENSG00000140848"
4097,"enh12","ENSG00000133069"
4098,"enh1","ENSG00000172500"
4099,"enh4","ENSG00000174842"
4100,"enh10","ENSG00000102900"
4101,"enh7","ENSG00000143870"
4102,"enh3","ENSG00000160360"
4103,"enh9","ENSG00000106991"
4104,"enh3","ENSG00000178093"
4105,"enh8","ENSG00000120889"
4106,"enh2","ENSG00000160563"
4107,"enh1","ENSG00000178093"
4108,"enh6","ENSG00000213638"
4109,"enh13","ENSG00000127540"
4110,"enh10","ENSG00000161654"
4111,"enh8","ENSG00000133065"
4112,"enh6","ENSG00000070761"
4113,"enh12","ENSG00000186806"
4114,"enh7","ENSG00000130770"
4115,"enh14","ENSG00000133065"
4116,"enh7","ENSG00000114999"
4117,"enh11","ENSG00000148303"
4118,"enh3","ENSG00000174842"
4119,"enh5","ENSG00000241852"
4120,"enh7","ENSG00000102931"
4121,"enh7","ENSG00000119203"
4122,"enh7","ENSG00000119125"
4123,"enh10","ENSG00000134317"
4124,"enh9","ENSG00000117697"
4125,"enh11","ENSG00000213445"
4126,"enh1","ENSG00000123685"
4127,"enh11","ENSG00000187024"
4128,"enh5","ENSG00000144136"
4129,"enh9","ENSG00000106803"
4130,"enh7","ENSG00000105656"
4131,"enh3","ENSG00000143493"
4132,"enh7","ENSG00000136856"
4133,"enh6","ENSG00000125144"
4134,"enh14","ENSG00000180448"
4135,"enh7","ENSG00000160404"
4136,"enh5","ENSG00000005194"
4137,"enh3","ENSG00000115750"
4138,"enh4","ENSG00000168062"
4139,"enh9","ENSG00000213465"
4140,"enh13","ENSG00000159648"
4141,"enh7","ENSG00000120896"
4142,"enh11","ENSG00000171940"
4143,"enh11","ENSG00000131097"
4144,"enh13","ENSG00000262874"
4145,"enh2","ENSG00000142765"
4146,"enh6","ENSG00000125148"
4147,"enh10","ENSG00000167136"
4148,"enh11","ENSG00000167114"
4149,"enh11","ENSG00000167491"
4150,"enh8","ENSG00000067596"
4151,"enh11","ENSG00000115268"
4152,"enh5","ENSG00000136643"
4153,"enh3","ENSG00000175376"
4154,"enh8","ENSG00000138767"
4155,"enh12","ENSG00000125148"
4156,"enh13","ENSG00000115970"
4157,"enh12","ENSG00000099625"
4158,"enh11","ENSG00000196415"
4159,"enh3","ENSG00000198786"
4160,"enh12","ENSG00000125630"
4161,"enh2","ENSG00000158715"
4162,"enh10","ENSG00000105472"
4163,"enh14","ENSG00000196152"
4164,"enh3","ENSG00000172081"
4165,"enh3","ENSG00000135870"
4166,"enh10","ENSG00000158161"
4167,"enh1","ENSG00000142733"
4168,"enh3","ENSG00000256771"
4169,"enh1","ENSG00000238227"
4170,"enh4","ENSG00000172059"
4171,"enh6","ENSG00000143493"
4172,"enh13","ENSG00000143882"
4173,"enh6","ENSG00000105497"
4174,"enh10","ENSG00000120334"
4175,"enh5","ENSG00000069482"
4176,"enh13","ENSG00000175550"
4177,"enh1","ENSG00000138036"
4178,"enh4","ENSG00000097046"
4179,"enh8","ENSG00000181513"
4180,"enh1","ENSG00000107290"
4181,"enh12","ENSG00000213465"
4182,"enh14","ENSG00000169403"
4183,"enh1","ENSG00000129946"
4184,"enh3","ENSG00000101132"
4185,"enh12","ENSG00000108883"
4186,"enh10","ENSG00000136877"
4187,"enh8","ENSG00000117650"
4188,"enh3","ENSG00000064490"
4189,"enh9","ENSG00000161714"
4190,"enh13","ENSG00000119523"
4191,"enh9","ENSG00000172059"
4192,"enh1","ENSG00000119514"
4193,"enh8","ENSG00000143870"
4194,"enh7","ENSG00000133065"
4195,"enh1","ENSG00000106799"
4196,"enh8","ENSG00000213638"
4197,"enh4","ENSG00000172922"
4198,"enh7","ENSG00000131097"
4199,"enh9","ENSG00000136830"
4200,"enh9","ENSG00000167470"
4201,"enh3","ENSG00000180340"
4202,"enh5","ENSG00000099866"
4203,"enh3","ENSG00000070404"
4204,"enh8","ENSG00000099864"
4205,"enh10","ENSG00000071626"
4206,"enh10","ENSG00000122026"
4207,"enh12","ENSG00000125124"
4208,"enh1","ENSG00000169136"
4209,"enh8","ENSG00000116014"
4210,"enh11","ENSG00000176973"
4211,"enh6","ENSG00000174684"
4212,"enh7","ENSG00000130005"
4213,"enh11","ENSG00000142544"
4214,"enh5","ENSG00000184162"
4215,"enh13","ENSG00000133065"
4216,"enh1","ENSG00000204138"
4217,"enh7","ENSG00000213023"
4218,"enh4","ENSG00000254470"
4219,"enh5","ENSG00000172922"
4220,"enh11","ENSG00000122484"
4221,"enh8","ENSG00000182087"
4222,"enh2","ENSG00000147457"
4223,"enh10","ENSG00000158941"
4224,"enh7","ENSG00000143882"
4225,"enh5","ENSG00000105708"
4226,"enh3","ENSG00000173039"
4227,"enh13","ENSG00000105700"
4228,"enh10","ENSG00000126705"
4229,"enh3","ENSG00000136682"
4230,"enh9","ENSG00000142186"
4231,"enh2","ENSG00000119333"
4232,"enh2","ENSG00000105701"
4233,"enh12","ENSG00000125170"
4234,"enh11","ENSG00000067596"
4235,"enh3","ENSG00000122140"
4236,"enh13","ENSG00000174950"
4237,"enh9","ENSG00000115756"
4238,"enh5","ENSG00000104886"
4239,"enh14","ENSG00000108840"
4240,"enh9","ENSG00000138036"
4241,"enh12","ENSG00000167103"
4242,"enh13","ENSG00000172757"
4243,"enh9","ENSG00000148334"
4244,"enh6","ENSG00000087152"
4245,"enh9","ENSG00000174529"
4246,"enh14","ENSG00000134330"
4247,"enh13","ENSG00000106785"
4248,"enh12","ENSG00000115970"
4249,"enh3","ENSG00000213024"
4250,"enh6","ENSG00000185278"
4251,"enh10","ENSG00000117592"
4252,"enh14","ENSG00000147439"
4253,"enh5","ENSG00000143882"
4254,"enh10","ENSG00000108861"
4255,"enh6","ENSG00000197816"
4256,"enh3","ENSG00000130005"
4257,"enh14","ENSG00000174871"
4258,"enh1","ENSG00000148288"
4259,"enh3","ENSG00000148334"
4260,"enh5","ENSG00000168067"
4261,"enh2","ENSG00000130772"
4262,"enh5","ENSG00000119514"
4263,"enh13","ENSG00000148334"
4264,"enh12","ENSG00000008853"
4265,"enh10","ENSG00000146670"
4266,"enh7","ENSG00000180340"
4267,"enh4","ENSG00000158941"
4268,"enh12","ENSG00000013306"
4269,"enh10","ENSG00000104679"
4270,"enh10","ENSG00000119559"
4271,"enh8","ENSG00000174529"
4272,"enh12","ENSG00000149806"
4273,"enh9","ENSG00000188554"
4274,"enh7","ENSG00000175550"
4275,"enh8","ENSG00000136811"
4276,"enh5","ENSG00000213024"
4277,"enh3","ENSG00000095380"
4278,"enh10","ENSG00000129933"
4279,"enh13","ENSG00000167114"
4280,"enh1","ENSG00000136925"
4281,"enh13","ENSG00000158715"
4282,"enh7","ENSG00000213445"
4283,"enh8","ENSG00000161692"
4284,"enh9","ENSG00000104897"
4285,"enh4","ENSG00000115268"
4286,"enh9","ENSG00000136936"
4287,"enh12","ENSG00000125485"
4288,"enh9","ENSG00000175221"
4289,"enh3","ENSG00000051108"
4290,"enh5","ENSG00000125485"
4291,"enh8","ENSG00000185761"
4292,"enh2","ENSG00000171219"
4293,"enh13","ENSG00000097046"
4294,"enh6","ENSG00000196961"
4295,"enh7","ENSG00000006015"
4296,"enh12","ENSG00000070404"
4297,"enh6","ENSG00000008853"
4298,"enh6","ENSG00000159461"
4299,"enh8","ENSG00000196116"
4300,"enh8","ENSG00000099821"
4301,"enh1","ENSG00000158711"
4302,"enh12","ENSG00000006015"
4303,"enh4","ENSG00000165684"
4304,"enh10","ENSG00000181588"
4305,"enh11","ENSG00000068971"
4306,"enh6","ENSG00000160345"
4307,"enh14","ENSG00000136877"
4308,"enh13","ENSG00000071626"
4309,"enh6","ENSG00000197217"
4310,"enh4","ENSG00000198417"
4311,"enh1","ENSG00000095380"
4312,"enh11","ENSG00000126391"
4313,"enh13","ENSG00000125630"
4314,"enh10","ENSG00000167468"
4315,"enh13","ENSG00000108312"
4316,"enh5","ENSG00000223802"
4317,"enh11","ENSG00000106992"
4318,"enh7","ENSG00000106976"
4319,"enh9","ENSG00000174851"
4320,"enh12","ENSG00000165138"
4321,"enh10","ENSG00000117691"
4322,"enh11","ENSG00000204291"
4323,"enh5","ENSG00000091947"
4324,"enh10","ENSG00000105726"
4325,"enh14","ENSG00000131409"
4326,"enh4","ENSG00000144136"
4327,"enh7","ENSG00000180198"
4328,"enh3","ENSG00000126705"
4329,"enh5","ENSG00000105656"
4330,"enh13","ENSG00000227500"
4331,"enh12","ENSG00000144130"
4332,"enh13","ENSG00000171169"
4333,"enh5","ENSG00000130772"
4334,"enh8","ENSG00000213445"
4335,"enh4","ENSG00000181781"
4336,"enh9","ENSG00000149809"
4337,"enh5","ENSG00000186501"
4338,"enh2","ENSG00000148296"
4339,"enh5","ENSG00000142784"
4340,"enh7","ENSG00000173442"
4341,"enh1","ENSG00000197958"
4342,"enh13","ENSG00000108861"
4343,"enh4","ENSG00000188177"
4344,"enh4","ENSG00000039650"
4345,"enh1","ENSG00000133059"
4346,"enh8","ENSG00000149809"
4347,"enh13","ENSG00000102996"
4348,"enh2","ENSG00000186566"
4349,"enh3","ENSG00000123684"
4350,"enh11","ENSG00000102931"
4351,"enh6","ENSG00000174276"
4352,"enh12","ENSG00000064932"
4353,"enh1","ENSG00000117222"
4354,"enh2","ENSG00000167113"
4355,"enh9","ENSG00000148291"
4356,"enh1","ENSG00000163297"
4357,"enh2","ENSG00000131400"
4358,"enh7","ENSG00000186501"
4359,"enh10","ENSG00000105053"
4360,"enh6","ENSG00000104973"
4361,"enh11","ENSG00000105717"
4362,"enh1","ENSG00000177125"
4363,"enh6","ENSG00000051128"
4364,"enh9","ENSG00000149823"
4365,"enh4","ENSG00000106785"
4366,"enh2","ENSG00000162419"
4367,"enh4","ENSG00000131409"
4368,"enh9","ENSG00000185761"
4369,"enh9","ENSG00000104131"
4370,"enh2","ENSG00000125630"
4371,"enh10","ENSG00000141933"
4372,"enh11","ENSG00000108849"
4373,"enh11","ENSG00000186501"
4374,"enh14","ENSG00000187193"
4375,"enh12","ENSG00000108849"
4376,"enh3","ENSG00000186501"
4377,"enh13","ENSG00000110047"
4378,"enh13","ENSG00000120334"
4379,"enh1","ENSG00000140848"
4380,"enh8","ENSG00000151694"
4381,"enh8","ENSG00000136895"
4382,"enh6","ENSG00000175707"
4383,"enh9","ENSG00000175602"
4384,"enh4","ENSG00000105708"
4385,"enh11","ENSG00000169403"
4386,"enh2","ENSG00000097046"
4387,"enh9","ENSG00000130005"
4388,"enh12","ENSG00000254901"
4389,"enh14","ENSG00000099840"
4390,"enh5","ENSG00000187840"
4391,"enh9","ENSG00000133065"
4392,"enh6","ENSG00000140859"
4393,"enh1","ENSG00000106976"
4394,"enh6","ENSG00000105053"
4395,"enh1","ENSG00000136448"
4396,"enh9","ENSG00000175550"
4397,"enh12","ENSG00000152061"
4398,"enh12","ENSG00000136830"
4399,"enh1","ENSG00000014216"
4400,"enh13","ENSG00000167106"
4401,"enh1","ENSG00000120889"
4402,"enh6","ENSG00000148337"
4403,"enh2","ENSG00000147454"
4404,"enh7","ENSG00000174903"
4405,"enh14","ENSG00000130770"
4406,"enh3","ENSG00000125611"
4407,"enh5","ENSG00000129911"
4408,"enh10","ENSG00000126391"
4409,"enh7","ENSG00000099625"
4410,"enh1","ENSG00000198917"
4411,"enh13","ENSG00000165684"
4412,"enh7","ENSG00000107372"
4413,"enh6","ENSG00000159648"
4414,"enh11","ENSG00000153214"
4415,"enh10","ENSG00000171848"
4416,"enh4","ENSG00000162419"
4417,"enh2","ENSG00000221983"
4418,"enh3","ENSG00000153107"
4419,"enh12","ENSG00000082512"
4420,"enh14","ENSG00000196312"
4421,"enh10","ENSG00000115944"
4422,"enh1","ENSG00000115761"
4423,"enh12","ENSG00000175832"
4424,"enh3","ENSG00000158715"
4425,"enh2","ENSG00000197694"
4426,"enh13","ENSG00000151694"
4427,"enh2","ENSG00000012048"
4428,"enh6","ENSG00000057935"
4429,"enh14","ENSG00000148337"
4430,"enh3","ENSG00000197694"
4431,"enh10","ENSG00000105696"
4432,"enh7","ENSG00000235034"
4433,"enh4","ENSG00000125170"
4434,"enh4","ENSG00000136856"
4435,"enh11","ENSG00000115750"
4436,"enh12","ENSG00000142544"
4437,"enh2","ENSG00000204291"
4438,"enh1","ENSG00000064547"
4439,"enh5","ENSG00000005961"
4440,"enh12","ENSG00000159648"
4441,"enh9","ENSG00000005194"
4442,"enh11","ENSG00000125144"
4443,"enh10","ENSG00000167103"
4444,"enh9","ENSG00000090273"
4445,"enh9","ENSG00000105671"
4446,"enh8","ENSG00000126391"
4447,"enh3","ENSG00000176973"
4448,"enh2","ENSG00000168066"
4449,"enh3","ENSG00000104946"
4450,"enh10","ENSG00000115255"
4451,"enh11","ENSG00000168591"
4452,"enh5","ENSG00000125618"
4453,"enh8","ENSG00000120334"
4454,"enh14","ENSG00000106803"
4455,"enh1","ENSG00000130560"
4456,"enh11","ENSG00000160953"
4457,"enh4","ENSG00000148300"
4458,"enh7","ENSG00000105497"
4459,"enh9","ENSG00000227500"
4460,"enh2","ENSG00000175602"
4461,"enh7","ENSG00000125482"
4462,"enh9","ENSG00000064932"
4463,"enh12","ENSG00000133243"
4464,"enh9","ENSG00000182963"
4465,"enh4","ENSG00000180098"
4466,"enh8","ENSG00000156269"
4467,"enh5","ENSG00000167112"
4468,"enh7","ENSG00000099821"
4469,"enh1","ENSG00000130768"
4470,"enh12","ENSG00000167005"
4471,"enh2","ENSG00000160447"
4472,"enh7","ENSG00000087365"
4473,"enh13","ENSG00000140848"
4474,"enh4","ENSG00000152061"
4475,"enh2","ENSG00000182963"
4476,"enh7","ENSG00000173465"
4477,"enh13","ENSG00000117280"
4478,"enh2","ENSG00000175573"
4479,"enh10","ENSG00000198917"
4480,"enh13","ENSG00000115084"
4481,"enh1","ENSG00000174684"
4482,"enh14","ENSG00000108883"
4483,"enh8","ENSG00000186566"
4484,"enh9","ENSG00000087152"
4485,"enh2","ENSG00000161654"
4486,"enh14","ENSG00000144134"
4487,"enh10","ENSG00000143493"
4488,"enh14","ENSG00000165702"
4489,"enh8","ENSG00000105708"
4490,"enh11","ENSG00000069702"
4491,"enh2","ENSG00000165689"
4492,"enh13","ENSG00000102978"
4493,"enh8","ENSG00000172232"
4494,"enh9","ENSG00000159579"
4495,"enh3","ENSG00000115091"
4496,"enh9","ENSG00000107372"
4497,"enh7","ENSG00000117751"
4498,"enh3","ENSG00000152061"
4499,"enh3","ENSG00000140854"
4500,"enh8","ENSG00000133275"
4501,"enh11","ENSG00000064687"
4502,"enh11","ENSG00000115257"
4503,"enh12","ENSG00000122482"
4504,"enh6","ENSG00000039650"
4505,"enh6","ENSG00000136643"
4506,"enh4","ENSG00000122140"
4507,"enh5","ENSG00000187193"
4508,"enh7","ENSG00000171219"
4509,"enh1","ENSG00000082512"
4510,"enh5","ENSG00000099875"
4511,"enh5","ENSG00000167113"
4512,"enh13","ENSG00000175221"
4513,"enh2","ENSG00000065268"
4514,"enh12","ENSG00000144161"
4515,"enh1","ENSG00000117266"
4516,"enh4","ENSG00000198840"
4517,"enh12","ENSG00000180340"
4518,"enh3","ENSG00000169136"
4519,"enh11","ENSG00000167113"
4520,"enh7","ENSG00000099804"
4521,"enh12","ENSG00000198870"
4522,"enh5","ENSG00000130560"
4523,"enh3","ENSG00000099866"
4524,"enh7","ENSG00000148337"
4525,"enh14","ENSG00000131398"
4526,"enh2","ENSG00000136943"
4527,"enh6","ENSG00000006015"
4528,"enh7","ENSG00000107021"
4529,"enh14","ENSG00000158195"
4530,"enh9","ENSG00000160447"
4531,"enh4","ENSG00000161714"
4532,"enh5","ENSG00000158195"
4533,"enh4","ENSG00000119333"
4534,"enh12","ENSG00000134317"
4535,"enh2","ENSG00000162772"
4536,"enh12","ENSG00000203705"
4537,"enh7","ENSG00000090020"
4538,"enh12","ENSG00000160325"
4539,"enh4","ENSG00000102934"
4540,"enh12","ENSG00000173825"
4541,"enh8","ENSG00000161677"
4542,"enh4","ENSG00000125485"
4543,"enh12","ENSG00000180098"
4544,"enh11","ENSG00000114999"
4545,"enh11","ENSG00000115286"
4546,"enh3","ENSG00000181588"
4547,"enh6","ENSG00000180098"
4548,"enh9","ENSG00000125319"
4549,"enh14","ENSG00000099875"
4550,"enh2","ENSG00000181773"
4551,"enh6","ENSG00000099840"
4552,"enh3","ENSG00000142528"
4553,"enh10","ENSG00000142544"
4554,"enh5","ENSG00000148339"
4555,"enh11","ENSG00000099840"
4556,"enh6","ENSG00000174606"
4557,"enh8","ENSG00000158711"
4558,"enh9","ENSG00000160953"
4559,"enh6","ENSG00000011304"
4560,"enh9","ENSG00000135821"
4561,"enh5","ENSG00000116017"
4562,"enh12","ENSG00000187840"
4563,"enh6","ENSG00000172732"
4564,"enh9","ENSG00000119523"
4565,"enh3","ENSG00000180448"
4566,"enh9","ENSG00000079313"
4567,"enh7","ENSG00000102978"
4568,"enh9","ENSG00000115944"
4569,"enh10","ENSG00000175115"
4570,"enh9","ENSG00000110047"
4571,"enh3","ENSG00000133243"
4572,"enh7","ENSG00000174516"
4573,"enh1","ENSG00000168056"
4574,"enh2","ENSG00000175294"
4575,"enh3","ENSG00000062822"
4576,"enh14","ENSG00000087365"
4577,"enh6","ENSG00000168062"
4578,"enh6","ENSG00000158195"
4579,"enh14","ENSG00000174903"
4580,"enh6","ENSG00000064547"
4581,"enh9","ENSG00000197766"
4582,"enh4","ENSG00000136929"
4583,"enh11","ENSG00000136877"
4584,"enh14","ENSG00000151694"
4585,"enh6","ENSG00000135736"
4586,"enh2","ENSG00000105708"
4587,"enh13","ENSG00000104131"
4588,"enh5","ENSG00000186010"
4589,"enh7","ENSG00000136840"
4590,"enh5","ENSG00000174950"
4591,"enh3","ENSG00000174547"
4592,"enh8","ENSG00000143924"
4593,"enh4","ENSG00000169403"
4594,"enh6","ENSG00000159579"
4595,"enh14","ENSG00000099622"
4596,"enh5","ENSG00000148296"
4597,"enh11","ENSG00000138772"
4598,"enh6","ENSG00000069275"
4599,"enh8","ENSG00000130775"
4600,"enh12","ENSG00000176890"
4601,"enh4","ENSG00000130766"
4602,"enh14","ENSG00000122482"
4603,"enh3","ENSG00000196415"
4604,"enh5","ENSG00000175221"
4605,"enh8","ENSG00000180098"
4606,"enh4","ENSG00000160161"
4607,"enh1","ENSG00000051128"
4608,"enh13","ENSG00000167113"
4609,"enh7","ENSG00000172977"
4610,"enh8","ENSG00000140859"
4611,"enh10","ENSG00000173327"
4612,"enh5","ENSG00000104973"
4613,"enh10","ENSG00000064607"
4614,"enh13","ENSG00000162976"
4615,"enh1","ENSG00000166188"
4616,"enh5","ENSG00000100316"
4617,"enh1","ENSG00000180340"
4618,"enh3","ENSG00000087263"
4619,"enh4","ENSG00000104679"
4620,"enh7","ENSG00000125637"
4621,"enh13","ENSG00000115268"
4622,"enh6","ENSG00000097046"
4623,"enh6","ENSG00000082512"
4624,"enh12","ENSG00000067596"
4625,"enh1","ENSG00000196683"
4626,"enh13","ENSG00000119125"
4627,"enh14","ENSG00000102900"
4628,"enh2","ENSG00000115255"
4629,"enh9","ENSG00000147457"
4630,"enh12","ENSG00000142751"
4631,"enh1","ENSG00000167112"
4632,"enh10","ENSG00000152061"
4633,"enh5","ENSG00000172992"
4634,"enh3","ENSG00000182087"
4635,"enh9","ENSG00000175707"
4636,"enh10","ENSG00000161671"
4637,"enh11","ENSG00000175221"
4638,"enh11","ENSG00000198870"
4639,"enh9","ENSG00000143882"
4640,"enh12","ENSG00000167114"
4641,"enh8","ENSG00000117280"
4642,"enh4","ENSG00000141933"
4643,"enh12","ENSG00000148296"
4644,"enh9","ENSG00000167112"
4645,"enh7","ENSG00000099864"
4646,"enh7","ENSG00000104689"
4647,"enh6","ENSG00000198917"
4648,"enh5","ENSG00000130511"
4649,"enh11","ENSG00000013306"
4650,"enh4","ENSG00000176890"
4651,"enh11","ENSG00000175294"
4652,"enh8","ENSG00000105656"
4653,"enh13","ENSG00000165702"
4654,"enh11","ENSG00000070770"
4655,"enh4","ENSG00000253368"
4656,"enh9","ENSG00000167118"
4657,"enh13","ENSG00000196116"
4658,"enh10","ENSG00000147457"
4659,"enh12","ENSG00000196188"
4660,"enh14","ENSG00000148334"
4661,"enh1","ENSG00000188554"
4662,"enh2","ENSG00000186185"
4663,"enh2","ENSG00000153214"
4664,"enh13","ENSG00000136854"
4665,"enh8","ENSG00000143493"
4666,"enh14","ENSG00000159648"
4667,"enh4","ENSG00000143493"
4668,"enh13","ENSG00000174851"
4669,"enh11","ENSG00000197958"
4670,"enh7","ENSG00000140848"
4671,"enh1","ENSG00000117751"
4672,"enh14","ENSG00000176890"
4673,"enh9","ENSG00000175334"
4674,"enh9","ENSG00000099624"
4675,"enh14","ENSG00000089639"
4676,"enh13","ENSG00000197694"
4677,"enh2","ENSG00000099817"
4678,"enh4","ENSG00000188554"
4679,"enh13","ENSG00000142733"
4680,"enh7","ENSG00000175221"
4681,"enh5","ENSG00000125319"
4682,"enh13","ENSG00000106991"
4683,"enh8","ENSG00000221983"
4684,"enh4","ENSG00000175854"
4685,"enh5","ENSG00000161682"
4686,"enh3","ENSG00000039650"
4687,"enh11","ENSG00000129968"
4688,"enh7","ENSG00000172732"
4689,"enh7","ENSG00000141934"
4690,"enh5","ENSG00000253368"
4691,"enh12","ENSG00000126705"
4692,"enh4","ENSG00000198858"
4693,"enh8","ENSG00000254986"
4694,"enh12","ENSG00000172922"
4695,"enh8","ENSG00000117601"
4696,"enh1","ENSG00000187024"
4697,"enh10","ENSG00000198858"
4698,"enh2","ENSG00000213023"
4699,"enh10","ENSG00000103005"
4700,"enh5","ENSG00000119125"
4701,"enh10","ENSG00000057935"
4702,"enh6","ENSG00000142528"
4703,"enh14","ENSG00000176973"
4704,"enh5","ENSG00000167491"
4705,"enh6","ENSG00000119392"
4706,"enh10","ENSG00000144130"
4707,"enh10","ENSG00000012048"
4708,"enh3","ENSG00000122482"
4709,"enh8","ENSG00000153214"
4710,"enh8","ENSG00000167759"
4711,"enh12","ENSG00000185761"
4712,"enh2","ENSG00000099866"
4713,"enh9","ENSG00000131400"
4714,"enh13","ENSG00000133884"
4715,"enh7","ENSG00000188554"
4716,"enh3","ENSG00000174744"
4717,"enh14","ENSG00000228300"
4718,"enh2","ENSG00000105053"
4719,"enh7","ENSG00000196415"
4720,"enh8","ENSG00000186185"
4721,"enh3","ENSG00000197217"
4722,"enh10","ENSG00000160161"
4723,"enh10","ENSG00000125144"
4724,"enh7","ENSG00000185198"
4725,"enh12","ENSG00000173039"
4726,"enh4","ENSG00000172081"
4727,"enh2","ENSG00000130511"
4728,"enh4","ENSG00000167118"
4729,"enh13","ENSG00000051128"
4730,"enh7","ENSG00000160293"
4731,"enh1","ENSG00000104946"
4732,"enh4","ENSG00000167487"
4733,"enh7","ENSG00000175602"
4734,"enh5","ENSG00000161677"
4735,"enh14","ENSG00000148339"
4736,"enh3","ENSG00000057935"
4737,"enh5","ENSG00000066027"
4738,"enh10","ENSG00000172757"
4739,"enh4","ENSG00000099622"
4740,"enh1","ENSG00000175467"
4741,"enh11","ENSG00000228300"
4742,"enh6","ENSG00000160446"
4743,"enh2","ENSG00000123684"
4744,"enh9","ENSG00000167487"
4745,"enh11","ENSG00000177125"
4746,"enh6","ENSG00000106789"
4747,"enh5","ENSG00000181035"
4748,"enh8","ENSG00000174606"
4749,"enh9","ENSG00000175376"
4750,"enh1","ENSG00000116017"
4751,"enh4","ENSG00000181035"
4752,"enh14","ENSG00000125484"
4753,"enh13","ENSG00000105671"
4754,"enh12","ENSG00000123684"
4755,"enh2","ENSG00000151694"
4756,"enh13","ENSG00000136643"
4757,"enh5","ENSG00000130766"
4758,"enh12","ENSG00000117751"
4759,"enh8","ENSG00000142528"
4760,"enh2","ENSG00000106991"
4761,"enh3","ENSG00000131408"
4762,"enh3","ENSG00000172775"
4763,"enh13","ENSG00000144130"
4764,"enh2","ENSG00000161692"
4765,"enh1","ENSG00000099840"
4766,"enh2","ENSG00000129911"
4767,"enh9","ENSG00000106976"
4768,"enh9","ENSG00000238227"
4769,"enh5","ENSG00000165688"
4770,"enh13","ENSG00000105655"
4771,"enh10","ENSG00000011304"
4772,"enh10","ENSG00000180098"
4773,"enh4","ENSG00000180340"
4774,"enh7","ENSG00000140854"
4775,"enh12","ENSG00000147439"
4776,"enh2","ENSG00000146670"
4777,"enh8","ENSG00000134317"
4778,"enh12","ENSG00000079313"
4779,"enh9","ENSG00000103005"
4780,"enh4","ENSG00000119125"
4781,"enh6","ENSG00000134318"
4782,"enh12","ENSG00000182963"
4783,"enh12","ENSG00000181588"
4784,"enh14","ENSG00000134308"
4785,"enh7","ENSG00000181513"
4786,"enh10","ENSG00000100316"
4787,"enh9","ENSG00000175854"
4788,"enh11","ENSG00000186185"
4789,"enh11","ENSG00000148290"
4790,"enh7","ENSG00000174744"
4791,"enh13","ENSG00000099840"
4792,"enh6","ENSG00000162878"
4793,"enh13","ENSG00000162873"
4794,"enh5","ENSG00000204710"
4795,"enh6","ENSG00000099624"
4796,"enh7","ENSG00000198870"
4797,"enh2","ENSG00000148411"
4798,"enh3","ENSG00000147454"
4799,"enh7","ENSG00000149823"
4800,"enh12","ENSG00000106799"
4801,"enh9","ENSG00000167113"
4802,"enh10","ENSG00000254986"
4803,"enh3","ENSG00000088682"
4804,"enh13","ENSG00000174547"
4805,"enh11","ENSG00000135736"
4806,"enh2","ENSG00000148334"
4807,"enh13","ENSG00000136807"
4808,"enh6","ENSG00000126705"
4809,"enh4","ENSG00000103005"
4810,"enh5","ENSG00000051128"
4811,"enh3","ENSG00000168066"
4812,"enh8","ENSG00000117222"
4813,"enh8","ENSG00000203705"
4814,"enh9","ENSG00000123684"
4815,"enh13","ENSG00000091947"
4816,"enh5","ENSG00000172081"
4817,"enh3","ENSG00000175832"
4818,"enh4","ENSG00000172977"
4819,"enh11","ENSG00000087365"
4820,"enh5","ENSG00000254901"
4821,"enh5","ENSG00000115268"
4822,"enh9","ENSG00000136840"
4823,"enh8","ENSG00000134308"
4824,"enh6","ENSG00000088682"
4825,"enh8","ENSG00000197217"
4826,"enh6","ENSG00000168061"
4827,"enh13","ENSG00000146670"
4828,"enh5","ENSG00000115756"
4829,"enh8","ENSG00000119203"
4830,"enh11","ENSG00000134330"
4831,"enh1","ENSG00000148339"
4832,"enh8","ENSG00000105676"
4833,"enh14","ENSG00000099804"
4834,"enh6","ENSG00000115084"
4835,"enh7","ENSG00000108852"
4836,"enh9","ENSG00000153214"
4837,"enh4","ENSG00000162878"
4838,"enh5","ENSG00000095383"
4839,"enh3","ENSG00000181773"
4840,"enh11","ENSG00000105556"
4841,"enh3","ENSG00000065000"
4842,"enh7","ENSG00000170385"
4843,"enh13","ENSG00000099821"
4844,"enh8","ENSG00000168066"
4845,"enh10","ENSG00000122140"
4846,"enh6","ENSG00000099804"
4847,"enh11","ENSG00000125484"
4848,"enh12","ENSG00000135821"
4849,"enh2","ENSG00000126698"
4850,"enh7","ENSG00000097046"
4851,"enh5","ENSG00000068831"
4852,"enh2","ENSG00000102978"
4853,"enh11","ENSG00000198786"
4854,"enh14","ENSG00000165684"
4855,"enh10","ENSG00000108883"
4856,"enh1","ENSG00000171848"
4857,"enh12","ENSG00000183831"
4858,"enh2","ENSG00000168056"
4859,"enh10","ENSG00000152518"
4860,"enh6","ENSG00000119514"
4861,"enh2","ENSG00000125319"
4862,"enh14","ENSG00000141934"
4863,"enh14","ENSG00000131400"
4864,"enh3","ENSG00000110047"
4865,"enh3","ENSG00000204673"
4866,"enh9","ENSG00000181035"
4867,"enh14","ENSG00000120896"
4868,"enh14","ENSG00000004939"
4869,"enh7","ENSG00000143476"
4870,"enh1","ENSG00000141349"
4871,"enh4","ENSG00000099817"
4872,"enh11","ENSG00000136828"
4873,"enh5","ENSG00000131408"
4874,"enh12","ENSG00000069275"
4875,"enh8","ENSG00000105726"
4876,"enh3","ENSG00000172059"
4877,"enh7","ENSG00000167123"
4878,"enh6","ENSG00000138767"
4879,"enh4","ENSG00000129968"
4880,"enh8","ENSG00000136643"
4881,"enh1","ENSG00000069482"
4882,"enh8","ENSG00000162419"
4883,"enh6","ENSG00000131408"
4884,"enh10","ENSG00000142528"
4885,"enh4","ENSG00000149809"
4886,"enh8","ENSG00000141933"
4887,"enh6","ENSG00000196152"
4888,"enh7","ENSG00000131409"
4889,"enh4","ENSG00000062822"
4890,"enh6","ENSG00000104885"
4891,"enh6","ENSG00000174903"
4892,"enh8","ENSG00000162300"
4893,"enh10","ENSG00000133069"
4894,"enh6","ENSG00000130005"
4895,"enh5","ENSG00000119559"
4896,"enh4","ENSG00000009780"
4897,"enh6","ENSG00000198417"
4898,"enh3","ENSG00000125482"
4899,"enh6","ENSG00000129968"
4900,"enh14","ENSG00000071655"
4901,"enh6","ENSG00000099866"
4902,"enh12","ENSG00000136929"
4903,"enh13","ENSG00000106992"
4904,"enh4","ENSG00000172992"
4905,"enh13","ENSG00000005194"
4906,"enh7","ENSG00000105655"
4907,"enh3","ENSG00000167487"
4908,"enh11","ENSG00000158941"
4909,"enh7","ENSG00000159648"
4910,"enh1","ENSG00000142765"
4911,"enh6","ENSG00000160293"
4912,"enh1","ENSG00000136842"
4913,"enh1","ENSG00000213024"
4914,"enh9","ENSG00000174547"
4915,"enh3","ENSG00000204710"
4916,"enh6","ENSG00000136807"
4917,"enh5","ENSG00000141933"
4918,"enh7","ENSG00000250067"
4919,"enh2","ENSG00000141349"
4920,"enh11","ENSG00000135046"
4921,"enh5","ENSG00000197136"
4922,"enh13","ENSG00000115756"
4923,"enh12","ENSG00000165698"
4924,"enh2","ENSG00000148300"
4925,"enh1","ENSG00000131398"
4926,"enh6","ENSG00000169607"
4927,"enh11","ENSG00000161671"
4928,"enh10","ENSG00000010361"
4929,"enh8","ENSG00000253368"
4930,"enh9","ENSG00000099866"
4931,"enh11","ENSG00000165699"
4932,"enh11","ENSG00000197816"
4933,"enh3","ENSG00000126698"
4934,"enh1","ENSG00000105717"
4935,"enh1","ENSG00000102996"
4936,"enh13","ENSG00000172500"
4937,"enh3","ENSG00000213638"
4938,"enh7","ENSG00000172270"
4939,"enh6","ENSG00000180448"
4940,"enh5","ENSG00000198870"
4941,"enh8","ENSG00000130513"
4942,"enh2","ENSG00000168067"
4943,"enh3","ENSG00000162878"
4944,"enh13","ENSG00000147457"
4945,"enh2","ENSG00000181588"
4946,"enh2","ENSG00000167118"
4947,"enh5","ENSG00000204673"
4948,"enh8","ENSG00000136807"
4949,"enh4","ENSG00000135046"
4950,"enh4","ENSG00000149823"
4951,"enh6","ENSG00000172500"
4952,"enh3","ENSG00000161654"
4953,"enh9","ENSG00000013306"
4954,"enh3","ENSG00000136925"
4955,"enh9","ENSG00000213638"
4956,"enh4","ENSG00000167468"
4957,"enh8","ENSG00000065268"
4958,"enh4","ENSG00000140854"
4959,"enh8","ENSG00000196422"
4960,"enh9","ENSG00000174903"
4961,"enh14","ENSG00000162878"
4962,"enh9","ENSG00000120896"
4963,"enh9","ENSG00000180448"
4964,"enh1","ENSG00000120913"
4965,"enh6","ENSG00000099875"
4966,"enh8","ENSG00000172732"
4967,"enh3","ENSG00000167136"
4968,"enh1","ENSG00000158195"
4969,"enh4","ENSG00000125630"
4970,"enh9","ENSG00000173442"
4971,"enh2","ENSG00000134308"
4972,"enh10","ENSG00000004939"
4973,"enh3","ENSG00000171219"
4974,"enh6","ENSG00000131097"
4975,"enh5","ENSG00000148337"
4976,"enh13","ENSG00000130270"
4977,"enh8","ENSG00000197766"
4978,"enh5","ENSG00000196683"
4979,"enh12","ENSG00000105656"
4980,"enh9","ENSG00000168062"
4981,"enh13","ENSG00000069275"
4982,"enh4","ENSG00000115750"
4983,"enh2","ENSG00000119203"
4984,"enh6","ENSG00000167123"
4985,"enh4","ENSG00000168056"
4986,"enh3","ENSG00000136874"
4987,"enh14","ENSG00000125144"
4988,"enh7","ENSG00000068971"
4989,"enh6","ENSG00000116014"
4990,"enh11","ENSG00000173442"
4991,"enh4","ENSG00000006015"
4992,"enh14","ENSG00000167747"
4993,"enh12","ENSG00000117593"
4994,"enh4","ENSG00000148296"
4995,"enh3","ENSG00000180329"
4996,"enh5","ENSG00000107021"
4997,"enh12","ENSG00000160161"
4998,"enh11","ENSG00000173327"
4999,"enh7","ENSG00000005194"
5000,"enh9","ENSG00000130559"
5001,"enh14","ENSG00000181781"
5002,"enh7","ENSG00000186806"
5003,"enh5","ENSG00000136840"
5004,"enh1","ENSG00000241852"
5005,"enh1","ENSG00000161682"
5006,"enh9","ENSG00000108309"
5007,"enh1","ENSG00000165698"
5008,"enh6","ENSG00000119559"
5009,"enh2","ENSG00000130559"
5010,"enh4","ENSG00000153208"
5011,"enh4","ENSG00000117266"
5012,"enh1","ENSG00000117625"
5013,"enh10","ENSG00000213445"
5014,"enh11","ENSG00000104973"
5015,"enh8","ENSG00000131400"
5016,"enh7","ENSG00000165684"
5017,"enh13","ENSG00000011304"
5018,"enh14","ENSG00000142530"
5019,"enh1","ENSG00000071626"
5020,"enh3","ENSG00000169288"
5021,"enh1","ENSG00000168591"
5022,"enh13","ENSG00000136830"
5023,"enh7","ENSG00000174842"
5024,"enh12","ENSG00000142186"
5025,"enh4","ENSG00000167005"
5026,"enh14","ENSG00000131097"
5027,"enh8","ENSG00000172757"
5028,"enh7","ENSG00000104131"
5029,"enh9","ENSG00000104946"
5030,"enh2","ENSG00000167123"
5031,"enh14","ENSG00000162419"
5032,"enh7","ENSG00000165661"
5033,"enh7","ENSG00000133275"
5034,"enh7","ENSG00000160563"
5035,"enh6","ENSG00000165702"
5036,"enh3","ENSG00000119333"
5037,"enh2","ENSG00000136840"
5038,"enh13","ENSG00000105053"
5039,"enh3","ENSG00000198746"
5040,"enh3","ENSG00000160408"
5041,"enh3","ENSG00000105696"
5042,"enh6","ENSG00000160326"
5043,"enh9","ENSG00000130768"
5044,"enh12","ENSG00000213638"
5045,"enh2","ENSG00000138036"
5046,"enh6","ENSG00000133884"
5047,"enh14","ENSG00000182087"
5048,"enh10","ENSG00000159579"
5049,"enh14","ENSG00000135046"
5050,"enh6","ENSG00000160360"
5051,"enh10","ENSG00000148300"
5052,"enh13","ENSG00000158711"
5053,"enh3","ENSG00000129911"
5054,"enh1","ENSG00000158941"
5055,"enh8","ENSG00000196188"
5056,"enh7","ENSG00000076321"
5057,"enh5","ENSG00000180329"
5058,"enh4","ENSG00000107372"
5059,"enh14","ENSG00000110047"
5060,"enh9","ENSG00000160446"
5061,"enh9","ENSG00000136908"
5062,"enh5","ENSG00000186806"
5063,"enh3","ENSG00000175602"
5064,"enh12","ENSG00000166188"
5065,"enh8","ENSG00000105655"
5066,"enh5","ENSG00000065000"
5067,"enh9","ENSG00000168591"
5068,"enh10","ENSG00000133884"
5069,"enh3","ENSG00000068971"
5070,"enh2","ENSG00000133065"
5071,"enh9","ENSG00000180198"
5072,"enh14","ENSG00000099864"
5073,"enh11","ENSG00000159579"
5074,"enh3","ENSG00000184162"
5075,"enh3","ENSG00000167005"
5076,"enh8","ENSG00000167487"
5077,"enh12","ENSG00000188554"
5078,"enh11","ENSG00000115084"
5079,"enh6","ENSG00000167747"
5080,"enh10","ENSG00000117280"
5081,"enh12","ENSG00000136937"
5082,"enh13","ENSG00000160953"
5083,"enh13","ENSG00000162769"
5084,"enh3","ENSG00000136937"
5085,"enh14","ENSG00000114999"
5086,"enh10","ENSG00000105656"
5087,"enh10","ENSG00000117625"
5088,"enh5","ENSG00000120896"
5089,"enh5","ENSG00000101132"
5090,"enh14","ENSG00000198840"
5091,"enh3","ENSG00000204138"
5092,"enh9","ENSG00000148297"
5093,"enh7","ENSG00000138767"
5094,"enh14","ENSG00000105655"
5095,"enh10","ENSG00000104885"
5096,"enh10","ENSG00000156269"
5097,"enh14","ENSG00000167123"
5098,"enh11","ENSG00000129946"
5099,"enh2","ENSG00000167470"
5100,"enh11","ENSG00000110047"
5101,"enh6","ENSG00000105472"
5102,"enh4","ENSG00000160318"
5103,"enh6","ENSG00000064490"
5104,"enh7","ENSG00000070404"
5105,"enh13","ENSG00000070388"
5106,"enh1","ENSG00000197766"
5107,"enh5","ENSG00000141349"
5108,"enh8","ENSG00000130005"
5109,"enh10","ENSG00000256771"
5110,"enh9","ENSG00000010361"
5111,"enh5","ENSG00000131400"
5112,"enh12","ENSG00000102934"
5113,"enh5","ENSG00000136938"
5114,"enh4","ENSG00000136943"
5115,"enh13","ENSG00000117592"
5116,"enh4","ENSG00000161647"
5117,"enh8","ENSG00000030582"
5118,"enh12","ENSG00000101132"
5119,"enh1","ENSG00000152061"
5120,"enh6","ENSG00000099622"
5121,"enh2","ENSG00000196422"
5122,"enh11","ENSG00000167123"
5123,"enh12","ENSG00000117758"
5124,"enh1","ENSG00000117650"
5125,"enh11","ENSG00000165689"
5126,"enh8","ENSG00000197958"
5127,"enh14","ENSG00000160446"
5128,"enh14","ENSG00000162772"
5129,"enh5","ENSG00000171219"
5130,"enh8","ENSG00000170385"
5131,"enh2","ENSG00000087152"
5132,"enh4","ENSG00000136840"
5133,"enh6","ENSG00000136842"
5134,"enh11","ENSG00000175592"
5135,"enh7","ENSG00000160408"
5136,"enh12","ENSG00000213023"
5137,"enh9","ENSG00000141934"
5138,"enh13","ENSG00000147454"
5139,"enh8","ENSG00000131097"
5140,"enh2","ENSG00000166188"
5141,"enh6","ENSG00000013306"
5142,"enh11","ENSG00000186806"
5143,"enh7","ENSG00000136938"
5144,"enh4","ENSG00000126705"
5145,"enh12","ENSG00000162878"
5146,"enh10","ENSG00000136938"
5147,"enh10","ENSG00000180329"
5148,"enh9","ENSG00000069482"
5149,"enh4","ENSG00000175550"
5150,"enh10","ENSG00000120913"
5151,"enh13","ENSG00000160345"
5152,"enh4","ENSG00000142784"
5153,"enh11","ENSG00000196152"
5154,"enh9","ENSG00000117691"
5155,"enh5","ENSG00000147454"
5156,"enh7","ENSG00000115970"
5157,"enh10","ENSG00000167114"
5158,"enh12","ENSG00000172775"
5159,"enh3","ENSG00000103021"
5160,"enh3","ENSG00000136811"
5161,"enh1","ENSG00000134330"
5162,"enh6","ENSG00000070423"
5163,"enh2","ENSG00000172232"
5164,"enh1","ENSG00000104886"
5165,"enh5","ENSG00000196422"
5166,"enh1","ENSG00000130513"
5167,"enh1","ENSG00000136943"
5168,"enh12","ENSG00000143493"
5169,"enh6","ENSG00000105701"
5170,"enh6","ENSG00000174851"
5171,"enh6","ENSG00000176973"
5172,"enh3","ENSG00000131097"
5173,"enh5","ENSG00000115091"
5174,"enh8","ENSG00000159579"
5175,"enh8","ENSG00000122026"
5176,"enh3","ENSG00000119125"
5177,"enh13","ENSG00000104679"
5178,"enh13","ENSG00000167747"
5179,"enh13","ENSG00000130766"
5180,"enh9","ENSG00000119125"
5181,"enh12","ENSG00000170385"
5182,"enh6","ENSG00000104679"
5183,"enh1","ENSG00000262874"
5184,"enh13","ENSG00000160408"
5185,"enh12","ENSG00000174842"
5186,"enh5","ENSG00000140848"
5187,"enh7","ENSG00000105717"
5188,"enh10","ENSG00000136925"
5189,"enh5","ENSG00000119523"
5190,"enh1","ENSG00000227500"
5191,"enh4","ENSG00000138756"
5192,"enh14","ENSG00000174851"
5193,"enh3","ENSG00000136854"
5194,"enh6","ENSG00000136932"
5195,"enh11","ENSG00000171219"
5196,"enh8","ENSG00000130560"
5197,"enh14","ENSG00000129933"
5198,"enh12","ENSG00000102996"
5199,"enh4","ENSG00000197816"
5200,"enh4","ENSG00000204138"
5201,"enh3","ENSG00000175294"
5202,"enh9","ENSG00000172081"
5203,"enh1","ENSG00000076321"
5204,"enh5","ENSG00000131094"
5205,"enh9","ENSG00000254986"
5206,"enh8","ENSG00000178093"
5207,"enh11","ENSG00000064545"
5208,"enh5","ENSG00000105053"
5209,"enh3","ENSG00000158711"
5210,"enh13","ENSG00000105383"
5211,"enh10","ENSG00000104689"
5212,"enh4","ENSG00000148334"
5213,"enh4","ENSG00000140859"
5214,"enh2","ENSG00000254986"
5215,"enh14","ENSG00000108861"
5216,"enh6","ENSG00000171159"
5217,"enh4","ENSG00000106976"
5218,"enh6","ENSG00000186185"
5219,"enh11","ENSG00000105726"
5220,"enh5","ENSG00000173327"
5221,"enh11","ENSG00000203705"
5222,"enh7","ENSG00000197694"
5223,"enh4","ENSG00000161671"
5224,"enh14","ENSG00000105671"
5225,"enh12","ENSG00000136682"
5226,"enh14","ENSG00000082512"
5227,"enh8","ENSG00000082512"
5228,"enh6","ENSG00000165092"
5229,"enh1","ENSG00000097046"
5230,"enh5","ENSG00000133069"
5231,"enh7","ENSG00000133069"
5232,"enh13","ENSG00000134317"
5233,"enh14","ENSG00000104973"
5234,"enh8","ENSG00000106976"
5235,"enh5","ENSG00000155380"
5236,"enh9","ENSG00000162241"
5237,"enh12","ENSG00000175467"
5238,"enh4","ENSG00000196188"
5239,"enh4","ENSG00000167748"
5240,"enh8","ENSG00000148291"
5241,"enh4","ENSG00000168066"
5242,"enh1","ENSG00000008853"
5243,"enh10","ENSG00000171159"
5244,"enh8","ENSG00000126705"
5245,"enh13","ENSG00000133059"
5246,"enh10","ENSG00000186501"
5247,"enh13","ENSG00000136856"
5248,"enh13","ENSG00000107021"
5249,"enh12","ENSG00000131097"
5250,"enh7","ENSG00000064490"
5251,"enh7","ENSG00000186566"
5252,"enh10","ENSG00000160326"
5253,"enh11","ENSG00000180448"
5254,"enh7","ENSG00000238227"
5255,"enh9","ENSG00000095383"
5256,"enh9","ENSG00000142733"
5257,"enh2","ENSG00000125124"
5258,"enh12","ENSG00000122484"
5259,"enh5","ENSG00000115286"
5260,"enh7","ENSG00000149809"
5261,"enh6","ENSG00000158941"
5262,"enh13","ENSG00000090020"
5263,"enh3","ENSG00000173825"
5264,"enh11","ENSG00000198858"
5265,"enh5","ENSG00000203705"
5266,"enh9","ENSG00000140854"
5267,"enh3","ENSG00000118046"
5268,"enh11","ENSG00000105472"
5269,"enh5","ENSG00000014138"
5270,"enh2","ENSG00000143476"
5271,"enh11","ENSG00000175832"
5272,"enh3","ENSG00000174669"
5273,"enh13","ENSG00000161714"
5274,"enh4","ENSG00000149792"
5275,"enh3","ENSG00000174606"
5276,"enh14","ENSG00000204673"
5277,"enh1","ENSG00000161647"
5278,"enh6","ENSG00000181773"
5279,"enh10","ENSG00000198492"
5280,"enh4","ENSG00000119523"
5281,"enh2","ENSG00000161714"
5282,"enh2","ENSG00000136895"
5283,"enh1","ENSG00000141934"
5284,"enh5","ENSG00000169136"
5285,"enh3","ENSG00000198417"
5286,"enh2","ENSG00000130270"
5287,"enh11","ENSG00000133895"
5288,"enh13","ENSG00000143493"
5289,"enh13","ENSG00000129911"
5290,"enh6","ENSG00000160325"
5291,"enh5","ENSG00000097046"
5292,"enh4","ENSG00000051128"
5293,"enh4","ENSG00000117222"
5294,"enh13","ENSG00000122140"
5295,"enh1","ENSG00000175832"
5296,"enh14","ENSG00000181896"
5297,"enh12","ENSG00000253368"
5298,"enh2","ENSG00000138767"
5299,"enh11","ENSG00000104960"
5300,"enh13","ENSG00000182963"
5301,"enh1","ENSG00000148290"
5302,"enh10","ENSG00000005961"
5303,"enh14","ENSG00000117280"
5304,"enh5","ENSG00000169403"
5305,"enh3","ENSG00000160345"
5306,"enh14","ENSG00000070388"
5307,"enh2","ENSG00000227500"
5308,"enh13","ENSG00000254986"
5309,"enh4","ENSG00000148308"
5310,"enh2","ENSG00000116014"
5311,"enh7","ENSG00000147454"
5312,"enh3","ENSG00000167470"
5313,"enh6","ENSG00000105556"
5314,"enh6","ENSG00000144130"
5315,"enh6","ENSG00000117625"
5316,"enh14","ENSG00000117748"
5317,"enh5","ENSG00000117601"
5318,"enh4","ENSG00000175221"
5319,"enh4","ENSG00000158715"
5320,"enh8","ENSG00000122482"
5321,"enh9","ENSG00000130766"
5322,"enh4","ENSG00000136932"
5323,"enh6","ENSG00000130766"
5324,"enh13","ENSG00000126391"
5325,"enh1","ENSG00000006016"
5326,"enh14","ENSG00000136830"
5327,"enh13","ENSG00000115255"
5328,"enh9","ENSG00000110046"
5329,"enh7","ENSG00000116017"
5330,"enh14","ENSG00000156269"
5331,"enh2","ENSG00000135046"
5332,"enh5","ENSG00000115970"
5333,"enh13","ENSG00000107290"
5334,"enh4","ENSG00000105717"
5335,"enh9","ENSG00000102978"
5336,"enh11","ENSG00000161682"
5337,"enh4","ENSG00000136938"
5338,"enh7","ENSG00000117601"
5339,"enh5","ENSG00000198786"
5340,"enh2","ENSG00000169607"
5341,"enh3","ENSG00000104679"
5342,"enh10","ENSG00000130559"
5343,"enh12","ENSG00000167113"
5344,"enh13","ENSG00000130772"
5345,"enh10","ENSG00000120889"
5346,"enh7","ENSG00000005007"
5347,"enh9","ENSG00000183831"
5348,"enh9","ENSG00000167005"
5349,"enh8","ENSG00000105669"
5350,"enh6","ENSG00000162873"
5351,"enh13","ENSG00000174529"
5352,"enh2","ENSG00000170385"
5353,"enh4","ENSG00000180329"
5354,"enh3","ENSG00000143882"
5355,"enh8","ENSG00000167468"
5356,"enh12","ENSG00000005961"
5357,"enh4","ENSG00000143882"
5358,"enh9","ENSG00000148411"
5359,"enh14","ENSG00000115268"
5360,"enh5","ENSG00000108840"
5361,"enh6","ENSG00000174996"
5362,"enh7","ENSG00000089639"
5363,"enh11","ENSG00000071655"
5364,"enh1","ENSG00000067596"
5365,"enh3","ENSG00000120889"
5366,"enh5","ENSG00000181513"
5367,"enh11","ENSG00000117691"
5368,"enh3","ENSG00000120913"
5369,"enh3","ENSG00000171848"
5370,"enh8","ENSG00000107021"
5371,"enh3","ENSG00000148337"
5372,"enh10","ENSG00000223802"
5373,"enh9","ENSG00000221983"
5374,"enh9","ENSG00000223802"
5375,"enh14","ENSG00000065600"
5376,"enh12","ENSG00000167112"
5377,"enh6","ENSG00000172977"
5378,"enh2","ENSG00000117222"
5379,"enh5","ENSG00000115084"
5380,"enh1","ENSG00000175550"
5381,"enh14","ENSG00000165138"
5382,"enh12","ENSG00000140854"
5383,"enh10","ENSG00000165702"
5384,"enh9","ENSG00000099864"
5385,"enh12","ENSG00000160345"
5386,"enh5","ENSG00000174606"
5387,"enh7","ENSG00000136929"
5388,"enh3","ENSG00000136943"
5389,"enh9","ENSG00000135736"
5390,"enh14","ENSG00000197540"
5391,"enh9","ENSG00000105472"
5392,"enh3","ENSG00000147439"
5393,"enh6","ENSG00000172775"
5394,"enh13","ENSG00000136929"
5395,"enh7","ENSG00000203705"
5396,"enh4","ENSG00000138767"
5397,"enh3","ENSG00000198858"
5398,"enh3","ENSG00000148288"
5399,"enh6","ENSG00000160271"
5400,"enh2","ENSG00000159648"
5401,"enh9","ENSG00000140848"
5402,"enh6","ENSG00000169288"
5403,"enh2","ENSG00000105556"
5404,"enh7","ENSG00000101132"
5405,"enh8","ENSG00000138036"
5406,"enh10","ENSG00000106789"
5407,"enh1","ENSG00000138772"
5408,"enh8","ENSG00000171940"
5409,"enh1","ENSG00000122140"
5410,"enh10","ENSG00000198786"
5411,"enh12","ENSG00000174547"
5412,"enh1","ENSG00000136830"
5413,"enh6","ENSG00000223802"
5414,"enh11","ENSG00000133243"
5415,"enh9","ENSG00000159461"
5416,"enh11","ENSG00000064787"
5417,"enh11","ENSG00000117222"
5418,"enh1","ENSG00000172732"
5419,"enh8","ENSG00000114999"
5420,"enh4","ENSG00000115756"
5421,"enh10","ENSG00000129968"
5422,"enh13","ENSG00000115091"
5423,"enh1","ENSG00000105374"
5424,"enh12","ENSG00000090020"
5425,"enh11","ENSG00000187840"
5426,"enh9","ENSG00000172500"
5427,"enh4","ENSG00000102978"
5428,"enh3","ENSG00000116014"
5429,"enh2","ENSG00000133243"
5430,"enh5","ENSG00000189195"
5431,"enh6","ENSG00000162669"
5432,"enh13","ENSG00000197217"
5433,"enh6","ENSG00000125611"
5434,"enh2","ENSG00000067596"
5435,"enh6","ENSG00000090273"
5436,"enh11","ENSG00000181513"
5437,"enh9","ENSG00000180098"
5438,"enh9","ENSG00000186501"
5439,"enh12","ENSG00000119203"
5440,"enh6","ENSG00000107290"
5441,"enh3","ENSG00000136929"
5442,"enh10","ENSG00000108309"
5443,"enh6","ENSG00000141349"
5444,"enh13","ENSG00000117691"
5445,"enh9","ENSG00000126391"
5446,"enh14","ENSG00000158161"
5447,"enh11","ENSG00000196961"
5448,"enh11","ENSG00000213465"
5449,"enh2","ENSG00000142544"
5450,"enh11","ENSG00000142751"
5451,"enh13","ENSG00000203705"
5452,"enh4","ENSG00000125148"
5453,"enh13","ENSG00000099866"
5454,"enh3","ENSG00000143870"
5455,"enh12","ENSG00000160446"
5456,"enh13","ENSG00000136895"
5457,"enh3","ENSG00000105656"
5458,"enh10","ENSG00000148297"
5459,"enh6","ENSG00000148303"
5460,"enh8","ENSG00000136856"
5461,"enh4","ENSG00000160563"
5462,"enh4","ENSG00000171169"
5463,"enh13","ENSG00000153214"
5464,"enh4","ENSG00000120656"
5465,"enh1","ENSG00000162878"
5466,"enh1","ENSG00000213445"
5467,"enh3","ENSG00000144161"
5468,"enh11","ENSG00000175115"
5469,"enh1","ENSG00000069702"
5470,"enh9","ENSG00000125170"
5471,"enh10","ENSG00000136874"
5472,"enh11","ENSG00000131408"
5473,"enh7","ENSG00000135870"
5474,"enh1","ENSG00000172081"
5475,"enh1","ENSG00000117758"
5476,"enh11","ENSG00000162873"
5477,"enh5","ENSG00000174529"
5478,"enh12","ENSG00000181035"
5479,"enh12","ENSG00000151694"
5480,"enh6","ENSG00000095380"
5481,"enh12","ENSG00000160293"
5482,"enh3","ENSG00000142544"
5483,"enh6","ENSG00000142765"
5484,"enh8","ENSG00000065000"
5485,"enh13","ENSG00000198417"
5486,"enh4","ENSG00000165698"
5487,"enh13","ENSG00000250067"
5488,"enh1","ENSG00000125484"
5489,"enh12","ENSG00000130560"
5490,"enh14","ENSG00000172059"
5491,"enh2","ENSG00000149823"
5492,"enh5","ENSG00000105705"
5493,"enh3","ENSG00000004939"
5494,"enh7","ENSG00000108312"
5495,"enh4","ENSG00000108849"
5496,"enh12","ENSG00000064607"
5497,"enh5","ENSG00000204138"
5498,"enh2","ENSG00000106789"
5499,"enh6","ENSG00000105655"
5500,"enh11","ENSG00000102996"
5501,"enh12","ENSG00000136908"
5502,"enh7","ENSG00000090273"
5503,"enh8","ENSG00000160404"
5504,"enh9","ENSG00000136842"
5505,"enh4","ENSG00000196550"
5506,"enh13","ENSG00000118046"
5507,"enh4","ENSG00000088682"
5508,"enh7","ENSG00000174996"
5509,"enh13","ENSG00000172059"
5510,"enh11","ENSG00000169607"
5511,"enh11","ENSG00000095380"
5512,"enh3","ENSG00000105662"
5513,"enh11","ENSG00000184162"
5514,"enh10","ENSG00000181513"
5515,"enh10","ENSG00000099821"
5516,"enh10","ENSG00000125170"
5517,"enh3","ENSG00000102900"
5518,"enh8","ENSG00000187193"
5519,"enh9","ENSG00000103021"
5520,"enh8","ENSG00000174547"
5521,"enh8","ENSG00000169288"
5522,"enh5","ENSG00000196116"
5523,"enh4","ENSG00000008853"
5524,"enh13","ENSG00000148411"
5525,"enh13","ENSG00000152527"
5526,"enh4","ENSG00000120334"
5527,"enh1","ENSG00000175602"
5528,"enh14","ENSG00000104946"
5529,"enh3","ENSG00000167113"
5530,"enh5","ENSG00000173039"
5531,"enh11","ENSG00000144134"
5532,"enh9","ENSG00000070423"
5533,"enh5","ENSG00000161647"
5534,"enh5","ENSG00000213465"
5535,"enh2","ENSG00000125484"
5536,"enh3","ENSG00000180098"
5537,"enh4","ENSG00000105374"
5538,"enh3","ENSG00000160318"
5539,"enh10","ENSG00000148248"
5540,"enh6","ENSG00000136682"
5541,"enh8","ENSG00000064787"
5542,"enh9","ENSG00000254901"
5543,"enh1","ENSG00000105497"
5544,"enh12","ENSG00000136925"
5545,"enh14","ENSG00000160325"
5546,"enh1","ENSG00000174529"
5547,"enh10","ENSG00000134318"
5548,"enh11","ENSG00000115761"
5549,"enh2","ENSG00000130560"
5550,"enh3","ENSG00000181513"
5551,"enh3","ENSG00000148291"
5552,"enh5","ENSG00000105671"
5553,"enh6","ENSG00000221983"
5554,"enh4","ENSG00000131094"
5555,"enh11","ENSG00000170385"
5556,"enh9","ENSG00000172757"
5557,"enh9","ENSG00000160563"
5558,"enh14","ENSG00000175906"
5559,"enh10","ENSG00000099864"
5560,"enh8","ENSG00000198786"
5561,"enh14","ENSG00000159579"
5562,"enh9","ENSG00000173465"
5563,"enh8","ENSG00000115257"
5564,"enh5","ENSG00000051108"
5565,"enh3","ENSG00000087152"
5566,"enh6","ENSG00000152527"
5567,"enh3","ENSG00000006015"
5568,"enh8","ENSG00000103005"
5569,"enh4","ENSG00000070388"
5570,"enh2","ENSG00000184988"
5571,"enh3","ENSG00000136828"
5572,"enh14","ENSG00000196415"
5573,"enh3","ENSG00000136448"
5574,"enh13","ENSG00000136811"
5575,"enh9","ENSG00000235034"
5576,"enh7","ENSG00000142530"
5577,"enh12","ENSG00000104679"
5578,"enh10","ENSG00000162769"
5579,"enh6","ENSG00000168056"
5580,"enh4","ENSG00000160293"
5581,"enh7","ENSG00000165702"
5582,"enh6","ENSG00000117758"
5583,"enh2","ENSG00000133884"
5584,"enh14","ENSG00000171159"
5585,"enh12","ENSG00000250067"
5586,"enh3","ENSG00000070770"
5587,"enh2","ENSG00000162769"
5588,"enh14","ENSG00000143924"
5589,"enh7","ENSG00000130768"
5590,"enh4","ENSG00000162669"
5591,"enh1","ENSG00000106789"
5592,"enh10","ENSG00000196961"
5593,"enh13","ENSG00000165688"
5594,"enh4","ENSG00000147669"
5595,"enh14","ENSG00000105472"
5596,"enh7","ENSG00000039650"
5597,"enh2","ENSG00000141933"
5598,"enh13","ENSG00000198870"
5599,"enh10","ENSG00000174684"
5600,"enh2","ENSG00000188177"
5601,"enh12","ENSG00000141934"
5602,"enh8","ENSG00000102900"
5603,"enh7","ENSG00000119185"
5604,"enh11","ENSG00000117650"
5605,"enh10","ENSG00000130768"
5606,"enh6","ENSG00000188554"
5607,"enh9","ENSG00000174684"
5608,"enh12","ENSG00000186501"
5609,"enh1","ENSG00000162873"
5610,"enh13","ENSG00000125637"
5611,"enh14","ENSG00000165688"
5612,"enh2","ENSG00000175906"
5613,"enh1","ENSG00000005007"
5614,"enh8","ENSG00000184162"
5615,"enh5","ENSG00000174669"
5616,"enh11","ENSG00000160447"
5617,"enh8","ENSG00000161654"
5618,"enh3","ENSG00000105379"
5619,"enh10","ENSG00000120896"
5620,"enh5","ENSG00000105379"
5621,"enh3","ENSG00000136830"
5622,"enh9","ENSG00000136938"
5623,"enh8","ENSG00000180340"
5624,"enh7","ENSG00000136937"
5625,"enh8","ENSG00000142733"
5626,"enh7","ENSG00000163291"
5627,"enh3","ENSG00000188554"
5628,"enh3","ENSG00000005194"
5629,"enh12","ENSG00000090273"
5630,"enh11","ENSG00000165092"
5631,"enh6","ENSG00000158715"
5632,"enh8","ENSG00000105497"
5633,"enh5","ENSG00000142765"
5634,"enh4","ENSG00000108883"
5635,"enh10","ENSG00000204138"
5636,"enh6","ENSG00000171848"
5637,"enh2","ENSG00000172922"
5638,"enh1","ENSG00000136854"
5639,"enh13","ENSG00000129946"
5640,"enh7","ENSG00000196550"
5641,"enh6","ENSG00000129946"
5642,"enh7","ENSG00000065000"
5643,"enh14","ENSG00000162298"
5644,"enh8","ENSG00000165688"
5645,"enh13","ENSG00000181896"
5646,"enh6","ENSG00000136856"
5647,"enh12","ENSG00000167470"
5648,"enh10","ENSG00000013306"
5649,"enh14","ENSG00000133895"
5650,"enh10","ENSG00000168061"
5651,"enh14","ENSG00000135870"
5652,"enh7","ENSG00000138772"
5653,"enh6","ENSG00000172081"
5654,"enh14","ENSG00000117691"
5655,"enh8","ENSG00000070388"
5656,"enh4","ENSG00000136874"
5657,"enh1","ENSG00000198786"
5658,"enh9","ENSG00000152061"
5659,"enh1","ENSG00000136929"
5660,"enh14","ENSG00000171848"
5661,"enh8","ENSG00000148303"
5662,"enh7","ENSG00000105726"
5663,"enh11","ENSG00000169136"
5664,"enh10","ENSG00000172270"
5665,"enh3","ENSG00000186010"
5666,"enh12","ENSG00000005007"
5667,"enh4","ENSG00000125618"
5668,"enh6","ENSG00000136854"
5669,"enh2","ENSG00000030582"
5670,"enh8","ENSG00000115286"
5671,"enh11","ENSG00000104131"
5672,"enh4","ENSG00000099875"
5673,"enh7","ENSG00000161692"
5674,"enh4","ENSG00000241852"
5675,"enh12","ENSG00000130775"
5676,"enh10","ENSG00000198417"
5677,"enh11","ENSG00000167110"
5678,"enh7","ENSG00000131094"
5679,"enh7","ENSG00000119335"
5680,"enh8","ENSG00000174669"
5681,"enh11","ENSG00000099817"
5682,"enh11","ENSG00000117592"
5683,"enh10","ENSG00000188177"
5684,"enh7","ENSG00000119392"
5685,"enh14","ENSG00000076321"
5686,"enh8","ENSG00000087263"
5687,"enh8","ENSG00000140848"
5688,"enh7","ENSG00000105701"
5689,"enh6","ENSG00000119523"
5690,"enh3","ENSG00000009780"
5691,"enh11","ENSG00000158715"
5692,"enh11","ENSG00000099875"
5693,"enh5","ENSG00000148300"
5694,"enh10","ENSG00000153214"
5695,"enh5","ENSG00000136925"
5696,"enh8","ENSG00000135046"
5697,"enh13","ENSG00000171848"
5698,"enh12","ENSG00000117280"
5699,"enh14","ENSG00000144130"
5700,"enh10","ENSG00000101132"
5701,"enh7","ENSG00000105556"
5702,"enh2","ENSG00000160271"
5703,"enh13","ENSG00000119514"
5704,"enh11","ENSG00000110046"
5705,"enh1","ENSG00000129968"
5706,"enh3","ENSG00000250067"
5707,"enh8","ENSG00000102931"
5708,"enh3","ENSG00000134317"
5709,"enh14","ENSG00000104960"
5710,"enh6","ENSG00000105669"
5711,"enh7","ENSG00000117222"
5712,"enh13","ENSG00000131398"
5713,"enh5","ENSG00000186185"
5714,"enh11","ENSG00000185198"
5715,"enh9","ENSG00000160325"
5716,"enh11","ENSG00000070423"
5717,"enh3","ENSG00000071655"
5718,"enh6","ENSG00000133895"
5719,"enh13","ENSG00000213221"
5720,"enh5","ENSG00000115761"
5721,"enh8","ENSG00000167123"
5722,"enh3","ENSG00000167747"
5723,"enh10","ENSG00000129946"
5724,"enh8","ENSG00000165092"
5725,"enh11","ENSG00000167759"
5726,"enh6","ENSG00000136828"
5727,"enh14","ENSG00000106789"
5728,"enh10","ENSG00000076321"
5729,"enh2","ENSG00000051108"
5730,"enh3","ENSG00000172270"
5731,"enh3","ENSG00000159579"
5732,"enh8","ENSG00000136682"
5733,"enh3","ENSG00000185278"
5734,"enh1","ENSG00000131409"
5735,"enh13","ENSG00000153107"
5736,"enh8","ENSG00000148337"
5737,"enh5","ENSG00000068971"
5738,"enh8","ENSG00000138772"
5739,"enh14","ENSG00000152518"
5740,"enh3","ENSG00000174276"
5741,"enh1","ENSG00000125637"
5742,"enh14","ENSG00000064787"
5743,"enh3","ENSG00000130559"
5744,"enh4","ENSG00000174950"
5745,"enh10","ENSG00000183831"
5746,"enh10","ENSG00000167748"
5747,"enh13","ENSG00000185761"
5748,"enh14","ENSG00000175854"
5749,"enh12","ENSG00000125484"
5750,"enh10","ENSG00000006016"
5751,"enh11","ENSG00000106991"
5752,"enh12","ENSG00000147454"
5753,"enh13","ENSG00000198917"
5754,"enh10","ENSG00000167470"
5755,"enh10","ENSG00000174606"
5756,"enh9","ENSG00000105708"
5757,"enh5","ENSG00000107290"
5758,"enh5","ENSG00000105669"
5759,"enh9","ENSG00000101132"
5760,"enh5","ENSG00000108312"
5761,"enh8","ENSG00000099866"
5762,"enh12","ENSG00000196415"
5763,"enh13","ENSG00000138772"
5764,"enh9","ENSG00000168067"
5765,"enh1","ENSG00000123684"
5766,"enh13","ENSG00000165699"
5767,"enh3","ENSG00000213445"
5768,"enh4","ENSG00000082512"
5769,"enh3","ENSG00000142765"
5770,"enh8","ENSG00000176890"
5771,"enh6","ENSG00000125482"
5772,"enh8","ENSG00000129951"
5773,"enh2","ENSG00000175115"
5774,"enh3","ENSG00000175334"
5775,"enh9","ENSG00000174606"
5776,"enh7","ENSG00000105053"
5777,"enh6","ENSG00000148290"
5778,"enh12","ENSG00000129911"
5779,"enh9","ENSG00000119185"
5780,"enh4","ENSG00000148248"
5781,"enh5","ENSG00000165689"
5782,"enh6","ENSG00000152518"
5783,"enh12","ENSG00000105696"
5784,"enh11","ENSG00000172732"
5785,"enh8","ENSG00000091947"
5786,"enh1","ENSG00000119125"
5787,"enh1","ENSG00000100316"
5788,"enh14","ENSG00000165689"
5789,"enh10","ENSG00000153208"
5790,"enh6","ENSG00000165699"
5791,"enh4","ENSG00000095380"
5792,"enh5","ENSG00000099821"
5793,"enh9","ENSG00000196961"
5794,"enh5","ENSG00000120889"
5795,"enh9","ENSG00000198786"
5796,"enh12","ENSG00000213221"
5797,"enh3","ENSG00000099625"
5798,"enh13","ENSG00000148296"
5799,"enh2","ENSG00000204673"
5800,"enh14","ENSG00000064666"
5801,"enh7","ENSG00000165688"
5802,"enh6","ENSG00000125630"
5803,"enh13","ENSG00000126698"
5804,"enh11","ENSG00000136811"
5805,"enh10","ENSG00000110046"
5806,"enh6","ENSG00000143476"
5807,"enh10","ENSG00000188554"
5808,"enh3","ENSG00000133069"
5809,"enh13","ENSG00000142528"
5810,"enh13","ENSG00000064687"
5811,"enh5","ENSG00000197540"
5812,"enh14","ENSG00000115750"
5813,"enh7","ENSG00000161647"
5814,"enh8","ENSG00000099817"
5815,"enh7","ENSG00000254470"
5816,"enh6","ENSG00000203705"
5817,"enh5","ENSG00000136932"
5818,"enh4","ENSG00000181588"
5819,"enh13","ENSG00000102934"
5820,"enh5","ENSG00000105662"
5821,"enh14","ENSG00000147669"
5822,"enh12","ENSG00000149792"
5823,"enh11","ENSG00000148300"
5824,"enh14","ENSG00000117222"
5825,"enh14","ENSG00000175602"
5826,"enh8","ENSG00000108861"
5827,"enh7","ENSG00000115257"
5828,"enh13","ENSG00000172270"
5829,"enh9","ENSG00000187024"
5830,"enh2","ENSG00000178093"
5831,"enh8","ENSG00000180198"
5832,"enh1","ENSG00000213988"
5833,"enh1","ENSG00000104131"
5834,"enh2","ENSG00000168062"
5835,"enh14","ENSG00000115758"
5836,"enh14","ENSG00000136807"
5837,"enh8","ENSG00000167470"
5838,"enh4","ENSG00000131400"
5839,"enh3","ENSG00000196188"
5840,"enh10","ENSG00000213465"
5841,"enh4","ENSG00000175832"
5842,"enh5","ENSG00000117593"
5843,"enh5","ENSG00000115750"
5844,"enh4","ENSG00000130270"
5845,"enh11","ENSG00000196422"
5846,"enh1","ENSG00000115970"
5847,"enh9","ENSG00000102934"
5848,"enh9","ENSG00000039650"
5849,"enh14","ENSG00000064545"
5850,"enh2","ENSG00000099864"
5851,"enh7","ENSG00000143924"
5852,"enh2","ENSG00000089639"
5853,"enh2","ENSG00000158711"
5854,"enh1","ENSG00000156269"
5855,"enh13","ENSG00000213023"
5856,"enh3","ENSG00000125637"
5857,"enh9","ENSG00000161647"
5858,"enh11","ENSG00000005961"
5859,"enh13","ENSG00000131400"
5860,"enh1","ENSG00000102931"
5861,"enh11","ENSG00000172270"
5862,"enh14","ENSG00000131094"
5863,"enh3","ENSG00000099840"
5864,"enh1","ENSG00000160326"
5865,"enh14","ENSG00000254901"
5866,"enh13","ENSG00000142784"
5867,"enh5","ENSG00000160360"
5868,"enh11","ENSG00000105671"
5869,"enh12","ENSG00000065600"
5870,"enh12","ENSG00000126698"
5871,"enh2","ENSG00000117266"
5872,"enh14","ENSG00000174950"
5873,"enh13","ENSG00000175707"
5874,"enh7","ENSG00000160446"
5875,"enh7","ENSG00000155380"
5876,"enh12","ENSG00000180198"
5877,"enh4","ENSG00000105556"
5878,"enh6","ENSG00000165661"
5879,"enh10","ENSG00000162976"
5880,"enh5","ENSG00000087263"
5881,"enh5","ENSG00000131398"
5882,"enh7","ENSG00000125319"
5883,"enh12","ENSG00000110047"
5884,"enh10","ENSG00000099866"
5885,"enh12","ENSG00000106976"
5886,"enh13","ENSG00000142751"
5887,"enh4","ENSG00000175294"
5888,"enh5","ENSG00000136811"
5889,"enh9","ENSG00000159648"
5890,"enh9","ENSG00000117593"
5891,"enh13","ENSG00000172732"
5892,"enh2","ENSG00000168061"
5893,"enh12","ENSG00000172081"
5894,"enh12","ENSG00000117748"
5895,"enh2","ENSG00000185198"
5896,"enh10","ENSG00000115758"
5897,"enh11","ENSG00000160161"
5898,"enh10","ENSG00000117748"
5899,"enh7","ENSG00000117593"
5900,"enh13","ENSG00000099864"
5901,"enh12","ENSG00000198786"
5902,"enh2","ENSG00000064666"
5903,"enh5","ENSG00000136895"
5904,"enh10","ENSG00000204673"
5905,"enh12","ENSG00000136936"
5906,"enh6","ENSG00000175854"
5907,"enh13","ENSG00000143924"
5908,"enh7","ENSG00000119523"
5909,"enh2","ENSG00000130513"
5910,"enh11","ENSG00000136682"
5911,"enh3","ENSG00000138767"
5912,"enh3","ENSG00000196116"
5913,"enh6","ENSG00000148334"
5914,"enh3","ENSG00000147457"
5915,"enh11","ENSG00000250067"
5916,"enh7","ENSG00000171159"
5917,"enh11","ENSG00000140859"
5918,"enh11","ENSG00000168062"
5919,"enh2","ENSG00000174996"
5920,"enh12","ENSG00000174606"
5921,"enh5","ENSG00000167110"
5922,"enh5","ENSG00000187024"
5923,"enh11","ENSG00000167487"
5924,"enh1","ENSG00000091947"
5925,"enh9","ENSG00000105705"
5926,"enh4","ENSG00000196152"
5927,"enh3","ENSG00000171169"
5928,"enh10","ENSG00000162669"
5929,"enh7","ENSG00000066027"
5930,"enh1","ENSG00000149792"
5931,"enh7","ENSG00000136932"
5932,"enh14","ENSG00000110046"
5933,"enh12","ENSG00000189195"
5934,"enh11","ENSG00000204673"
5935,"enh14","ENSG00000068976"
5936,"enh9","ENSG00000172992"
5937,"enh13","ENSG00000099625"
5938,"enh10","ENSG00000064490"
5939,"enh2","ENSG00000143924"
5940,"enh2","ENSG00000167747"
5941,"enh13","ENSG00000068831"
5942,"enh3","ENSG00000227500"
5943,"enh2","ENSG00000174903"
5944,"enh4","ENSG00000144130"
5945,"enh3","ENSG00000142733"
5946,"enh1","ENSG00000122026"
5947,"enh7","ENSG00000254901"
5948,"enh3","ENSG00000115255"
5949,"enh12","ENSG00000115257"
5950,"enh12","ENSG00000130270"
5951,"enh5","ENSG00000126709"
5952,"enh4","ENSG00000175602"
5953,"enh11","ENSG00000198746"
5954,"enh2","ENSG00000197958"
5955,"enh3","ENSG00000253368"
5956,"enh7","ENSG00000087152"
5957,"enh5","ENSG00000185761"
5958,"enh12","ENSG00000129946"
5959,"enh10","ENSG00000136811"
5960,"enh12","ENSG00000136643"
5961,"enh2","ENSG00000175707"
5962,"enh3","ENSG00000071626"
5963,"enh3","ENSG00000119335"
5964,"enh1","ENSG00000174851"
5965,"enh12","ENSG00000104689"
5966,"enh7","ENSG00000064666"
5967,"enh13","ENSG00000148290"
5968,"enh4","ENSG00000136925"
5969,"enh6","ENSG00000115944"
5970,"enh11","ENSG00000167005"
5971,"enh14","ENSG00000204138"
5972,"enh5","ENSG00000143924"
5973,"enh10","ENSG00000006015"
5974,"enh2","ENSG00000070770"
5975,"enh4","ENSG00000167759"
5976,"enh9","ENSG00000142530"
5977,"enh7","ENSG00000136807"
5978,"enh10","ENSG00000090020"
5979,"enh4","ENSG00000213988"
5980,"enh3","ENSG00000097046"
5981,"enh8","ENSG00000105671"
5982,"enh11","ENSG00000144136"
5983,"enh13","ENSG00000105669"
5984,"enh7","ENSG00000172757"
5985,"enh7","ENSG00000136682"
5986,"enh7","ENSG00000010361"
5987,"enh5","ENSG00000171848"
5988,"enh2","ENSG00000115286"
5989,"enh3","ENSG00000104886"
5990,"enh1","ENSG00000213023"
5991,"enh2","ENSG00000101132"
5992,"enh3","ENSG00000165684"
5993,"enh14","ENSG00000005961"
5994,"enh13","ENSG00000160325"
5995,"enh5","ENSG00000159461"
5996,"enh10","ENSG00000174871"
5997,"enh3","ENSG00000130511"
5998,"enh1","ENSG00000196116"
5999,"enh14","ENSG00000138036"
6000,"enh8","ENSG00000160445"
6001,"enh12","ENSG00000066027"
6002,"enh5","ENSG00000172232"
6003,"enh2","ENSG00000254901"
6004,"enh7","ENSG00000196116"
6005,"enh5","ENSG00000129933"
6006,"enh13","ENSG00000160563"
6007,"enh7","ENSG00000197766"
6008,"enh2","ENSG00000174851"
6009,"enh10","ENSG00000070404"
6010,"enh5","ENSG00000108852"
6011,"enh5","ENSG00000008853"
6012,"enh13","ENSG00000064932"
6013,"enh14","ENSG00000071626"
6014,"enh14","ENSG00000070404"
6015,"enh2","ENSG00000070388"
6016,"enh14","ENSG00000160271"
6017,"enh3","ENSG00000160161"
6018,"enh10","ENSG00000162873"
6019,"enh7","ENSG00000172922"
6020,"enh7","ENSG00000165092"
6021,"enh6","ENSG00000130513"
6022,"enh10","ENSG00000175573"
6023,"enh8","ENSG00000136854"
6024,"enh10","ENSG00000160953"
6025,"enh5","ENSG00000175467"
6026,"enh11","ENSG00000213638"
6027,"enh1","ENSG00000070388"
6028,"enh4","ENSG00000174606"
6029,"enh14","ENSG00000174684"
6030,"enh7","ENSG00000057935"
6031,"enh13","ENSG00000160161"
6032,"enh14","ENSG00000069702"
6033,"enh13","ENSG00000051108"
6034,"enh9","ENSG00000168056"
6035,"enh4","ENSG00000135870"
6036,"enh2","ENSG00000160953"
6037,"enh11","ENSG00000062822"
6038,"enh13","ENSG00000064607"
6039,"enh2","ENSG00000104897"
6040,"enh10","ENSG00000079313"
6041,"enh8","ENSG00000169403"
6042,"enh11","ENSG00000108309"
6043,"enh3","ENSG00000197816"
6044,"enh1","ENSG00000167759"
6045,"enh5","ENSG00000142528"
6046,"enh11","ENSG00000090273"
6047,"enh5","ENSG00000102934"
6048,"enh8","ENSG00000160345"
6049,"enh6","ENSG00000106992"
6050,"enh11","ENSG00000256771"
6051,"enh4","ENSG00000119335"
6052,"enh7","ENSG00000167110"
6053,"enh11","ENSG00000162769"
6054,"enh2","ENSG00000099875"
6055,"enh7","ENSG00000158941"
6056,"enh2","ENSG00000105700"
6057,"enh2","ENSG00000149809"
6058,"enh1","ENSG00000143476"
6059,"enh1","ENSG00000105662"
6060,"enh14","ENSG00000198492"
6061,"enh4","ENSG00000178093"
6062,"enh5","ENSG00000172270"
6063,"enh14","ENSG00000008853"
6064,"enh3","ENSG00000005007"
6065,"enh2","ENSG00000162878"
6066,"enh3","ENSG00000105671"
6067,"enh2","ENSG00000105383"
6068,"enh4","ENSG00000161682"
6069,"enh5","ENSG00000105676"
6070,"enh9","ENSG00000117266"
6071,"enh13","ENSG00000204138"
6072,"enh9","ENSG00000133059"
6073,"enh8","ENSG00000099875"
6074,"enh2","ENSG00000174606"
6075,"enh3","ENSG00000162300"
6076,"enh13","ENSG00000156269"
6077,"enh11","ENSG00000125124"
6078,"enh4","ENSG00000221983"
6079,"enh9","ENSG00000147669"
6080,"enh8","ENSG00000106803"
6081,"enh2","ENSG00000115257"
6082,"enh1","ENSG00000117697"
6083,"enh4","ENSG00000198746"
6084,"enh6","ENSG00000250067"
6085,"enh8","ENSG00000105696"
6086,"enh14","ENSG00000213023"
6087,"enh9","ENSG00000117280"
6088,"enh13","ENSG00000122484"
6089,"enh4","ENSG00000186566"
6090,"enh1","ENSG00000165702"
6091,"enh2","ENSG00000110047"
6092,"enh6","ENSG00000174669"
6093,"enh3","ENSG00000141934"
6094,"enh13","ENSG00000161682"
6095,"enh7","ENSG00000067596"
6096,"enh2","ENSG00000186806"
6097,"enh14","ENSG00000161671"
6098,"enh2","ENSG00000172977"
6099,"enh6","ENSG00000147457"
6100,"enh9","ENSG00000167747"
6101,"enh3","ENSG00000071564"
6102,"enh11","ENSG00000167748"
6103,"enh11","ENSG00000186010"
6104,"enh10","ENSG00000087263"
6105,"enh13","ENSG00000181035"
6106,"enh13","ENSG00000175832"
6107,"enh7","ENSG00000182087"
6108,"enh7","ENSG00000184162"
6109,"enh11","ENSG00000105669"
6110,"enh3","ENSG00000117625"
6111,"enh14","ENSG00000105497"
6112,"enh4","ENSG00000105701"
6113,"enh2","ENSG00000051128"
6114,"enh2","ENSG00000172732"
6115,"enh9","ENSG00000102900"
6116,"enh2","ENSG00000134317"
6117,"enh5","ENSG00000148356"
6118,"enh1","ENSG00000148334"
6119,"enh4","ENSG00000197766"
6120,"enh9","ENSG00000136682"
6121,"enh9","ENSG00000141933"
6122,"enh6","ENSG00000115761"
6123,"enh4","ENSG00000198870"
6124,"enh12","ENSG00000115761"
6125,"enh11","ENSG00000129933"
6126,"enh6","ENSG00000064666"
6127,"enh2","ENSG00000187193"
6128,"enh12","ENSG00000117592"
6129,"enh10","ENSG00000165688"
6130,"enh7","ENSG00000160953"
6131,"enh8","ENSG00000070770"
6132,"enh12","ENSG00000106991"
6133,"enh1","ENSG00000135046"
6134,"enh2","ENSG00000167487"
6135,"enh3","ENSG00000181035"
6136,"enh13","ENSG00000088682"
6137,"enh9","ENSG00000166188"
6138,"enh9","ENSG00000204710"
6139,"enh8","ENSG00000105705"
6140,"enh6","ENSG00000196415"
6141,"enh11","ENSG00000213023"
6142,"enh4","ENSG00000174744"
6143,"enh9","ENSG00000106785"
6144,"enh3","ENSG00000165138"
6145,"enh6","ENSG00000158711"
6146,"enh6","ENSG00000131400"
6147,"enh11","ENSG00000125170"
6148,"enh12","ENSG00000148248"
6149,"enh8","ENSG00000012048"
6150,"enh5","ENSG00000119392"
6151,"enh1","ENSG00000203705"
6152,"enh1","ENSG00000172059"
6153,"enh11","ENSG00000196116"
6154,"enh2","ENSG00000172992"
6155,"enh1","ENSG00000160345"
6156,"enh4","ENSG00000165689"
6157,"enh11","ENSG00000104679"
6158,"enh9","ENSG00000126709"
6159,"enh2","ENSG00000160404"
6160,"enh10","ENSG00000136856"
6161,"enh12","ENSG00000126391"
6162,"enh1","ENSG00000173825"
6163,"enh6","ENSG00000115756"
6164,"enh2","ENSG00000125170"
6165,"enh9","ENSG00000119335"
6166,"enh13","ENSG00000115257"
6167,"enh9","ENSG00000136929"
6168,"enh8","ENSG00000213465"
6169,"enh12","ENSG00000131094"
6170,"enh6","ENSG00000004939"
6171,"enh8","ENSG00000174851"
6172,"enh1","ENSG00000117601"
6173,"enh7","ENSG00000185761"
6174,"enh11","ENSG00000169288"
6175,"enh1","ENSG00000099866"
6176,"enh12","ENSG00000175334"
6177,"enh5","ENSG00000106789"
6178,"enh14","ENSG00000123684"
6179,"enh6","ENSG00000064687"
6180,"enh13","ENSG00000119203"
6181,"enh6","ENSG00000102931"
6182,"enh10","ENSG00000169607"
6183,"enh3","ENSG00000175573"
6184,"enh14","ENSG00000134317"
6185,"enh5","ENSG00000180098"
6186,"enh4","ENSG00000182087"
6187,"enh12","ENSG00000152527"
6188,"enh5","ENSG00000186566"
6189,"enh8","ENSG00000107372"
6190,"enh1","ENSG00000120896"
6191,"enh7","ENSG00000115084"
6192,"enh7","ENSG00000125484"
6193,"enh6","ENSG00000136895"
6194,"enh14","ENSG00000103005"
6195,"enh4","ENSG00000168061"
6196,"enh11","ENSG00000136840"
6197,"enh7","ENSG00000182963"
6198,"enh2","ENSG00000174871"
6199,"enh14","ENSG00000107372"
6200,"enh11","ENSG00000105701"
6201,"enh9","ENSG00000143924"
6202,"enh5","ENSG00000198492"
6203,"enh14","ENSG00000133069"
6204,"enh6","ENSG00000136925"
6205,"enh3","ENSG00000254470"
6206,"enh12","ENSG00000197136"
6207,"enh4","ENSG00000130511"
6208,"enh5","ENSG00000196550"
6209,"enh7","ENSG00000127540"
6210,"enh5","ENSG00000180448"
6211,"enh12","ENSG00000136943"
6212,"enh7","ENSG00000196683"
6213,"enh13","ENSG00000163297"
6214,"enh3","ENSG00000152518"
6215,"enh8","ENSG00000172977"
6216,"enh14","ENSG00000090020"
6217,"enh1","ENSG00000131408"
6218,"enh10","ENSG00000159461"
6219,"enh11","ENSG00000175707"
6220,"enh12","ENSG00000108312"
6221,"enh9","ENSG00000181588"
6222,"enh1","ENSG00000134308"
6223,"enh14","ENSG00000174842"
6224,"enh1","ENSG00000125485"
6225,"enh14","ENSG00000105669"
6226,"enh5","ENSG00000136908"
6227,"enh1","ENSG00000144161"
6228,"enh3","ENSG00000153214"
6229,"enh12","ENSG00000103005"
6230,"enh3","ENSG00000130768"
6231,"enh13","ENSG00000168591"
6232,"enh2","ENSG00000115758"
6233,"enh13","ENSG00000119559"
6234,"enh3","ENSG00000228300"
6235,"enh10","ENSG00000184162"
6236,"enh2","ENSG00000117280"
6237,"enh8","ENSG00000144161"
6238,"enh2","ENSG00000064490"
6239,"enh3","ENSG00000254986"
6240,"enh4","ENSG00000130770"
6241,"enh1","ENSG00000130766"
6242,"enh7","ENSG00000213638"
6243,"enh8","ENSG00000162669"
6244,"enh10","ENSG00000105708"
6245,"enh13","ENSG00000167136"
6246,"enh1","ENSG00000160293"
6247,"enh4","ENSG00000235034"
6248,"enh7","ENSG00000162298"
6249,"enh6","ENSG00000106991"
6250,"enh4","ENSG00000184988"
6251,"enh8","ENSG00000162769"
6252,"enh6","ENSG00000256771"
6253,"enh10","ENSG00000125618"
6254,"enh12","ENSG00000197958"
6255,"enh6","ENSG00000147669"
6256,"enh11","ENSG00000184988"
6257,"enh10","ENSG00000168066"
6258,"enh3","ENSG00000115286"
6259,"enh4","ENSG00000138036"
6260,"enh12","ENSG00000160445"
6261,"enh3","ENSG00000105700"
6262,"enh3","ENSG00000130560"
6263,"enh14","ENSG00000129951"
6264,"enh1","ENSG00000148337"
6265,"enh2","ENSG00000183831"
6266,"enh6","ENSG00000198746"
6267,"enh10","ENSG00000144136"
6268,"enh12","ENSG00000136840"
6269,"enh6","ENSG00000144136"
6270,"enh7","ENSG00000071626"
6271,"enh7","ENSG00000153208"
6272,"enh11","ENSG00000071626"
6273,"enh10","ENSG00000171940"
6274,"enh11","ENSG00000095383"
6275,"enh7","ENSG00000108849"
6276,"enh2","ENSG00000130766"
6277,"enh12","ENSG00000136828"
6278,"enh4","ENSG00000135821"
6279,"enh12","ENSG00000213445"
6280,"enh3","ENSG00000108309"
6281,"enh6","ENSG00000196550"
6282,"enh10","ENSG00000117593"
6283,"enh2","ENSG00000105656"
6284,"enh5","ENSG00000181588"
6285,"enh13","ENSG00000117650"
6286,"enh14","ENSG00000064490"
6287,"enh9","ENSG00000136448"
6288,"enh11","ENSG00000173465"
6289,"enh2","ENSG00000167759"
6290,"enh2","ENSG00000160318"
6291,"enh3","ENSG00000117266"
6292,"enh11","ENSG00000119392"
6293,"enh13","ENSG00000160318"
6294,"enh7","ENSG00000104679"
6295,"enh1","ENSG00000149806"
6296,"enh3","ENSG00000152527"
6297,"enh6","ENSG00000123684"
6298,"enh10","ENSG00000070423"
6299,"enh7","ENSG00000064545"
6300,"enh9","ENSG00000105717"
6301,"enh5","ENSG00000136830"
6302,"enh13","ENSG00000196961"
6303,"enh2","ENSG00000105374"
6304,"enh1","ENSG00000160325"
6305,"enh13","ENSG00000070761"
6306,"enh7","ENSG00000180098"
6307,"enh3","ENSG00000187024"
6308,"enh12","ENSG00000142765"
6309,"enh9","ENSG00000136877"
6310,"enh1","ENSG00000125618"
6311,"enh13","ENSG00000174903"
6312,"enh12","ENSG00000160360"
6313,"enh3","ENSG00000143476"
6314,"enh5","ENSG00000175573"
6315,"enh7","ENSG00000167113"
6316,"enh12","ENSG00000172992"
6317,"enh2","ENSG00000010361"
6318,"enh12","ENSG00000064547"
6319,"enh7","ENSG00000131408"
6320,"enh11","ENSG00000161677"
6321,"enh6","ENSG00000148411"
6322,"enh12","ENSG00000129951"
6323,"enh12","ENSG00000160953"
6324,"enh12","ENSG00000141349"
6325,"enh9","ENSG00000162298"
6326,"enh6","ENSG00000167103"
6327,"enh7","ENSG00000174276"
6328,"enh5","ENSG00000175115"
6329,"enh3","ENSG00000125484"
6330,"enh14","ENSG00000130005"
6331,"enh2","ENSG00000105705"
6332,"enh9","ENSG00000136807"
6333,"enh11","ENSG00000136807"
6334,"enh4","ENSG00000173825"
6335,"enh4","ENSG00000144161"
6336,"enh6","ENSG00000175376"
6337,"enh2","ENSG00000102996"
6338,"enh5","ENSG00000198858"
6339,"enh6","ENSG00000136874"
6340,"enh13","ENSG00000169403"
6341,"enh8","ENSG00000099625"
6342,"enh14","ENSG00000117266"
6343,"enh8","ENSG00000095380"
6344,"enh4","ENSG00000070761"
6345,"enh2","ENSG00000180329"
6346,"enh12","ENSG00000175602"
6347,"enh6","ENSG00000105379"
6348,"enh8","ENSG00000102996"
6349,"enh7","ENSG00000133059"
6350,"enh4","ENSG00000105726"
6351,"enh8","ENSG00000136448"
6352,"enh2","ENSG00000136807"
6353,"enh8","ENSG00000136938"
6354,"enh13","ENSG00000005007"
6355,"enh1","ENSG00000149798"
6356,"enh9","ENSG00000068831"
6357,"enh3","ENSG00000148248"
6358,"enh7","ENSG00000068831"
6359,"enh2","ENSG00000156269"
6360,"enh9","ENSG00000117625"
6361,"enh9","ENSG00000148356"
6362,"enh7","ENSG00000105700"
6363,"enh13","ENSG00000148288"
6364,"enh14","ENSG00000174276"
6365,"enh14","ENSG00000253368"
6366,"enh8","ENSG00000115758"
6367,"enh13","ENSG00000065268"
6368,"enh3","ENSG00000117748"
6369,"enh1","ENSG00000135821"
6370,"enh2","ENSG00000106992"
6371,"enh7","ENSG00000148339"
6372,"enh8","ENSG00000152061"
6373,"enh9","ENSG00000014216"
6374,"enh6","ENSG00000213465"
6375,"enh8","ENSG00000147457"
6376,"enh5","ENSG00000148291"
6377,"enh12","ENSG00000168067"
6378,"enh8","ENSG00000105717"
6379,"enh12","ENSG00000148303"
6380,"enh12","ENSG00000136932"
6381,"enh3","ENSG00000105556"
6382,"enh8","ENSG00000105053"
6383,"enh1","ENSG00000187193"
6384,"enh3","ENSG00000165092"
6385,"enh6","ENSG00000079313"
6386,"enh6","ENSG00000180329"
6387,"enh3","ENSG00000065268"
6388,"enh7","ENSG00000186010"
6389,"enh10","ENSG00000125485"
6390,"enh5","ENSG00000125630"
6391,"enh1","ENSG00000099624"
6392,"enh7","ENSG00000134317"
6393,"enh7","ENSG00000120334"
6394,"enh9","ENSG00000174276"
6395,"enh9","ENSG00000117748"
6396,"enh10","ENSG00000158715"
6397,"enh6","ENSG00000167470"
6398,"enh4","ENSG00000167103"
6399,"enh6","ENSG00000196188"
6400,"enh12","ENSG00000130005"
6401,"enh5","ENSG00000134318"
6402,"enh9","ENSG00000102996"
6403,"enh9","ENSG00000100316"
6404,"enh7","ENSG00000162873"
6405,"enh2","ENSG00000167103"
6406,"enh4","ENSG00000135736"
6407,"enh4","ENSG00000114999"
6408,"enh9","ENSG00000160326"
6409,"enh3","ENSG00000105383"
6410,"enh1","ENSG00000126709"
6411,"enh8","ENSG00000175376"
6412,"enh8","ENSG00000115750"
6413,"enh12","ENSG00000174276"
6414,"enh8","ENSG00000131398"
6415,"enh6","ENSG00000166188"
6416,"enh13","ENSG00000160446"
6417,"enh3","ENSG00000146670"
6418,"enh8","ENSG00000198746"
6419,"enh12","ENSG00000133895"
6420,"enh8","ENSG00000104679"
6421,"enh4","ENSG00000125482"
6422,"enh7","ENSG00000104960"
6423,"enh1","ENSG00000125144"
6424,"enh11","ENSG00000119523"
6425,"enh5","ENSG00000104885"
6426,"enh3","ENSG00000126709"
6427,"enh10","ENSG00000138756"
6428,"enh3","ENSG00000138036"
6429,"enh3","ENSG00000130775"
6430,"enh3","ENSG00000105701"
6431,"enh6","ENSG00000168066"
6432,"enh10","ENSG00000051128"
6433,"enh8","ENSG00000136932"
6434,"enh1","ENSG00000107372"
6435,"enh11","ENSG00000147669"
6436,"enh12","ENSG00000108852"
6437,"enh14","ENSG00000130768"
6438,"enh3","ENSG00000158195"
6439,"enh3","ENSG00000235034"
6440,"enh10","ENSG00000204710"
6441,"enh5","ENSG00000130005"
6442,"enh13","ENSG00000163291"
6443,"enh9","ENSG00000250067"
6444,"enh9","ENSG00000130511"
6445,"enh8","ENSG00000167112"
6446,"enh5","ENSG00000162241"
6447,"enh8","ENSG00000175294"
6448,"enh7","ENSG00000130775"
6449,"enh10","ENSG00000160318"
6450,"enh8","ENSG00000104885"
6451,"enh12","ENSG00000068971"
6452,"enh6","ENSG00000089639"
6453,"enh3","ENSG00000030582"
6454,"enh4","ENSG00000116017"
6455,"enh10","ENSG00000099622"
6456,"enh2","ENSG00000131398"
6457,"enh14","ENSG00000175334"
6458,"enh1","ENSG00000174744"
6459,"enh4","ENSG00000105671"
6460,"enh6","ENSG00000105383"
6461,"enh8","ENSG00000133069"
6462,"enh5","ENSG00000140859"
6463,"enh6","ENSG00000115970"
6464,"enh4","ENSG00000099625"
6465,"enh3","ENSG00000117592"
6466,"enh8","ENSG00000106992"
6467,"enh1","ENSG00000129951"
6468,"enh6","ENSG00000135046"
6469,"enh5","ENSG00000106799"
6470,"enh6","ENSG00000198786"
6471,"enh4","ENSG00000133275"
6472,"enh14","ENSG00000108852"
6473,"enh3","ENSG00000156269"
6474,"enh11","ENSG00000125148"
6475,"enh14","ENSG00000223802"
6476,"enh4","ENSG00000115084"
6477,"enh13","ENSG00000069702"
6478,"enh13","ENSG00000168061"
6479,"enh12","ENSG00000118046"
6480,"enh13","ENSG00000138036"
6481,"enh1","ENSG00000064545"
6482,"enh8","ENSG00000057935"
6483,"enh4","ENSG00000119392"
6484,"enh12","ENSG00000160271"
6485,"enh4","ENSG00000071564"
6486,"enh9","ENSG00000142751"
6487,"enh3","ENSG00000196152"
6488,"enh10","ENSG00000167110"
6489,"enh9","ENSG00000095380"
6490,"enh7","ENSG00000142544"
6491,"enh10","ENSG00000162772"
6492,"enh8","ENSG00000169136"
6493,"enh6","ENSG00000136943"
6494,"enh5","ENSG00000069275"
6495,"enh2","ENSG00000159461"
6496,"enh12","ENSG00000197694"
6497,"enh8","ENSG00000064607"
6498,"enh7","ENSG00000104973"
6499,"enh9","ENSG00000174669"
6500,"enh13","ENSG00000134318"
6501,"enh12","ENSG00000115758"
6502,"enh4","ENSG00000136937"
6503,"enh10","ENSG00000175334"
6504,"enh9","ENSG00000082512"
6505,"enh7","ENSG00000148288"
6506,"enh13","ENSG00000105472"
6507,"enh10","ENSG00000175854"
6508,"enh9","ENSG00000115257"
6509,"enh7","ENSG00000159461"
6510,"enh10","ENSG00000105383"
6511,"enh14","ENSG00000152061"
6512,"enh4","ENSG00000160447"
6513,"enh2","ENSG00000160446"
6514,"enh14","ENSG00000198417"
6515,"enh2","ENSG00000088682"
6516,"enh4","ENSG00000175707"
6517,"enh10","ENSG00000165699"
6518,"enh1","ENSG00000161714"
6519,"enh5","ENSG00000142186"
6520,"enh3","ENSG00000172500"
6521,"enh11","ENSG00000197766"
6522,"enh7","ENSG00000168066"
6523,"enh6","ENSG00000167468"
6524,"enh12","ENSG00000119185"
6525,"enh3","ENSG00000012048"
6526,"enh13","ENSG00000213024"
6527,"enh13","ENSG00000117758"
6528,"enh3","ENSG00000241852"
6529,"enh13","ENSG00000204291"
6530,"enh10","ENSG00000162878"
6531,"enh2","ENSG00000160325"
6532,"enh13","ENSG00000135046"
6533,"enh1","ENSG00000169607"
6534,"enh9","ENSG00000178093"
6535,"enh1","ENSG00000143924"
6536,"enh8","ENSG00000014216"
6537,"enh13","ENSG00000070404"
6538,"enh6","ENSG00000119335"
6539,"enh8","ENSG00000175832"
6540,"enh14","ENSG00000125630"
6541,"enh11","ENSG00000198492"
6542,"enh6","ENSG00000153214"
6543,"enh12","ENSG00000174684"
6544,"enh8","ENSG00000162241"
6545,"enh13","ENSG00000089639"
6546,"enh11","ENSG00000125630"
6547,"enh9","ENSG00000172977"
6548,"enh11","ENSG00000140854"
6549,"enh3","ENSG00000105705"
6550,"enh8","ENSG00000175707"
6551,"enh1","ENSG00000130511"
6552,"enh2","ENSG00000091947"
6553,"enh6","ENSG00000105696"
6554,"enh1","ENSG00000065000"
6555,"enh13","ENSG00000168067"
6556,"enh4","ENSG00000161677"
6557,"enh8","ENSG00000064666"
6558,"enh12","ENSG00000125144"
6559,"enh6","ENSG00000133069"
6560,"enh5","ENSG00000185278"
6561,"enh2","ENSG00000108852"
6562,"enh10","ENSG00000197816"
6563,"enh10","ENSG00000119125"
6564,"enh9","ENSG00000064787"
6565,"enh10","ENSG00000130005"
6566,"enh2","ENSG00000196312"
6567,"enh8","ENSG00000105700"
6568,"enh13","ENSG00000004939"
6569,"enh5","ENSG00000067596"
6570,"enh13","ENSG00000065000"
6571,"enh1","ENSG00000148411"
6572,"enh2","ENSG00000148291"
6573,"enh2","ENSG00000159579"
6574,"enh2","ENSG00000130775"
6575,"enh10","ENSG00000181896"
6576,"enh10","ENSG00000136830"
6577,"enh7","ENSG00000172232"
6578,"enh3","ENSG00000213988"
6579,"enh11","ENSG00000006015"
6580,"enh10","ENSG00000196152"
6581,"enh7","ENSG00000174669"
6582,"enh10","ENSG00000117601"
6583,"enh14","ENSG00000256771"
6584,"enh13","ENSG00000068976"
6585,"enh10","ENSG00000185198"
6586,"enh11","ENSG00000159648"
6587,"enh11","ENSG00000148356"
6588,"enh9","ENSG00000068971"
6589,"enh11","ENSG00000148337"
6590,"enh6","ENSG00000197958"
6591,"enh6","ENSG00000120334"
6592,"enh7","ENSG00000014216"
6593,"enh4","ENSG00000005007"
6594,"enh2","ENSG00000172270"
6595,"enh4","ENSG00000127540"
6596,"enh5","ENSG00000004939"
6597,"enh5","ENSG00000136842"
6598,"enh10","ENSG00000175467"
6599,"enh6","ENSG00000005194"
6600,"enh7","ENSG00000011304"
6601,"enh5","ENSG00000125124"
6602,"enh12","ENSG00000120913"
6603,"enh6","ENSG00000169403"
6604,"enh14","ENSG00000181513"
6605,"enh7","ENSG00000129951"
6606,"enh13","ENSG00000102900"
6607,"enh14","ENSG00000241852"
6608,"enh13","ENSG00000144134"
6609,"enh11","ENSG00000101132"
6610,"enh11","ENSG00000174684"
6611,"enh10","ENSG00000204291"
6612,"enh8","ENSG00000105383"
6613,"enh13","ENSG00000105717"
6614,"enh13","ENSG00000172232"
6615,"enh8","ENSG00000071655"
6616,"enh5","ENSG00000099864"
6617,"enh14","ENSG00000175707"
6618,"enh8","ENSG00000250067"
6619,"enh5","ENSG00000174842"
6620,"enh5","ENSG00000064666"
6621,"enh1","ENSG00000167470"
6622,"enh14","ENSG00000062822"
6623,"enh3","ENSG00000149792"
6624,"enh10","ENSG00000143870"
6625,"enh11","ENSG00000175334"
6626,"enh14","ENSG00000173825"
6627,"enh5","ENSG00000136856"
6628,"enh4","ENSG00000089639"
6629,"enh10","ENSG00000176890"
6630,"enh10","ENSG00000030582"
6631,"enh9","ENSG00000014138"
6632,"enh2","ENSG00000136828"
6633,"enh4","ENSG00000160446"
6634,"enh3","ENSG00000014138"
6635,"enh7","ENSG00000125144"
6636,"enh3","ENSG00000148296"
6637,"enh8","ENSG00000108852"
6638,"enh3","ENSG00000108849"
6639,"enh12","ENSG00000173465"
6640,"enh14","ENSG00000057935"
6641,"enh6","ENSG00000198870"
6642,"enh9","ENSG00000167114"
6643,"enh14","ENSG00000155380"
6644,"enh1","ENSG00000165689"
6645,"enh11","ENSG00000068831"
6646,"enh8","ENSG00000149792"
6647,"enh4","ENSG00000136828"
6648,"enh14","ENSG00000197958"
6649,"enh13","ENSG00000158195"
6650,"enh14","ENSG00000104885"
6651,"enh1","ENSG00000122482"
6652,"enh8","ENSG00000117592"
6653,"enh8","ENSG00000122484"
6654,"enh14","ENSG00000213638"
6655,"enh5","ENSG00000117697"
6656,"enh14","ENSG00000129946"
6657,"enh14","ENSG00000181588"
6658,"enh12","ENSG00000204673"
6659,"enh14","ENSG00000125637"
6660,"enh7","ENSG00000068976"
6661,"enh13","ENSG00000131094"
6662,"enh2","ENSG00000177125"
6663,"enh11","ENSG00000099622"
6664,"enh4","ENSG00000142544"
6665,"enh5","ENSG00000135870"
6666,"enh11","ENSG00000148248"
6667,"enh9","ENSG00000129968"
6668,"enh7","ENSG00000180329"
6669,"enh13","ENSG00000100316"
6670,"enh1","ENSG00000011304"
6671,"enh3","ENSG00000013306"
6672,"enh12","ENSG00000106789"
6673,"enh5","ENSG00000162976"
6674,"enh13","ENSG00000103005"
6675,"enh11","ENSG00000148291"
6676,"enh3","ENSG00000175592"
6677,"enh2","ENSG00000148356"
6678,"enh10","ENSG00000178093"
6679,"enh5","ENSG00000198417"
6680,"enh13","ENSG00000180340"
6681,"enh14","ENSG00000099866"
6682,"enh7","ENSG00000062822"
6683,"enh3","ENSG00000064687"
6684,"enh1","ENSG00000160446"
6685,"enh12","ENSG00000133059"
6686,"enh1","ENSG00000159648"
6687,"enh7","ENSG00000102996"
6688,"enh14","ENSG00000117592"
6689,"enh5","ENSG00000039650"
6690,"enh7","ENSG00000167106"
6691,"enh11","ENSG00000162669"
6692,"enh8","ENSG00000125484"
6693,"enh9","ENSG00000144161"
6694,"enh5","ENSG00000104960"
6695,"enh11","ENSG00000160563"
6696,"enh5","ENSG00000167005"
6697,"enh3","ENSG00000108861"
6698,"enh8","ENSG00000158161"
6699,"enh5","ENSG00000160161"
6700,"enh13","ENSG00000108840"
6701,"enh14","ENSG00000136932"
6702,"enh9","ENSG00000102931"
6703,"enh14","ENSG00000149792"
6704,"enh12","ENSG00000099804"
6705,"enh8","ENSG00000062822"
6706,"enh8","ENSG00000136929"
6707,"enh3","ENSG00000108883"
6708,"enh4","ENSG00000165138"
6709,"enh10","ENSG00000005194"
6710,"enh8","ENSG00000068831"
6711,"enh13","ENSG00000148248"
6712,"enh2","ENSG00000105726"
6713,"enh7","ENSG00000107290"
6714,"enh2","ENSG00000125485"
6715,"enh12","ENSG00000005194"
6716,"enh5","ENSG00000158941"
6717,"enh6","ENSG00000153208"
6718,"enh12","ENSG00000165689"
6719,"enh14","ENSG00000183831"
6720,"enh1","ENSG00000142186"
6721,"enh7","ENSG00000070770"
6722,"enh10","ENSG00000068971"
6723,"enh2","ENSG00000126705"
6724,"enh1","ENSG00000105655"
6725,"enh6","ENSG00000130270"
6726,"enh2","ENSG00000117751"
6727,"enh8","ENSG00000175906"
6728,"enh6","ENSG00000162769"
6729,"enh11","ENSG00000064547"
6730,"enh1","ENSG00000057935"
6731,"enh6","ENSG00000104946"
6732,"enh13","ENSG00000105701"
6733,"enh12","ENSG00000148308"
6734,"enh14","ENSG00000138772"
6735,"enh5","ENSG00000148290"
6736,"enh7","ENSG00000129911"
6737,"enh8","ENSG00000186806"
6738,"enh12","ENSG00000227500"
6739,"enh1","ENSG00000174669"
6740,"enh6","ENSG00000227500"
6741,"enh13","ENSG00000117751"
6742,"enh13","ENSG00000008853"
6743,"enh4","ENSG00000187840"
6744,"enh10","ENSG00000165661"
6745,"enh8","ENSG00000069275"
6746,"enh14","ENSG00000204291"
6747,"enh11","ENSG00000188554"
6748,"enh13","ENSG00000185198"
6749,"enh13","ENSG00000105696"
6750,"enh6","ENSG00000180340"
6751,"enh7","ENSG00000196188"
6752,"enh1","ENSG00000147439"
6753,"enh2","ENSG00000175592"
6754,"enh3","ENSG00000148300"
6755,"enh4","ENSG00000171848"
6756,"enh6","ENSG00000172992"
6757,"enh1","ENSG00000005194"
6758,"enh8","ENSG00000165699"
6759,"enh14","ENSG00000070770"
6760,"enh9","ENSG00000204673"
6761,"enh5","ENSG00000105374"
6762,"enh13","ENSG00000108849"
6763,"enh10","ENSG00000090273"
6764,"enh5","ENSG00000014216"
6765,"enh12","ENSG00000172977"
6766,"enh3","ENSG00000087365"
6767,"enh7","ENSG00000221983"
6768,"enh7","ENSG00000064787"
6769,"enh7","ENSG00000196961"
6770,"enh3","ENSG00000167114"
6771,"enh9","ENSG00000087365"
6772,"enh13","ENSG00000167470"
6773,"enh1","ENSG00000068976"
6774,"enh13","ENSG00000101132"
6775,"enh11","ENSG00000105053"
6776,"enh9","ENSG00000165684"
6777,"enh2","ENSG00000203705"
6778,"enh8","ENSG00000136943"
6779,"enh7","ENSG00000174851"
6780,"enh10","ENSG00000105655"
6781,"enh10","ENSG00000213024"
6782,"enh5","ENSG00000165702"
6783,"enh10","ENSG00000185278"
6784,"enh9","ENSG00000130775"
6785,"enh5","ENSG00000213638"
6786,"enh4","ENSG00000108861"
6787,"enh8","ENSG00000008853"
6788,"enh5","ENSG00000010361"
6789,"enh14","ENSG00000006016"
6790,"enh11","ENSG00000148308"
6791,"enh12","ENSG00000134330"
6792,"enh5","ENSG00000135046"
6793,"enh13","ENSG00000187840"
6794,"enh9","ENSG00000149798"
6795,"enh3","ENSG00000175906"
6796,"enh10","ENSG00000253368"
6797,"enh10","ENSG00000238227"
6798,"enh3","ENSG00000159648"
6799,"enh4","ENSG00000012048"
6800,"enh8","ENSG00000158195"
6801,"enh4","ENSG00000162769"
6802,"enh11","ENSG00000161647"
6803,"enh10","ENSG00000172732"
6804,"enh2","ENSG00000136854"
6805,"enh6","ENSG00000104960"
6806,"enh10","ENSG00000065600"
6807,"enh3","ENSG00000068831"
6808,"enh3","ENSG00000099817"
6809,"enh5","ENSG00000138767"
6810,"enh7","ENSG00000071564"
6811,"enh3","ENSG00000120656"
6812,"enh11","ENSG00000006016"
6813,"enh5","ENSG00000117266"
6814,"enh7","ENSG00000102934"
6815,"enh6","ENSG00000009780"
6816,"enh11","ENSG00000105656"
6817,"enh6","ENSG00000071564"
6818,"enh2","ENSG00000104960"
6819,"enh8","ENSG00000097046"
6820,"enh12","ENSG00000009780"
6821,"enh2","ENSG00000131408"
6822,"enh9","ENSG00000174871"
6823,"enh12","ENSG00000175573"
6824,"enh5","ENSG00000099840"
6825,"enh9","ENSG00000130513"
6826,"enh12","ENSG00000071626"
6827,"enh7","ENSG00000138036"
6828,"enh8","ENSG00000165702"
6829,"enh7","ENSG00000099622"
6830,"enh1","ENSG00000174996"
6831,"enh8","ENSG00000182963"
6832,"enh12","ENSG00000186010"
6833,"enh1","ENSG00000127540"
6834,"enh5","ENSG00000115944"
6835,"enh7","ENSG00000095380"
6836,"enh6","ENSG00000105726"
6837,"enh13","ENSG00000135870"
6838,"enh9","ENSG00000167136"
6839,"enh11","ENSG00000079313"
6840,"enh1","ENSG00000106991"
6841,"enh6","ENSG00000122026"
6842,"enh2","ENSG00000119125"
6843,"enh7","ENSG00000099866"
6844,"enh5","ENSG00000146670"
6845,"enh5","ENSG00000142530"
6846,"enh5","ENSG00000030582"
6847,"enh2","ENSG00000180098"
6848,"enh6","ENSG00000148296"
6849,"enh7","ENSG00000136830"
6850,"enh12","ENSG00000241852"
6851,"enh12","ENSG00000125618"
6852,"enh7","ENSG00000161677"
6853,"enh7","ENSG00000197816"
6854,"enh2","ENSG00000108312"
6855,"enh10","ENSG00000144161"
6856,"enh11","ENSG00000149823"
6857,"enh2","ENSG00000174684"
6858,"enh3","ENSG00000136840"
6859,"enh3","ENSG00000167748"
6860,"enh5","ENSG00000160271"
6861,"enh4","ENSG00000104973"
6862,"enh2","ENSG00000169403"
6863,"enh14","ENSG00000167468"
6864,"enh8","ENSG00000108312"
6865,"enh4","ENSG00000173465"
6866,"enh9","ENSG00000160293"
6867,"enh1","ENSG00000136682"
6868,"enh6","ENSG00000103021"
6869,"enh8","ENSG00000175467"
6870,"enh6","ENSG00000171940"
6871,"enh7","ENSG00000134318"
6872,"enh1","ENSG00000167113"
6873,"enh14","ENSG00000149806"
6874,"enh3","ENSG00000165702"
6875,"enh12","ENSG00000062822"
6876,"enh9","ENSG00000130772"
6877,"enh12","ENSG00000088682"
6878,"enh6","ENSG00000120896"
6879,"enh14","ENSG00000136842"
6880,"enh13","ENSG00000115758"
6881,"enh2","ENSG00000117697"
6882,"enh1","ENSG00000182963"
6883,"enh9","ENSG00000196415"
6884,"enh13","ENSG00000125611"
6885,"enh7","ENSG00000148356"
6886,"enh2","ENSG00000119523"
6887,"enh5","ENSG00000160325"
6888,"enh14","ENSG00000105656"
6889,"enh2","ENSG00000131094"
6890,"enh7","ENSG00000123685"
6891,"enh4","ENSG00000117601"
6892,"enh10","ENSG00000235034"
6893,"enh3","ENSG00000120896"
6894,"enh13","ENSG00000161654"
6895,"enh11","ENSG00000142765"
6896,"enh2","ENSG00000204138"
6897,"enh10","ENSG00000158711"
6898,"enh14","ENSG00000136811"
6899,"enh7","ENSG00000082512"
6900,"enh7","ENSG00000162300"
6901,"enh13","ENSG00000181588"
6902,"enh1","ENSG00000142784"
6903,"enh3","ENSG00000102934"
6904,"enh2","ENSG00000129968"
6905,"enh10","ENSG00000142751"
6906,"enh7","ENSG00000254986"
6907,"enh7","ENSG00000133884"
6908,"enh13","ENSG00000168056"
6909,"enh6","ENSG00000134308"
6910,"enh9","ENSG00000175573"
6911,"enh10","ENSG00000117650"
6912,"enh14","ENSG00000105700"
6913,"enh2","ENSG00000136830"
6914,"enh1","ENSG00000152518"
6915,"enh10","ENSG00000174516"
6916,"enh8","ENSG00000148248"
6917,"enh11","ENSG00000172500"
6918,"enh13","ENSG00000114999"
6919,"enh8","ENSG00000106789"
6920,"enh8","ENSG00000115944"
6921,"enh14","ENSG00000235034"
6922,"enh3","ENSG00000065600"
6923,"enh5","ENSG00000162669"
6924,"enh3","ENSG00000135821"
6925,"enh6","ENSG00000087263"
6926,"enh2","ENSG00000133069"
6927,"enh6","ENSG00000173442"
6928,"enh12","ENSG00000136877"
6929,"enh1","ENSG00000099804"
6930,"enh7","ENSG00000105696"
6931,"enh10","ENSG00000185761"
6932,"enh11","ENSG00000120913"
6933,"enh4","ENSG00000197694"
6934,"enh13","ENSG00000125319"
6935,"enh13","ENSG00000064545"
6936,"enh14","ENSG00000106992"
6937,"enh10","ENSG00000125124"
6938,"enh9","ENSG00000108852"
6939,"enh12","ENSG00000136854"
6940,"enh5","ENSG00000152518"
6941,"enh8","ENSG00000175334"
6942,"enh6","ENSG00000140848"
6943,"enh5","ENSG00000172732"
6944,"enh8","ENSG00000125144"
6945,"enh2","ENSG00000102931"
6946,"enh10","ENSG00000138036"
6947,"enh14","ENSG00000174529"
6948,"enh12","ENSG00000197217"
6949,"enh8","ENSG00000196312"
6950,"enh4","ENSG00000172775"
6951,"enh6","ENSG00000254986"
6952,"enh12","ENSG00000133065"
6953,"enh8","ENSG00000005007"
6954,"enh1","ENSG00000105708"
6955,"enh2","ENSG00000057935"
6956,"enh13","ENSG00000140854"
6957,"enh2","ENSG00000174276"
6958,"enh6","ENSG00000099821"
6959,"enh9","ENSG00000171169"
6960,"enh12","ENSG00000142733"
6961,"enh4","ENSG00000143924"
6962,"enh13","ENSG00000125618"
6963,"enh9","ENSG00000136925"
6964,"enh7","ENSG00000120656"
6965,"enh13","ENSG00000147439"
6966,"enh4","ENSG00000142733"
6967,"enh12","ENSG00000106992"
6968,"enh10","ENSG00000115761"
6969,"enh11","ENSG00000174529"
6970,"enh4","ENSG00000105700"
6971,"enh12","ENSG00000104946"
6972,"enh8","ENSG00000148288"
6973,"enh1","ENSG00000140854"
6974,"enh7","ENSG00000197958"
6975,"enh6","ENSG00000104689"
6976,"enh12","ENSG00000142528"
6977,"enh1","ENSG00000119185"
6978,"enh6","ENSG00000172922"
6979,"enh8","ENSG00000014138"
6980,"enh4","ENSG00000064787"
6981,"enh5","ENSG00000196415"
6982,"enh11","ENSG00000143476"
6983,"enh2","ENSG00000133895"
6984,"enh3","ENSG00000142186"
6985,"enh8","ENSG00000175854"
6986,"enh6","ENSG00000254901"
6987,"enh11","ENSG00000126709"
6988,"enh8","ENSG00000142765"
6989,"enh7","ENSG00000148308"
6990,"enh10","ENSG00000136908"
6991,"enh14","ENSG00000115761"
6992,"enh4","ENSG00000165092"
6993,"enh5","ENSG00000213988"
6994,"enh11","ENSG00000115970"
6995,"enh14","ENSG00000153107"
6996,"enh4","ENSG00000115758"
6997,"enh3","ENSG00000136936"
6998,"enh2","ENSG00000173327"
6999,"enh7","ENSG00000125611"
7000,"enh8","ENSG00000070423"
7001,"enh4","ENSG00000147439"
7002,"enh8","ENSG00000110046"
7003,"enh2","ENSG00000117625"
7004,"enh12","ENSG00000142784"
7005,"enh6","ENSG00000131398"
7006,"enh7","ENSG00000070423"
7007,"enh2","ENSG00000160293"
7008,"enh1","ENSG00000163291"
7009,"enh5","ENSG00000181773"
7010,"enh6","ENSG00000115268"
7011,"enh14","ENSG00000087152"
7012,"enh6","ENSG00000064607"
7013,"enh4","ENSG00000125484"
7014,"enh11","ENSG00000106785"
7015,"enh1","ENSG00000105676"
7016,"enh2","ENSG00000238227"
7017,"enh11","ENSG00000070388"
7018,"enh14","ENSG00000105556"
7019,"enh8","ENSG00000108849"
7020,"enh3","ENSG00000196683"
7021,"enh3","ENSG00000105472"
7022,"enh13","ENSG00000162878"
7023,"enh10","ENSG00000115091"
7024,"enh5","ENSG00000149823"
7025,"enh7","ENSG00000197136"
7026,"enh8","ENSG00000064547"
7027,"enh6","ENSG00000148248"
7028,"enh12","ENSG00000174996"
7029,"enh2","ENSG00000196188"
7030,"enh10","ENSG00000130766"
7031,"enh3","ENSG00000171940"
7032,"enh2","ENSG00000175376"
7033,"enh4","ENSG00000126709"
7034,"enh4","ENSG00000175376"
7035,"enh13","ENSG00000204673"
7036,"enh5","ENSG00000149798"
7037,"enh13","ENSG00000161692"
7038,"enh10","ENSG00000197958"
7039,"enh10","ENSG00000174276"
7040,"enh13","ENSG00000122482"
7041,"enh6","ENSG00000099625"
7042,"enh1","ENSG00000104897"
7043,"enh6","ENSG00000090020"
7044,"enh7","ENSG00000095383"
7045,"enh13","ENSG00000115761"
7046,"enh9","ENSG00000099817"
7047,"enh13","ENSG00000148356"
7048,"enh7","ENSG00000144136"
7049,"enh1","ENSG00000175115"
7050,"enh2","ENSG00000198786"
7051,"enh14","ENSG00000142544"
7052,"enh10","ENSG00000106799"
7053,"enh1","ENSG00000117593"
7054,"enh1","ENSG00000148303"
7055,"enh13","ENSG00000125485"
7056,"enh7","ENSG00000106803"
7057,"enh6","ENSG00000178093"
7058,"enh5","ENSG00000135736"
7059,"enh7","ENSG00000153214"
7060,"enh10","ENSG00000095383"
7061,"enh5","ENSG00000110046"
7062,"enh2","ENSG00000148339"
7063,"enh6","ENSG00000142186"
7064,"enh4","ENSG00000115091"
7065,"enh5","ENSG00000136943"
7066,"enh1","ENSG00000174547"
7067,"enh13","ENSG00000184162"
7068,"enh7","ENSG00000142765"
7069,"enh12","ENSG00000161714"
7070,"enh12","ENSG00000174529"
7071,"enh4","ENSG00000095383"
7072,"enh12","ENSG00000130511"
7073,"enh13","ENSG00000175467"
7074,"enh4","ENSG00000105379"
7075,"enh8","ENSG00000133895"
7076,"enh4","ENSG00000180198"
7077,"enh13","ENSG00000162419"
7078,"enh11","ENSG00000131409"
7079,"enh13","ENSG00000196312"
7080,"enh6","ENSG00000068976"
7081,"enh1","ENSG00000147669"
7082,"enh7","ENSG00000160445"
7083,"enh5","ENSG00000122026"
7084,"enh12","ENSG00000104886"
7085,"enh2","ENSG00000105497"
7086,"enh8","ENSG00000013306"
7087,"enh2","ENSG00000136448"
7088,"enh14","ENSG00000197217"
7089,"enh8","ENSG00000167136"
7090,"enh2","ENSG00000122482"
7091,"enh4","ENSG00000174529"
7092,"enh9","ENSG00000064547"
7093,"enh4","ENSG00000198786"
7094,"enh8","ENSG00000134318"
7095,"enh9","ENSG00000253368"
7096,"enh11","ENSG00000130511"
7097,"enh5","ENSG00000134308"
7098,"enh8","ENSG00000125148"
7099,"enh13","ENSG00000188554"
7100,"enh8","ENSG00000076321"
7101,"enh10","ENSG00000176973"
7102,"enh1","ENSG00000090020"
7103,"enh13","ENSG00000196188"
7104,"enh2","ENSG00000148297"
7105,"enh1","ENSG00000167118"
7106,"enh9","ENSG00000167110"
7107,"enh7","ENSG00000183831"
7108,"enh5","ENSG00000162300"
7109,"enh2","ENSG00000107372"
7110,"enh12","ENSG00000198746"
7111,"enh6","ENSG00000134330"
7112,"enh14","ENSG00000142528"
7113,"enh4","ENSG00000204710"
7114,"enh9","ENSG00000122140"
7115,"enh4","ENSG00000105705"
7116,"enh7","ENSG00000160447"
7117,"enh8","ENSG00000144130"
7118,"enh14","ENSG00000169607"
7119,"enh12","ENSG00000148288"
7120,"enh3","ENSG00000125148"
7121,"enh12","ENSG00000069702"
7122,"enh1","ENSG00000068971"
7123,"enh2","ENSG00000130768"
7124,"enh5","ENSG00000117280"
7125,"enh8","ENSG00000143882"
7126,"enh1","ENSG00000153214"
7127,"enh5","ENSG00000153208"
7128,"enh14","ENSG00000180198"
7129,"enh10","ENSG00000149823"
7130,"enh7","ENSG00000166188"
7131,"enh1","ENSG00000180098"
7132,"enh6","ENSG00000160447"
7133,"enh11","ENSG00000136643"
7134,"enh1","ENSG00000171169"
7135,"enh2","ENSG00000087365"
7136,"enh6","ENSG00000172270"
7137,"enh5","ENSG00000095380"
7138,"enh11","ENSG00000115091"
7139,"enh12","ENSG00000153214"
7140,"enh9","ENSG00000131409"
7141,"enh10","ENSG00000122484"
7142,"enh7","ENSG00000106785"
7143,"enh11","ENSG00000105655"
7144,"enh9","ENSG00000068976"
7145,"enh6","ENSG00000167118"
7146,"enh11","ENSG00000103021"
7147,"enh4","ENSG00000136643"
7148,"enh14","ENSG00000005007"
7149,"enh14","ENSG00000186501"
7150,"enh9","ENSG00000104960"
7151,"enh5","ENSG00000167123"
7152,"enh13","ENSG00000030582"
7153,"enh6","ENSG00000187024"
7154,"enh14","ENSG00000152527"
7155,"enh12","ENSG00000115944"
7156,"enh1","ENSG00000099821"
7157,"enh8","ENSG00000119514"
7158,"enh10","ENSG00000135870"
7159,"enh12","ENSG00000069482"
7160,"enh5","ENSG00000174871"
7161,"enh9","ENSG00000136943"
7162,"enh8","ENSG00000160293"
7163,"enh2","ENSG00000149798"
7164,"enh10","ENSG00000162241"
7165,"enh8","ENSG00000069482"
7166,"enh10","ENSG00000141349"
7167,"enh6","ENSG00000197136"
7168,"enh3","ENSG00000117758"
7169,"enh11","ENSG00000253368"
7170,"enh11","ENSG00000133275"
7171,"enh9","ENSG00000213024"
7172,"enh2","ENSG00000105669"
7173,"enh1","ENSG00000102934"
7174,"enh1","ENSG00000115084"
7175,"enh14","ENSG00000198870"
7176,"enh7","ENSG00000189195"
7177,"enh12","ENSG00000171940"
7178,"enh3","ENSG00000108312"
7179,"enh13","ENSG00000197816"
7180,"enh1","ENSG00000143882"
7181,"enh10","ENSG00000114999"
7182,"enh14","ENSG00000149809"
7183,"enh12","ENSG00000148337"
7184,"enh5","ENSG00000176890"
7185,"enh10","ENSG00000165689"
7186,"enh9","ENSG00000069275"
7187,"enh1","ENSG00000105472"
7188,"enh1","ENSG00000131094"
7189,"enh3","ENSG00000117691"
7190,"enh13","ENSG00000039650"
7191,"enh8","ENSG00000105662"
7192,"enh4","ENSG00000172232"
7193,"enh2","ENSG00000068831"
7194,"enh3","ENSG00000181781"
7195,"enh6","ENSG00000204138"
7196,"enh3","ENSG00000149823"
7197,"enh11","ENSG00000148297"
7198,"enh11","ENSG00000160445"
7199,"enh12","ENSG00000136842"
7200,"enh5","ENSG00000104946"
7201,"enh2","ENSG00000171848"
7202,"enh12","ENSG00000119514"
7203,"enh2","ENSG00000115084"
7204,"enh14","ENSG00000143870"
7205,"enh1","ENSG00000173465"
7206,"enh14","ENSG00000095380"
7207,"enh1","ENSG00000181035"
7208,"enh6","ENSG00000105705"
7209,"enh3","ENSG00000148356"
7210,"enh8","ENSG00000213024"
7211,"enh12","ENSG00000131400"
7212,"enh10","ENSG00000149806"
7213,"enh4","ENSG00000169607"
7214,"enh14","ENSG00000102934"
7215,"enh12","ENSG00000173442"
7216,"enh4","ENSG00000119203"
7217,"enh9","ENSG00000133243"
7218,"enh11","ENSG00000065268"
7219,"enh13","ENSG00000136874"
7220,"enh6","ENSG00000126391"
7221,"enh8","ENSG00000125637"
7222,"enh12","ENSG00000064545"
7223,"enh3","ENSG00000144134"
7224,"enh3","ENSG00000122026"
7225,"enh11","ENSG00000105383"
7226,"enh2","ENSG00000163297"
7227,"enh13","ENSG00000071655"
7228,"enh5","ENSG00000076321"
7229,"enh14","ENSG00000146670"
7230,"enh12","ENSG00000177125"
7231,"enh8","ENSG00000148297"
7232,"enh12","ENSG00000144134"
7233,"enh7","ENSG00000160318"
7234,"enh9","ENSG00000105669"
7235,"enh11","ENSG00000136854"
7236,"enh8","ENSG00000106991"
7237,"enh12","ENSG00000148339"
7238,"enh11","ENSG00000108861"
7239,"enh3","ENSG00000130513"
7240,"enh9","ENSG00000152518"
7241,"enh1","ENSG00000181513"
7242,"enh10","ENSG00000161692"
7243,"enh5","ENSG00000012048"
7244,"enh2","ENSG00000136929"
7245,"enh2","ENSG00000104886"
7246,"enh11","ENSG00000147439"
7247,"enh8","ENSG00000125611"
7248,"enh8","ENSG00000197694"
7249,"enh12","ENSG00000181513"
7250,"enh6","ENSG00000125484"
7251,"enh9","ENSG00000148337"
7252,"enh11","ENSG00000125618"
7253,"enh13","ENSG00000172977"
7254,"enh7","ENSG00000117691"
7255,"enh1","ENSG00000105053"
7256,"enh5","ENSG00000175602"
7257,"enh8","ENSG00000120656"
7258,"enh8","ENSG00000173039"
7259,"enh8","ENSG00000079313"
7260,"enh13","ENSG00000253368"
7261,"enh5","ENSG00000172500"
7262,"enh7","ENSG00000174871"
7263,"enh9","ENSG00000213221"
7264,"enh3","ENSG00000131094"
7265,"enh1","ENSG00000105379"
7266,"enh4","ENSG00000153214"
7267,"enh14","ENSG00000126709"
7268,"enh10","ENSG00000148291"
7269,"enh5","ENSG00000184988"
7270,"enh12","ENSG00000039650"
7271,"enh12","ENSG00000105705"
7272,"enh12","ENSG00000178093"
7273,"enh1","ENSG00000142751"
7274,"enh4","ENSG00000186010"
7275,"enh11","ENSG00000241852"
7276,"enh11","ENSG00000136932"
7277,"enh7","ENSG00000167103"
7278,"enh7","ENSG00000162772"
7279,"enh2","ENSG00000103005"
7280,"enh5","ENSG00000136682"
7281,"enh9","ENSG00000161692"
7282,"enh5","ENSG00000133243"
7283,"enh10","ENSG00000182087"
7284,"enh12","ENSG00000014138"
7285,"enh1","ENSG00000186501"
7286,"enh12","ENSG00000108309"
7287,"enh9","ENSG00000136811"
7288,"enh4","ENSG00000165702"
7289,"enh1","ENSG00000117592"
7290,"enh5","ENSG00000178093"
7291,"enh8","ENSG00000172500"
7292,"enh1","ENSG00000130770"
7293,"enh7","ENSG00000167759"
7294,"enh14","ENSG00000136937"
7295,"enh8","ENSG00000161714"
7296,"enh8","ENSG00000186010"
7297,"enh10","ENSG00000136643"
7298,"enh2","ENSG00000185278"
7299,"enh5","ENSG00000009780"
7300,"enh9","ENSG00000011304"
7301,"enh7","ENSG00000136908"
7302,"enh7","ENSG00000168056"
7303,"enh12","ENSG00000097046"
7304,"enh4","ENSG00000213638"
7305,"enh6","ENSG00000165688"
7306,"enh11","ENSG00000174276"
7307,"enh9","ENSG00000108312"
7308,"enh3","ENSG00000172977"
7309,"enh12","ENSG00000169136"
7310,"enh7","ENSG00000148248"
7311,"enh7","ENSG00000135736"
7312,"enh5","ENSG00000174996"
7313,"enh13","ENSG00000172992"
7314,"enh11","ENSG00000153208"
7315,"enh4","ENSG00000196415"
7316,"enh5","ENSG00000116014"
7317,"enh10","ENSG00000175592"
7318,"enh5","ENSG00000136828"
7319,"enh6","ENSG00000173465"
7320,"enh12","ENSG00000070761"
7321,"enh11","ENSG00000119559"
7322,"enh12","ENSG00000115756"
7323,"enh2","ENSG00000117691"
7324,"enh8","ENSG00000105701"
7325,"enh5","ENSG00000136854"
7326,"enh4","ENSG00000117650"
7327,"enh11","ENSG00000107290"
7328,"enh14","ENSG00000188554"
7329,"enh14","ENSG00000172732"
7330,"enh14","ENSG00000105708"
7331,"enh11","ENSG00000130768"
7332,"enh4","ENSG00000169288"
7333,"enh9","ENSG00000099821"
7334,"enh12","ENSG00000126709"
7335,"enh10","ENSG00000117266"
7336,"enh6","ENSG00000136811"
7337,"enh14","ENSG00000196961"
7338,"enh13","ENSG00000149823"
7339,"enh13","ENSG00000108883"
7340,"enh3","ENSG00000011304"
7341,"enh11","ENSG00000168067"
7342,"enh4","ENSG00000104897"
7343,"enh7","ENSG00000115750"
7344,"enh6","ENSG00000149798"
7345,"enh1","ENSG00000110046"
7346,"enh6","ENSG00000108861"
7347,"enh8","ENSG00000138756"
7348,"enh1","ENSG00000144134"
7349,"enh6","ENSG00000130775"
7350,"enh4","ENSG00000117751"
7351,"enh2","ENSG00000115944"
7352,"enh2","ENSG00000069482"
7353,"enh14","ENSG00000133059"
7354,"enh13","ENSG00000140859"
7355,"enh10","ENSG00000187193"
7356,"enh11","ENSG00000087263"
7357,"enh13","ENSG00000169607"
7358,"enh10","ENSG00000187840"
7359,"enh8","ENSG00000136840"
7360,"enh11","ENSG00000144161"
7361,"enh7","ENSG00000131400"
7362,"enh1","ENSG00000169288"
7363,"enh3","ENSG00000099864"
7364,"enh6","ENSG00000175832"
